id,supplier_id,location_type,name,address_line1,address_line2,city,state_province,postal_code,country,latitude,longitude,capacity_mt,operational_since,phone,email,created_at
abe3ef84-84e0-4d7c-9e25-0cf8edb2f06a,3969643f-066c-4899-9665-45657442ebf6,headquarters,Legacy Minerals Headquarters,6658 Business Boulevard,Floor 5,Katanga,Katanga,64092,Democratic Republic of Congo,11.92814,-56.34959,,2000,+327-332-3376,sales@legacyminerals.com,2024-02-15T05:38:30.408Z
b7ec2b6c-7489-44da-951d-b1a012a12427,3969643f-066c-4899-9665-45657442ebf6,processing_plant,Kinshasa Processing Plant,843 Mining Way,,Kinshasa,Kinshasa,,Democratic Republic of Congo,-29.11544,60.14422,15285,2004,,,2018-07-07T05:38:30.449Z
19ca54d8-7fcb-4792-ba17-b9795e7905b1,3969643f-066c-4899-9665-45657442ebf6,processing_plant,Katanga Processing Plant,713 Industrial Way,,Katanga,Katanga,,Democratic Republic of Congo,34.3967,-75.56321,13608,2003,,,2022-02-23T05:38:30.449Z
987ea852-2769-47e3-a38e-4d1cebbe1d98,3969643f-066c-4899-9665-45657442ebf6,office,Ontario Office,153 Industrial Zone,,Ontario,Ontario,,Canada,34.67931,-65.30481,,2001,,,2024-05-24T05:38:30.449Z
bd1c79ab-9d51-4ce8-b447-76e0c10e033f,3969643f-066c-4899-9665-45657442ebf6,warehouse,Manono Warehouse,794 Mining Way,,Manono,Manono,,Democratic Republic of Congo,-22.68592,-95.38971,,2022,,,2024-09-24T05:38:30.449Z
5f189bca-2c15-4962-808b-48ebbe921738,3969643f-066c-4899-9665-45657442ebf6,processing_plant,Kinshasa Processing Plant,106 Processing Road,,Kinshasa,Kinshasa,,Democratic Republic of Congo,-3.25697,-57.26882,10562,2024,,,2019-09-13T05:38:30.449Z
b9b98db2-a974-45e8-add1-148651782242,3969643f-066c-4899-9665-45657442ebf6,mining_operation,Sikasso Mining Operation,Mine Site Processing Road,,Sikasso,Sikasso,,Mali,30.9238,128.77206,42302,2021,,,2024-08-19T05:38:30.449Z
9d067a5f-a8dc-4e85-919c-26c3ba912ad9,3969643f-066c-4899-9665-45657442ebf6,warehouse,Kinshasa Warehouse,272 Processing Way,,Kinshasa,Kinshasa,,Democratic Republic of Congo,0.97823,-37.90049,,2017,,,2018-05-28T05:38:30.449Z
36961cef-2c8a-4b42-b443-bf4c2f40f36b,3969643f-066c-4899-9665-45657442ebf6,office,California Office,305 Industrial Road,,California,California,74209,United States,-18.64009,18.66347,,2007,,,2023-04-23T05:38:30.449Z
aa7c2c5d-cee8-489e-8619-2cbb948cb36e,3969643f-066c-4899-9665-45657442ebf6,mining_operation,Karas Mining Operation,Mine Site Mining Road,,Karas,Karas,,Namibia,-33.5552,-31.64304,49939,2019,,,2016-06-10T05:38:30.449Z
9dbcd9bd-3b6b-491d-bdea-a810edeee2e6,3969643f-066c-4899-9665-45657442ebf6,warehouse,Arkansas Warehouse,280 Mining Way,,Arkansas,Arkansas,24120,United States,3.96495,10.24026,,2000,,,2016-01-12T05:38:30.449Z
427d484a-e9c2-4223-a4f1-49e0c93e082d,3969643f-066c-4899-9665-45657442ebf6,processing_plant,Kinshasa Processing Plant,292 Mining Zone,,Kinshasa,Kinshasa,,Democratic Republic of Congo,12.93253,35.47647,20352,2022,,,2020-05-15T05:38:30.449Z
070746ff-bb8e-417e-99d6-961e6418bc1b,3969643f-066c-4899-9665-45657442ebf6,processing_plant,Katanga Processing Plant,853 Processing Way,,Katanga,Katanga,,Democratic Republic of Congo,35.71995,-108.30346,45958,2007,,,2018-06-02T05:38:30.449Z
5d12dd63-08fa-4b13-9f3c-9005a0b16d6c,3926362c-b964-4f16-bb68-8c63ae3ee25f,headquarters,Eclipse Holdings Headquarters,4393 Central Drive,Building A,Gauteng,Gauteng,44824,South Africa,-30.52769,18.13963,,1992,+908-795-5229,sales@eclipseholdings.com,2021-02-05T05:38:30.408Z
8c56bb35-fb2f-418b-a88f-ca2d07f19fe6,3926362c-b964-4f16-bb68-8c63ae3ee25f,processing_plant,Western Province Processing Plant,394 Industrial Road,,Western Province,Western Province,,Rwanda,-18.1542,4.20983,35477,2006,,,2018-06-23T05:38:30.449Z
ea67a101-0070-4a49-845a-38c9c541bafd,3926362c-b964-4f16-bb68-8c63ae3ee25f,r_and_d_center,Northern Cape R And D Center,833 Processing Zone,,Northern Cape,Northern Cape,,South Africa,-23.49896,-40.69347,,2021,,,2024-05-22T05:38:30.449Z
1c30eb01-90c2-43c1-be54-9e518b94b423,3926362c-b964-4f16-bb68-8c63ae3ee25f,processing_plant,Qinghai Processing Plant,340 Industrial Way,,Qinghai,Qinghai,,China,30.40387,-43.61453,15437,2004,,,2023-11-16T05:38:30.449Z
fe489d87-1a72-45ca-b980-bf9d5d9ea2fb,3926362c-b964-4f16-bb68-8c63ae3ee25f,processing_plant,Western Processing Plant,135 Processing Road,,Western,Western,,Ghana,23.54058,96.52577,6072,2005,,,2024-01-14T05:38:30.449Z
8eaead8f-2da1-49f2-a26f-6d8c0c09bc5e,3926362c-b964-4f16-bb68-8c63ae3ee25f,mining_operation,Gauteng Mining Operation,Mine Site Processing Road,,Gauteng,Gauteng,,South Africa,41.75565,10.25341,45906,2002,,,2021-08-05T05:38:30.449Z
7b07b3c4-8c7a-4ab3-8908-3d36c048dad0,3926362c-b964-4f16-bb68-8c63ae3ee25f,mining_operation,Goromonzi Mining Operation,Mine Site Mining Way,,Goromonzi,Goromonzi,,Zimbabwe,-19.18727,27.0476,7636,2004,,,2022-06-20T05:38:30.449Z
5992ef01-5a56-4873-8b64-f75e1d4a021f,3926362c-b964-4f16-bb68-8c63ae3ee25f,r_and_d_center,Limpopo R And D Center,850 Mining Zone,,Limpopo,Limpopo,,South Africa,-24.0336,53.70726,,2012,,,2024-12-29T05:38:30.449Z
eefc0fbf-f94b-45cf-b9da-0c58c47962aa,3926362c-b964-4f16-bb68-8c63ae3ee25f,office,Northern Cape Office,753 Processing Way,,Northern Cape,Northern Cape,,South Africa,36.7997,100.40502,,2016,,,2018-05-01T05:38:30.449Z
67b56876-db89-4be1-876b-f1c01a01bfd3,3926362c-b964-4f16-bb68-8c63ae3ee25f,mining_operation,Salta Mining Operation,Mine Site Processing Zone,,Salta,Salta,,Argentina,46.07481,97.42953,23866,2009,,,2018-05-02T05:38:30.449Z
94b8c1f1-fabb-49e5-a1ca-0c180ad3c229,3926362c-b964-4f16-bb68-8c63ae3ee25f,r_and_d_center,Northern Cape R And D Center,89 Industrial Way,,Northern Cape,Northern Cape,,South Africa,-9.40216,-2.15042,,1993,,,2019-02-15T05:38:30.449Z
8d1280fa-8020-43d4-859f-8c17ddbaad77,3926362c-b964-4f16-bb68-8c63ae3ee25f,processing_plant,Limpopo Processing Plant,946 Mining Road,,Limpopo,Limpopo,,South Africa,-12.55714,65.70313,24503,2011,,,2023-08-19T05:38:30.449Z
a51a6593-1fab-41c3-93e4-810788c254b2,3926362c-b964-4f16-bb68-8c63ae3ee25f,warehouse,Northern Cape Warehouse,115 Mining Zone,,Northern Cape,Northern Cape,,South Africa,-30.05378,45.95928,,2023,,,2021-02-27T05:38:30.449Z
11b1dbc3-80fd-4ffc-a72d-40e475f5e377,3926362c-b964-4f16-bb68-8c63ae3ee25f,warehouse,Katanga Warehouse,575 Mining Road,,Katanga,Katanga,,Democratic Republic of Congo,-8.21209,-119.11557,,2020,,,2018-11-03T05:38:30.449Z
862b2d70-f4c3-45fd-a915-a84fa572b2ff,3926362c-b964-4f16-bb68-8c63ae3ee25f,processing_plant,Gauteng Processing Plant,315 Industrial Way,,Gauteng,Gauteng,,South Africa,-1.10522,-6.56201,35837,2009,,,2017-01-29T05:38:30.449Z
440cc652-1d6d-4e3d-abd6-ded94c8156c8,e9169f30-30a8-40fb-9a7b-89eb2e2c7e2b,headquarters,Apex Energy Headquarters,8329 Central Boulevard,Floor 5,Sikasso,Sikasso,58475,Mali,25.78215,-102.36533,,1989,+127-905-8686,sales@apexenergy.com,2021-06-09T05:38:30.408Z
fb268b64-459a-4e9f-814b-8f6465bd3052,e9169f30-30a8-40fb-9a7b-89eb2e2c7e2b,r_and_d_center,Kayes R And D Center,744 Mining Way,,Kayes,Kayes,,Mali,-21.63081,98.0197,,2016,,,2022-09-23T05:38:30.449Z
bc124b55-fefd-4d53-b6a8-20565954dc2b,e9169f30-30a8-40fb-9a7b-89eb2e2c7e2b,mining_operation,Limpopo Mining Operation,Mine Site Processing Way,,Limpopo,Limpopo,,South Africa,1.09969,-24.28476,46416,2016,,,2022-11-23T05:38:30.449Z
77be5e3f-1cc9-4f38-b373-9558799c9afc,e9169f30-30a8-40fb-9a7b-89eb2e2c7e2b,office,Bamako Office,74 Processing Zone,,Bamako,Bamako,,Mali,4.21458,110.3767,,2012,,,2016-12-16T05:38:30.449Z
bb91f471-481e-4c4c-be6e-3190387e71f2,e9169f30-30a8-40fb-9a7b-89eb2e2c7e2b,r_and_d_center,Bamako R And D Center,890 Mining Zone,,Bamako,Bamako,,Mali,41.5572,-34.83521,,2020,,,2018-09-29T05:38:30.449Z
331e4a66-fc23-48b7-8cfc-947e9a9500be,e9169f30-30a8-40fb-9a7b-89eb2e2c7e2b,processing_plant,Sikasso Processing Plant,780 Mining Zone,,Sikasso,Sikasso,,Mali,12.14857,-76.6926,26849,2018,,,2020-06-27T05:38:30.449Z
eb4567ed-14f2-486f-b85b-09623220251c,e9169f30-30a8-40fb-9a7b-89eb2e2c7e2b,r_and_d_center,Kinshasa R And D Center,233 Processing Road,,Kinshasa,Kinshasa,,Democratic Republic of Congo,18.79081,-55.12161,,2012,,,2021-10-22T05:38:30.449Z
e7d84b65-c753-4095-b9b6-9e296353acea,e9169f30-30a8-40fb-9a7b-89eb2e2c7e2b,r_and_d_center,Southern Nations R And D Center,786 Industrial Zone,,Southern Nations,Southern Nations,,Ethiopia,29.55478,78.64245,,2019,,,2024-08-13T05:38:30.449Z
34eab87e-5e79-4fd8-9627-d8afbc55ecf4,e9169f30-30a8-40fb-9a7b-89eb2e2c7e2b,warehouse,Bamako Warehouse,113 Mining Road,,Bamako,Bamako,,Mali,32.55434,-38.82671,,1998,,,2019-12-06T05:38:30.449Z
99c40465-fe0b-42a0-a1d6-56f431aac969,e9169f30-30a8-40fb-9a7b-89eb2e2c7e2b,office,Kayes Office,800 Processing Way,,Kayes,Kayes,,Mali,-33.14311,73.15841,,1992,,,2020-02-28T05:38:30.449Z
137da3f5-e81f-4b8e-af22-c784596f9c81,e9169f30-30a8-40fb-9a7b-89eb2e2c7e2b,r_and_d_center,Northern Territory R And D Center,321 Mining Zone,,Northern Territory,Northern Territory,,Australia,-34.03273,26.67363,,2016,,,2023-12-09T05:38:30.449Z
bb832eca-531c-426b-b0d5-3b72107a7004,e9169f30-30a8-40fb-9a7b-89eb2e2c7e2b,mining_operation,Sikasso Mining Operation,Mine Site Mining Road,,Sikasso,Sikasso,,Mali,26.08596,117.12486,15014,1994,,,2024-12-08T05:38:30.449Z
33107272-ce17-4ef3-a8cc-f3b05e2fe65c,e9169f30-30a8-40fb-9a7b-89eb2e2c7e2b,mining_operation,Eastern Mining Operation,Mine Site Industrial Road,,Eastern,Eastern,,Ghana,38.53079,-47.20554,12965,2021,,,2017-06-11T05:38:30.449Z
55d1d22c-eb44-4dfc-b2d0-004d30ac0ddf,e9169f30-30a8-40fb-9a7b-89eb2e2c7e2b,mining_operation,Santiago Mining Operation,Mine Site Processing Road,,Santiago,Santiago,,Chile,18.23084,-89.27587,48816,2019,,,2021-09-14T05:38:30.449Z
bafcd336-3657-44ec-ac8f-f246aea22981,15a2f15e-2b3b-4d6c-95c0-45c55b4da187,headquarters,Diamond Holdings Headquarters,6150 Business Street,,Santiago,Santiago,96541,Chile,-15.95753,19.30903,,1985,+889-772-2614,sales@diamondholdings.com,2022-12-11T05:38:30.408Z
a5008122-9f5c-4bb7-8089-c130de819d01,15a2f15e-2b3b-4d6c-95c0-45c55b4da187,mining_operation,Catamarca Mining Operation,Mine Site Mining Zone,,Catamarca,Catamarca,,Argentina,28.90532,-67.04321,16267,2002,,,2021-04-23T05:38:30.449Z
39c54ef6-ec58-4bb1-bd2b-ba1fe7eb3325,15a2f15e-2b3b-4d6c-95c0-45c55b4da187,processing_plant,Oromia Processing Plant,45 Mining Road,,Oromia,Oromia,,Ethiopia,13.43832,-28.85484,39582,1998,,,2017-09-29T05:38:30.449Z
8ca0d9ef-73a9-4c37-9e6b-8c7ed9cca833,15a2f15e-2b3b-4d6c-95c0-45c55b4da187,processing_plant,Nevada Processing Plant,796 Industrial Zone,,Nevada,Nevada,30279,United States,-31.17266,-29.27972,14565,1991,,,2023-03-25T05:38:30.449Z
76b109c8-c407-401f-8099-65dbbaf5533b,15a2f15e-2b3b-4d6c-95c0-45c55b4da187,processing_plant,Mutoko Processing Plant,465 Processing Road,,Mutoko,Mutoko,,Zimbabwe,13.45704,-49.34109,43265,1997,,,2023-12-13T05:38:30.449Z
6d059f5d-fd73-459f-893a-e68b42d88cfc,15a2f15e-2b3b-4d6c-95c0-45c55b4da187,processing_plant,Santiago Processing Plant,264 Mining Zone,,Santiago,Santiago,,Chile,30.70651,-107.85903,10448,2002,,,2019-04-09T05:38:30.449Z
0583127d-80b6-40cc-bd2d-aaaf916ce1f9,15a2f15e-2b3b-4d6c-95c0-45c55b4da187,office,Bamako Office,525 Mining Zone,,Bamako,Bamako,,Mali,25.56648,-109.54042,,2022,,,2022-08-10T05:38:30.449Z
4ba63704-67bb-48a8-b33f-a0e83501c0cb,15a2f15e-2b3b-4d6c-95c0-45c55b4da187,warehouse,Santiago Warehouse,968 Mining Zone,,Santiago,Santiago,,Chile,-4.21697,80.54053,,2008,,,2016-07-17T05:38:30.449Z
c533ae8c-b9a0-4ca6-a5f9-0a80428dbf8c,15a2f15e-2b3b-4d6c-95c0-45c55b4da187,office,Santiago Office,982 Industrial Way,,Santiago,Santiago,,Chile,46.45637,-57.15781,,2009,,,2023-02-10T05:38:30.449Z
e98b5f28-93fc-44e1-b0d2-8846011cdbff,15a2f15e-2b3b-4d6c-95c0-45c55b4da187,mining_operation,Southern Nations Mining Operation,Mine Site Processing Way,,Southern Nations,Southern Nations,,Ethiopia,-27.26793,90.1055,31360,2018,,,2016-02-18T05:38:30.449Z
565a6336-91c6-4d1e-af9c-f7c30d87fce4,15a2f15e-2b3b-4d6c-95c0-45c55b4da187,office,Santiago Office,756 Mining Road,,Santiago,Santiago,,Chile,41.51805,-69.01536,,1998,,,2023-01-23T05:38:30.449Z
15b9ff4f-8fd5-43b7-8618-737a94499c5e,15a2f15e-2b3b-4d6c-95c0-45c55b4da187,r_and_d_center,Atacama R And D Center,234 Processing Road,,Atacama,Atacama,,Chile,37.24557,72.47002,,2023,,,2024-10-07T05:38:30.449Z
eba1712f-a9dc-4d52-8a56-0f7256df102c,15a2f15e-2b3b-4d6c-95c0-45c55b4da187,r_and_d_center,Santiago R And D Center,244 Mining Zone,,Santiago,Santiago,,Chile,40.36369,-32.95932,,1988,,,2016-04-29T05:38:30.449Z
46c9a784-785f-4c5f-93b9-70dbed697e8e,15a2f15e-2b3b-4d6c-95c0-45c55b4da187,processing_plant,Atacama Processing Plant,835 Industrial Way,,Atacama,Atacama,,Chile,-26.3632,34.35552,9563,2018,,,2021-09-15T05:38:30.449Z
40d48d2a-35e9-4e8d-940f-d44de3492027,0458e690-7a4d-4c4b-a012-50fdc11f13f9,headquarters,Emerald Group Headquarters,8327 Business Drive,Building A,Katanga,Katanga,20545,Democratic Republic of Congo,-16.10082,18.63291,,1995,+860-712-7824,sales@emeraldgroup.com,2024-06-24T05:38:30.409Z
8f0ea713-118f-4a6b-833b-6926c4af3ca3,0458e690-7a4d-4c4b-a012-50fdc11f13f9,r_and_d_center,Nasarawa R And D Center,993 Processing Way,,Nasarawa,Nasarawa,,Nigeria,-25.21157,-1.57857,,1996,,,2022-10-26T05:38:30.449Z
41dd65bb-edad-458b-9773-0d6c5d045ac8,0458e690-7a4d-4c4b-a012-50fdc11f13f9,r_and_d_center,Antofagasta R And D Center,384 Industrial Zone,,Antofagasta,Antofagasta,,Chile,23.05265,128.58328,,1999,,,2017-01-09T05:38:30.449Z
bae29908-27ca-4b3c-99d3-e9ab3a5c04ad,0458e690-7a4d-4c4b-a012-50fdc11f13f9,processing_plant,Kinshasa Processing Plant,765 Processing Zone,,Kinshasa,Kinshasa,,Democratic Republic of Congo,-9.04539,59.61252,14440,1999,,,2019-05-11T05:38:30.449Z
c6a23a71-4047-40e7-9c49-3f06c670bbd3,0458e690-7a4d-4c4b-a012-50fdc11f13f9,mining_operation,Eastern Province Mining Operation,Mine Site Industrial Zone,,Eastern Province,Eastern Province,,Rwanda,-9.23998,-49.68936,34395,2013,,,2019-10-06T05:38:30.449Z
65302933-a54a-4332-b49f-da25ffa7254c,0458e690-7a4d-4c4b-a012-50fdc11f13f9,r_and_d_center,Ashanti R And D Center,615 Industrial Zone,,Ashanti,Ashanti,,Ghana,37.44713,17.88585,,2004,,,2024-04-20T05:38:30.449Z
e037b9b0-92f0-411f-b27e-5b0fc8e276ba,0458e690-7a4d-4c4b-a012-50fdc11f13f9,processing_plant,Western Processing Plant,218 Industrial Way,,Western,Western,,Ghana,-21.70367,-73.80123,20087,1998,,,2020-05-06T05:38:30.449Z
06d6d958-3aa4-49c0-808f-8b1e9467f7c8,0458e690-7a4d-4c4b-a012-50fdc11f13f9,warehouse,Katanga Warehouse,561 Industrial Zone,,Katanga,Katanga,,Democratic Republic of Congo,-29.95491,-39.03315,,1996,,,2017-03-10T05:38:30.449Z
10fdd8db-79f4-4d8b-8ce1-2c323263c5cf,0458e690-7a4d-4c4b-a012-50fdc11f13f9,office,Catamarca Office,275 Mining Road,,Catamarca,Catamarca,,Argentina,14.15088,-77.27653,,2006,,,2016-01-21T05:38:30.449Z
e0f40489-fece-4658-958a-793aded87763,0458e690-7a4d-4c4b-a012-50fdc11f13f9,r_and_d_center,Kinshasa R And D Center,638 Industrial Road,,Kinshasa,Kinshasa,,Democratic Republic of Congo,-19.37163,97.86815,,1995,,,2016-09-21T05:38:30.449Z
4b1b295f-9b66-4052-989f-23487d6d233d,0458e690-7a4d-4c4b-a012-50fdc11f13f9,office,Katanga Office,486 Industrial Zone,,Katanga,Katanga,,Democratic Republic of Congo,16.12472,-57.89988,,2023,,,2024-08-29T05:38:30.449Z
9a8d4c9b-654d-4fc2-a263-a2b0e43f9cca,0458e690-7a4d-4c4b-a012-50fdc11f13f9,office,Addis Ababa Office,256 Mining Zone,,Addis Ababa,Addis Ababa,,Ethiopia,42.6693,-112.85378,,2018,,,2021-07-13T05:38:30.449Z
7ff8f8eb-2243-4126-a24c-0aa5c0937d9c,0458e690-7a4d-4c4b-a012-50fdc11f13f9,warehouse,Kinshasa Warehouse,132 Processing Zone,,Kinshasa,Kinshasa,,Democratic Republic of Congo,-20.96431,-96.08334,,2024,,,2017-10-22T05:38:30.449Z
2fbd3d99-8b70-4d67-9af9-a9eec0d9d456,0458e690-7a4d-4c4b-a012-50fdc11f13f9,warehouse,Katanga Warehouse,246 Industrial Zone,,Katanga,Katanga,,Democratic Republic of Congo,9.72999,-78.34781,,2023,,,2017-05-11T05:38:30.449Z
9a8a5127-71f0-41d3-9441-f5f0d6f5945b,0458e690-7a4d-4c4b-a012-50fdc11f13f9,r_and_d_center,Antofagasta R And D Center,783 Processing Road,,Antofagasta,Antofagasta,,Chile,-2.54741,78.59027,,2009,,,2023-01-11T05:38:30.449Z
8ecf8482-d46b-4dd0-a755-858f7ae8cc83,0458e690-7a4d-4c4b-a012-50fdc11f13f9,warehouse,Atacama Warehouse,290 Processing Zone,,Atacama,Atacama,,Chile,5.52858,-95.77689,,2016,,,2017-02-26T05:38:30.449Z
8b6f64eb-3232-41b0-9022-fbf8e2ee4abd,0458e690-7a4d-4c4b-a012-50fdc11f13f9,mining_operation,Goromonzi Mining Operation,Mine Site Industrial Zone,,Goromonzi,Goromonzi,,Zimbabwe,-34.36759,56.1219,40304,1997,,,2022-07-07T05:38:30.449Z
ec68da76-3231-4f22-8669-513f0590bd9d,0458e690-7a4d-4c4b-a012-50fdc11f13f9,warehouse,California Warehouse,206 Mining Way,,California,California,42951,United States,6.14515,-8.41616,,2024,,,2023-08-12T05:38:30.449Z
4e59e0c3-6e0b-4adf-afcc-a1526fde7ba1,0971e222-5719-489b-af2c-7a9d9a5a1651,headquarters,Diamond Group Headquarters,2622 Business Avenue,Building A,Lagos,Lagos,24224,Nigeria,-19.25748,-24.63953,,2001,+106-561-2051,sales@diamondgroup.com,2024-12-03T05:38:30.409Z
1b6be58f-6d57-4900-a8ee-c49c035ffa38,0971e222-5719-489b-af2c-7a9d9a5a1651,warehouse,Northern Territory Warehouse,320 Processing Road,,Northern Territory,Northern Territory,,Australia,-23.16806,46.47498,,2005,,,2019-02-01T05:38:30.449Z
64accaca-70c8-455b-973e-f113df845d3c,0971e222-5719-489b-af2c-7a9d9a5a1651,warehouse,Plateau Warehouse,932 Mining Way,,Plateau,Plateau,,Nigeria,24.30125,-103.73735,,2008,,,2024-05-31T05:38:30.449Z
276f2e40-151d-4c1a-a193-1c69f545c4a7,0971e222-5719-489b-af2c-7a9d9a5a1651,processing_plant,Nasarawa Processing Plant,469 Industrial Zone,,Nasarawa,Nasarawa,,Nigeria,40.45772,16.99199,19264,2011,,,2017-03-19T05:38:30.449Z
b6d31bf6-0322-4ad7-aec1-07cb3b0dc21a,0971e222-5719-489b-af2c-7a9d9a5a1651,r_and_d_center,Lagos R And D Center,532 Processing Way,,Lagos,Lagos,,Nigeria,6.54782,-103.04432,,2007,,,2024-04-26T05:38:30.449Z
6464ce6c-4d30-4c99-9ab3-2e22ec2ffa77,0971e222-5719-489b-af2c-7a9d9a5a1651,warehouse,Plateau Warehouse,284 Processing Road,,Plateau,Plateau,,Nigeria,36.58501,92.04823,,2008,,,2021-02-17T05:38:30.449Z
62c88c97-916e-4003-a1ec-b5dcf8c37d56,0971e222-5719-489b-af2c-7a9d9a5a1651,mining_operation,Northern Territory Mining Operation,Mine Site Mining Road,,Northern Territory,Northern Territory,,Australia,-9.71805,-35.6137,28011,2014,,,2021-11-01T05:38:30.449Z
afd833e2-47a4-437b-9278-f41bd8d7b625,0971e222-5719-489b-af2c-7a9d9a5a1651,mining_operation,Nasarawa Mining Operation,Mine Site Mining Way,,Nasarawa,Nasarawa,,Nigeria,24.90766,-33.54335,35285,2023,,,2016-11-10T05:38:30.449Z
5cef4b02-41f4-4e51-94b4-7ca8aba44ebf,0971e222-5719-489b-af2c-7a9d9a5a1651,processing_plant,Atacama Processing Plant,64 Processing Zone,,Atacama,Atacama,,Chile,42.34681,-102.45939,16961,2021,,,2016-03-14T05:38:30.449Z
6b5a1410-c6b2-411d-925f-a3183e5eb563,0971e222-5719-489b-af2c-7a9d9a5a1651,warehouse,Atacama Warehouse,457 Processing Road,,Atacama,Atacama,,Chile,27.25048,75.84755,,2017,,,2018-02-25T05:38:30.449Z
70e157b8-9e63-4df6-a617-11158e630f10,0971e222-5719-489b-af2c-7a9d9a5a1651,warehouse,Bikita Warehouse,975 Industrial Road,,Bikita,Bikita,,Zimbabwe,23.55883,50.03075,,2021,,,2021-06-19T05:38:30.449Z
a83cea83-25c8-4c36-a656-b2f4cc1a2b00,0971e222-5719-489b-af2c-7a9d9a5a1651,office,Lagos Office,768 Mining Zone,,Lagos,Lagos,,Nigeria,45.17578,97.29591,,2013,,,2016-01-27T05:38:30.449Z
1abed604-c4bf-4244-b09e-8630673b781d,0971e222-5719-489b-af2c-7a9d9a5a1651,warehouse,Nasarawa Warehouse,449 Mining Zone,,Nasarawa,Nasarawa,,Nigeria,17.59432,-115.38605,,2019,,,2024-10-17T05:38:30.449Z
9bd2812e-8641-49b8-bd54-e1d89e91855b,5663ce32-a0ed-4c94-ac7f-ac4a0f9b179c,headquarters,Pacific Minerals Headquarters,6612 Central Street,,Quebec,Quebec,61701,Canada,32.4749,-100.42806,,2019,+15-456-9950,sales@pacificminerals.com,2023-04-02T05:38:30.409Z
b72ed09a-bfab-4098-9892-abe3843005d8,5663ce32-a0ed-4c94-ac7f-ac4a0f9b179c,mining_operation,Manitoba Mining Operation,Mine Site Industrial Zone,,Manitoba,Manitoba,,Canada,42.07073,-7.25402,26836,2022,,,2023-08-10T05:38:30.449Z
d5000044-ae7f-4be5-93a3-b8892c30c8be,5663ce32-a0ed-4c94-ac7f-ac4a0f9b179c,processing_plant,Eastern Processing Plant,263 Industrial Road,,Eastern,Eastern,,Ghana,-4.72221,67.04908,20215,2022,,,2020-09-06T05:38:30.449Z
95d50d80-98e9-479f-b258-a129639378b4,5663ce32-a0ed-4c94-ac7f-ac4a0f9b179c,r_and_d_center,Addis Ababa R And D Center,449 Industrial Zone,,Addis Ababa,Addis Ababa,,Ethiopia,-2.72966,42.20765,,2023,,,2022-03-04T05:38:30.449Z
d3bbf19c-3400-469a-afae-c1c80a7fd722,5663ce32-a0ed-4c94-ac7f-ac4a0f9b179c,processing_plant,Northwest Territories Processing Plant,253 Industrial Road,,Northwest Territories,Northwest Territories,,Canada,26.6494,95.30084,41271,2022,,,2021-10-28T05:38:30.449Z
6c302244-3e05-4671-9ff4-7ec584652af0,5663ce32-a0ed-4c94-ac7f-ac4a0f9b179c,mining_operation,Manitoba Mining Operation,Mine Site Industrial Way,,Manitoba,Manitoba,,Canada,-33.61756,-4.2588,31146,2020,,,2021-02-23T05:38:30.449Z
dd596a25-bb23-4f8f-906e-5d3c2fd087da,5663ce32-a0ed-4c94-ac7f-ac4a0f9b179c,r_and_d_center,Eastern R And D Center,633 Processing Road,,Eastern,Eastern,,Ghana,-2.41671,-49.05049,,2023,,,2016-08-18T05:38:30.449Z
3dad8300-2738-40bc-9ee6-ea1b675093d7,5663ce32-a0ed-4c94-ac7f-ac4a0f9b179c,office,Lagos Office,338 Industrial Road,,Lagos,Lagos,,Nigeria,39.95263,46.80476,,2020,,,2016-07-26T05:38:30.449Z
79e97978-832a-4061-b7cc-fc01ce205cd0,5663ce32-a0ed-4c94-ac7f-ac4a0f9b179c,r_and_d_center,Northwest Territories R And D Center,759 Industrial Road,,Northwest Territories,Northwest Territories,,Canada,9.51337,43.86849,,2024,,,2016-11-25T05:38:30.449Z
7e3849cf-9ce9-462c-8bba-db72f0578059,5663ce32-a0ed-4c94-ac7f-ac4a0f9b179c,office,Kayes Office,818 Mining Road,,Kayes,Kayes,,Mali,-22.60774,17.40191,,2023,,,2019-01-20T05:38:30.449Z
82d83787-e451-497d-a7c6-0585a1ac2553,4022a232-e169-44e0-8c38-ebc6e00bb23e,headquarters,Continental Corporation Headquarters,7940 Central Drive,Suite 100,Gauteng,Gauteng,22029,South Africa,38.94304,117.45781,,2007,+601-546-3331,sales@continentalcorporation.com,2021-05-22T05:38:30.409Z
24adbea8-ff25-458e-acc5-455d4e6570bc,4022a232-e169-44e0-8c38-ebc6e00bb23e,mining_operation,Gauteng Mining Operation,Mine Site Mining Zone,,Gauteng,Gauteng,,South Africa,6.4549,-116.13894,19665,2011,,,2024-11-24T05:38:30.449Z
fd1fe83e-4f7e-4126-aa85-8789f6ca6e85,4022a232-e169-44e0-8c38-ebc6e00bb23e,warehouse,Bikita Warehouse,772 Processing Road,,Bikita,Bikita,,Zimbabwe,27.15463,-48.1528,,2014,,,2024-04-18T05:38:30.449Z
c84e8c9f-ce76-46b4-a200-6a42f9fad817,4022a232-e169-44e0-8c38-ebc6e00bb23e,office,Sikasso Office,734 Processing Road,,Sikasso,Sikasso,,Mali,-22.94771,105.5642,,2023,,,2020-08-24T05:38:30.449Z
60afe720-22c7-4af6-a329-7d52eb0e86ba,4022a232-e169-44e0-8c38-ebc6e00bb23e,mining_operation,Salta Mining Operation,Mine Site Industrial Road,,Salta,Salta,,Argentina,41.17179,-115.12166,24825,2007,,,2016-12-06T05:38:30.449Z
67cc202f-87f8-4880-80a4-82bed4e98a4a,4022a232-e169-44e0-8c38-ebc6e00bb23e,r_and_d_center,Gauteng R And D Center,529 Industrial Way,,Gauteng,Gauteng,,South Africa,1.76726,122.91292,,2014,,,2023-09-08T05:38:30.449Z
b7f600c8-a503-41a7-917c-8fba2010f020,4022a232-e169-44e0-8c38-ebc6e00bb23e,office,Limpopo Office,350 Industrial Road,,Limpopo,Limpopo,,South Africa,8.96498,-30.99605,,2024,,,2016-06-03T05:38:30.449Z
6814e422-d2ec-4951-b3bf-26625b07e235,4022a232-e169-44e0-8c38-ebc6e00bb23e,mining_operation,California Mining Operation,Mine Site Industrial Zone,,California,California,65355,United States,-22.74414,107.83262,27232,2023,,,2020-10-21T05:38:30.449Z
66343103-59ab-4089-b6ec-643e547c9047,4022a232-e169-44e0-8c38-ebc6e00bb23e,r_and_d_center,Atacama R And D Center,826 Mining Way,,Atacama,Atacama,,Chile,-34.74081,-34.94995,,2023,,,2016-01-19T05:38:30.449Z
c4e6c6a5-5dc4-45c2-b293-601b696270ef,4022a232-e169-44e0-8c38-ebc6e00bb23e,r_and_d_center,Northern Territory R And D Center,265 Processing Road,,Northern Territory,Northern Territory,,Australia,32.64791,-113.41554,,2017,,,2019-08-19T05:38:30.449Z
822c241d-64b5-47b8-bd50-480cd029457a,a303100d-a5a2-46ee-8c2a-db05153285be,headquarters,Apex Resources Headquarters,2923 Main Boulevard,,Goromonzi,Goromonzi,77578,Zimbabwe,31.56666,88.38067,,2013,+748-418-4656,sales@apexresources.com,2022-12-18T05:38:30.409Z
f5a58018-43f3-4a7b-ac44-22bd3bc96da9,a303100d-a5a2-46ee-8c2a-db05153285be,warehouse,Erongo Warehouse,826 Mining Way,,Erongo,Erongo,,Namibia,25.94354,-72.51978,,2023,,,2020-03-30T05:38:30.449Z
0973c312-19cc-42e0-b25f-cdf6ef2412e9,a303100d-a5a2-46ee-8c2a-db05153285be,mining_operation,Hwange Mining Operation,Mine Site Processing Way,,Hwange,Hwange,,Zimbabwe,-14.53828,103.70543,27720,2015,,,2023-05-06T05:38:30.449Z
56c1a38a-6588-49a1-8bba-a48d4935aff5,a303100d-a5a2-46ee-8c2a-db05153285be,r_and_d_center,Mutoko R And D Center,759 Mining Road,,Mutoko,Mutoko,,Zimbabwe,-24.92069,-114.40017,,2024,,,2020-03-28T05:38:30.449Z
44e36574-c476-4e20-b1b1-ac7bbcad4a87,a303100d-a5a2-46ee-8c2a-db05153285be,mining_operation,Bikita Mining Operation,Mine Site Industrial Zone,,Bikita,Bikita,,Zimbabwe,29.24795,33.73334,18076,2014,,,2017-01-12T05:38:30.449Z
8f3a7fb7-ba7e-45f6-9639-d0e753bcc377,a303100d-a5a2-46ee-8c2a-db05153285be,r_and_d_center,Lagos R And D Center,206 Industrial Road,,Lagos,Lagos,,Nigeria,24.94713,-7.69585,,2018,,,2021-06-05T05:38:30.449Z
ee337644-98bd-4545-8fd2-cbb375a4ebd7,a303100d-a5a2-46ee-8c2a-db05153285be,processing_plant,Hwange Processing Plant,149 Mining Way,,Hwange,Hwange,,Zimbabwe,-25.2018,92.09793,10457,2018,,,2016-11-29T05:38:30.449Z
58f6203d-09da-44e7-b0a1-850820e237f2,a303100d-a5a2-46ee-8c2a-db05153285be,warehouse,Antofagasta Warehouse,26 Mining Zone,,Antofagasta,Antofagasta,,Chile,-8.58062,-35.76449,,2015,,,2024-10-07T05:38:30.449Z
c221a65f-fdbc-4ac6-b926-9957c10b9e0f,a303100d-a5a2-46ee-8c2a-db05153285be,office,Hwange Office,880 Mining Way,,Hwange,Hwange,,Zimbabwe,47.19984,16.27016,,2019,,,2023-04-22T05:38:30.449Z
6e6ceb4a-be81-407f-9742-705dba93ff1d,a303100d-a5a2-46ee-8c2a-db05153285be,mining_operation,Karas Mining Operation,Mine Site Industrial Zone,,Karas,Karas,,Namibia,5.7155,33.04477,19893,2022,,,2016-06-06T05:38:30.449Z
b786fdd3-6764-45e6-aa5a-d7d633ae82ba,a303100d-a5a2-46ee-8c2a-db05153285be,mining_operation,Hwange Mining Operation,Mine Site Industrial Way,,Hwange,Hwange,,Zimbabwe,18.09972,22.29114,35978,2018,,,2020-05-12T05:38:30.449Z
8171c8c7-fd3b-4c65-bd9c-fc41ba26249f,a303100d-a5a2-46ee-8c2a-db05153285be,mining_operation,Nasarawa Mining Operation,Mine Site Mining Road,,Nasarawa,Nasarawa,,Nigeria,22.81905,-98.50959,29279,2013,,,2023-09-12T05:38:30.449Z
71c460f7-a41e-4ab7-b403-563ac01dca29,0993ef4e-0912-4214-88b5-f09012b23d4a,headquarters,Meridian Energy Headquarters,7811 Central Drive,Building A,Atacama,Atacama,41114,Chile,-2.12962,13.204,,2006,+427-699-8885,sales@meridianenergy.com,2021-06-03T05:38:30.409Z
03c777d8-24e3-44b4-8878-abd015ed6e42,0993ef4e-0912-4214-88b5-f09012b23d4a,office,Santiago Office,814 Mining Way,,Santiago,Santiago,,Chile,12.21014,85.24972,,2018,,,2020-01-19T05:38:30.449Z
a954f10d-3c4c-4afd-aaac-566cc5c44056,0993ef4e-0912-4214-88b5-f09012b23d4a,mining_operation,Hwange Mining Operation,Mine Site Mining Way,,Hwange,Hwange,,Zimbabwe,-14.21155,-104.11929,37120,2009,,,2019-08-09T05:38:30.449Z
61e451c3-5f4c-487e-b9e6-fe0fb86beeb6,0993ef4e-0912-4214-88b5-f09012b23d4a,processing_plant,Santiago Processing Plant,232 Industrial Zone,,Santiago,Santiago,,Chile,-1.68518,-75.18203,42802,2021,,,2018-04-06T05:38:30.449Z
4ad76db4-8a49-49f3-9978-ee052ca80ac9,0993ef4e-0912-4214-88b5-f09012b23d4a,mining_operation,Antofagasta Mining Operation,Mine Site Processing Way,,Antofagasta,Antofagasta,,Chile,47.62599,-106.70383,43402,2016,,,2019-02-14T05:38:30.449Z
3b33b06b-9edf-473e-9a0f-509b3b3d9df4,0993ef4e-0912-4214-88b5-f09012b23d4a,processing_plant,Atacama Processing Plant,485 Mining Zone,,Atacama,Atacama,,Chile,11.00779,-31.38764,48365,2020,,,2016-01-25T05:38:30.449Z
a35655ce-778a-4fa3-8415-fdedbb18bf47,0993ef4e-0912-4214-88b5-f09012b23d4a,mining_operation,Arkansas Mining Operation,Mine Site Processing Road,,Arkansas,Arkansas,53654,United States,-32.66728,-112.53346,12071,2019,,,2018-03-20T05:38:30.449Z
01c0261a-297b-4218-abeb-9273f68bef5d,0993ef4e-0912-4214-88b5-f09012b23d4a,processing_plant,Northern Territory Processing Plant,967 Industrial Zone,,Northern Territory,Northern Territory,,Australia,-19.81599,-75.21132,28813,2007,,,2018-10-16T05:38:30.449Z
2b6c4f63-a19b-4064-b049-1695ba725620,0993ef4e-0912-4214-88b5-f09012b23d4a,warehouse,Atacama Warehouse,939 Processing Way,,Atacama,Atacama,,Chile,-33.61002,-53.00259,,2007,,,2017-02-11T05:38:30.449Z
5f48aba5-23a6-45e7-ae16-46076befef54,0993ef4e-0912-4214-88b5-f09012b23d4a,processing_plant,Antofagasta Processing Plant,519 Processing Way,,Antofagasta,Antofagasta,,Chile,16.55421,66.19179,13385,2008,,,2023-08-18T05:38:30.449Z
0b309ed4-e0fc-42f1-8916-ce674792bbc3,0993ef4e-0912-4214-88b5-f09012b23d4a,processing_plant,Antofagasta Processing Plant,735 Mining Way,,Antofagasta,Antofagasta,,Chile,-7.92151,-52.08112,12752,2014,,,2016-06-30T05:38:30.449Z
b9b40ebe-53f2-455e-849f-eeb148e0f3a0,0993ef4e-0912-4214-88b5-f09012b23d4a,office,Atacama Office,331 Processing Zone,,Atacama,Atacama,,Chile,14.59811,29.18276,,2007,,,2018-03-24T05:38:30.449Z
9a10edd9-f5e0-42e7-9d68-b916b0a16cd2,e7ab2aab-8519-40c3-beaa-7170563187c1,headquarters,Zenith Corporation Headquarters,9588 Central Drive,Floor 5,Mutoko,Mutoko,94739,Zimbabwe,40.82084,-98.77407,,2007,+150-509-2514,sales@zenithcorporation.com,2024-02-19T05:38:30.409Z
9c2f138a-1360-4bc0-b655-b4c2a955dc90,e7ab2aab-8519-40c3-beaa-7170563187c1,warehouse,Nasarawa Warehouse,877 Mining Road,,Nasarawa,Nasarawa,,Nigeria,-5.16201,-119.46787,,2009,,,2021-01-03T05:38:30.449Z
173ac4e4-c43c-4994-8b7a-9c9389c72688,e7ab2aab-8519-40c3-beaa-7170563187c1,warehouse,Goromonzi Warehouse,970 Processing Road,,Goromonzi,Goromonzi,,Zimbabwe,-17.60536,6.9636,,2007,,,2018-09-20T05:38:30.450Z
9ccb2726-91ea-4154-84d9-d7d9aba2a434,e7ab2aab-8519-40c3-beaa-7170563187c1,mining_operation,Bikita Mining Operation,Mine Site Mining Way,,Bikita,Bikita,,Zimbabwe,-11.63543,-68.0908,14811,2023,,,2017-10-20T05:38:30.450Z
d3fe2796-4f13-486d-8813-06dbcb31669a,e7ab2aab-8519-40c3-beaa-7170563187c1,mining_operation,Mutoko Mining Operation,Mine Site Processing Zone,,Mutoko,Mutoko,,Zimbabwe,38.08402,-23.11855,14637,2024,,,2018-04-20T05:38:30.450Z
c67eb973-c208-4df8-a0af-7643494008cb,e7ab2aab-8519-40c3-beaa-7170563187c1,warehouse,Northern Cape Warehouse,245 Mining Zone,,Northern Cape,Northern Cape,,South Africa,40.33123,-68.88898,,2020,,,2024-06-25T05:38:30.450Z
ff3d11ed-d8ec-4089-b291-4866b7f10b48,e7ab2aab-8519-40c3-beaa-7170563187c1,warehouse,Goromonzi Warehouse,802 Industrial Way,,Goromonzi,Goromonzi,,Zimbabwe,27.93511,-32.81419,,2013,,,2018-10-03T05:38:30.450Z
edd9f39a-4933-49c7-96a5-19f24635f35d,e7ab2aab-8519-40c3-beaa-7170563187c1,mining_operation,Mutoko Mining Operation,Mine Site Industrial Road,,Mutoko,Mutoko,,Zimbabwe,10.27615,-6.9621,36411,2013,,,2021-08-18T05:38:30.450Z
82292c6c-7157-4bb8-869a-771757b6206f,e7ab2aab-8519-40c3-beaa-7170563187c1,processing_plant,Southern Nations Processing Plant,828 Industrial Way,,Southern Nations,Southern Nations,,Ethiopia,17.7479,-105.75858,18772,2017,,,2024-11-23T05:38:30.450Z
2bdd0a9e-9ca8-418e-950e-83be2fff3918,e7ab2aab-8519-40c3-beaa-7170563187c1,processing_plant,Eastern Processing Plant,772 Processing Road,,Eastern,Eastern,,Ghana,-23.34656,-54.22117,6916,2019,,,2022-12-29T05:38:30.450Z
b93ffae0-c625-48b6-b313-8a42d30b3a07,e7ab2aab-8519-40c3-beaa-7170563187c1,mining_operation,Lagos Mining Operation,Mine Site Industrial Road,,Lagos,Lagos,,Nigeria,48.16688,-100.75343,39112,2017,,,2016-03-30T05:38:30.450Z
b912d6cc-7ef9-4f98-941f-732d11ca6b55,e7ab2aab-8519-40c3-beaa-7170563187c1,office,Ontario Office,973 Mining Road,,Ontario,Ontario,,Canada,-20.36994,24.19259,,2017,,,2019-06-23T05:38:30.450Z
50dbe11b-b087-4424-a0ad-82c0e3081f3c,e7ab2aab-8519-40c3-beaa-7170563187c1,processing_plant,Western Australia Processing Plant,571 Processing Way,,Western Australia,Western Australia,,Australia,21.51354,-15.54761,10569,2023,,,2016-09-23T05:38:30.450Z
27092d07-b51b-4bde-86ab-e708f4a62458,f94d5403-17e2-4a5f-b88e-cc45d1fcc9fd,headquarters,Platinum Minerals Headquarters,1474 Central Avenue,,Hwange,Hwange,56899,Zimbabwe,43.11272,-54.65787,,2013,+236-989-5734,sales@platinumminerals.com,2021-08-17T05:38:30.409Z
0f2d51d0-b94b-4ae6-9331-f6c1a2363b87,f94d5403-17e2-4a5f-b88e-cc45d1fcc9fd,warehouse,Hwange Warehouse,664 Processing Road,,Hwange,Hwange,,Zimbabwe,48.41318,112.54267,,2020,,,2016-01-30T05:38:30.450Z
0f90ee3b-c982-4d65-b6ef-f3e295bd625b,f94d5403-17e2-4a5f-b88e-cc45d1fcc9fd,warehouse,Manitoba Warehouse,521 Processing Road,,Manitoba,Manitoba,,Canada,-19.50861,-107.03125,,2018,,,2016-12-21T05:38:30.450Z
32d173b3-1123-4dec-b566-a06140339b92,f94d5403-17e2-4a5f-b88e-cc45d1fcc9fd,office,Ontario Office,368 Industrial Way,,Ontario,Ontario,,Canada,3.92127,102.14258,,2020,,,2017-03-06T05:38:30.450Z
77bf7cb2-29ca-44d9-9dd3-901a861d2153,f94d5403-17e2-4a5f-b88e-cc45d1fcc9fd,office,Tibet Office,118 Processing Road,,Tibet,Tibet,,China,40.78926,84.34148,,2024,,,2019-11-05T05:38:30.450Z
e9919cd3-2d45-4c88-8e11-8791712b37e7,f94d5403-17e2-4a5f-b88e-cc45d1fcc9fd,r_and_d_center,Mutoko R And D Center,677 Industrial Zone,,Mutoko,Mutoko,,Zimbabwe,42.89504,124.50624,,2020,,,2016-12-08T05:38:30.450Z
6548ddf9-b720-4344-a18a-7c9b1b832709,f94d5403-17e2-4a5f-b88e-cc45d1fcc9fd,warehouse,Khomas Warehouse,81 Industrial Zone,,Khomas,Khomas,,Namibia,24.57298,55.69321,,2023,,,2019-06-08T05:38:30.450Z
f85e0aac-7927-4582-96f6-2dfe5afd640d,f94d5403-17e2-4a5f-b88e-cc45d1fcc9fd,r_and_d_center,Katanga R And D Center,499 Mining Road,,Katanga,Katanga,,Democratic Republic of Congo,31.99564,-30.72835,,2020,,,2019-04-11T05:38:30.450Z
c132f23f-3385-44a2-b813-e2c7746b8860,f94d5403-17e2-4a5f-b88e-cc45d1fcc9fd,mining_operation,Northern Territory Mining Operation,Mine Site Industrial Zone,,Northern Territory,Northern Territory,,Australia,28.95548,109.10637,47297,2018,,,2024-02-06T05:38:30.450Z
a146d2be-119e-4885-b970-e998b1a7e7c5,88289413-90bf-42b4-846c-304a5a4a56fc,headquarters,Atlantic Corporation Headquarters,7236 Industrial Avenue,Floor 5,Ashanti,Ashanti,14967,Ghana,44.21699,2.29254,,1997,+40-921-4517,sales@atlanticcorporation.com,2024-09-04T05:38:30.409Z
26520afd-2734-4184-aebd-12681fd3eb6e,88289413-90bf-42b4-846c-304a5a4a56fc,r_and_d_center,Eastern Province R And D Center,484 Mining Way,,Eastern Province,Eastern Province,,Rwanda,-1.57819,-54.61328,,2014,,,2022-09-04T05:38:30.450Z
c66ea55a-375b-4377-8329-5c95291f7e55,88289413-90bf-42b4-846c-304a5a4a56fc,r_and_d_center,Western R And D Center,165 Processing Way,,Western,Western,,Ghana,40.82875,25.59033,,2014,,,2022-08-23T05:38:30.450Z
d2a39265-d02d-49fd-8736-d3fe0f86c408,88289413-90bf-42b4-846c-304a5a4a56fc,office,Western Australia Office,781 Processing Road,,Western Australia,Western Australia,,Australia,38.07226,127.87191,,2009,,,2018-04-28T05:38:30.450Z
6f5bea64-03ea-4072-8a7c-497cc82084a2,88289413-90bf-42b4-846c-304a5a4a56fc,processing_plant,Ashanti Processing Plant,787 Processing Zone,,Ashanti,Ashanti,,Ghana,-4.52916,-56.51021,24674,2015,,,2016-08-20T05:38:30.450Z
983dbad0-198e-45d5-8fb0-b5d4ca5ff144,88289413-90bf-42b4-846c-304a5a4a56fc,processing_plant,Ashanti Processing Plant,624 Mining Zone,,Ashanti,Ashanti,,Ghana,-21.1297,-119.86988,45402,2014,,,2022-05-14T05:38:30.450Z
223328c1-a768-4c69-a263-e54ba3632875,88289413-90bf-42b4-846c-304a5a4a56fc,warehouse,Eastern Province Warehouse,414 Industrial Zone,,Eastern Province,Eastern Province,,Rwanda,26.30066,-51.01987,,2023,,,2022-05-20T05:38:30.450Z
3ba3d097-4c5b-44c1-bd44-4e5e03783da2,88289413-90bf-42b4-846c-304a5a4a56fc,office,Western Office,874 Mining Zone,,Western,Western,,Ghana,18.82569,-45.8463,,2003,,,2018-02-21T05:38:30.450Z
414b7169-3bb9-4018-b3d8-d155f468139a,88289413-90bf-42b4-846c-304a5a4a56fc,r_and_d_center,Oromia R And D Center,907 Processing Zone,,Oromia,Oromia,,Ethiopia,45.67852,-18.90241,,1998,,,2018-12-26T05:38:30.450Z
03c8a263-ae83-47d7-bef6-888e6ca9d26d,88289413-90bf-42b4-846c-304a5a4a56fc,warehouse,California Warehouse,728 Mining Road,,California,California,71344,United States,-0.04383,-102.00757,,2022,,,2024-11-28T05:38:30.450Z
a7adbe12-71c3-4244-b8c9-eb8b4ae488f8,88289413-90bf-42b4-846c-304a5a4a56fc,mining_operation,Western Mining Operation,Mine Site Industrial Zone,,Western,Western,,Ghana,47.43543,87.24996,9678,2005,,,2024-03-20T05:38:30.450Z
119c4824-de5e-4e7e-aa16-e7839009aabd,88289413-90bf-42b4-846c-304a5a4a56fc,mining_operation,Ashanti Mining Operation,Mine Site Industrial Way,,Ashanti,Ashanti,,Ghana,25.39231,101.29896,49874,2011,,,2018-05-02T05:38:30.450Z
32df0ff4-071b-42f1-907b-3b975b8033e3,88289413-90bf-42b4-846c-304a5a4a56fc,mining_operation,Mutoko Mining Operation,Mine Site Mining Road,,Mutoko,Mutoko,,Zimbabwe,-30.86902,-107.75968,27535,1999,,,2024-07-25T05:38:30.450Z
d415e918-ae74-4598-b514-e50378d64129,0e47e6d4-bb17-4ac5-a2fa-2e1f2f96443e,headquarters,Pacific Materials Headquarters,3217 Industrial Drive,Floor 5,Tibet,Tibet,41893,China,-20.83833,-10.93938,,2020,+166-938-3764,sales@pacificmaterials.com,2021-12-30T05:38:30.409Z
047219ae-94e2-4a00-b207-745530216b71,0e47e6d4-bb17-4ac5-a2fa-2e1f2f96443e,warehouse,Qinghai Warehouse,983 Processing Road,,Qinghai,Qinghai,,China,-28.73861,-0.02466,,2021,,,2023-03-08T05:38:30.450Z
2b665890-e3c6-45db-9af4-afcafd5ee258,0e47e6d4-bb17-4ac5-a2fa-2e1f2f96443e,r_and_d_center,Karas R And D Center,821 Mining Way,,Karas,Karas,,Namibia,-5.60078,-7.54449,,2022,,,2017-04-18T05:38:30.450Z
05695b99-8fd8-4caa-bd60-bb7f194c7abc,0e47e6d4-bb17-4ac5-a2fa-2e1f2f96443e,mining_operation,Qinghai Mining Operation,Mine Site Mining Way,,Qinghai,Qinghai,,China,-20.58217,37.82099,48017,2024,,,2016-01-06T05:38:30.450Z
1f854fe9-a871-4556-b1aa-e88181e42653,0e47e6d4-bb17-4ac5-a2fa-2e1f2f96443e,office,Salta Office,263 Processing Zone,,Salta,Salta,,Argentina,-30.76574,102.3211,,2023,,,2024-03-07T05:38:30.450Z
fcc1fe8c-be0b-4027-aed7-6e1046a37061,0e47e6d4-bb17-4ac5-a2fa-2e1f2f96443e,r_and_d_center,Ontario R And D Center,991 Industrial Way,,Ontario,Ontario,,Canada,-24.17368,59.89341,,2022,,,2023-08-28T05:38:30.450Z
94b976c1-6494-467a-8aa9-f09e6600d0d5,0e47e6d4-bb17-4ac5-a2fa-2e1f2f96443e,r_and_d_center,Sikasso R And D Center,695 Mining Road,,Sikasso,Sikasso,,Mali,-27.26032,-96.46508,,2020,,,2021-03-06T05:38:30.450Z
38b301ca-d748-4ce5-9423-5d45f6bf571f,0e47e6d4-bb17-4ac5-a2fa-2e1f2f96443e,warehouse,Sichuan Warehouse,31 Industrial Way,,Sichuan,Sichuan,,China,-10.28402,115.73623,,2020,,,2022-04-20T05:38:30.450Z
bb5ee314-ed4b-495b-a5bc-1d984edc75b0,0e47e6d4-bb17-4ac5-a2fa-2e1f2f96443e,mining_operation,Kinshasa Mining Operation,Mine Site Processing Road,,Kinshasa,Kinshasa,,Democratic Republic of Congo,-12.35448,52.32865,23208,2022,,,2018-08-06T05:38:30.450Z
a273457c-30fa-42dc-b934-e2b1e9d293ba,0e47e6d4-bb17-4ac5-a2fa-2e1f2f96443e,office,Erongo Office,554 Processing Road,,Erongo,Erongo,,Namibia,-24.74465,8.01143,,2021,,,2019-03-06T05:38:30.450Z
2d3278ce-6d60-406e-b7d3-a92394c0d78d,0e47e6d4-bb17-4ac5-a2fa-2e1f2f96443e,mining_operation,Eastern Province Mining Operation,Mine Site Industrial Road,,Eastern Province,Eastern Province,,Rwanda,33.07301,-64.71589,20378,2020,,,2023-05-31T05:38:30.450Z
a715bb47-830a-40a0-b2a4-8b57b1ae6ae6,0e47e6d4-bb17-4ac5-a2fa-2e1f2f96443e,processing_plant,Nevada Processing Plant,219 Processing Road,,Nevada,Nevada,64005,United States,29.82777,2.61889,11400,2022,,,2017-08-30T05:38:30.450Z
2ef1c83e-e87b-4f23-9a04-0ee9aed858f0,f790d565-6d60-476b-bad7-8dfeb8211617,headquarters,Global Mining Headquarters,7159 Main Drive,,Addis Ababa,Addis Ababa,19582,Ethiopia,-5.50681,-24.04549,,2013,+373-901-1118,sales@globalmining.com,2021-12-31T05:38:30.409Z
efe0bbb4-c0ec-4e9e-b112-a7c5b8e03189,f790d565-6d60-476b-bad7-8dfeb8211617,office,Sikasso Office,960 Processing Way,,Sikasso,Sikasso,,Mali,26.60367,-88.48074,,2019,,,2016-06-24T05:38:30.450Z
06e8952b-6742-4ece-abea-786ccba9b794,f790d565-6d60-476b-bad7-8dfeb8211617,processing_plant,Jujuy Processing Plant,340 Industrial Road,,Jujuy,Jujuy,,Argentina,47.37264,36.16832,31445,2024,,,2020-06-10T05:38:30.450Z
d5480e24-1eef-480d-acac-d3a634427da9,f790d565-6d60-476b-bad7-8dfeb8211617,r_and_d_center,Goromonzi R And D Center,179 Industrial Road,,Goromonzi,Goromonzi,,Zimbabwe,34.60268,41.94728,,2014,,,2021-04-11T05:38:30.450Z
171d32eb-6f39-4d91-86cd-0c85b75136cd,f790d565-6d60-476b-bad7-8dfeb8211617,processing_plant,Ontario Processing Plant,619 Mining Road,,Ontario,Ontario,,Canada,6.15144,-18.12425,37579,2016,,,2020-03-11T05:38:30.450Z
33c79380-42db-4255-9780-a4d1889a155c,f790d565-6d60-476b-bad7-8dfeb8211617,mining_operation,Southern Nations Mining Operation,Mine Site Processing Zone,,Southern Nations,Southern Nations,,Ethiopia,8.69816,117.86255,26179,2024,,,2021-08-06T05:38:30.450Z
37aeebb0-eb3f-4b69-a03f-e1ae08a19926,f790d565-6d60-476b-bad7-8dfeb8211617,warehouse,Northern Cape Warehouse,108 Processing Way,,Northern Cape,Northern Cape,,South Africa,2.83162,-19.09436,,2019,,,2018-01-30T05:38:30.450Z
334a1df4-4f8a-4e6b-9e12-569b0542eff2,f790d565-6d60-476b-bad7-8dfeb8211617,r_and_d_center,Katanga R And D Center,757 Industrial Way,,Katanga,Katanga,,Democratic Republic of Congo,18.91934,-107.92869,,2024,,,2020-09-21T05:38:30.450Z
2883da46-7e24-44c3-88a7-3d7d3695a74f,1b34a295-7e7d-46ef-91e6-ed739cb9d235,headquarters,Atlantic Energy Headquarters,1245 Main Drive,Building A,Western,Western,44776,Ghana,17.42521,-44.91654,,2001,+998-800-9626,sales@atlanticenergy.com,2023-04-21T05:38:30.409Z
b7a20787-a5c1-4009-a4e0-0e9014541f6d,1b34a295-7e7d-46ef-91e6-ed739cb9d235,mining_operation,Quebec Mining Operation,Mine Site Processing Zone,,Quebec,Quebec,,Canada,4.09543,76.13803,10900,2017,,,2016-04-28T05:38:30.450Z
0e1fbe5a-c435-4d26-a6b7-9bbf18169ab1,1b34a295-7e7d-46ef-91e6-ed739cb9d235,processing_plant,Western Processing Plant,198 Industrial Way,,Western,Western,,Ghana,14.97099,83.09198,15864,2002,,,2021-10-11T05:38:30.450Z
e193deee-d4ca-41c5-bbf9-bdf026bf7707,1b34a295-7e7d-46ef-91e6-ed739cb9d235,processing_plant,Quebec Processing Plant,202 Mining Road,,Quebec,Quebec,,Canada,-0.59418,-75.11389,43170,2012,,,2023-07-10T05:38:30.450Z
b63481f3-b755-4e68-bd3c-99ee62ed41c9,1b34a295-7e7d-46ef-91e6-ed739cb9d235,warehouse,Nevada Warehouse,886 Mining Zone,,Nevada,Nevada,23207,United States,-13.51859,-92.56894,,2021,,,2024-12-02T05:38:30.450Z
9d5820b7-9fca-44f2-b930-6765b29bd560,1b34a295-7e7d-46ef-91e6-ed739cb9d235,office,Jujuy Office,474 Mining Zone,,Jujuy,Jujuy,,Argentina,18.19083,-17.35286,,2008,,,2019-11-28T05:38:30.450Z
d6173c46-6781-4d6a-bc26-a8d1ec4d6beb,1b34a295-7e7d-46ef-91e6-ed739cb9d235,warehouse,Eastern Warehouse,208 Mining Zone,,Eastern,Eastern,,Ghana,49.01031,-76.07591,,2023,,,2024-05-13T05:38:30.450Z
13777cbe-a197-4d5d-bfa0-06708bd3ad2f,1b34a295-7e7d-46ef-91e6-ed739cb9d235,office,Eastern Office,533 Mining Way,,Eastern,Eastern,,Ghana,-20.79927,27.35553,,2004,,,2018-11-03T05:38:30.450Z
6f41dcdc-b0a4-4f47-93d7-2cbcfce9dfac,1b34a295-7e7d-46ef-91e6-ed739cb9d235,office,Bikita Office,39 Industrial Road,,Bikita,Bikita,,Zimbabwe,35.96677,13.71245,,2019,,,2021-12-01T05:38:30.450Z
6ab74ff0-79bd-46fb-a4c2-9ab1a87a7270,1b34a295-7e7d-46ef-91e6-ed739cb9d235,office,Jujuy Office,965 Mining Zone,,Jujuy,Jujuy,,Argentina,30.84799,18.82327,,2006,,,2016-09-10T05:38:30.450Z
c6561076-ec07-4871-be63-0a9776dec0cc,1b34a295-7e7d-46ef-91e6-ed739cb9d235,mining_operation,Kigali Mining Operation,Mine Site Mining Way,,Kigali,Kigali,,Rwanda,25.73849,-55.01628,15542,2006,,,2024-12-17T05:38:30.450Z
7e432b7e-d9fe-4f7e-99f2-2b3a9ebc1125,1b34a295-7e7d-46ef-91e6-ed739cb9d235,processing_plant,Ashanti Processing Plant,712 Industrial Way,,Ashanti,Ashanti,,Ghana,-34.17034,-27.32613,44652,2008,,,2021-04-12T05:38:30.450Z
eaa5b1c2-5deb-45c7-814f-44c75d393ffc,1b34a295-7e7d-46ef-91e6-ed739cb9d235,processing_plant,Salta Processing Plant,386 Processing Way,,Salta,Salta,,Argentina,1.93628,119.56135,30087,2020,,,2023-04-10T05:38:30.450Z
84aa0b94-fd28-4da6-8c3b-ee78a95e7a6b,4de41147-0ced-42bb-9c8d-ca43be6d2b05,headquarters,Vertex Materials Headquarters,8112 Central Avenue,Floor 5,Limpopo,Limpopo,89633,South Africa,-0.53725,71.7626,,2002,+280-231-3565,sales@vertexmaterials.com,2023-08-14T05:38:30.409Z
539369e4-7e46-40fb-bc4d-23734eb5fe41,4de41147-0ced-42bb-9c8d-ca43be6d2b05,office,Northern Cape Office,848 Processing Way,,Northern Cape,Northern Cape,,South Africa,40.50938,66.80397,,2009,,,2023-02-15T05:38:30.450Z
b9cf8e56-06de-482b-82ad-38f1256035f4,4de41147-0ced-42bb-9c8d-ca43be6d2b05,r_and_d_center,Northern Cape R And D Center,491 Mining Zone,,Northern Cape,Northern Cape,,South Africa,-3.53411,110.82576,,2015,,,2017-01-07T05:38:30.450Z
eea6febc-7fd2-4f3d-9452-1a2d0183cd21,4de41147-0ced-42bb-9c8d-ca43be6d2b05,warehouse,Limpopo Warehouse,22 Processing Zone,,Limpopo,Limpopo,,South Africa,3.01784,104.2854,,2016,,,2019-07-08T05:38:30.450Z
2e786bd6-ae6e-49a7-945d-fc446139b8e3,4de41147-0ced-42bb-9c8d-ca43be6d2b05,office,Southern Nations Office,13 Industrial Zone,,Southern Nations,Southern Nations,,Ethiopia,21.21541,-98.48057,,2006,,,2021-07-14T05:38:30.450Z
92ab7862-bfcd-4394-a3b0-e71130f6dbc4,4de41147-0ced-42bb-9c8d-ca43be6d2b05,r_and_d_center,Erongo R And D Center,20 Industrial Zone,,Erongo,Erongo,,Namibia,6.0504,103.30976,,2017,,,2024-07-21T05:38:30.450Z
ce8e2deb-d73d-4c16-bba5-5af6154c6b16,4de41147-0ced-42bb-9c8d-ca43be6d2b05,warehouse,Northern Cape Warehouse,747 Mining Zone,,Northern Cape,Northern Cape,,South Africa,-21.1981,20.60719,,2007,,,2016-03-30T05:38:30.450Z
6da02076-9812-4871-b40e-741ed47d538e,4de41147-0ced-42bb-9c8d-ca43be6d2b05,warehouse,Gauteng Warehouse,468 Processing Way,,Gauteng,Gauteng,,South Africa,40.27131,65.01314,,2013,,,2016-10-19T05:38:30.450Z
9400b59b-79cf-487d-baf0-ca3ae9678a9f,4de41147-0ced-42bb-9c8d-ca43be6d2b05,r_and_d_center,Northern Cape R And D Center,722 Industrial Way,,Northern Cape,Northern Cape,,South Africa,-30.67199,-4.36019,,2010,,,2020-08-16T05:38:30.450Z
4b4a72ec-4bc8-4eda-8b1a-efc3f1fdba06,4de41147-0ced-42bb-9c8d-ca43be6d2b05,r_and_d_center,Salta R And D Center,294 Industrial Road,,Salta,Salta,,Argentina,8.45428,-41.56089,,2010,,,2016-09-25T05:38:30.450Z
cfd7fd3b-b364-401a-b06f-70663be077d5,4de41147-0ced-42bb-9c8d-ca43be6d2b05,mining_operation,Atacama Mining Operation,Mine Site Mining Zone,,Atacama,Atacama,,Chile,32.45191,-47.98757,48684,2007,,,2022-09-11T05:38:30.450Z
f324a94d-5493-4aaf-83e0-725d721dc659,a20dbd32-a765-4c3b-bc92-003c072148dc,headquarters,Frontier Resources Headquarters,3316 Business Avenue,Suite 100,Manitoba,Manitoba,89047,Canada,8.40374,77.72892,,2019,+965-873-6498,sales@frontierresources.com,2021-11-21T05:38:30.409Z
be04a89e-03fe-4865-b805-3fc9a33384c1,a20dbd32-a765-4c3b-bc92-003c072148dc,office,Manitoba Office,646 Industrial Way,,Manitoba,Manitoba,,Canada,-29.75479,-103.44506,,2019,,,2022-02-02T05:38:30.450Z
4f1f3da8-85ce-428c-954c-37748713deff,a20dbd32-a765-4c3b-bc92-003c072148dc,r_and_d_center,Manono R And D Center,861 Processing Zone,,Manono,Manono,,Democratic Republic of Congo,46.60467,-32.73947,,2022,,,2019-09-09T05:38:30.450Z
e5b66237-ace7-438c-a00e-238f6d84a625,a20dbd32-a765-4c3b-bc92-003c072148dc,office,Quebec Office,24 Processing Road,,Quebec,Quebec,,Canada,46.99197,-99.14375,,2021,,,2020-01-01T05:38:30.450Z
d7df5b63-746e-4296-ad9a-0f15fdfcf5b9,a20dbd32-a765-4c3b-bc92-003c072148dc,mining_operation,Western Mining Operation,Mine Site Industrial Way,,Western,Western,,Ghana,20.44923,24.44174,37989,2023,,,2023-03-10T05:38:30.450Z
6d6d8ae2-d2cd-4286-a7d9-183849b709ad,a20dbd32-a765-4c3b-bc92-003c072148dc,office,Quebec Office,434 Processing Zone,,Quebec,Quebec,,Canada,-13.72373,99.25602,,2023,,,2023-04-10T05:38:30.450Z
e0edf08b-c711-4d1b-af13-4796fa50b69e,a20dbd32-a765-4c3b-bc92-003c072148dc,mining_operation,Manitoba Mining Operation,Mine Site Industrial Way,,Manitoba,Manitoba,,Canada,28.66427,-61.38989,40279,2020,,,2021-08-05T05:38:30.450Z
695f6184-9496-4d69-9a49-ebf09cd518c1,a20dbd32-a765-4c3b-bc92-003c072148dc,warehouse,Ontario Warehouse,838 Mining Zone,,Ontario,Ontario,,Canada,41.9694,-87.38618,,2019,,,2022-04-17T05:38:30.450Z
f058e064-5300-47d7-a51f-049ffb04100c,a20dbd32-a765-4c3b-bc92-003c072148dc,warehouse,Manitoba Warehouse,772 Processing Road,,Manitoba,Manitoba,,Canada,-12.75141,75.49891,,2021,,,2016-06-02T05:38:30.450Z
44559c99-a1a6-470e-8684-435398b1c33f,a20dbd32-a765-4c3b-bc92-003c072148dc,warehouse,Mutoko Warehouse,35 Industrial Way,,Mutoko,Mutoko,,Zimbabwe,8.13072,-99.3588,,2020,,,2017-08-27T05:38:30.450Z
5f4a624c-50eb-4c12-ab38-f9064560b271,a20dbd32-a765-4c3b-bc92-003c072148dc,office,Northwest Territories Office,929 Processing Way,,Northwest Territories,Northwest Territories,,Canada,14.34659,44.37363,,2022,,,2023-04-10T05:38:30.450Z
8be8ddc8-f142-4e20-8903-53fa1c4523d2,a20dbd32-a765-4c3b-bc92-003c072148dc,mining_operation,Plateau Mining Operation,Mine Site Industrial Way,,Plateau,Plateau,,Nigeria,29.6296,-13.14249,16124,2024,,,2024-01-16T05:38:30.450Z
be2c7ced-ccee-4f26-93fc-3a8813637dba,a12299a4-2c5b-42a9-ba81-b50ed03324ea,headquarters,Pioneer Group Headquarters,7795 Main Avenue,Floor 5,Northwest Territories,Northwest Territories,99238,Canada,39.54322,-84.72421,,2002,+476-893-3552,sales@pioneergroup.com,2024-12-22T05:38:30.409Z
0bf8d186-b84a-4a9c-b557-a3ef2cf175f8,a12299a4-2c5b-42a9-ba81-b50ed03324ea,mining_operation,Sikasso Mining Operation,Mine Site Processing Road,,Sikasso,Sikasso,,Mali,49.96845,116.20421,40366,2015,,,2020-02-28T05:38:30.450Z
56289ef0-fa3a-40a1-a8df-1f80a04fff7c,a12299a4-2c5b-42a9-ba81-b50ed03324ea,r_and_d_center,Ontario R And D Center,87 Industrial Zone,,Ontario,Ontario,,Canada,35.39465,23.01169,,2007,,,2018-02-14T05:38:30.450Z
5c0ebbbe-4024-4111-84cf-870dec31106f,a12299a4-2c5b-42a9-ba81-b50ed03324ea,warehouse,Northwest Territories Warehouse,426 Processing Road,,Northwest Territories,Northwest Territories,,Canada,-9.082,-115.35822,,2009,,,2017-03-22T05:38:30.450Z
71cbcf52-6fca-4f26-81a4-50e990e71624,a12299a4-2c5b-42a9-ba81-b50ed03324ea,warehouse,Manitoba Warehouse,153 Processing Way,,Manitoba,Manitoba,,Canada,11.50766,59.24995,,2003,,,2020-12-08T05:38:30.450Z
632a32f9-30b7-45fc-9f5b-6547037156d2,a12299a4-2c5b-42a9-ba81-b50ed03324ea,processing_plant,Southern Nations Processing Plant,14 Processing Road,,Southern Nations,Southern Nations,,Ethiopia,-10.99341,-39.10454,17972,2005,,,2024-03-04T05:38:30.450Z
13628838-8975-4916-be3d-64aa5804a0b3,a12299a4-2c5b-42a9-ba81-b50ed03324ea,r_and_d_center,Arkansas R And D Center,56 Processing Road,,Arkansas,Arkansas,40432,United States,-34.06869,-80.52478,,2022,,,2021-09-18T05:38:30.450Z
a28f5a3f-d326-4c17-b8eb-7afea5d5f835,a12299a4-2c5b-42a9-ba81-b50ed03324ea,r_and_d_center,Ontario R And D Center,503 Industrial Zone,,Ontario,Ontario,,Canada,24.69551,21.28517,,2014,,,2020-03-23T05:38:30.450Z
09c65137-e5b8-4a51-98e2-fdcde1828c13,a12299a4-2c5b-42a9-ba81-b50ed03324ea,processing_plant,Bikita Processing Plant,853 Processing Road,,Bikita,Bikita,,Zimbabwe,-10.26806,93.71652,38214,2017,,,2016-07-10T05:38:30.450Z
d0fc2eff-c8c4-40c9-9ff2-7785b4c2cc04,a12299a4-2c5b-42a9-ba81-b50ed03324ea,office,Quebec Office,986 Industrial Road,,Quebec,Quebec,,Canada,22.49391,40.03397,,2007,,,2021-03-25T05:38:30.450Z
12b0dcd2-98ed-41f8-840e-c75ed7e57fe0,a12299a4-2c5b-42a9-ba81-b50ed03324ea,warehouse,Northwest Territories Warehouse,369 Processing Way,,Northwest Territories,Northwest Territories,,Canada,-10.07291,-5.9119,,2009,,,2020-12-20T05:38:30.450Z
9e8bef46-e87b-4f77-b49c-0c00738e7e67,a12299a4-2c5b-42a9-ba81-b50ed03324ea,mining_operation,Northwest Territories Mining Operation,Mine Site Mining Zone,,Northwest Territories,Northwest Territories,,Canada,3.49953,91.96474,31184,2021,,,2020-10-15T05:38:30.450Z
b07c316f-6edb-46ce-b9b3-c1f9596c16fe,a12299a4-2c5b-42a9-ba81-b50ed03324ea,r_and_d_center,Northwest Territories R And D Center,89 Industrial Way,,Northwest Territories,Northwest Territories,,Canada,-8.60483,-37.02896,,2003,,,2017-04-14T05:38:30.450Z
2c3a01e5-a9c7-4206-8fe4-13e373b11b44,a12299a4-2c5b-42a9-ba81-b50ed03324ea,office,Limpopo Office,417 Industrial Zone,,Limpopo,Limpopo,,South Africa,19.04441,3.77146,,2024,,,2017-05-28T05:38:30.450Z
e15c0b7e-50ef-4c24-afbc-f45fe46954a6,37fbb935-02c2-4908-8a0d-1767ce72736c,headquarters,Eclipse Holdings Headquarters,8033 Main Street,,Lagos,Lagos,49401,Nigeria,-23.23339,-63.06587,,2012,+850-270-9632,sales@eclipseholdings.com,2022-10-15T05:38:30.409Z
0b42afba-a26e-45a8-9ff0-36d697115dd6,37fbb935-02c2-4908-8a0d-1767ce72736c,processing_plant,Arkansas Processing Plant,160 Mining Way,,Arkansas,Arkansas,13265,United States,-8.27603,-23.2134,20062,2014,,,2016-01-22T05:38:30.450Z
8330efcf-51a6-4f16-bedf-4b50e7b99166,37fbb935-02c2-4908-8a0d-1767ce72736c,warehouse,Nasarawa Warehouse,845 Processing Road,,Nasarawa,Nasarawa,,Nigeria,7.92323,18.68922,,2018,,,2017-02-28T05:38:30.450Z
111b3c81-53b9-4a82-9dcc-cbbebea97a15,37fbb935-02c2-4908-8a0d-1767ce72736c,office,Arkansas Office,104 Mining Road,,Arkansas,Arkansas,51187,United States,-18.8381,-100.13141,,2013,,,2024-07-23T05:38:30.450Z
86ef6f2f-40a9-4d75-9c24-93a28080e9b5,37fbb935-02c2-4908-8a0d-1767ce72736c,r_and_d_center,Nasarawa R And D Center,215 Industrial Way,,Nasarawa,Nasarawa,,Nigeria,36.75621,19.05656,,2023,,,2017-12-27T05:38:30.450Z
432a5fc5-c3c6-4b78-a79d-21ce10571d16,37fbb935-02c2-4908-8a0d-1767ce72736c,r_and_d_center,Nasarawa R And D Center,927 Processing Road,,Nasarawa,Nasarawa,,Nigeria,-14.32971,102.86561,,2013,,,2016-10-28T05:38:30.450Z
720a978e-f2a5-4b05-a306-bac3ecc05f37,37fbb935-02c2-4908-8a0d-1767ce72736c,mining_operation,Gauteng Mining Operation,Mine Site Industrial Zone,,Gauteng,Gauteng,,South Africa,42.10972,1.51845,19094,2012,,,2023-11-02T05:38:30.450Z
b3b1eccf-63c2-428c-8e6f-a9cfe6ffa27d,37fbb935-02c2-4908-8a0d-1767ce72736c,office,Antofagasta Office,179 Industrial Zone,,Antofagasta,Antofagasta,,Chile,46.14748,-79.10128,,2019,,,2024-11-07T05:38:30.450Z
9e654cec-1c87-4389-aa7f-e1d85de9ac0f,37fbb935-02c2-4908-8a0d-1767ce72736c,office,Lagos Office,182 Mining Zone,,Lagos,Lagos,,Nigeria,-34.68831,-15.07107,,2023,,,2020-12-10T05:38:30.450Z
24b996e1-4ce9-4cd0-8723-9c5934d1bd6a,37fbb935-02c2-4908-8a0d-1767ce72736c,office,Mutoko Office,195 Industrial Zone,,Mutoko,Mutoko,,Zimbabwe,20.19655,54.31214,,2015,,,2018-04-20T05:38:30.450Z
4902511a-f580-4652-82d9-b9cb132b5ebc,37fbb935-02c2-4908-8a0d-1767ce72736c,mining_operation,Nasarawa Mining Operation,Mine Site Processing Way,,Nasarawa,Nasarawa,,Nigeria,-2.73466,74.61461,23397,2023,,,2023-01-16T05:38:30.450Z
cba4d03b-7f66-428e-9b64-809e2eb8b6eb,37fbb935-02c2-4908-8a0d-1767ce72736c,processing_plant,Goromonzi Processing Plant,656 Mining Zone,,Goromonzi,Goromonzi,,Zimbabwe,-22.22264,-80.74593,24803,2020,,,2019-03-02T05:38:30.450Z
5849b705-3673-4de1-8554-1dd367e2b6ca,2ffbea36-6c6d-4cb1-9a23-e1c4fab1634d,headquarters,Pioneer Resources Headquarters,635 Business Drive,Building A,Plateau,Plateau,75883,Nigeria,-17.64414,50.42926,,2011,+176-485-8494,sales@pioneerresources.com,2021-12-01T05:38:30.409Z
d8e7f9ff-eac1-46a6-9c77-ce3ac16c3fc9,2ffbea36-6c6d-4cb1-9a23-e1c4fab1634d,mining_operation,Bikita Mining Operation,Mine Site Mining Road,,Bikita,Bikita,,Zimbabwe,44.21536,59.57738,15319,2013,,,2018-12-25T05:38:30.450Z
70389bc6-f8ca-4296-ada4-c08e6de086d0,2ffbea36-6c6d-4cb1-9a23-e1c4fab1634d,r_and_d_center,Nasarawa R And D Center,956 Mining Road,,Nasarawa,Nasarawa,,Nigeria,20.06316,4.17217,,2023,,,2022-02-10T05:38:30.450Z
18bfa324-68d9-4ff1-bb5e-9b357a23540c,2ffbea36-6c6d-4cb1-9a23-e1c4fab1634d,r_and_d_center,Khomas R And D Center,226 Processing Zone,,Khomas,Khomas,,Namibia,-19.21051,47.64775,,2016,,,2016-12-28T05:38:30.450Z
9196617b-f7a2-4ab5-9ab5-3ec4db97cf92,2ffbea36-6c6d-4cb1-9a23-e1c4fab1634d,mining_operation,Ashanti Mining Operation,Mine Site Industrial Way,,Ashanti,Ashanti,,Ghana,49.80216,-3.05992,5408,2015,,,2017-04-27T05:38:30.450Z
89bd017d-029e-43cd-be88-05bd37a70231,2ffbea36-6c6d-4cb1-9a23-e1c4fab1634d,office,Nevada Office,150 Processing Road,,Nevada,Nevada,90320,United States,-21.55313,22.76035,,2017,,,2016-04-25T05:38:30.450Z
369de074-407b-458e-8323-3cc1762858e0,2ffbea36-6c6d-4cb1-9a23-e1c4fab1634d,processing_plant,Lagos Processing Plant,768 Processing Way,,Lagos,Lagos,,Nigeria,-2.58519,-90.82993,20878,2023,,,2024-04-04T05:38:30.450Z
84849691-03d4-474c-a6ea-8f5c4bb77da0,2ffbea36-6c6d-4cb1-9a23-e1c4fab1634d,mining_operation,Atacama Mining Operation,Mine Site Industrial Zone,,Atacama,Atacama,,Chile,-6.68404,89.05314,6123,2018,,,2024-07-25T05:38:30.450Z
46482276-aa96-40dd-9796-7036a75f35ac,2ffbea36-6c6d-4cb1-9a23-e1c4fab1634d,processing_plant,Santiago Processing Plant,648 Mining Zone,,Santiago,Santiago,,Chile,20.86088,90.80248,16491,2017,,,2022-08-22T05:38:30.450Z
a64b411a-0676-4b7c-ba02-c8856bd99cef,2ffbea36-6c6d-4cb1-9a23-e1c4fab1634d,processing_plant,Lagos Processing Plant,647 Mining Road,,Lagos,Lagos,,Nigeria,26.59285,-107.002,19067,2016,,,2020-12-27T05:38:30.450Z
508c53d0-4166-4a9e-ae80-e79549e58009,2ffbea36-6c6d-4cb1-9a23-e1c4fab1634d,mining_operation,Lagos Mining Operation,Mine Site Processing Way,,Lagos,Lagos,,Nigeria,-3.69757,-24.8213,9051,2011,,,2018-01-02T05:38:30.450Z
3e1f4bbb-bbbf-4420-8e00-f8cf48d1c290,2ffbea36-6c6d-4cb1-9a23-e1c4fab1634d,processing_plant,Nasarawa Processing Plant,721 Processing Zone,,Nasarawa,Nasarawa,,Nigeria,-29.69987,78.77896,8590,2017,,,2021-03-01T05:38:30.450Z
8592a9b6-dd7c-4ebe-ae77-0181b7e6018b,899e3891-f93f-4d0d-8a05-4f23adaeac21,headquarters,Global Resources Headquarters,8151 Industrial Avenue,Suite 100,Kigali,Kigali,11323,Rwanda,-31.64786,-108.21765,,2003,+785-717-7951,sales@globalresources.com,2022-11-03T05:38:30.409Z
d3682a84-c990-4283-8022-2e0e9b85b211,899e3891-f93f-4d0d-8a05-4f23adaeac21,office,Kigali Office,594 Mining Road,,Kigali,Kigali,,Rwanda,-11.38354,-74.61684,,2020,,,2023-03-27T05:38:30.450Z
19b1fedc-6fa1-458b-bee6-10af63eb0fa2,899e3891-f93f-4d0d-8a05-4f23adaeac21,mining_operation,Salta Mining Operation,Mine Site Industrial Zone,,Salta,Salta,,Argentina,44.66391,-33.78611,49642,2021,,,2020-06-04T05:38:30.450Z
2687df4d-3d14-42ac-9966-de6030826494,899e3891-f93f-4d0d-8a05-4f23adaeac21,warehouse,Kigali Warehouse,270 Processing Way,,Kigali,Kigali,,Rwanda,8.29628,77.41917,,2005,,,2023-01-19T05:38:30.450Z
1afd2f3b-6fc8-4a49-8d0c-7387a359d848,899e3891-f93f-4d0d-8a05-4f23adaeac21,r_and_d_center,Eastern Province R And D Center,113 Processing Zone,,Eastern Province,Eastern Province,,Rwanda,-2.45956,-43.80327,,2007,,,2018-10-09T05:38:30.450Z
7d219fb0-edf9-443b-bc4e-04e2fbe1dcf4,899e3891-f93f-4d0d-8a05-4f23adaeac21,mining_operation,Eastern Province Mining Operation,Mine Site Processing Road,,Eastern Province,Eastern Province,,Rwanda,0.06607,96.11278,6264,2019,,,2024-04-27T05:38:30.450Z
088d2896-ee23-472c-a0b1-4eea6fbf3691,899e3891-f93f-4d0d-8a05-4f23adaeac21,processing_plant,Kigali Processing Plant,822 Processing Way,,Kigali,Kigali,,Rwanda,5.85703,0.83028,25008,2007,,,2019-04-22T05:38:30.450Z
33bbcf38-96b1-4403-ae1b-17e770de13a5,899e3891-f93f-4d0d-8a05-4f23adaeac21,office,Sichuan Office,802 Processing Road,,Sichuan,Sichuan,,China,16.52395,94.1519,,2023,,,2016-02-08T05:38:30.450Z
1179846d-dfcb-4293-8940-d2e2deb89e3e,899e3891-f93f-4d0d-8a05-4f23adaeac21,r_and_d_center,Kigali R And D Center,44 Processing Way,,Kigali,Kigali,,Rwanda,41.08647,10.59589,,2005,,,2021-04-16T05:38:30.450Z
bd6346e3-90b7-443b-8db7-a5d0a50fd267,899e3891-f93f-4d0d-8a05-4f23adaeac21,mining_operation,Sichuan Mining Operation,Mine Site Mining Zone,,Sichuan,Sichuan,,China,3.73728,30.80396,24701,2015,,,2016-09-18T05:38:30.450Z
a8454986-a26a-4f57-b7e2-01de14955057,899e3891-f93f-4d0d-8a05-4f23adaeac21,mining_operation,Western Mining Operation,Mine Site Industrial Zone,,Western,Western,,Ghana,5.81772,-25.36869,19982,2022,,,2019-11-12T05:38:30.450Z
a82f0731-8de9-496c-8877-ce422a154624,899e3891-f93f-4d0d-8a05-4f23adaeac21,office,Western Province Office,56 Mining Road,,Western Province,Western Province,,Rwanda,-32.41301,-79.7578,,2024,,,2017-05-01T05:38:30.450Z
a0b2fa6a-121c-4aa2-b9ff-513cfe8fb4a4,77a43956-c6c9-4ba6-96ea-337574954ed2,headquarters,Zenith Enterprises Headquarters,892 Central Avenue,Floor 5,Sikasso,Sikasso,96876,Mali,48.24567,114.79533,,2020,+45-472-6039,sales@zenithenterprises.com,2023-05-24T05:38:30.409Z
2cdce85b-992f-4ba4-89c4-5fae74d27736,77a43956-c6c9-4ba6-96ea-337574954ed2,office,Addis Ababa Office,908 Processing Road,,Addis Ababa,Addis Ababa,,Ethiopia,13.48378,38.08294,,2023,,,2019-04-21T05:38:30.450Z
f9ba162f-3ea7-4df8-ac13-3bec3839726d,77a43956-c6c9-4ba6-96ea-337574954ed2,office,Sikasso Office,105 Industrial Road,,Sikasso,Sikasso,,Mali,-17.59588,68.09556,,2023,,,2018-07-12T05:38:30.450Z
670fa6a4-7211-4210-af1e-62fd1438776e,77a43956-c6c9-4ba6-96ea-337574954ed2,office,Northwest Territories Office,121 Industrial Way,,Northwest Territories,Northwest Territories,,Canada,7.72236,-79.35831,,2020,,,2018-07-19T05:38:30.450Z
1c3c0892-1970-4ce5-827c-e5179885d783,77a43956-c6c9-4ba6-96ea-337574954ed2,mining_operation,Bamako Mining Operation,Mine Site Industrial Way,,Bamako,Bamako,,Mali,15.63829,-111.03352,19637,2022,,,2024-07-30T05:38:30.450Z
ec4c100e-a674-492d-a9a8-4a1182f3b0ba,77a43956-c6c9-4ba6-96ea-337574954ed2,r_and_d_center,Kayes R And D Center,477 Mining Way,,Kayes,Kayes,,Mali,32.31514,-50.24597,,2022,,,2020-11-03T05:38:30.450Z
1a9ea5f6-67e1-4195-80de-7dca9692fa62,77a43956-c6c9-4ba6-96ea-337574954ed2,processing_plant,Bamako Processing Plant,627 Processing Zone,,Bamako,Bamako,,Mali,-32.66216,95.69884,20013,2024,,,2022-06-20T05:38:30.450Z
7d740e9f-ddab-4b51-8622-1bc0837abb1f,77a43956-c6c9-4ba6-96ea-337574954ed2,r_and_d_center,Quebec R And D Center,629 Processing Way,,Quebec,Quebec,,Canada,-26.43935,129.66587,,2023,,,2017-03-06T05:38:30.450Z
553977dd-a782-424a-8b1f-3591654bb5b3,77a43956-c6c9-4ba6-96ea-337574954ed2,mining_operation,Ontario Mining Operation,Mine Site Industrial Way,,Ontario,Ontario,,Canada,35.55859,49.40343,14937,2024,,,2018-08-02T05:38:30.450Z
4e07008e-a434-40e7-afad-d62a1ce47e35,77a43956-c6c9-4ba6-96ea-337574954ed2,warehouse,Northern Cape Warehouse,948 Processing Zone,,Northern Cape,Northern Cape,,South Africa,14.27383,59.07667,,2020,,,2021-07-14T05:38:30.450Z
2179c67d-be20-4885-a803-16f6ba844bb3,77a43956-c6c9-4ba6-96ea-337574954ed2,r_and_d_center,Sikasso R And D Center,165 Industrial Road,,Sikasso,Sikasso,,Mali,38.85975,-57.01808,,2024,,,2020-05-02T05:38:30.450Z
eaa5a9a1-851c-4620-b0aa-988b0c0a5393,77a43956-c6c9-4ba6-96ea-337574954ed2,processing_plant,Eastern Processing Plant,454 Mining Road,,Eastern,Eastern,,Ghana,23.05949,-86.9605,16892,2021,,,2021-10-04T05:38:30.450Z
b490311f-f208-41f6-a686-53683447771a,77a43956-c6c9-4ba6-96ea-337574954ed2,office,Bamako Office,679 Mining Way,,Bamako,Bamako,,Mali,-10.01092,109.61921,,2023,,,2022-05-10T05:38:30.450Z
b04e7fea-e28b-4b61-9bf8-273067ba4c12,b81d6b03-e5b8-4775-ae41-f217e25d8d23,headquarters,Platinum Energy Headquarters,2678 Business Drive,Building A,Nevada,Nevada,73753,United States,-21.37356,-3.77044,,1998,+541-390-9633,sales@platinumenergy.com,2022-10-23T05:38:30.409Z
f4884b3e-480b-420c-89d4-988e397768a3,b81d6b03-e5b8-4775-ae41-f217e25d8d23,r_and_d_center,North Carolina R And D Center,546 Industrial Road,,North Carolina,North Carolina,23353,United States,-30.39577,-118.98406,,2022,,,2024-04-25T05:38:30.450Z
de2acb49-96af-4a93-9985-cb074d9732f9,b81d6b03-e5b8-4775-ae41-f217e25d8d23,processing_plant,North Carolina Processing Plant,88 Mining Road,,North Carolina,North Carolina,24683,United States,-6.2995,95.76028,20237,2004,,,2018-09-15T05:38:30.450Z
4a7659d4-4995-4c45-b633-c32f11cf935a,b81d6b03-e5b8-4775-ae41-f217e25d8d23,mining_operation,North Carolina Mining Operation,Mine Site Processing Road,,North Carolina,North Carolina,28368,United States,18.91325,26.97942,32364,2023,,,2024-11-20T05:38:30.450Z
be1b5ab3-b772-4ab0-90a9-468abeb2d23f,b81d6b03-e5b8-4775-ae41-f217e25d8d23,r_and_d_center,California R And D Center,951 Processing Zone,,California,California,60445,United States,24.49835,30.63905,,1998,,,2018-12-21T05:38:30.450Z
10f115a0-40e0-4967-83fb-e35e1ef839ad,b81d6b03-e5b8-4775-ae41-f217e25d8d23,mining_operation,Bamako Mining Operation,Mine Site Processing Way,,Bamako,Bamako,,Mali,28.08245,-118.7902,33685,2003,,,2022-09-12T05:38:30.450Z
0c2b2a09-474a-4e50-b5f0-c74f2b63bc54,b81d6b03-e5b8-4775-ae41-f217e25d8d23,mining_operation,Nevada Mining Operation,Mine Site Mining Zone,,Nevada,Nevada,39956,United States,-26.2715,17.29628,14292,1999,,,2019-01-23T05:38:30.450Z
5a2ee828-f27a-41d2-b59c-48b5ce041365,b81d6b03-e5b8-4775-ae41-f217e25d8d23,processing_plant,Sikasso Processing Plant,480 Processing Zone,,Sikasso,Sikasso,,Mali,8.85972,5.70899,39588,2024,,,2021-10-24T05:38:30.450Z
304cf02f-9eb0-477a-9872-86120b099983,b81d6b03-e5b8-4775-ae41-f217e25d8d23,r_and_d_center,Bikita R And D Center,441 Mining Road,,Bikita,Bikita,,Zimbabwe,44.55293,-96.89713,,2019,,,2021-04-21T05:38:30.450Z
9532c216-6ca4-4692-9163-2287918b6fa3,b81d6b03-e5b8-4775-ae41-f217e25d8d23,warehouse,North Carolina Warehouse,285 Mining Way,,North Carolina,North Carolina,71547,United States,47.9898,-73.04199,,2006,,,2022-02-20T05:38:30.450Z
06a3a5c5-7e28-4725-8fa9-d2e0e332ed29,a9f4a45c-896f-4699-bdb5-053a60619f4e,headquarters,Diamond Holdings Headquarters,4724 Business Avenue,,Northern Territory,Northern Territory,99948,Australia,10.44455,-70.51383,,2005,+667-248-2887,sales@diamondholdings.com,2022-12-28T05:38:30.409Z
9e324851-f3db-4d20-a245-c8418e9b37c3,a9f4a45c-896f-4699-bdb5-053a60619f4e,warehouse,South Australia Warehouse,10 Processing Way,,South Australia,South Australia,,Australia,13.00932,-63.10442,,2018,,,2021-04-02T05:38:30.450Z
a0ac2e73-8671-4465-8033-1ecc6983a573,a9f4a45c-896f-4699-bdb5-053a60619f4e,mining_operation,Western Australia Mining Operation,Mine Site Processing Road,,Western Australia,Western Australia,,Australia,-8.58833,20.1239,39124,2019,,,2017-01-23T05:38:30.450Z
52e87205-0c12-4179-a57a-3e33852452aa,a9f4a45c-896f-4699-bdb5-053a60619f4e,mining_operation,Western Australia Mining Operation,Mine Site Industrial Way,,Western Australia,Western Australia,,Australia,-29.28728,55.25456,41847,2022,,,2017-08-10T05:38:30.450Z
eb5b460d-6145-41c5-8f0e-ec2a49bb7c58,a9f4a45c-896f-4699-bdb5-053a60619f4e,warehouse,Salta Warehouse,515 Mining Way,,Salta,Salta,,Argentina,43.50666,-80.6417,,2018,,,2019-08-12T05:38:30.450Z
c209c340-e590-443b-ba53-3a8a7a9a361c,a9f4a45c-896f-4699-bdb5-053a60619f4e,office,Western Australia Office,324 Processing Way,,Western Australia,Western Australia,,Australia,-17.79053,95.12766,,2023,,,2024-02-03T05:38:30.450Z
5b1d3a00-8eb0-499a-83e6-5a82ed5b6d14,a9f4a45c-896f-4699-bdb5-053a60619f4e,r_and_d_center,Catamarca R And D Center,438 Mining Road,,Catamarca,Catamarca,,Argentina,18.16327,75.97931,,2014,,,2019-06-13T05:38:30.450Z
c46ca230-bd93-4ffd-917d-68d86d0ef67a,a9f4a45c-896f-4699-bdb5-053a60619f4e,warehouse,Western Australia Warehouse,586 Industrial Road,,Western Australia,Western Australia,,Australia,-34.62002,103.0983,,2017,,,2021-07-22T05:38:30.450Z
54b6f7e5-30b3-40bb-8681-ddfcf0bd89f7,a9f4a45c-896f-4699-bdb5-053a60619f4e,mining_operation,Manono Mining Operation,Mine Site Processing Road,,Manono,Manono,,Democratic Republic of Congo,1.65051,-43.77528,46556,2009,,,2024-01-02T05:38:30.450Z
fd175ef4-54cf-4b08-9092-f642f8282b7b,a9f4a45c-896f-4699-bdb5-053a60619f4e,office,South Australia Office,929 Industrial Road,,South Australia,South Australia,,Australia,13.63143,80.5396,,2006,,,2021-03-01T05:38:30.450Z
95afb92a-492b-4890-b685-0c6eb9c90552,a9f4a45c-896f-4699-bdb5-053a60619f4e,r_and_d_center,Western Australia R And D Center,240 Processing Zone,,Western Australia,Western Australia,,Australia,-11.49554,76.48807,,2008,,,2024-03-17T05:38:30.450Z
7167b5b4-a651-4cd1-9b5e-e4d50d883fa0,a9f4a45c-896f-4699-bdb5-053a60619f4e,r_and_d_center,Northern Territory R And D Center,127 Mining Road,,Northern Territory,Northern Territory,,Australia,-14.96615,-11.19615,,2017,,,2018-05-08T05:38:30.450Z
33ffd4da-c464-4fd3-8ba6-70977552e93f,a9f4a45c-896f-4699-bdb5-053a60619f4e,office,Kigali Office,587 Processing Road,,Kigali,Kigali,,Rwanda,44.81777,-10.1158,,2012,,,2022-04-04T05:38:30.450Z
b0699332-7d3a-466f-9644-a88054d7cd5b,a9f4a45c-896f-4699-bdb5-053a60619f4e,r_and_d_center,Northern Cape R And D Center,339 Industrial Road,,Northern Cape,Northern Cape,,South Africa,41.55018,82.45497,,2014,,,2019-01-24T05:38:30.450Z
446aec51-0ab3-4747-9d07-29a612b60c71,2ad8b3e1-554c-4068-a664-76129b3d5235,headquarters,International Holdings Headquarters,3068 Industrial Drive,,Arkansas,Arkansas,46455,United States,-3.41538,-76.73594,,2008,+155-402-5871,sales@internationalholdings.com,2021-03-17T05:38:30.409Z
28496c8f-b83a-4a85-8b34-b79792339ac8,2ad8b3e1-554c-4068-a664-76129b3d5235,processing_plant,California Processing Plant,223 Mining Zone,,California,California,31378,United States,-4.55594,64.17996,13683,2021,,,2024-01-20T05:38:30.450Z
8b2a9b33-bc0b-48ee-9cc0-bcdab36253ae,2ad8b3e1-554c-4068-a664-76129b3d5235,warehouse,Arkansas Warehouse,121 Mining Way,,Arkansas,Arkansas,91207,United States,48.23071,17.78763,,2014,,,2016-09-09T05:38:30.450Z
19d1e842-1f1d-4248-85d5-d1706ab58fb0,2ad8b3e1-554c-4068-a664-76129b3d5235,processing_plant,Lagos Processing Plant,518 Processing Zone,,Lagos,Lagos,,Nigeria,-31.99016,-1.22717,11664,2008,,,2016-01-24T05:38:30.450Z
b99e1fa3-4bca-4521-a1b8-a454e3dd01b6,2ad8b3e1-554c-4068-a664-76129b3d5235,processing_plant,North Carolina Processing Plant,568 Processing Zone,,North Carolina,North Carolina,32331,United States,46.80527,-53.91894,31764,2012,,,2016-12-02T05:38:30.450Z
f76adc53-8c89-4c3e-8a23-f4871e5bf8f4,2ad8b3e1-554c-4068-a664-76129b3d5235,office,Salta Office,191 Mining Way,,Salta,Salta,,Argentina,26.79235,-109.85118,,2016,,,2018-03-22T05:38:30.451Z
81324a88-324b-407a-b3ed-264eb1708c01,2ad8b3e1-554c-4068-a664-76129b3d5235,office,Bikita Office,88 Mining Way,,Bikita,Bikita,,Zimbabwe,1.28921,115.12894,,2021,,,2023-08-25T05:38:30.451Z
72938642-4bf3-4de1-a021-a4a9a4fc72f5,2ad8b3e1-554c-4068-a664-76129b3d5235,r_and_d_center,Nevada R And D Center,170 Processing Way,,Nevada,Nevada,83026,United States,-1.33003,-14.3691,,2024,,,2024-11-22T05:38:30.451Z
b9f04482-580e-48ec-9804-a474bac78cc1,2ad8b3e1-554c-4068-a664-76129b3d5235,processing_plant,North Carolina Processing Plant,829 Processing Way,,North Carolina,North Carolina,57387,United States,-29.84587,49.58705,10390,2011,,,2024-01-05T05:38:30.451Z
deaccf8e-787f-4b87-8e74-6de1fae2b257,2ad8b3e1-554c-4068-a664-76129b3d5235,mining_operation,Plateau Mining Operation,Mine Site Processing Road,,Plateau,Plateau,,Nigeria,38.17562,33.68838,31393,2019,,,2020-04-07T05:38:30.451Z
b2e60971-7f25-4e0d-8d41-f0c41a78231c,2ad8b3e1-554c-4068-a664-76129b3d5235,mining_operation,California Mining Operation,Mine Site Processing Way,,California,California,95883,United States,-1.74887,53.59797,25590,2022,,,2016-09-30T05:38:30.451Z
1768438d-43f3-47dd-b998-ac98e1184863,2ad8b3e1-554c-4068-a664-76129b3d5235,processing_plant,California Processing Plant,764 Mining Zone,,California,California,35392,United States,40.1261,127.50901,15818,2012,,,2020-07-29T05:38:30.451Z
732d6ea9-3134-4caf-8291-e7251b449247,2ad8b3e1-554c-4068-a664-76129b3d5235,processing_plant,Northern Cape Processing Plant,54 Mining Zone,,Northern Cape,Northern Cape,,South Africa,-33.23921,124.94225,8802,2011,,,2021-02-09T05:38:30.451Z
1ca92f19-f691-4fb9-ba92-3d2a50d8353e,2ad8b3e1-554c-4068-a664-76129b3d5235,r_and_d_center,Antofagasta R And D Center,347 Processing Way,,Antofagasta,Antofagasta,,Chile,-10.60005,-14.11058,,2017,,,2024-04-02T05:38:30.451Z
6ffa5fec-bc8f-4a38-ba98-f305bc008bce,bfd89266-65d2-4a19-a83d-6510f05854ea,headquarters,Pacific Group Headquarters,784 Main Street,Floor 5,Salta,Salta,90833,Argentina,-32.22967,98.97847,,1998,+514-831-8915,sales@pacificgroup.com,2023-12-16T05:38:30.409Z
49c9a9c0-a924-4470-b202-4da0c891a1a1,bfd89266-65d2-4a19-a83d-6510f05854ea,warehouse,Jujuy Warehouse,623 Industrial Zone,,Jujuy,Jujuy,,Argentina,25.7392,19.61896,,1999,,,2018-01-25T05:38:30.451Z
5ad213b7-b0e7-43e5-853e-48a66b6d4a05,bfd89266-65d2-4a19-a83d-6510f05854ea,processing_plant,Salta Processing Plant,494 Processing Zone,,Salta,Salta,,Argentina,13.03779,-76.9289,34693,2024,,,2020-10-07T05:38:30.451Z
eac15bee-ac60-4aea-9187-52ef7d5624ac,bfd89266-65d2-4a19-a83d-6510f05854ea,r_and_d_center,Oromia R And D Center,803 Industrial Way,,Oromia,Oromia,,Ethiopia,24.02877,53.35801,,2018,,,2019-04-16T05:38:30.451Z
8a9eae0e-e0e5-445c-97ed-5ffc442c2455,bfd89266-65d2-4a19-a83d-6510f05854ea,mining_operation,South Australia Mining Operation,Mine Site Processing Zone,,South Australia,South Australia,,Australia,45.49867,114.4113,37845,2022,,,2022-09-23T05:38:30.451Z
bc9fcd55-554f-4a36-b176-eab392847efe,bfd89266-65d2-4a19-a83d-6510f05854ea,warehouse,Addis Ababa Warehouse,373 Processing Way,,Addis Ababa,Addis Ababa,,Ethiopia,10.29413,-10.45964,,2012,,,2023-07-01T05:38:30.451Z
3f31704a-7301-411d-bf85-46254c323934,bfd89266-65d2-4a19-a83d-6510f05854ea,warehouse,Erongo Warehouse,105 Processing Road,,Erongo,Erongo,,Namibia,28.33229,63.1719,,2009,,,2020-06-20T05:38:30.451Z
de945855-03e1-4606-befa-dc05320584bb,bfd89266-65d2-4a19-a83d-6510f05854ea,warehouse,Catamarca Warehouse,647 Industrial Road,,Catamarca,Catamarca,,Argentina,26.42137,77.03866,,2003,,,2024-06-26T05:38:30.451Z
14ef22cb-5f59-4dad-860a-46dcc729032b,a17023fb-6086-437b-ab59-0e7cdd24e603,headquarters,Pacific Industries Headquarters,1553 Main Avenue,Building A,Lagos,Lagos,72019,Nigeria,34.49669,36.0421,,1997,+521-655-6107,sales@pacificindustries.com,2024-06-30T05:38:30.409Z
48c2de45-17d3-47d1-95b4-a2e588ea9bbc,a17023fb-6086-437b-ab59-0e7cdd24e603,mining_operation,Arkansas Mining Operation,Mine Site Industrial Zone,,Arkansas,Arkansas,57634,United States,46.00772,65.17714,9573,1999,,,2024-06-13T05:38:30.451Z
d0a75c91-53fa-4805-b695-8a38cf0dfe46,a17023fb-6086-437b-ab59-0e7cdd24e603,warehouse,Lagos Warehouse,535 Industrial Zone,,Lagos,Lagos,,Nigeria,-8.07131,64.45269,,2006,,,2018-05-10T05:38:30.451Z
5962bba5-2909-470c-a45e-edd3176888a5,a17023fb-6086-437b-ab59-0e7cdd24e603,processing_plant,Qinghai Processing Plant,659 Mining Road,,Qinghai,Qinghai,,China,9.28496,124.31223,32346,2009,,,2023-06-26T05:38:30.451Z
601b5962-3063-4b99-b686-e1ada69c31c7,a17023fb-6086-437b-ab59-0e7cdd24e603,mining_operation,Santiago Mining Operation,Mine Site Industrial Zone,,Santiago,Santiago,,Chile,9.59532,-89.19002,47317,2012,,,2019-01-25T05:38:30.451Z
a7c0c9c9-0f3e-4c95-af69-32ab0738134e,a17023fb-6086-437b-ab59-0e7cdd24e603,mining_operation,Plateau Mining Operation,Mine Site Mining Zone,,Plateau,Plateau,,Nigeria,19.30217,18.95439,17760,1999,,,2016-02-02T05:38:30.451Z
a6303b64-dec4-4671-9dc7-9e28d4646a82,a17023fb-6086-437b-ab59-0e7cdd24e603,mining_operation,Tibet Mining Operation,Mine Site Mining Zone,,Tibet,Tibet,,China,-7.09886,-96.96043,49281,2006,,,2017-07-23T05:38:30.451Z
dc5dda89-e344-4290-b29b-0b46378229f5,a17023fb-6086-437b-ab59-0e7cdd24e603,office,Nevada Office,432 Processing Road,,Nevada,Nevada,53197,United States,-34.23059,-24.01929,,1998,,,2024-06-25T05:38:30.451Z
685dd5aa-a061-4b09-a48a-417d33031d03,87519094-b5f3-4ef6-9d9c-8e503fcfed38,headquarters,Quantum Lithium Headquarters,115 Industrial Street,Building A,Lagos,Lagos,24100,Nigeria,23.50294,23.71705,,2008,+292-749-6865,sales@quantumlithium.com,2024-02-10T05:38:30.409Z
a6b865e8-608e-4d64-b9e3-e125d3cae3c0,87519094-b5f3-4ef6-9d9c-8e503fcfed38,warehouse,North Carolina Warehouse,70 Industrial Road,,North Carolina,North Carolina,20215,United States,45.23819,-8.84993,,2013,,,2023-08-16T05:38:30.451Z
64c96272-2fba-4c7d-88a7-720ab8be5361,87519094-b5f3-4ef6-9d9c-8e503fcfed38,office,Nasarawa Office,855 Industrial Road,,Nasarawa,Nasarawa,,Nigeria,-5.57938,-108.40036,,2014,,,2022-04-23T05:38:30.451Z
f8597419-c05a-4867-a8bf-27d81b73abd5,87519094-b5f3-4ef6-9d9c-8e503fcfed38,office,Oromia Office,831 Mining Road,,Oromia,Oromia,,Ethiopia,-25.08014,-5.1045,,2021,,,2018-02-06T05:38:30.451Z
dead131a-df74-4d72-ade1-a41ff30521e1,87519094-b5f3-4ef6-9d9c-8e503fcfed38,office,Nasarawa Office,325 Processing Zone,,Nasarawa,Nasarawa,,Nigeria,-4.67577,-71.66851,,2011,,,2023-11-23T05:38:30.451Z
452cab49-aeca-4e93-84e9-e45d0124835a,87519094-b5f3-4ef6-9d9c-8e503fcfed38,warehouse,Plateau Warehouse,67 Industrial Zone,,Plateau,Plateau,,Nigeria,27.34687,95.36531,,2009,,,2019-10-18T05:38:30.451Z
8e27cc70-bc7a-423d-adb9-402c9b66e425,87519094-b5f3-4ef6-9d9c-8e503fcfed38,r_and_d_center,Western Australia R And D Center,13 Industrial Way,,Western Australia,Western Australia,,Australia,9.61282,-118.62999,,2016,,,2020-12-26T05:38:30.451Z
d25ceede-5b6d-4de2-b1a9-d38e5a36162c,87519094-b5f3-4ef6-9d9c-8e503fcfed38,office,Lagos Office,183 Processing Way,,Lagos,Lagos,,Nigeria,4.75365,-95.92387,,2021,,,2023-07-07T05:38:30.451Z
a26d51e7-e6ad-4c18-bfc7-d0cda91c3186,87519094-b5f3-4ef6-9d9c-8e503fcfed38,processing_plant,Lagos Processing Plant,460 Mining Road,,Lagos,Lagos,,Nigeria,45.9911,-12.24356,38171,2024,,,2016-05-28T05:38:30.451Z
d48c3b19-6629-4f70-9c07-81e0dcc8c5f8,87519094-b5f3-4ef6-9d9c-8e503fcfed38,warehouse,Lagos Warehouse,855 Processing Road,,Lagos,Lagos,,Nigeria,24.00389,34.11336,,2022,,,2023-06-01T05:38:30.451Z
e281bd93-4fcf-4b2e-9327-68c8dae65abb,d74f7fe2-0419-4385-bd64-0b1ec5f0c7ea,headquarters,Continental Mining Headquarters,6289 Central Drive,Suite 100,Erongo,Erongo,88037,Namibia,49.39861,-3.36452,,2002,+533-597-1284,sales@continentalmining.com,2022-08-23T05:38:30.409Z
40777c8f-c572-479a-bdd8-d4a6df9b480f,d74f7fe2-0419-4385-bd64-0b1ec5f0c7ea,r_and_d_center,Addis Ababa R And D Center,812 Processing Zone,,Addis Ababa,Addis Ababa,,Ethiopia,-4.64976,67.46862,,2004,,,2019-01-12T05:38:30.451Z
18974952-3074-4294-b897-4b4823579a7f,d74f7fe2-0419-4385-bd64-0b1ec5f0c7ea,r_and_d_center,Oromia R And D Center,383 Mining Way,,Oromia,Oromia,,Ethiopia,2.80036,-75.32721,,2014,,,2018-09-26T05:38:30.451Z
157f207e-66ce-443c-b252-da61332400fe,d74f7fe2-0419-4385-bd64-0b1ec5f0c7ea,office,Khomas Office,300 Industrial Zone,,Khomas,Khomas,,Namibia,-22.82267,124.42464,,2012,,,2018-03-30T05:38:30.451Z
b11ba177-17f1-43ce-b1cc-69198272b98f,d74f7fe2-0419-4385-bd64-0b1ec5f0c7ea,mining_operation,Erongo Mining Operation,Mine Site Industrial Road,,Erongo,Erongo,,Namibia,-20.64862,-91.59961,29573,2012,,,2018-08-10T05:38:30.451Z
89dc2828-b606-4f21-920f-6807a5d474c6,d74f7fe2-0419-4385-bd64-0b1ec5f0c7ea,warehouse,Limpopo Warehouse,140 Mining Way,,Limpopo,Limpopo,,South Africa,45.30304,20.00038,,2015,,,2023-01-15T05:38:30.451Z
715f4487-bbda-44c2-8dc7-faf1c3052789,d74f7fe2-0419-4385-bd64-0b1ec5f0c7ea,r_and_d_center,Erongo R And D Center,127 Industrial Road,,Erongo,Erongo,,Namibia,-1.5081,8.327,,2010,,,2017-12-24T05:38:30.451Z
1a85baa2-6624-4597-b35c-f8d862360e58,d74f7fe2-0419-4385-bd64-0b1ec5f0c7ea,r_and_d_center,Santiago R And D Center,315 Mining Way,,Santiago,Santiago,,Chile,-33.30279,88.58533,,2021,,,2017-04-20T05:38:30.451Z
4d31bb7b-d415-4017-907b-339511ef525f,d74f7fe2-0419-4385-bd64-0b1ec5f0c7ea,processing_plant,Erongo Processing Plant,786 Industrial Road,,Erongo,Erongo,,Namibia,14.06538,-85.7982,44433,2024,,,2020-12-07T05:38:30.451Z
7ce1360b-6d20-433f-b45b-c5d7ccb89747,9ddf70f9-bbc1-443d-bc61-d43c7eff6f35,headquarters,Eclipse Enterprises Headquarters,7206 Central Boulevard,,Manitoba,Manitoba,87155,Canada,29.42027,2.57303,,2005,+241-968-3706,sales@eclipseenterprises.com,2022-03-27T05:38:30.409Z
28cf31a3-5526-4599-ac85-6423cc467ae0,9ddf70f9-bbc1-443d-bc61-d43c7eff6f35,processing_plant,North Carolina Processing Plant,922 Industrial Zone,,North Carolina,North Carolina,96226,United States,-31.19771,99.11824,9966,2007,,,2018-02-10T05:38:30.451Z
5ef0b2e3-6e10-49f5-8c42-11f4be503ece,9ddf70f9-bbc1-443d-bc61-d43c7eff6f35,r_and_d_center,Northwest Territories R And D Center,728 Mining Way,,Northwest Territories,Northwest Territories,,Canada,20.63619,-31.68098,,2010,,,2024-04-26T05:38:30.451Z
94ef4086-a54e-436c-98e8-5e90c3085819,9ddf70f9-bbc1-443d-bc61-d43c7eff6f35,mining_operation,Salta Mining Operation,Mine Site Processing Way,,Salta,Salta,,Argentina,34.18359,74.80492,24776,2008,,,2019-08-21T05:38:30.451Z
d9b5de7e-0ae0-4360-92c5-c69e4256fdbc,9ddf70f9-bbc1-443d-bc61-d43c7eff6f35,warehouse,Sikasso Warehouse,118 Processing Zone,,Sikasso,Sikasso,,Mali,-23.76477,76.56447,,2009,,,2020-09-23T05:38:30.451Z
0e79c1e8-a686-4a05-b5cf-1a6536b66a47,277bf9bb-fafe-41f0-903a-c7debfdda64b,headquarters,Emerald Lithium Headquarters,4122 Main Avenue,,Nasarawa,Nasarawa,84766,Nigeria,11.23405,82.58372,,2015,+916-275-1701,sales@emeraldlithium.com,2023-11-17T05:38:30.409Z
ee3031e4-aead-44f3-95f3-bba966660880,277bf9bb-fafe-41f0-903a-c7debfdda64b,processing_plant,Lagos Processing Plant,666 Industrial Way,,Lagos,Lagos,,Nigeria,22.71717,19.13794,6921,2024,,,2021-06-30T05:38:30.451Z
6f9bca2c-dd93-491e-9ea3-c33b1fea7d7f,277bf9bb-fafe-41f0-903a-c7debfdda64b,mining_operation,Sikasso Mining Operation,Mine Site Processing Zone,,Sikasso,Sikasso,,Mali,-15.04166,-9.3954,8912,2021,,,2023-02-26T05:38:30.451Z
b17a6205-e42d-4d0c-9908-98d626407c16,277bf9bb-fafe-41f0-903a-c7debfdda64b,r_and_d_center,Lagos R And D Center,211 Processing Zone,,Lagos,Lagos,,Nigeria,-28.75467,84.5282,,2022,,,2022-01-15T05:38:30.451Z
567c760b-9f68-4552-a2f9-94e2988fc426,277bf9bb-fafe-41f0-903a-c7debfdda64b,warehouse,Kinshasa Warehouse,594 Industrial Way,,Kinshasa,Kinshasa,,Democratic Republic of Congo,-6.85396,58.47102,,2024,,,2021-05-06T05:38:30.451Z
faf2a157-1a15-4b63-9ee0-682d170ef339,277bf9bb-fafe-41f0-903a-c7debfdda64b,processing_plant,Lagos Processing Plant,877 Processing Zone,,Lagos,Lagos,,Nigeria,-12.14388,99.79688,45012,2016,,,2016-05-29T05:38:30.451Z
3e70d4b6-d68c-430c-b46e-7c2d3848bf29,277bf9bb-fafe-41f0-903a-c7debfdda64b,processing_plant,Bikita Processing Plant,923 Industrial Road,,Bikita,Bikita,,Zimbabwe,-26.10594,101.45107,27379,2021,,,2022-12-15T05:38:30.451Z
d9ab0b3d-2bd3-4360-9076-8b68e769a375,85f19c5f-c906-4131-a2e1-c7ee824853e5,headquarters,Legacy Minerals Headquarters,3292 Main Street,Building A,Jujuy,Jujuy,45116,Argentina,-6.99257,-54.47741,,2006,+947-703-5430,sales@legacyminerals.com,2021-01-19T05:38:30.409Z
16117dbd-58cb-4f8f-b6d2-3b8ac42ca270,85f19c5f-c906-4131-a2e1-c7ee824853e5,processing_plant,Salta Processing Plant,7 Processing Way,,Salta,Salta,,Argentina,46.68248,44.59334,31552,2012,,,2018-12-08T05:38:30.451Z
18daf594-dcee-41ac-9e2b-549563c8168d,85f19c5f-c906-4131-a2e1-c7ee824853e5,mining_operation,Catamarca Mining Operation,Mine Site Industrial Way,,Catamarca,Catamarca,,Argentina,-4.69932,20.22534,16208,2010,,,2019-02-03T05:38:30.451Z
58476425-a30c-4601-aef2-706997d5909a,85f19c5f-c906-4131-a2e1-c7ee824853e5,office,Oromia Office,527 Industrial Zone,,Oromia,Oromia,,Ethiopia,22.98359,-73.27055,,2016,,,2017-10-01T05:38:30.451Z
9bd13a4d-8b99-4fb4-8b41-6079ffa29579,b773ff39-d507-4e20-9088-7d1b90ef4c59,headquarters,Horizon Group Headquarters,7551 Central Street,Building A,Limpopo,Limpopo,77191,South Africa,2.23998,85.92165,,1996,+546-356-6042,sales@horizongroup.com,2021-05-29T05:38:30.409Z
9c142bea-aac9-4c64-9a49-97ec67a33477,b773ff39-d507-4e20-9088-7d1b90ef4c59,r_and_d_center,Northern Cape R And D Center,715 Industrial Road,,Northern Cape,Northern Cape,,South Africa,-23.15204,8.32983,,2005,,,2023-02-24T05:38:30.451Z
3667c9cb-c409-44a7-bf71-f986b65c3c03,b773ff39-d507-4e20-9088-7d1b90ef4c59,mining_operation,Oromia Mining Operation,Mine Site Processing Zone,,Oromia,Oromia,,Ethiopia,40.21347,-81.86992,5976,2022,,,2022-07-02T05:38:30.451Z
83eeeaae-6794-465a-a5a3-cb8c68498d10,b773ff39-d507-4e20-9088-7d1b90ef4c59,office,Ontario Office,103 Industrial Way,,Ontario,Ontario,,Canada,43.80504,118.32421,,2001,,,2018-08-29T05:38:30.451Z
9c4142a7-bfc2-46f8-b6bb-4e123b99517d,b773ff39-d507-4e20-9088-7d1b90ef4c59,warehouse,Gauteng Warehouse,586 Industrial Way,,Gauteng,Gauteng,,South Africa,-29.60459,-102.1798,,1999,,,2019-11-17T05:38:30.451Z
8f809c6c-917b-4c59-812d-bb334e0093b5,b773ff39-d507-4e20-9088-7d1b90ef4c59,processing_plant,Western Processing Plant,856 Industrial Way,,Western,Western,,Ghana,-17.61038,-109.82864,15836,2012,,,2017-05-13T05:38:30.451Z
0480c38f-a9c4-47ae-ab5a-640934c4d472,46aa2e65-5481-48a0-a421-7cb0e2e0a8e9,headquarters,Diamond Industries Headquarters,5088 Industrial Boulevard,Floor 5,Addis Ababa,Addis Ababa,17013,Ethiopia,21.32812,75.0563,,2016,+188-584-7400,sales@diamondindustries.com,2021-07-11T05:38:30.409Z
b4d05e6b-0ee3-4dba-8bbd-965b1b413d3e,46aa2e65-5481-48a0-a421-7cb0e2e0a8e9,warehouse,Santiago Warehouse,809 Mining Way,,Santiago,Santiago,,Chile,1.39023,123.35951,,2023,,,2023-02-02T05:38:30.451Z
63975c56-479a-406b-bf29-53bcb1c4549e,46aa2e65-5481-48a0-a421-7cb0e2e0a8e9,warehouse,Bikita Warehouse,107 Processing Way,,Bikita,Bikita,,Zimbabwe,20.96943,-66.43302,,2022,,,2020-02-24T05:38:30.451Z
6793ba46-7bef-4f52-a0f2-2bd69d582f16,46aa2e65-5481-48a0-a421-7cb0e2e0a8e9,mining_operation,Oromia Mining Operation,Mine Site Industrial Zone,,Oromia,Oromia,,Ethiopia,-8.23916,102.67285,25492,2022,,,2020-06-17T05:38:30.451Z
38d5ba26-326b-4967-94a0-e9e232af69a7,46aa2e65-5481-48a0-a421-7cb0e2e0a8e9,office,Southern Nations Office,166 Processing Road,,Southern Nations,Southern Nations,,Ethiopia,6.98698,119.45756,,2016,,,2024-08-28T05:38:30.451Z
1b1b2181-2dc0-4f1d-8e65-db191d39f40c,46aa2e65-5481-48a0-a421-7cb0e2e0a8e9,mining_operation,Oromia Mining Operation,Mine Site Industrial Road,,Oromia,Oromia,,Ethiopia,41.08013,-7.61906,47657,2022,,,2023-02-14T05:38:30.451Z
3568d435-21f0-4ac4-a843-d436415b7a41,46aa2e65-5481-48a0-a421-7cb0e2e0a8e9,mining_operation,Sichuan Mining Operation,Mine Site Industrial Road,,Sichuan,Sichuan,,China,-6.95834,-106.77223,28513,2024,,,2018-03-12T05:38:30.451Z
ec070cc0-006c-401b-a58c-b8c1eee653b3,46aa2e65-5481-48a0-a421-7cb0e2e0a8e9,mining_operation,Oromia Mining Operation,Mine Site Processing Zone,,Oromia,Oromia,,Ethiopia,42.66754,117.52957,25484,2020,,,2024-09-25T05:38:30.451Z
cbf26503-501a-4dbd-bf7e-e95c15bf25f0,7046e05c-72f2-4a98-8623-30516724d0bc,headquarters,Platinum Mining Headquarters,5465 Business Avenue,Floor 5,Sikasso,Sikasso,35976,Mali,17.66407,-102.05284,,2019,+687-866-8306,sales@platinummining.com,2022-06-16T05:38:30.409Z
8ad1dc41-59dc-4ef2-ba32-2d0b95aba69b,7046e05c-72f2-4a98-8623-30516724d0bc,mining_operation,Bamako Mining Operation,Mine Site Processing Zone,,Bamako,Bamako,,Mali,-34.3035,63.82429,6827,2019,,,2021-07-27T05:38:30.451Z
e88f7dd2-4665-4537-9e59-f5d4fef25cbf,7046e05c-72f2-4a98-8623-30516724d0bc,warehouse,Kayes Warehouse,157 Processing Way,,Kayes,Kayes,,Mali,25.77049,-117.39936,,2022,,,2016-05-23T05:38:30.451Z
6c3da1f2-6b33-4329-812e-b899753b6478,7046e05c-72f2-4a98-8623-30516724d0bc,processing_plant,Antofagasta Processing Plant,332 Processing Zone,,Antofagasta,Antofagasta,,Chile,8.2328,-67.30365,19313,2023,,,2019-01-13T05:38:30.451Z
ac657e2b-3300-4698-ad09-cd66ef28f625,7046e05c-72f2-4a98-8623-30516724d0bc,office,Kayes Office,458 Mining Road,,Kayes,Kayes,,Mali,5.91673,-26.27545,,2024,,,2016-02-02T05:38:30.451Z
28ac2687-efeb-496e-96d3-c315cad44b5e,7046e05c-72f2-4a98-8623-30516724d0bc,mining_operation,Sikasso Mining Operation,Mine Site Mining Way,,Sikasso,Sikasso,,Mali,45.59555,52.6425,26719,2020,,,2020-08-08T05:38:30.451Z
66e422d0-ef82-45d2-9424-e4bb7722222d,7046e05c-72f2-4a98-8623-30516724d0bc,office,Hwange Office,659 Industrial Road,,Hwange,Hwange,,Zimbabwe,27.65099,-61.05254,,2024,,,2018-07-26T05:38:30.451Z
b79a828d-c0c0-4075-a222-ac19919b3f92,c43156d6-c9e0-40c1-98e7-8e1fa8d3aaa5,headquarters,Quantum Minerals Headquarters,4348 Industrial Boulevard,Suite 100,Jujuy,Jujuy,78127,Argentina,-10.87927,17.50744,,2012,+430-875-7372,sales@quantumminerals.com,2022-03-12T05:38:30.409Z
e9fa84db-0ebd-4e57-be8a-7a764da6ba56,c43156d6-c9e0-40c1-98e7-8e1fa8d3aaa5,r_and_d_center,Salta R And D Center,352 Mining Zone,,Salta,Salta,,Argentina,35.77551,120.99734,,2019,,,2017-03-11T05:38:30.451Z
dc694bb3-573f-479f-99db-ee668f4c8de8,c43156d6-c9e0-40c1-98e7-8e1fa8d3aaa5,r_and_d_center,Catamarca R And D Center,116 Industrial Zone,,Catamarca,Catamarca,,Argentina,-7.51774,23.90624,,2015,,,2019-06-25T05:38:30.451Z
6a4c546e-0d77-48c6-8c7a-55ba8fb22f86,c43156d6-c9e0-40c1-98e7-8e1fa8d3aaa5,r_and_d_center,Catamarca R And D Center,317 Processing Way,,Catamarca,Catamarca,,Argentina,-0.80761,-24.94571,,2018,,,2021-03-09T05:38:30.451Z
b70bf096-721d-438c-b16d-952a3d23c770,c43156d6-c9e0-40c1-98e7-8e1fa8d3aaa5,r_and_d_center,Salta R And D Center,781 Industrial Road,,Salta,Salta,,Argentina,29.00109,-60.97359,,2019,,,2017-01-01T05:38:30.451Z
acfa1312-1c1c-46fa-8083-c0557ad8329b,0af35e47-626b-47c8-9e0b-9872a03ae8b6,headquarters,Legacy Materials Headquarters,7273 Business Boulevard,Building A,South Australia,South Australia,43634,Australia,37.79689,106.85517,,1999,+49-914-9535,sales@legacymaterials.com,2022-02-24T05:38:30.409Z
227acde7-75e0-4709-a849-e2b207a69c79,0af35e47-626b-47c8-9e0b-9872a03ae8b6,warehouse,Western Australia Warehouse,965 Industrial Way,,Western Australia,Western Australia,,Australia,47.17338,86.60387,,2003,,,2023-12-08T05:38:30.451Z
fd17dfce-dc49-42ff-b8a2-d8ae99d9a604,0af35e47-626b-47c8-9e0b-9872a03ae8b6,processing_plant,Limpopo Processing Plant,926 Industrial Zone,,Limpopo,Limpopo,,South Africa,36.50504,107.0258,44285,1999,,,2024-04-03T05:38:30.451Z
b78b5417-2830-4518-b112-8a9a2f7d2d99,0af35e47-626b-47c8-9e0b-9872a03ae8b6,r_and_d_center,Eastern Province R And D Center,248 Industrial Way,,Eastern Province,Eastern Province,,Rwanda,37.15507,71.81467,,2016,,,2021-07-09T05:38:30.451Z
556dcccf-1474-44ca-94a0-458f88a95662,0af35e47-626b-47c8-9e0b-9872a03ae8b6,processing_plant,Western Australia Processing Plant,617 Processing Way,,Western Australia,Western Australia,,Australia,-10.33721,-63.98517,15343,2022,,,2024-12-08T05:38:30.451Z
818bc52a-8e88-446b-9217-d0b00aaea078,0af35e47-626b-47c8-9e0b-9872a03ae8b6,mining_operation,Manitoba Mining Operation,Mine Site Mining Way,,Manitoba,Manitoba,,Canada,15.25042,-85.95666,5217,2023,,,2022-10-03T05:38:30.451Z
0f216b59-61f2-4116-b885-94ec5505f0f2,0af35e47-626b-47c8-9e0b-9872a03ae8b6,office,Kinshasa Office,482 Industrial Road,,Kinshasa,Kinshasa,,Democratic Republic of Congo,-19.48216,129.84685,,2005,,,2019-10-05T05:38:30.451Z
dba117e5-8d00-48da-b3da-cad503a94394,2da0a606-c888-4caa-8d0c-81d3aed13dba,headquarters,Nexus Materials Headquarters,157 Industrial Drive,Suite 100,Eastern Province,Eastern Province,82782,Rwanda,-8.90467,-101.74797,,2019,+520-582-1245,sales@nexusmaterials.com,2022-09-05T05:38:30.410Z
a51588da-90e9-450b-ab61-d180dfd015f9,2da0a606-c888-4caa-8d0c-81d3aed13dba,warehouse,Western Province Warehouse,914 Industrial Zone,,Western Province,Western Province,,Rwanda,3.78856,-69.72214,,2019,,,2016-09-05T05:38:30.451Z
2fee8a7c-7246-4856-b08d-09981653a0dc,2da0a606-c888-4caa-8d0c-81d3aed13dba,office,Eastern Province Office,87 Industrial Zone,,Eastern Province,Eastern Province,,Rwanda,-27.27156,4.69768,,2019,,,2020-10-17T05:38:30.451Z
0c0d14e2-7ce0-4964-8945-e5fdf9936d3d,2da0a606-c888-4caa-8d0c-81d3aed13dba,processing_plant,Jujuy Processing Plant,562 Mining Way,,Jujuy,Jujuy,,Argentina,-3.32677,85.93721,7612,2024,,,2020-06-26T05:38:30.451Z
1f6e1ea2-b1aa-4ffb-9d98-769d628554b6,2da0a606-c888-4caa-8d0c-81d3aed13dba,r_and_d_center,Kigali R And D Center,953 Industrial Road,,Kigali,Kigali,,Rwanda,-22.40047,107.41562,,2024,,,2016-06-03T05:38:30.451Z
6e9bdea0-832c-4f53-88b1-5eb452cc8384,2da0a606-c888-4caa-8d0c-81d3aed13dba,mining_operation,Western Province Mining Operation,Mine Site Industrial Road,,Western Province,Western Province,,Rwanda,29.5381,-68.61481,27440,2019,,,2017-04-02T05:38:30.451Z
92d87809-910e-4c99-a0a9-cbff1c125ea7,2da0a606-c888-4caa-8d0c-81d3aed13dba,office,Manitoba Office,220 Industrial Way,,Manitoba,Manitoba,,Canada,17.54863,-25.428,,2022,,,2016-03-04T05:38:30.451Z
0b240bc1-cc9d-4ea2-ada4-9fbe202723ae,526452e8-c64a-4b48-a821-9a65c3d3da45,headquarters,Premier Enterprises Headquarters,5395 Central Avenue,Building A,Nasarawa,Nasarawa,47043,Nigeria,11.34841,55.52439,,2000,+920-899-8856,sales@premierenterprises.com,2023-05-08T05:38:30.410Z
92210f7b-0519-465b-ae60-fea4ffca9098,526452e8-c64a-4b48-a821-9a65c3d3da45,processing_plant,Plateau Processing Plant,228 Industrial Road,,Plateau,Plateau,,Nigeria,-14.41952,81.1072,13970,2010,,,2016-11-13T05:38:30.451Z
6771a7de-5d4e-445a-bbc0-269633e0bd33,526452e8-c64a-4b48-a821-9a65c3d3da45,processing_plant,Qinghai Processing Plant,192 Mining Way,,Qinghai,Qinghai,,China,26.46034,5.47863,8877,2014,,,2020-03-02T05:38:30.451Z
76559422-6675-4e38-a79c-567529d41735,526452e8-c64a-4b48-a821-9a65c3d3da45,mining_operation,Manono Mining Operation,Mine Site Processing Zone,,Manono,Manono,,Democratic Republic of Congo,36.80816,-104.89754,42548,2018,,,2022-12-29T05:38:30.451Z
04f402fe-f2be-48c2-b8ee-29fbf6535bc7,526452e8-c64a-4b48-a821-9a65c3d3da45,office,Ashanti Office,568 Processing Zone,,Ashanti,Ashanti,,Ghana,11.08154,35.83884,,2004,,,2017-11-23T05:38:30.451Z
c3680a5e-4baa-4fb4-955e-b69ec20ac779,526452e8-c64a-4b48-a821-9a65c3d3da45,warehouse,Sikasso Warehouse,905 Industrial Zone,,Sikasso,Sikasso,,Mali,27.15467,-18.5061,,2011,,,2019-01-01T05:38:30.451Z
b3e4898f-ab76-4229-b2ab-a24d188be5df,526452e8-c64a-4b48-a821-9a65c3d3da45,r_and_d_center,Northern Territory R And D Center,647 Mining Way,,Northern Territory,Northern Territory,,Australia,-13.39046,-84.04606,,2005,,,2019-02-16T05:38:30.451Z
5670ba98-0c2d-4408-83d4-dad50aae1043,4ab2dd23-7743-42ea-91be-b20cd0b3d3c5,headquarters,Pioneer Lithium Headquarters,1292 Business Avenue,,Atacama,Atacama,57617,Chile,21.7355,57.82219,,2007,+258-217-8701,sales@pioneerlithium.com,2024-05-09T05:38:30.410Z
4e9d5859-ebac-48e8-a3cf-0fba6a331baa,4ab2dd23-7743-42ea-91be-b20cd0b3d3c5,mining_operation,Antofagasta Mining Operation,Mine Site Mining Zone,,Antofagasta,Antofagasta,,Chile,23.9803,2.59743,13502,2023,,,2023-02-28T05:38:30.451Z
85a607aa-b4b9-4534-9505-eef3a38d1b4e,4ab2dd23-7743-42ea-91be-b20cd0b3d3c5,processing_plant,Manitoba Processing Plant,145 Processing Way,,Manitoba,Manitoba,,Canada,-22.25483,-53.52902,22571,2010,,,2024-02-20T05:38:30.451Z
bff06a1c-dfe1-4610-a26a-b6e0240b47a3,4ab2dd23-7743-42ea-91be-b20cd0b3d3c5,office,Atacama Office,556 Industrial Road,,Atacama,Atacama,,Chile,21.02398,33.52548,,2019,,,2022-09-30T05:38:30.451Z
927369a6-10e6-4936-8b9d-a32b19243005,58cdc450-a548-4401-8bf2-112ce2b3a84d,headquarters,Quantum Resources Headquarters,1640 Central Street,Building A,Sikasso,Sikasso,68972,Mali,-21.0539,18.03184,,2006,+477-259-3762,sales@quantumresources.com,2021-12-25T05:38:30.410Z
8d52f107-4c4d-4033-b66a-71a7ec8835ae,58cdc450-a548-4401-8bf2-112ce2b3a84d,mining_operation,Kigali Mining Operation,Mine Site Industrial Road,,Kigali,Kigali,,Rwanda,28.34086,40.20987,35447,2020,,,2018-12-08T05:38:30.451Z
334fb494-78c9-40af-bca5-3c40580f2097,58cdc450-a548-4401-8bf2-112ce2b3a84d,warehouse,Qinghai Warehouse,688 Mining Road,,Qinghai,Qinghai,,China,-32.27408,-68.77913,,2021,,,2020-06-10T05:38:30.451Z
161c941f-3de5-4fe7-9568-2ad846c9d9f3,58cdc450-a548-4401-8bf2-112ce2b3a84d,warehouse,Bamako Warehouse,194 Industrial Zone,,Bamako,Bamako,,Mali,-13.71643,64.1946,,2023,,,2016-02-22T05:38:30.451Z
09fabf1b-e796-41f9-a45b-9b9c9b14c29e,58cdc450-a548-4401-8bf2-112ce2b3a84d,warehouse,Lagos Warehouse,88 Industrial Road,,Lagos,Lagos,,Nigeria,23.72872,-48.38193,,2011,,,2017-02-25T05:38:30.451Z
ef150d0c-a7cc-461a-8c6d-1502e633a1e9,07d0779a-7ff7-4ee0-b847-3d7249aff3bf,headquarters,Advanced Enterprises Headquarters,4767 Main Avenue,Suite 100,California,California,30448,United States,-20.00979,125.61518,,1999,+440-327-6498,sales@advancedenterprises.com,2022-07-25T05:38:30.410Z
fe184207-b06b-463c-9e74-df437134f573,07d0779a-7ff7-4ee0-b847-3d7249aff3bf,warehouse,Eastern Province Warehouse,636 Industrial Zone,,Eastern Province,Eastern Province,,Rwanda,0.39109,-24.46792,,2015,,,2021-04-03T05:38:30.451Z
d77f0cbf-8d7f-479b-8056-010af1d57e76,07d0779a-7ff7-4ee0-b847-3d7249aff3bf,r_and_d_center,California R And D Center,74 Processing Road,,California,California,61570,United States,-25.20566,-38.52111,,2016,,,2018-08-31T05:38:30.451Z
4d16534e-7fae-4f35-a32c-39d28399eabb,07d0779a-7ff7-4ee0-b847-3d7249aff3bf,warehouse,Hwange Warehouse,49 Mining Road,,Hwange,Hwange,,Zimbabwe,36.29571,4.85104,,2001,,,2021-12-22T05:38:30.451Z
4e8358d0-47b4-4ea1-9ff8-cbe6c401145d,5d5649db-7391-4669-88d9-6673def550de,headquarters,Legacy Mining Headquarters,3169 Industrial Boulevard,Building A,Plateau,Plateau,69104,Nigeria,29.4343,-48.65946,,2020,+740-509-1158,sales@legacymining.com,2022-08-14T05:38:30.410Z
6fd12538-e051-4722-99af-12d11944bb00,5d5649db-7391-4669-88d9-6673def550de,mining_operation,Lagos Mining Operation,Mine Site Processing Zone,,Lagos,Lagos,,Nigeria,-18.67118,36.58278,31834,2024,,,2017-05-01T05:38:30.451Z
ed6de983-b992-47b7-a6ba-8de7624ae383,5d5649db-7391-4669-88d9-6673def550de,processing_plant,Atacama Processing Plant,364 Industrial Zone,,Atacama,Atacama,,Chile,13.63239,104.97588,34915,2021,,,2018-02-25T05:38:30.451Z
14b46c0c-fd97-4125-b6fd-39fe12e37c82,5d5649db-7391-4669-88d9-6673def550de,warehouse,Karas Warehouse,948 Processing Way,,Karas,Karas,,Namibia,48.43756,76.89606,,2022,,,2017-02-05T05:38:30.451Z
d68c2547-53a5-4c69-a8b2-e2fdf268f525,5d5649db-7391-4669-88d9-6673def550de,r_and_d_center,North Carolina R And D Center,195 Processing Road,,North Carolina,North Carolina,14699,United States,26.38869,91.51423,,2024,,,2023-11-17T05:38:30.451Z
252dab6e-165b-4f7e-a42f-9918a8332446,5d5649db-7391-4669-88d9-6673def550de,r_and_d_center,Jujuy R And D Center,698 Industrial Road,,Jujuy,Jujuy,,Argentina,1.41573,60.06691,,2020,,,2022-04-28T05:38:30.451Z
b14aa5cc-c7b0-4f79-a3bb-2a31ef58e237,5d5649db-7391-4669-88d9-6673def550de,r_and_d_center,Lagos R And D Center,390 Mining Way,,Lagos,Lagos,,Nigeria,36.3244,-5.93606,,2021,,,2017-02-16T05:38:30.451Z
3a837ca4-08af-4b77-a246-64be9e8e33de,5d5649db-7391-4669-88d9-6673def550de,processing_plant,Catamarca Processing Plant,672 Processing Way,,Catamarca,Catamarca,,Argentina,44.54447,25.54939,38935,2024,,,2021-11-17T05:38:30.451Z
cc15006c-7ff4-48dd-8837-9485460ecaa6,3f719a20-196e-4723-8a34-9b1673a8bc47,headquarters,Platinum Industries Headquarters,3217 Business Boulevard,Suite 100,Southern Nations,Southern Nations,37978,Ethiopia,17.28132,48.74276,,2009,+73-642-6180,sales@platinumindustries.com,2023-09-07T05:38:30.410Z
e5032afb-99c4-4367-9913-299d7d155a3b,3f719a20-196e-4723-8a34-9b1673a8bc47,processing_plant,Addis Ababa Processing Plant,710 Processing Road,,Addis Ababa,Addis Ababa,,Ethiopia,38.50438,80.63606,15243,2023,,,2021-12-10T05:38:30.451Z
bb15c05a-0d27-457e-89d9-aa60e20828b8,3f719a20-196e-4723-8a34-9b1673a8bc47,r_and_d_center,Southern Nations R And D Center,433 Processing Way,,Southern Nations,Southern Nations,,Ethiopia,-30.51706,-81.73861,,2020,,,2017-01-23T05:38:30.451Z
fc51847b-cbf7-4a76-b346-3f2ae175cdeb,3f719a20-196e-4723-8a34-9b1673a8bc47,office,Northern Cape Office,587 Processing Zone,,Northern Cape,Northern Cape,,South Africa,35.5419,3.1236,,2019,,,2017-08-10T05:38:30.451Z
e7741321-d508-4455-af2b-052f00e23147,3f719a20-196e-4723-8a34-9b1673a8bc47,processing_plant,Oromia Processing Plant,463 Mining Road,,Oromia,Oromia,,Ethiopia,11.53302,-73.50916,12043,2011,,,2023-07-19T05:38:30.451Z
86700554-2d7e-4f35-8f71-7da92da28bc2,3f719a20-196e-4723-8a34-9b1673a8bc47,office,Khomas Office,513 Industrial Road,,Khomas,Khomas,,Namibia,2.68191,-46.03798,,2021,,,2023-10-08T05:38:30.451Z
98e9b96f-908c-4ce7-97de-1510016d2dff,765d0fb4-d95b-4f37-9659-74ff955aacc3,headquarters,International Resources Headquarters,7274 Central Avenue,Building A,Antofagasta,Antofagasta,32455,Chile,19.02286,-34.08203,,1999,+316-324-2660,sales@internationalresources.com,2021-07-01T05:38:30.410Z
e104d0f4-1ae0-47a9-be6d-b06e4f8de89b,765d0fb4-d95b-4f37-9659-74ff955aacc3,mining_operation,Santiago Mining Operation,Mine Site Mining Zone,,Santiago,Santiago,,Chile,13.88238,63.88408,20428,2006,,,2023-09-17T05:38:30.451Z
6e753936-7742-44fd-9b3f-d6a20ef57a05,765d0fb4-d95b-4f37-9659-74ff955aacc3,office,Kinshasa Office,535 Processing Way,,Kinshasa,Kinshasa,,Democratic Republic of Congo,-0.47377,-78.51668,,2001,,,2021-06-14T05:38:30.451Z
630d0ff0-5998-4228-9bbc-767ca50591c9,765d0fb4-d95b-4f37-9659-74ff955aacc3,processing_plant,Atacama Processing Plant,162 Industrial Zone,,Atacama,Atacama,,Chile,-16.55741,-66.3453,25114,2015,,,2018-08-12T05:38:30.451Z
cdce6e9e-ab37-46ec-abc7-a11dca04c46c,765d0fb4-d95b-4f37-9659-74ff955aacc3,processing_plant,Northwest Territories Processing Plant,877 Mining Road,,Northwest Territories,Northwest Territories,,Canada,-21.34556,-60.34421,40199,2022,,,2024-12-26T05:38:30.451Z
580a9c79-e9ea-41bb-abfc-2f739d4c670d,765d0fb4-d95b-4f37-9659-74ff955aacc3,r_and_d_center,Antofagasta R And D Center,466 Processing Way,,Antofagasta,Antofagasta,,Chile,29.14666,4.30694,,2023,,,2020-10-03T05:38:30.451Z
e0350f2e-f2ae-4e4f-b97e-9f7352dddb85,3a4a168c-8231-414f-b66c-cde9fd9e59d0,headquarters,United Lithium Headquarters,7182 Main Drive,Suite 100,Ashanti,Ashanti,86979,Ghana,-31.07322,87.26168,,2004,+176-510-3305,sales@unitedlithium.com,2023-05-24T05:38:30.410Z
7c39169a-f4c3-4810-b5fe-dab146c250cd,3a4a168c-8231-414f-b66c-cde9fd9e59d0,mining_operation,Eastern Mining Operation,Mine Site Mining Way,,Eastern,Eastern,,Ghana,32.09127,107.85561,39669,2013,,,2018-12-05T05:38:30.451Z
9e9edae2-ef2a-437c-8b33-448ab4e291f3,3a4a168c-8231-414f-b66c-cde9fd9e59d0,mining_operation,Ashanti Mining Operation,Mine Site Processing Zone,,Ashanti,Ashanti,,Ghana,-26.45726,89.82054,18561,2018,,,2016-03-01T05:38:30.451Z
c8443eec-380d-4211-8791-0fdcbc1104a7,3a4a168c-8231-414f-b66c-cde9fd9e59d0,processing_plant,Erongo Processing Plant,899 Mining Road,,Erongo,Erongo,,Namibia,24.80202,-104.16412,32090,2012,,,2018-04-27T05:38:30.451Z
be4c2d6c-8156-4166-81a7-d0a9b6f4ae87,3a4a168c-8231-414f-b66c-cde9fd9e59d0,mining_operation,Eastern Mining Operation,Mine Site Mining Zone,,Eastern,Eastern,,Ghana,12.47192,53.06071,20783,2009,,,2019-02-08T05:38:30.451Z
98aac2ee-387b-48c5-9dd6-0844ed7985e5,3a4a168c-8231-414f-b66c-cde9fd9e59d0,r_and_d_center,Quebec R And D Center,537 Processing Road,,Quebec,Quebec,,Canada,-32.90137,115.21855,,2005,,,2024-11-18T05:38:30.451Z
c6b1ae1a-c860-4882-9bbe-5e5a4580ecb8,3a4a168c-8231-414f-b66c-cde9fd9e59d0,warehouse,Nevada Warehouse,897 Mining Road,,Nevada,Nevada,79105,United States,-14.95848,70.39882,,2019,,,2018-12-05T05:38:30.451Z
92dfc279-417b-4bb3-8915-c4c6f31eee26,265c448a-aec6-45d7-8da5-7ae53396b777,headquarters,Premier Minerals Headquarters,3478 Industrial Boulevard,,Sikasso,Sikasso,16239,Mali,40.23422,64.66465,,2020,+700-485-5545,sales@premierminerals.com,2024-07-10T05:38:30.410Z
7acce678-b69d-4e8c-a5a7-4e0d2e85a0f2,265c448a-aec6-45d7-8da5-7ae53396b777,warehouse,Bamako Warehouse,669 Mining Zone,,Bamako,Bamako,,Mali,-21.85409,40.44976,,2021,,,2018-05-28T05:38:30.451Z
f074f18a-9f68-4536-ab4a-ada875c64582,265c448a-aec6-45d7-8da5-7ae53396b777,mining_operation,Bamako Mining Operation,Mine Site Industrial Road,,Bamako,Bamako,,Mali,42.30397,-81.96817,41385,2021,,,2016-02-12T05:38:30.451Z
23b5b820-d338-44e0-8718-bded61a567c7,265c448a-aec6-45d7-8da5-7ae53396b777,warehouse,Bamako Warehouse,611 Industrial Road,,Bamako,Bamako,,Mali,30.35712,-116.54142,,2020,,,2024-06-23T05:38:30.451Z
44bdf3ca-5cde-4039-bdd4-e6370d8739d4,09191d79-d858-43a1-8a44-050d114344a7,headquarters,Legacy Lithium Headquarters,8263 Industrial Street,Building A,Plateau,Plateau,19242,Nigeria,-15.75668,19.81693,,2002,+381-451-3655,sales@legacylithium.com,2022-02-10T05:38:30.410Z
4267b5c0-af75-44a0-9a1f-604a03e175dd,09191d79-d858-43a1-8a44-050d114344a7,mining_operation,Lagos Mining Operation,Mine Site Processing Road,,Lagos,Lagos,,Nigeria,-7.95334,49.59315,10736,2013,,,2022-12-16T05:38:30.451Z
1b78aa11-a906-4650-9745-b14d3c6548fa,09191d79-d858-43a1-8a44-050d114344a7,office,Manono Office,763 Industrial Zone,,Manono,Manono,,Democratic Republic of Congo,20.92179,-63.45596,,2010,,,2016-04-02T05:38:30.451Z
74746ddc-c318-46b3-ac7f-ba9d004fce0d,09191d79-d858-43a1-8a44-050d114344a7,office,Lagos Office,681 Mining Way,,Lagos,Lagos,,Nigeria,-33.62833,93.04863,,2006,,,2018-06-29T05:38:30.451Z
ddeb56a8-b28f-45dc-9b07-f5062f7349ae,09191d79-d858-43a1-8a44-050d114344a7,r_and_d_center,Nasarawa R And D Center,970 Industrial Zone,,Nasarawa,Nasarawa,,Nigeria,40.46571,21.65472,,2013,,,2016-12-30T05:38:30.451Z
f8544b4e-8e9c-4231-a684-9b25f24f1ba3,ce7e8aa8-2bd9-4139-87d2-b1810e818017,headquarters,Premier Energy Headquarters,6319 Business Street,Building A,Kinshasa,Kinshasa,89736,Democratic Republic of Congo,0.9107,-94.80474,,2020,+441-577-3687,sales@premierenergy.com,2023-10-28T05:38:30.410Z
5d8edd89-b2a5-47e3-b303-5b7dd6879ed9,ce7e8aa8-2bd9-4139-87d2-b1810e818017,office,Northern Cape Office,983 Industrial Zone,,Northern Cape,Northern Cape,,South Africa,4.82309,83.70135,,2023,,,2018-10-07T05:38:30.451Z
ded411f1-ecbe-448e-b7a2-419526a959e1,ce7e8aa8-2bd9-4139-87d2-b1810e818017,processing_plant,Ontario Processing Plant,897 Mining Way,,Ontario,Ontario,,Canada,-23.98983,39.43887,31594,2020,,,2019-04-14T05:38:30.451Z
c81a4608-b3b9-4c6d-b924-c658a2f2ef07,ce7e8aa8-2bd9-4139-87d2-b1810e818017,r_and_d_center,Limpopo R And D Center,676 Processing Zone,,Limpopo,Limpopo,,South Africa,-20.37613,85.1251,,2020,,,2024-01-08T05:38:30.451Z
05cfadae-752a-4411-a752-06427268b9da,ce7e8aa8-2bd9-4139-87d2-b1810e818017,mining_operation,Southern Nations Mining Operation,Mine Site Mining Way,,Southern Nations,Southern Nations,,Ethiopia,21.34831,116.53245,19939,2021,,,2021-05-20T05:38:30.451Z
e2b5ca3b-938c-4614-bf37-6bbe320b22ac,ce7e8aa8-2bd9-4139-87d2-b1810e818017,warehouse,California Warehouse,72 Processing Road,,California,California,39943,United States,20.95318,124.51369,,2022,,,2021-02-09T05:38:30.451Z
3247b6f6-840c-4b9f-9cb9-f5837be4628c,ce7e8aa8-2bd9-4139-87d2-b1810e818017,mining_operation,Manono Mining Operation,Mine Site Processing Road,,Manono,Manono,,Democratic Republic of Congo,-21.59457,48.9833,35433,2023,,,2017-05-21T05:38:30.451Z
ab677059-f909-4151-b33c-dde2c9decb87,ce7e8aa8-2bd9-4139-87d2-b1810e818017,r_and_d_center,Kinshasa R And D Center,949 Mining Zone,,Kinshasa,Kinshasa,,Democratic Republic of Congo,-22.35256,-28.73886,,2021,,,2016-05-02T05:38:30.451Z
2f796729-3ee7-4081-b3d8-cc792d0e1449,33341bfa-7a02-4df4-8eb7-e343553bacdd,headquarters,Global Holdings Headquarters,4011 Central Boulevard,Floor 5,Kayes,Kayes,50690,Mali,-17.91845,-27.97102,,2006,+799-583-2951,sales@globalholdings.com,2022-10-28T05:38:30.410Z
ee2a11bf-13c5-4bf7-b883-40340702f929,33341bfa-7a02-4df4-8eb7-e343553bacdd,processing_plant,Kayes Processing Plant,788 Processing Zone,,Kayes,Kayes,,Mali,-11.7999,124.31282,34769,2013,,,2018-04-24T05:38:30.451Z
ace4e65e-9af1-463c-b1cc-9e79b20f1847,33341bfa-7a02-4df4-8eb7-e343553bacdd,processing_plant,Bamako Processing Plant,749 Processing Road,,Bamako,Bamako,,Mali,46.83982,122.29092,25287,2008,,,2020-03-23T05:38:30.451Z
5ab9bfed-62f1-4a48-9b47-d186ee8016b6,33341bfa-7a02-4df4-8eb7-e343553bacdd,r_and_d_center,Kayes R And D Center,971 Processing Way,,Kayes,Kayes,,Mali,-23.61186,-36.13915,,2023,,,2022-06-23T05:38:30.451Z
be2b1dda-3154-42a9-bcf7-3f8ea9cec4cf,92e40224-054a-4586-9281-4b7fc2df2278,headquarters,Diamond Minerals Headquarters,8120 Business Avenue,Suite 100,Santiago,Santiago,37163,Chile,37.54793,-76.66424,,2009,+663-659-4459,sales@diamondminerals.com,2024-06-09T05:38:30.410Z
609fdcc6-5188-46e2-999c-590218594dba,92e40224-054a-4586-9281-4b7fc2df2278,warehouse,Qinghai Warehouse,432 Industrial Way,,Qinghai,Qinghai,,China,24.78988,-13.25469,,2021,,,2022-02-02T05:38:30.451Z
d6a27cde-eed9-4ba8-9def-aaeca6ada0fd,92e40224-054a-4586-9281-4b7fc2df2278,mining_operation,Atacama Mining Operation,Mine Site Industrial Road,,Atacama,Atacama,,Chile,26.28017,-38.15958,22229,2018,,,2017-03-02T05:38:30.451Z
94fae109-ec49-4437-9705-42f229e1304c,92e40224-054a-4586-9281-4b7fc2df2278,r_and_d_center,Nasarawa R And D Center,995 Industrial Road,,Nasarawa,Nasarawa,,Nigeria,-27.61174,71.65972,,2022,,,2017-02-27T05:38:30.451Z
9d70e357-f693-42d2-a160-0711890db0eb,92e40224-054a-4586-9281-4b7fc2df2278,warehouse,Santiago Warehouse,57 Processing Road,,Santiago,Santiago,,Chile,1.11333,-116.88281,,2023,,,2018-01-25T05:38:30.451Z
db7e2792-615c-4985-a041-332261d02d8d,92e40224-054a-4586-9281-4b7fc2df2278,processing_plant,Catamarca Processing Plant,836 Mining Road,,Catamarca,Catamarca,,Argentina,38.46711,-39.68481,16220,2020,,,2023-02-11T05:38:30.451Z
503e158e-61f4-4a88-b242-e035dda3547e,92e40224-054a-4586-9281-4b7fc2df2278,warehouse,Manono Warehouse,75 Mining Way,,Manono,Manono,,Democratic Republic of Congo,36.62092,87.99102,,2016,,,2016-05-14T05:38:30.451Z
2f86e3fe-974a-4c2d-9c22-adcc53e0af63,03d7c773-07d1-4c54-87fd-e34038901632,headquarters,Diamond Corporation Headquarters,1143 Business Boulevard,Floor 5,Karas,Karas,87034,Namibia,-6.59007,83.45024,,2008,+343-415-9813,sales@diamondcorporation.com,2022-02-16T05:38:30.410Z
2f69331e-bd85-4ee1-b6d6-a7646da62ac1,03d7c773-07d1-4c54-87fd-e34038901632,r_and_d_center,Sikasso R And D Center,489 Industrial Zone,,Sikasso,Sikasso,,Mali,45.47162,-35.23474,,2010,,,2022-12-18T05:38:30.451Z
ef2450ff-9068-4592-a7ad-66c8fd094cc9,03d7c773-07d1-4c54-87fd-e34038901632,office,Karas Office,618 Mining Road,,Karas,Karas,,Namibia,-30.05023,-60.05945,,2019,,,2021-10-29T05:38:30.451Z
61dd17af-6b19-4be2-901a-0ea704e85497,03d7c773-07d1-4c54-87fd-e34038901632,warehouse,Kigali Warehouse,614 Mining Zone,,Kigali,Kigali,,Rwanda,45.40651,-45.23788,,2022,,,2018-04-14T05:38:30.451Z
19602002-3517-4e54-9993-194942209309,03d7c773-07d1-4c54-87fd-e34038901632,mining_operation,Karas Mining Operation,Mine Site Mining Way,,Karas,Karas,,Namibia,18.45429,-17.47346,35006,2020,,,2020-07-26T05:38:30.452Z
7197f632-aced-4340-9fee-df0b66c9dbde,9e435b1b-3b26-4f4b-9b97-17ba2e5c1452,headquarters,Vertex Group Headquarters,3534 Main Drive,Suite 100,Ashanti,Ashanti,86267,Ghana,28.6975,84.93256,,2009,+732-890-6184,sales@vertexgroup.com,2024-05-17T05:38:30.410Z
5516d1b2-f046-4501-a5eb-3c55e24745b9,9e435b1b-3b26-4f4b-9b97-17ba2e5c1452,r_and_d_center,Western R And D Center,190 Processing Road,,Western,Western,,Ghana,40.05935,123.64493,,2011,,,2018-07-13T05:38:30.452Z
a4bac883-e04b-4cbf-95e5-e98d410b7033,9e435b1b-3b26-4f4b-9b97-17ba2e5c1452,r_and_d_center,Bikita R And D Center,130 Mining Way,,Bikita,Bikita,,Zimbabwe,-15.03018,-60.21504,,2012,,,2019-12-15T05:38:30.452Z
b9b8dd5d-0c8d-484f-bcd3-f0c88452409e,9e435b1b-3b26-4f4b-9b97-17ba2e5c1452,warehouse,Nasarawa Warehouse,234 Industrial Way,,Nasarawa,Nasarawa,,Nigeria,24.75103,57.1663,,2024,,,2023-07-11T05:38:30.452Z
4fe45aae-2b95-4e46-a4bb-ebbc062ea8b6,9e435b1b-3b26-4f4b-9b97-17ba2e5c1452,warehouse,Kayes Warehouse,608 Processing Way,,Kayes,Kayes,,Mali,33.02277,77.5591,,2024,,,2018-04-08T05:38:30.452Z
b0b325ed-4532-4f12-aafc-32a07703809c,9e435b1b-3b26-4f4b-9b97-17ba2e5c1452,office,Nasarawa Office,768 Mining Way,,Nasarawa,Nasarawa,,Nigeria,0.52896,8.87047,,2018,,,2017-05-27T05:38:30.452Z
7fbc171f-e25a-46b6-86cb-93910f4a8dea,bf88a555-918c-492c-9f7e-52f3067cd1fa,headquarters,Vertex Materials Headquarters,3183 Main Avenue,Building A,Northern Cape,Northern Cape,82580,South Africa,2.52936,-91.62751,,2013,+476-556-8312,sales@vertexmaterials.com,2021-05-10T05:38:30.410Z
3f724b30-6de7-4ce7-bcb6-34c3551ce384,bf88a555-918c-492c-9f7e-52f3067cd1fa,mining_operation,Manono Mining Operation,Mine Site Mining Way,,Manono,Manono,,Democratic Republic of Congo,-13.0679,9.37866,49766,2019,,,2016-01-26T05:38:30.452Z
21281903-1e1c-4149-881a-8478c18a08b8,bf88a555-918c-492c-9f7e-52f3067cd1fa,mining_operation,Northern Cape Mining Operation,Mine Site Processing Zone,,Northern Cape,Northern Cape,,South Africa,7.78111,-78.63931,48244,2018,,,2018-12-04T05:38:30.452Z
9a6a8fd4-e514-4bf3-8b79-cdcbc74b0d37,bf88a555-918c-492c-9f7e-52f3067cd1fa,office,Northern Cape Office,427 Processing Way,,Northern Cape,Northern Cape,,South Africa,3.34299,45.97413,,2019,,,2019-01-30T05:38:30.452Z
7b43807b-5a4c-4143-8caa-54103b79affb,2f754c55-e158-45fa-be6b-851496b9ea40,headquarters,Continental Group Headquarters,7215 Industrial Street,Building A,Northwest Territories,Northwest Territories,63299,Canada,42.77366,-9.36382,,1997,+204-246-6246,sales@continentalgroup.com,2024-01-10T05:38:30.410Z
363f54a7-1e46-4435-81d8-02083fc1faa3,2f754c55-e158-45fa-be6b-851496b9ea40,processing_plant,Kinshasa Processing Plant,864 Processing Road,,Kinshasa,Kinshasa,,Democratic Republic of Congo,-32.2825,96.36965,13617,2017,,,2024-06-22T05:38:30.452Z
70b9875e-7f97-45e3-9f81-eff7d1585fa7,2f754c55-e158-45fa-be6b-851496b9ea40,r_and_d_center,Manitoba R And D Center,750 Industrial Zone,,Manitoba,Manitoba,,Canada,1.44075,-36.11753,,2004,,,2024-07-05T05:38:30.452Z
e4059c79-3d3d-4da1-aed1-e700593ef08c,2f754c55-e158-45fa-be6b-851496b9ea40,office,Tibet Office,625 Industrial Way,,Tibet,Tibet,,China,-20.15771,-113.03266,,1997,,,2024-06-22T05:38:30.452Z
4879518d-d979-4d53-8dde-6ddaa16b62c5,2f754c55-e158-45fa-be6b-851496b9ea40,processing_plant,Sichuan Processing Plant,849 Industrial Road,,Sichuan,Sichuan,,China,47.11776,-80.05178,28660,2022,,,2019-09-29T05:38:30.452Z
a9d047fa-56c5-4a4c-a6ea-bd068adeccd4,2f754c55-e158-45fa-be6b-851496b9ea40,warehouse,Northwest Territories Warehouse,337 Processing Road,,Northwest Territories,Northwest Territories,,Canada,45.5255,-119.29236,,2015,,,2024-01-11T05:38:30.452Z
2c179511-bb53-4a2b-b455-45c3e3dd5e0b,7f8fe15b-7d71-48da-8487-0aaa6b197c9b,headquarters,United Materials Headquarters,4783 Industrial Street,Floor 5,Manitoba,Manitoba,39694,Canada,27.23849,-28.02572,,1997,+909-427-9853,sales@unitedmaterials.com,2021-09-07T05:38:30.410Z
ff4802d3-3207-429b-b315-300348d2bdd5,7f8fe15b-7d71-48da-8487-0aaa6b197c9b,r_and_d_center,Manitoba R And D Center,395 Industrial Road,,Manitoba,Manitoba,,Canada,-15.1654,90.87798,,2024,,,2021-02-12T05:38:30.452Z
f3b3d1a9-e83f-40a0-be78-401af4164a92,7f8fe15b-7d71-48da-8487-0aaa6b197c9b,processing_plant,Manitoba Processing Plant,309 Processing Road,,Manitoba,Manitoba,,Canada,43.54628,105.19935,41702,2024,,,2019-06-28T05:38:30.452Z
c9a4ca65-45e2-4358-9b65-1ac53271508e,7f8fe15b-7d71-48da-8487-0aaa6b197c9b,warehouse,Oromia Warehouse,586 Processing Zone,,Oromia,Oromia,,Ethiopia,-5.73188,110.77927,,1999,,,2019-11-01T05:38:30.452Z
df9cec48-95e7-4a93-b468-2f59706908a9,7f8fe15b-7d71-48da-8487-0aaa6b197c9b,mining_operation,Northern Territory Mining Operation,Mine Site Industrial Way,,Northern Territory,Northern Territory,,Australia,4.73315,-52.88996,39843,2005,,,2019-06-11T05:38:30.452Z
2ba2d5f3-067c-44fd-9f47-57730138af04,7f8fe15b-7d71-48da-8487-0aaa6b197c9b,warehouse,Ontario Warehouse,428 Industrial Road,,Ontario,Ontario,,Canada,-33.19514,-78.15789,,2017,,,2019-10-29T05:38:30.452Z
7adc1af5-bb91-49ea-91ae-8f7b216e212b,069ad08e-21cf-45e4-bbc0-427b90c8ae9f,headquarters,Eclipse Industries Headquarters,9312 Business Avenue,Suite 100,Northern Cape,Northern Cape,74261,South Africa,37.35348,-53.23558,,2006,+342-175-6264,sales@eclipseindustries.com,2021-11-06T05:38:30.410Z
f6ed3b0b-023a-47ab-820b-ed02ccfd4b9d,069ad08e-21cf-45e4-bbc0-427b90c8ae9f,processing_plant,Arkansas Processing Plant,461 Industrial Way,,Arkansas,Arkansas,38466,United States,5.72515,39.18465,11751,2020,,,2017-09-09T05:38:30.452Z
d553f6b1-1565-44fd-a50b-2a6fdaf35287,069ad08e-21cf-45e4-bbc0-427b90c8ae9f,office,Manono Office,899 Processing Way,,Manono,Manono,,Democratic Republic of Congo,13.86923,107.58186,,2017,,,2017-09-08T05:38:30.452Z
562d834a-3d35-4387-8c04-dcd0226f5ef3,069ad08e-21cf-45e4-bbc0-427b90c8ae9f,office,Sikasso Office,465 Processing Road,,Sikasso,Sikasso,,Mali,-6.78133,62.87522,,2023,,,2023-06-01T05:38:30.452Z
b66da1c8-d393-4188-92e2-18373885b466,b3a55e8a-812c-4397-93ff-05259f0f42c8,headquarters,Atlantic Enterprises Headquarters,3370 Business Boulevard,Building A,Jiangxi,Jiangxi,48465,China,-30.71184,29.37147,,2013,+225-945-1021,sales@atlanticenterprises.com,2023-09-18T05:38:30.410Z
a1aa1e1b-3ba9-4e3d-9702-24b06a0a1acb,b3a55e8a-812c-4397-93ff-05259f0f42c8,warehouse,Arkansas Warehouse,365 Industrial Way,,Arkansas,Arkansas,59251,United States,-32.45601,-4.9009,,2023,,,2024-12-19T05:38:30.452Z
af91047a-b118-4d01-958f-4a866b4d7492,b3a55e8a-812c-4397-93ff-05259f0f42c8,office,Lagos Office,875 Mining Way,,Lagos,Lagos,,Nigeria,-1.72648,-74.99271,,2014,,,2024-07-15T05:38:30.452Z
eeaba318-0d65-482c-b175-743ff1d61861,b3a55e8a-812c-4397-93ff-05259f0f42c8,warehouse,Tibet Warehouse,473 Processing Way,,Tibet,Tibet,,China,-29.31453,110.81268,,2016,,,2020-01-20T05:38:30.452Z
639f313d-57d2-43a5-a76c-e543cad736ed,b3a55e8a-812c-4397-93ff-05259f0f42c8,warehouse,Tibet Warehouse,286 Mining Way,,Tibet,Tibet,,China,20.39874,-100.12989,,2023,,,2018-09-02T05:38:30.452Z
38d74845-7930-4a61-83cc-b2dd6c08de20,b3a55e8a-812c-4397-93ff-05259f0f42c8,r_and_d_center,Sichuan R And D Center,377 Processing Road,,Sichuan,Sichuan,,China,9.96302,20.58239,,2013,,,2019-11-07T05:38:30.452Z
7f41b8ce-6aa4-47a2-aed3-6ec19c824e9d,b3a55e8a-812c-4397-93ff-05259f0f42c8,r_and_d_center,Eastern Province R And D Center,592 Mining Zone,,Eastern Province,Eastern Province,,Rwanda,-4.13805,-25.51395,,2016,,,2020-11-28T05:38:30.452Z
9989a0ba-b6ab-4cb7-89ee-114d62685f42,1084f4f1-4e9b-4266-b782-ae20022825b0,headquarters,Atlantic Mining Headquarters,2332 Central Avenue,Floor 5,Addis Ababa,Addis Ababa,37652,Ethiopia,16.88089,-41.52591,,2014,+471-145-8381,sales@atlanticmining.com,2021-04-02T05:38:30.410Z
44933dda-b7bb-45fe-bbb6-7b30ba96e1ce,1084f4f1-4e9b-4266-b782-ae20022825b0,mining_operation,Manono Mining Operation,Mine Site Industrial Road,,Manono,Manono,,Democratic Republic of Congo,20.28423,-45.59067,24952,2018,,,2017-06-18T05:38:30.452Z
fed6a588-a44e-4002-be7f-a05efc664625,1084f4f1-4e9b-4266-b782-ae20022825b0,processing_plant,Addis Ababa Processing Plant,870 Industrial Way,,Addis Ababa,Addis Ababa,,Ethiopia,-23.81968,112.44456,15534,2024,,,2016-10-27T05:38:30.452Z
d1b7c9a0-0b88-4282-8ceb-a3edb30d99a7,1084f4f1-4e9b-4266-b782-ae20022825b0,r_and_d_center,Southern Nations R And D Center,510 Mining Zone,,Southern Nations,Southern Nations,,Ethiopia,-21.7587,41.14943,,2019,,,2023-09-23T05:38:30.452Z
508bd6fd-3400-4391-862f-dc13bee830d8,1084f4f1-4e9b-4266-b782-ae20022825b0,warehouse,Oromia Warehouse,654 Mining Way,,Oromia,Oromia,,Ethiopia,3.66656,58.67787,,2022,,,2018-01-18T05:38:30.452Z
80e124aa-9625-44c1-8fa0-f26389bf5fd2,1084f4f1-4e9b-4266-b782-ae20022825b0,warehouse,Addis Ababa Warehouse,128 Processing Zone,,Addis Ababa,Addis Ababa,,Ethiopia,37.28463,-22.84918,,2017,,,2020-01-01T05:38:30.452Z
812e7039-9e93-4ad0-84f1-af14a948fcd3,1084f4f1-4e9b-4266-b782-ae20022825b0,r_and_d_center,Arkansas R And D Center,636 Processing Road,,Arkansas,Arkansas,64635,United States,-13.99014,101.3626,,2020,,,2017-09-07T05:38:30.452Z
eb42390c-5710-40a0-9afb-b1b880fc3557,ee2e59c2-0031-48e5-8e02-06bcc4fc83f7,headquarters,Zenith Lithium Headquarters,8155 Main Drive,,Erongo,Erongo,76927,Namibia,28.91609,101.30584,,2020,+372-560-5663,sales@zenithlithium.com,2021-03-15T05:38:30.410Z
97a66da4-cf5c-469d-ac0e-31c78a767ac3,ee2e59c2-0031-48e5-8e02-06bcc4fc83f7,office,Karas Office,138 Industrial Zone,,Karas,Karas,,Namibia,-5.19916,79.81585,,2023,,,2019-04-05T05:38:30.452Z
6f6439fa-bac7-4da9-9c1e-550aa74fbd51,ee2e59c2-0031-48e5-8e02-06bcc4fc83f7,mining_operation,Western Australia Mining Operation,Mine Site Industrial Road,,Western Australia,Western Australia,,Australia,25.28116,-113.95246,36424,2021,,,2022-08-23T05:38:30.452Z
f0e540cc-9d6a-47b5-a43b-e65a995bf97a,ee2e59c2-0031-48e5-8e02-06bcc4fc83f7,office,Catamarca Office,601 Industrial Road,,Catamarca,Catamarca,,Argentina,34.89314,82.014,,2021,,,2017-07-15T05:38:30.452Z
9cc614b5-a842-4f18-a596-165e9ef7699a,ee2e59c2-0031-48e5-8e02-06bcc4fc83f7,office,Karas Office,227 Mining Road,,Karas,Karas,,Namibia,-28.62761,99.74486,,2022,,,2016-11-23T05:38:30.452Z
9c11af41-0e07-406a-a5e8-c0423e0cf8c2,ee2e59c2-0031-48e5-8e02-06bcc4fc83f7,r_and_d_center,Khomas R And D Center,725 Mining Way,,Khomas,Khomas,,Namibia,26.24578,25.9031,,2024,,,2017-09-13T05:38:30.452Z
8b353dc3-ad1f-4fef-8b39-c48ba6a2795d,e897675f-2cb6-40c7-84a0-7f4b1434e0cd,headquarters,Pioneer Resources Headquarters,3759 Business Avenue,Building A,Erongo,Erongo,12182,Namibia,24.54317,8.83467,,2020,+216-685-4185,sales@pioneerresources.com,2024-05-22T05:38:30.410Z
0db428a5-63c6-40b7-bf43-9d254b995b58,e897675f-2cb6-40c7-84a0-7f4b1434e0cd,processing_plant,Western Processing Plant,689 Mining Way,,Western,Western,,Ghana,-31.62527,107.18834,42388,2024,,,2016-09-21T05:38:30.452Z
43c768a0-ec62-480f-b315-9eebb326c14e,e897675f-2cb6-40c7-84a0-7f4b1434e0cd,r_and_d_center,Karas R And D Center,121 Industrial Way,,Karas,Karas,,Namibia,22.04688,110.45338,,2024,,,2020-08-07T05:38:30.452Z
f422f415-d317-4e82-a4a8-8da5df8bff1c,e897675f-2cb6-40c7-84a0-7f4b1434e0cd,mining_operation,Karas Mining Operation,Mine Site Mining Road,,Karas,Karas,,Namibia,28.26524,-69.78597,9119,2022,,,2018-01-28T05:38:30.452Z
22a3006c-fd40-4414-976c-dac3bb61fa8e,e897675f-2cb6-40c7-84a0-7f4b1434e0cd,r_and_d_center,Lagos R And D Center,586 Processing Zone,,Lagos,Lagos,,Nigeria,-23.1719,-99.40735,,2021,,,2022-04-13T05:38:30.452Z
2528ada8-e740-4cd0-8ee8-41e05a0bb665,e897675f-2cb6-40c7-84a0-7f4b1434e0cd,mining_operation,Erongo Mining Operation,Mine Site Processing Zone,,Erongo,Erongo,,Namibia,-30.26492,-70.74625,39546,2022,,,2017-10-20T05:38:30.452Z
a5c90614-70dc-4c14-a78c-10780d5131e9,e897675f-2cb6-40c7-84a0-7f4b1434e0cd,office,Erongo Office,16 Mining Zone,,Erongo,Erongo,,Namibia,-21.80993,-43.79717,,2022,,,2019-11-25T05:38:30.452Z
0e9e04ba-5238-4894-a32b-b3313c07e422,6b2a28c1-efc7-4c51-9f8b-6b6091a53401,headquarters,Zenith Group Headquarters,3597 Industrial Boulevard,Suite 100,Ashanti,Ashanti,58543,Ghana,33.97489,38.71617,,2009,+850-948-6351,sales@zenithgroup.com,2023-09-28T05:38:30.410Z
e866396a-9640-4730-9118-225513b4104b,6b2a28c1-efc7-4c51-9f8b-6b6091a53401,mining_operation,Catamarca Mining Operation,Mine Site Mining Way,,Catamarca,Catamarca,,Argentina,-29.54268,-98.42784,29606,2018,,,2024-04-25T05:38:30.452Z
8a674144-7272-4f40-98be-f683937073aa,6b2a28c1-efc7-4c51-9f8b-6b6091a53401,r_and_d_center,Eastern R And D Center,607 Industrial Road,,Eastern,Eastern,,Ghana,43.6127,114.71315,,2023,,,2020-02-23T05:38:30.452Z
4f5f2b05-8980-4ea5-b615-81e3e1bacc55,6b2a28c1-efc7-4c51-9f8b-6b6091a53401,office,Ashanti Office,182 Mining Road,,Ashanti,Ashanti,,Ghana,19.23039,-102.30872,,2023,,,2018-06-11T05:38:30.452Z
c597935a-2e0b-4613-a1f5-3dd9ba71ca14,6b2a28c1-efc7-4c51-9f8b-6b6091a53401,mining_operation,Ashanti Mining Operation,Mine Site Mining Zone,,Ashanti,Ashanti,,Ghana,14.49732,57.67328,43553,2017,,,2023-07-07T05:38:30.452Z
030dfae8-785f-48ee-9fea-d57b63d8036c,6b2a28c1-efc7-4c51-9f8b-6b6091a53401,mining_operation,Eastern Mining Operation,Mine Site Processing Way,,Eastern,Eastern,,Ghana,39.06669,-97.21289,9822,2023,,,2016-04-18T05:38:30.452Z
f03cf721-809a-4e62-a3f1-42e00620b67c,6b2a28c1-efc7-4c51-9f8b-6b6091a53401,office,Western Office,796 Mining Way,,Western,Western,,Ghana,-7.70577,129.92397,,2022,,,2018-11-07T05:38:30.452Z
0248e98c-7e8a-4285-8c81-e494a47451c8,0da3391f-6ec1-4d91-9502-5dd71c6bc945,headquarters,Atlantic Mining Headquarters,6486 Central Street,Building A,Atacama,Atacama,59162,Chile,-7.73166,67.41072,,2014,+207-958-5327,sales@atlanticmining.com,2022-11-12T05:38:30.410Z
6b989795-9c8c-4eed-85fd-b9041353456c,0da3391f-6ec1-4d91-9502-5dd71c6bc945,office,Atacama Office,332 Industrial Road,,Atacama,Atacama,,Chile,-25.36811,-109.34841,,2017,,,2024-03-17T05:38:30.452Z
41f99958-116b-4f59-b0ed-77bf524f7557,0da3391f-6ec1-4d91-9502-5dd71c6bc945,processing_plant,Nasarawa Processing Plant,810 Industrial Zone,,Nasarawa,Nasarawa,,Nigeria,-25.20042,-91.05962,9788,2014,,,2016-11-12T05:38:30.452Z
3975417d-28d3-4245-a8c2-20814d529115,0da3391f-6ec1-4d91-9502-5dd71c6bc945,warehouse,Atacama Warehouse,817 Mining Zone,,Atacama,Atacama,,Chile,29.01996,115.60777,,2023,,,2018-04-21T05:38:30.452Z
404b2f87-6722-40af-9efa-3d5fc2d903dc,58dbceb8-d97c-4f7b-86d5-3596474df86c,headquarters,Diamond Materials Headquarters,8370 Business Street,Building A,Sikasso,Sikasso,27468,Mali,36.0062,-75.75706,,1995,+185-526-5936,sales@diamondmaterials.com,2021-03-13T05:38:30.410Z
2987e73d-4074-4ef9-b79e-a2bf59760816,58dbceb8-d97c-4f7b-86d5-3596474df86c,r_and_d_center,Katanga R And D Center,170 Industrial Way,,Katanga,Katanga,,Democratic Republic of Congo,-5.84642,-11.97738,,2009,,,2020-11-24T05:38:30.452Z
2d0cb03e-cb56-48db-aaba-703aa63d6a05,58dbceb8-d97c-4f7b-86d5-3596474df86c,office,Bamako Office,633 Processing Road,,Bamako,Bamako,,Mali,-0.11584,91.07544,,1998,,,2019-01-27T05:38:30.452Z
d773f078-d5c6-4ae0-8b93-62581744b490,58dbceb8-d97c-4f7b-86d5-3596474df86c,mining_operation,Jujuy Mining Operation,Mine Site Industrial Zone,,Jujuy,Jujuy,,Argentina,-5.66342,122.19198,14724,2018,,,2017-08-03T05:38:30.452Z
d62f5626-0984-490e-b774-944e0781c10e,58dbceb8-d97c-4f7b-86d5-3596474df86c,r_and_d_center,Eastern R And D Center,559 Mining Way,,Eastern,Eastern,,Ghana,46.09162,117.7895,,2016,,,2023-12-29T05:38:30.452Z
ca768e7a-6a50-44c9-8caf-52f44570355f,f0c10fd4-4824-48f0-8cf6-69a22c1b43f2,headquarters,Pacific Lithium Headquarters,5602 Industrial Street,Building A,Western Province,Western Province,24010,Rwanda,-32.27818,128.11026,,2007,+442-865-6435,sales@pacificlithium.com,2023-02-23T05:38:30.410Z
fddf68f9-f94f-4f67-b2c7-4151876bfb8d,f0c10fd4-4824-48f0-8cf6-69a22c1b43f2,mining_operation,Western Province Mining Operation,Mine Site Mining Road,,Western Province,Western Province,,Rwanda,37.28209,-18.01437,21095,2010,,,2022-03-29T05:38:30.452Z
552160ac-f509-40ad-87cc-9cd402f726db,f0c10fd4-4824-48f0-8cf6-69a22c1b43f2,office,Mutoko Office,677 Mining Zone,,Mutoko,Mutoko,,Zimbabwe,11.82729,-98.56163,,2021,,,2023-03-04T05:38:30.452Z
75a44840-a71d-444b-9e7a-6ebf55a642da,f0c10fd4-4824-48f0-8cf6-69a22c1b43f2,mining_operation,Eastern Province Mining Operation,Mine Site Industrial Zone,,Eastern Province,Eastern Province,,Rwanda,43.5842,-69.14909,33114,2022,,,2024-01-28T05:38:30.452Z
f1f7394d-c88e-4fea-a876-5f4c28526b5f,f0c10fd4-4824-48f0-8cf6-69a22c1b43f2,office,Sikasso Office,756 Mining Road,,Sikasso,Sikasso,,Mali,12.22398,-76.32414,,2018,,,2020-12-06T05:38:30.452Z
94d1c59c-1d2a-440f-9907-cebe85ee1ed8,f0c10fd4-4824-48f0-8cf6-69a22c1b43f2,office,Kigali Office,912 Mining Road,,Kigali,Kigali,,Rwanda,-18.56183,83.55376,,2014,,,2024-02-12T05:38:30.452Z
94b876a1-a355-4f16-b2ac-c7e134897259,4dc832b4-9cc1-4014-8e58-07e70889ab89,headquarters,Emerald Group Headquarters,4495 Central Street,,Limpopo,Limpopo,41067,South Africa,-23.36974,-13.64397,,2001,+469-752-2121,sales@emeraldgroup.com,2022-07-01T05:38:30.410Z
6a97af51-ed73-4649-8777-a487aa71e027,4dc832b4-9cc1-4014-8e58-07e70889ab89,processing_plant,Gauteng Processing Plant,979 Processing Zone,,Gauteng,Gauteng,,South Africa,36.43346,-113.51101,43544,2013,,,2024-11-09T05:38:30.452Z
8ea7c381-eb37-4b14-a4a8-a1e244957eb0,4dc832b4-9cc1-4014-8e58-07e70889ab89,office,Gauteng Office,873 Industrial Zone,,Gauteng,Gauteng,,South Africa,-3.62973,79.1008,,2002,,,2017-07-24T05:38:30.452Z
bf096ca5-473b-4771-b7f8-ec39a8194320,4dc832b4-9cc1-4014-8e58-07e70889ab89,warehouse,Limpopo Warehouse,931 Industrial Road,,Limpopo,Limpopo,,South Africa,36.07281,-92.15468,,2009,,,2024-02-13T05:38:30.452Z
e9c86071-05ed-407f-a9af-8bdf792dbc8c,4dc832b4-9cc1-4014-8e58-07e70889ab89,office,Sichuan Office,277 Mining Road,,Sichuan,Sichuan,,China,-14.74766,44.71224,,2005,,,2021-12-18T05:38:30.452Z
57dcd87c-3c11-425e-a5b0-f174dea3d6da,4dc832b4-9cc1-4014-8e58-07e70889ab89,mining_operation,Lagos Mining Operation,Mine Site Industrial Road,,Lagos,Lagos,,Nigeria,-18.90619,107.22163,15277,2016,,,2019-07-01T05:38:30.452Z
55c6b0f3-e142-4d31-8d7c-ad994abc7c6a,e25887d0-5884-4785-a22c-af72e2626bd4,headquarters,Horizon Resources Headquarters,7565 Industrial Avenue,,Limpopo,Limpopo,41093,South Africa,25.25609,98.49856,,2006,+150-347-1350,sales@horizonresources.com,2024-09-12T05:38:30.410Z
12e4fc86-9385-45be-a650-240a5e26b645,e25887d0-5884-4785-a22c-af72e2626bd4,office,Northern Cape Office,437 Industrial Way,,Northern Cape,Northern Cape,,South Africa,47.78562,-67.54524,,2020,,,2024-05-06T05:38:30.452Z
7eaec16c-1293-4d55-a817-4f2c482fb736,e25887d0-5884-4785-a22c-af72e2626bd4,warehouse,Limpopo Warehouse,221 Industrial Way,,Limpopo,Limpopo,,South Africa,-7.87789,-40.40463,,2008,,,2023-06-20T05:38:30.452Z
467e86af-1421-405d-bb24-ce21bf794d00,e25887d0-5884-4785-a22c-af72e2626bd4,mining_operation,Jujuy Mining Operation,Mine Site Industrial Way,,Jujuy,Jujuy,,Argentina,29.42592,-80.38338,24316,2018,,,2021-01-10T05:38:30.452Z
0306459e-074c-4a31-8e52-ac1f93b78791,e25887d0-5884-4785-a22c-af72e2626bd4,warehouse,Limpopo Warehouse,362 Processing Road,,Limpopo,Limpopo,,South Africa,26.05054,-112.11357,,2021,,,2024-06-03T05:38:30.452Z
a8883e12-2b2e-4278-9f65-7a324f35ed56,02928f0e-27b3-43ea-bfe8-9fe0dd78620f,headquarters,Summit Minerals Headquarters,4979 Industrial Street,Floor 5,Manitoba,Manitoba,26012,Canada,0.81474,57.27598,,2001,+737-570-4282,sales@summitminerals.com,2023-03-22T05:38:30.410Z
93a13641-5c72-4cb2-a963-eabffd45a5d6,02928f0e-27b3-43ea-bfe8-9fe0dd78620f,mining_operation,Ontario Mining Operation,Mine Site Processing Zone,,Ontario,Ontario,,Canada,40.14986,-28.52149,44084,2020,,,2024-11-30T05:38:30.452Z
f594387b-f6a1-4049-b402-7f67b2b961aa,02928f0e-27b3-43ea-bfe8-9fe0dd78620f,mining_operation,Western Mining Operation,Mine Site Mining Zone,,Western,Western,,Ghana,-34.57594,-102.70155,35134,2017,,,2022-09-04T05:38:30.452Z
86f7b951-ad23-4fb3-b5c1-1d4bbe7850c6,02928f0e-27b3-43ea-bfe8-9fe0dd78620f,office,Quebec Office,482 Industrial Zone,,Quebec,Quebec,,Canada,14.51714,-67.42702,,2002,,,2019-12-31T05:38:30.452Z
c859e22b-b2a6-4312-a4ee-7bd53ec714a9,02928f0e-27b3-43ea-bfe8-9fe0dd78620f,warehouse,Kinshasa Warehouse,483 Mining Road,,Kinshasa,Kinshasa,,Democratic Republic of Congo,-34.68904,-6.45877,,2023,,,2022-09-01T05:38:30.452Z
8ce36917-e89c-4abe-b917-4f89f5d27be1,02928f0e-27b3-43ea-bfe8-9fe0dd78620f,office,Oromia Office,120 Industrial Way,,Oromia,Oromia,,Ethiopia,35.36846,100.64648,,2002,,,2021-05-17T05:38:30.452Z
4a9f85c3-d14f-4dd1-8e1b-760ed8964448,02928f0e-27b3-43ea-bfe8-9fe0dd78620f,office,Manitoba Office,648 Industrial Zone,,Manitoba,Manitoba,,Canada,37.56281,93.72085,,2021,,,2018-01-05T05:38:30.452Z
b529d82b-1cfc-4b84-8eee-af8dbb0dcbb1,fe57c791-f841-4b8b-8fd0-68d854ee8ce5,headquarters,Frontier Resources Headquarters,5655 Main Drive,,Southern Nations,Southern Nations,44635,Ethiopia,-25.88914,35.34684,,2008,+588-571-1179,sales@frontierresources.com,2024-08-05T05:38:30.410Z
a70ac8ec-15d3-46a3-be67-a4a299fde655,fe57c791-f841-4b8b-8fd0-68d854ee8ce5,mining_operation,Southern Nations Mining Operation,Mine Site Industrial Road,,Southern Nations,Southern Nations,,Ethiopia,41.21979,-69.02957,48621,2021,,,2019-03-31T05:38:30.452Z
68c3dd05-2ad5-4c3d-ae0e-1351eb7b21b9,fe57c791-f841-4b8b-8fd0-68d854ee8ce5,processing_plant,Southern Nations Processing Plant,940 Mining Way,,Southern Nations,Southern Nations,,Ethiopia,-19.80927,74.438,20459,2008,,,2024-02-17T05:38:30.452Z
722bf74e-290d-4a7b-b5a5-039516bc6774,fe57c791-f841-4b8b-8fd0-68d854ee8ce5,r_and_d_center,Oromia R And D Center,809 Processing Zone,,Oromia,Oromia,,Ethiopia,-23.98596,-115.17478,,2021,,,2021-12-04T05:38:30.452Z
509ac5e0-f428-4f29-835b-83bcc5b5b434,fe57c791-f841-4b8b-8fd0-68d854ee8ce5,processing_plant,Oromia Processing Plant,480 Mining Road,,Oromia,Oromia,,Ethiopia,-30.71383,-104.98195,40067,2010,,,2016-11-11T05:38:30.452Z
ddd24dd1-c783-410f-8af3-73f2256bb210,fe57c791-f841-4b8b-8fd0-68d854ee8ce5,processing_plant,Ontario Processing Plant,826 Processing Way,,Ontario,Ontario,,Canada,-8.96504,60.78409,10981,2021,,,2020-04-28T05:38:30.452Z
bddb6f36-985e-400e-8021-70303fb125e2,d108e80f-d16f-4dbc-b16f-1587d9c2e46e,headquarters,International Holdings Headquarters,777 Central Street,Building A,Eastern,Eastern,89923,Ghana,-16.7651,41.1254,,2008,+602-429-4597,sales@internationalholdings.com,2023-06-09T05:38:30.410Z
e10af3f5-dcbf-4b5d-a1be-6ee906ead6a9,d108e80f-d16f-4dbc-b16f-1587d9c2e46e,office,Ashanti Office,836 Processing Road,,Ashanti,Ashanti,,Ghana,36.07305,-41.4322,,2010,,,2022-09-27T05:38:30.452Z
cfd962ca-fe37-482f-a7e1-33840f2cf377,d108e80f-d16f-4dbc-b16f-1587d9c2e46e,processing_plant,Eastern Processing Plant,424 Industrial Zone,,Eastern,Eastern,,Ghana,-14.98797,-115.60019,37182,2021,,,2020-05-04T05:38:30.452Z
369803c8-b99d-4afb-90a3-840a737557e4,d108e80f-d16f-4dbc-b16f-1587d9c2e46e,mining_operation,Northern Cape Mining Operation,Mine Site Mining Zone,,Northern Cape,Northern Cape,,South Africa,-5.61248,27.07929,36997,2012,,,2018-01-27T05:38:30.452Z
23e30baa-01b5-4499-89a4-52cf8870ed5c,d108e80f-d16f-4dbc-b16f-1587d9c2e46e,r_and_d_center,Eastern Province R And D Center,869 Industrial Road,,Eastern Province,Eastern Province,,Rwanda,8.82391,127.71307,,2018,,,2020-06-19T05:38:30.452Z
c0c377e4-6edb-4a5b-8b5a-36fc2299d47f,d108e80f-d16f-4dbc-b16f-1587d9c2e46e,warehouse,Eastern Warehouse,344 Processing Way,,Eastern,Eastern,,Ghana,-12.56592,119.66873,,2014,,,2019-05-16T05:38:30.452Z
1032f740-2d05-4a54-b068-9e2b6f041790,f16cc7d8-2a7e-4a46-af12-1f1b632bb344,headquarters,Nexus Resources Headquarters,5232 Industrial Boulevard,Floor 5,Jiangxi,Jiangxi,77381,China,38.53728,122.73341,,2001,+288-220-2955,sales@nexusresources.com,2023-09-07T05:38:30.410Z
50c23ee3-90e6-453d-afdd-76dc0460fcc0,f16cc7d8-2a7e-4a46-af12-1f1b632bb344,mining_operation,Gauteng Mining Operation,Mine Site Mining Way,,Gauteng,Gauteng,,South Africa,8.1524,77.78517,14292,2017,,,2022-08-25T05:38:30.452Z
c4fdaf3c-622c-4607-a2c5-d5f74c252aa5,f16cc7d8-2a7e-4a46-af12-1f1b632bb344,warehouse,Tibet Warehouse,865 Industrial Zone,,Tibet,Tibet,,China,30.43926,-69.5083,,2007,,,2017-02-02T05:38:30.452Z
c6e99cf1-8606-49bd-bc01-67ba98b30f50,f16cc7d8-2a7e-4a46-af12-1f1b632bb344,mining_operation,Tibet Mining Operation,Mine Site Industrial Road,,Tibet,Tibet,,China,-20.06495,-50.13088,39819,2021,,,2020-01-02T05:38:30.452Z
416736f2-ab7f-4665-adbc-6c3798d49242,f16cc7d8-2a7e-4a46-af12-1f1b632bb344,processing_plant,Qinghai Processing Plant,940 Processing Zone,,Qinghai,Qinghai,,China,24.28661,74.30446,45522,2017,,,2020-10-22T05:38:30.452Z
6d704f19-e2ce-4d97-8f5c-51fdee5545e5,f16cc7d8-2a7e-4a46-af12-1f1b632bb344,mining_operation,Tibet Mining Operation,Mine Site Processing Zone,,Tibet,Tibet,,China,21.74558,118.70551,44776,2006,,,2021-10-01T05:38:30.452Z
749f7822-f277-4e4c-b860-5c03f5d3461a,f16cc7d8-2a7e-4a46-af12-1f1b632bb344,warehouse,Manono Warehouse,881 Mining Zone,,Manono,Manono,,Democratic Republic of Congo,-3.42176,-117.2148,,2006,,,2024-08-12T05:38:30.452Z
322824c7-ed64-429b-8a69-98aaaaca430d,84e986ac-d907-4062-b8a1-76728cedcc12,headquarters,Zenith Lithium Headquarters,2728 Business Street,,Nevada,Nevada,75572,United States,-1.20771,-0.03389,,2001,+658-186-5213,sales@zenithlithium.com,2022-10-12T05:38:30.411Z
e5257230-31d3-448b-91db-d939666a4766,84e986ac-d907-4062-b8a1-76728cedcc12,mining_operation,Arkansas Mining Operation,Mine Site Industrial Way,,Arkansas,Arkansas,40496,United States,-13.66593,-77.6027,31487,2007,,,2017-09-05T05:38:30.452Z
5931a03f-b2bd-4b12-bb8c-ea52c4024e56,84e986ac-d907-4062-b8a1-76728cedcc12,office,Salta Office,477 Mining Road,,Salta,Salta,,Argentina,-25.07194,-74.61498,,2007,,,2023-06-05T05:38:30.452Z
dc4a2210-5fc0-49b1-956c-76501bd2e1e1,84e986ac-d907-4062-b8a1-76728cedcc12,mining_operation,Lagos Mining Operation,Mine Site Industrial Way,,Lagos,Lagos,,Nigeria,37.31742,-109.87775,49724,2013,,,2022-01-03T05:38:30.452Z
8a2e955c-d322-4339-8b6f-70df50740f48,84e986ac-d907-4062-b8a1-76728cedcc12,r_and_d_center,Manono R And D Center,552 Mining Zone,,Manono,Manono,,Democratic Republic of Congo,40.53773,-36.09298,,2003,,,2024-10-09T05:38:30.452Z
bd8bbaa4-87fd-4248-8b71-cb1029984105,2d30e743-73b2-47fc-9549-5369d02cc849,headquarters,Eclipse Enterprises Headquarters,6543 Main Boulevard,Floor 5,Addis Ababa,Addis Ababa,75900,Ethiopia,11.72562,61.37761,,2000,+626-869-8396,sales@eclipseenterprises.com,2024-10-12T05:38:30.411Z
da6d1c55-8735-45fb-8e71-1956f482211c,2d30e743-73b2-47fc-9549-5369d02cc849,office,Addis Ababa Office,474 Industrial Way,,Addis Ababa,Addis Ababa,,Ethiopia,-27.19243,11.34428,,2008,,,2017-03-12T05:38:30.452Z
33612351-da08-4ed6-a55d-6528307244f2,2d30e743-73b2-47fc-9549-5369d02cc849,office,Plateau Office,864 Mining Zone,,Plateau,Plateau,,Nigeria,48.42671,60.36306,,2010,,,2016-01-14T05:38:30.452Z
17365015-e25b-4cd4-bf09-ca309f3e5cfe,2d30e743-73b2-47fc-9549-5369d02cc849,mining_operation,South Australia Mining Operation,Mine Site Processing Road,,South Australia,South Australia,,Australia,-13.18104,-84.87521,5110,2016,,,2021-09-09T05:38:30.452Z
3df3a127-ad3b-4e24-b272-a99cb1322792,2d30e743-73b2-47fc-9549-5369d02cc849,warehouse,Southern Nations Warehouse,911 Industrial Way,,Southern Nations,Southern Nations,,Ethiopia,46.6005,112.23994,,2021,,,2019-12-27T05:38:30.452Z
59b67db2-b7c1-472c-aa59-c08256f193c5,2d30e743-73b2-47fc-9549-5369d02cc849,warehouse,Nasarawa Warehouse,892 Mining Road,,Nasarawa,Nasarawa,,Nigeria,19.22039,-26.73775,,2020,,,2018-07-21T05:38:30.452Z
264f9d9e-31e9-464a-a812-ed6aee738ffa,2d30e743-73b2-47fc-9549-5369d02cc849,r_and_d_center,Mutoko R And D Center,921 Industrial Zone,,Mutoko,Mutoko,,Zimbabwe,25.05228,50.89694,,2016,,,2019-06-30T05:38:30.452Z
06d2109b-87b9-4b26-9941-fb175c2fbd75,cf9be32a-f138-41c4-b44b-755d39c6f0d3,headquarters,Premier Group Headquarters,8332 Main Street,Building A,Ashanti,Ashanti,24673,Ghana,-19.42774,67.85711,,2014,+169-391-8957,sales@premiergroup.com,2021-06-07T05:38:30.411Z
84963d65-f13e-4b89-af78-075c1a2d2a4a,cf9be32a-f138-41c4-b44b-755d39c6f0d3,office,Plateau Office,216 Mining Way,,Plateau,Plateau,,Nigeria,18.78678,80.91002,,2018,,,2018-10-25T05:38:30.452Z
2c73d9be-9798-4ba6-9c75-ab21c6199ce2,cf9be32a-f138-41c4-b44b-755d39c6f0d3,r_and_d_center,Manono R And D Center,597 Industrial Way,,Manono,Manono,,Democratic Republic of Congo,36.16343,-19.15627,,2014,,,2018-02-22T05:38:30.452Z
61cf5892-ce03-4c2b-be87-77ab4b587002,cf9be32a-f138-41c4-b44b-755d39c6f0d3,mining_operation,Western Mining Operation,Mine Site Mining Zone,,Western,Western,,Ghana,-15.8932,-102.68349,48667,2021,,,2019-08-23T05:38:30.452Z
d3c80988-cea0-4a4b-a9eb-3a7f22ff1a2d,cf9be32a-f138-41c4-b44b-755d39c6f0d3,office,Sikasso Office,693 Mining Zone,,Sikasso,Sikasso,,Mali,-25.64647,30.52862,,2019,,,2024-04-18T05:38:30.452Z
405d9a3c-1229-425e-b904-0b49e96b9ab7,a94b6af0-5cf0-494d-81e7-3dec16498b23,headquarters,Eclipse Lithium Headquarters,5767 Industrial Avenue,Floor 5,Sikasso,Sikasso,82294,Mali,-19.01569,40.44311,,2019,+48-874-2932,sales@eclipselithium.com,2021-01-20T05:38:30.411Z
c864f7c2-71ad-44cf-a76c-b05cd33f4a77,a94b6af0-5cf0-494d-81e7-3dec16498b23,mining_operation,Manono Mining Operation,Mine Site Processing Way,,Manono,Manono,,Democratic Republic of Congo,46.6295,-27.50056,46108,2020,,,2018-07-08T05:38:30.452Z
bad2ae32-1f62-42b0-acd4-6a94199ba618,a94b6af0-5cf0-494d-81e7-3dec16498b23,warehouse,Sikasso Warehouse,13 Mining Zone,,Sikasso,Sikasso,,Mali,-14.43279,18.85746,,2024,,,2023-03-19T05:38:30.452Z
660e6b9a-4608-4b62-8b89-7017e2dcb3ed,a94b6af0-5cf0-494d-81e7-3dec16498b23,processing_plant,Southern Nations Processing Plant,902 Mining Way,,Southern Nations,Southern Nations,,Ethiopia,-31.20672,109.5715,7287,2021,,,2022-02-07T05:38:30.452Z
f9e69a86-8438-46a7-bc3b-0e0074a63460,a94b6af0-5cf0-494d-81e7-3dec16498b23,office,Quebec Office,420 Mining Zone,,Quebec,Quebec,,Canada,30.87517,-9.01593,,2022,,,2016-08-18T05:38:30.452Z
0b3aee9b-89d2-4163-a861-1a25cbc034a3,a355b262-f108-4bd3-a667-220684eb08fa,headquarters,Diamond Energy Headquarters,1653 Main Street,Suite 100,Kinshasa,Kinshasa,58863,Democratic Republic of Congo,-10.34745,-51.24558,,2016,+626-225-8976,sales@diamondenergy.com,2024-07-14T05:38:30.411Z
7c24085c-f07a-495c-9604-9888b59d780b,a355b262-f108-4bd3-a667-220684eb08fa,office,Lagos Office,119 Mining Road,,Lagos,Lagos,,Nigeria,-18.87293,-36.21669,,2018,,,2019-05-11T05:38:30.452Z
a53639c5-6794-4796-b4a2-da44216fee2e,a355b262-f108-4bd3-a667-220684eb08fa,warehouse,Manono Warehouse,482 Industrial Road,,Manono,Manono,,Democratic Republic of Congo,-21.04305,118.19411,,2021,,,2021-12-19T05:38:30.452Z
a2e8d420-7580-460d-8aab-a796387b721d,a355b262-f108-4bd3-a667-220684eb08fa,warehouse,Jujuy Warehouse,933 Mining Way,,Jujuy,Jujuy,,Argentina,30.64367,112.49982,,2024,,,2020-05-09T05:38:30.452Z
612933bb-7c99-4482-b68a-7874b2f7c818,a355b262-f108-4bd3-a667-220684eb08fa,processing_plant,Manono Processing Plant,418 Mining Way,,Manono,Manono,,Democratic Republic of Congo,0.77864,44.71233,19186,2019,,,2023-05-18T05:38:30.452Z
818dd932-58b8-4eb0-bc67-dbdddae07895,58b993bc-0e84-4dad-885f-5ff25ab85520,headquarters,Horizon Energy Headquarters,3253 Business Drive,Building A,North Carolina,North Carolina,73027,United States,35.44438,68.11082,,2004,+906-329-4651,sales@horizonenergy.com,2023-09-16T05:38:30.411Z
5a91ce69-4ebf-4b98-b21e-f10ee0bf58fb,58b993bc-0e84-4dad-885f-5ff25ab85520,processing_plant,California Processing Plant,293 Processing Zone,,California,California,50850,United States,-2.82737,24.0966,27785,2008,,,2020-02-14T05:38:30.453Z
a4ba17ca-6b1b-40f2-bcd7-b759c97ba188,58b993bc-0e84-4dad-885f-5ff25ab85520,r_and_d_center,Nevada R And D Center,75 Mining Road,,Nevada,Nevada,52909,United States,-10.38758,108.79502,,2022,,,2016-05-04T05:38:30.453Z
ec7296a1-b1ad-414a-8e16-bc07bb6fdb7b,58b993bc-0e84-4dad-885f-5ff25ab85520,office,Limpopo Office,698 Industrial Way,,Limpopo,Limpopo,,South Africa,1.3054,-10.41736,,2014,,,2016-10-25T05:38:30.453Z
4ca70a26-f72b-4afe-a3b2-725d0dfee596,58b993bc-0e84-4dad-885f-5ff25ab85520,warehouse,Antofagasta Warehouse,576 Mining Way,,Antofagasta,Antofagasta,,Chile,40.8405,56.40358,,2011,,,2017-06-18T05:38:30.453Z
6ed77934-c13b-4fdd-8b4c-ffabe392b797,58b993bc-0e84-4dad-885f-5ff25ab85520,processing_plant,North Carolina Processing Plant,465 Processing Road,,North Carolina,North Carolina,19956,United States,1.59847,-63.12297,37145,2010,,,2023-06-19T05:38:30.453Z
711ae704-ab16-4c49-8a76-e1ca3e30ff62,ebdf84c6-923d-4f92-8177-d2dfd2dd9fa6,headquarters,Meridian Resources Headquarters,4176 Central Boulevard,Floor 5,Gauteng,Gauteng,18117,South Africa,-15.65749,-91.31621,,2013,+757-487-3675,sales@meridianresources.com,2021-04-22T05:38:30.411Z
064dcb78-8a1c-4c2e-825b-7050738eb42d,ebdf84c6-923d-4f92-8177-d2dfd2dd9fa6,processing_plant,Northern Cape Processing Plant,307 Industrial Way,,Northern Cape,Northern Cape,,South Africa,32.60726,-45.94192,27070,2020,,,2020-01-18T05:38:30.453Z
b0603577-386d-49e1-a778-be9b8f5f5a00,ebdf84c6-923d-4f92-8177-d2dfd2dd9fa6,r_and_d_center,Northern Cape R And D Center,215 Processing Road,,Northern Cape,Northern Cape,,South Africa,28.91176,-27.86341,,2016,,,2016-12-30T05:38:30.453Z
5d078bc0-93f7-48f8-8e91-e90941b7e294,ebdf84c6-923d-4f92-8177-d2dfd2dd9fa6,r_and_d_center,Northern Cape R And D Center,710 Industrial Zone,,Northern Cape,Northern Cape,,South Africa,-29.535,5.72111,,2013,,,2023-09-15T05:38:30.453Z
063f6117-7b53-43e4-99b5-7f5d9faa54fb,af118ca3-20ec-42de-b6d2-05ac60311982,headquarters,International Corporation Headquarters,6814 Main Avenue,,Western,Western,75954,Ghana,44.95473,99.9746,,2008,+416-132-7824,sales@internationalcorporation.com,2024-04-10T05:38:30.411Z
9b8b3aa6-f9d4-4824-8fdb-eb02eb51cdf5,af118ca3-20ec-42de-b6d2-05ac60311982,warehouse,Ashanti Warehouse,964 Industrial Road,,Ashanti,Ashanti,,Ghana,-10.94806,0.48773,,2015,,,2017-11-04T05:38:30.453Z
ec5cac26-edec-4e3a-ae00-4d0654537f7b,af118ca3-20ec-42de-b6d2-05ac60311982,processing_plant,Western Processing Plant,61 Mining Way,,Western,Western,,Ghana,-30.75984,78.27654,37752,2017,,,2021-02-10T05:38:30.453Z
53a4e27b-937f-492b-a2f5-2426bbf86a5b,af118ca3-20ec-42de-b6d2-05ac60311982,warehouse,Antofagasta Warehouse,988 Industrial Road,,Antofagasta,Antofagasta,,Chile,39.73559,80.56177,,2016,,,2016-06-14T05:38:30.453Z
b75f51b4-246a-4222-b2a5-44313eaa4ec0,2937e4da-c227-4989-8313-267a692ccb74,headquarters,Pioneer Mining Headquarters,1213 Main Drive,Building A,Goromonzi,Goromonzi,88561,Zimbabwe,48.21807,-103.21792,,2019,+789-771-6341,sales@pioneermining.com,2024-05-08T05:38:30.411Z
65b83f94-0f40-4c70-9fa8-b88f46539154,ede7df30-7bd2-4b90-8cff-36f93936be94,headquarters,United Corporation Headquarters,2185 Main Drive,Building A,Santiago,Santiago,15972,Chile,-27.18812,-46.35327,,2002,+475-281-8424,sales@unitedcorporation.com,2024-04-01T05:38:30.411Z
9a20e27e-a218-42f0-9f4f-15b8c09c637e,ede7df30-7bd2-4b90-8cff-36f93936be94,r_and_d_center,Antofagasta R And D Center,602 Industrial Road,,Antofagasta,Antofagasta,,Chile,-14.81499,111.3807,,2011,,,2020-11-12T05:38:30.453Z
6980033b-8cbb-4993-a52e-305f5f3385a9,67517fe0-7dcb-4ec1-9d30-cd456cb8c0af,headquarters,Pacific Energy Headquarters,5752 Business Boulevard,Building A,Catamarca,Catamarca,39748,Argentina,-0.63161,69.51738,,2017,+952-497-3559,sales@pacificenergy.com,2023-11-29T05:38:30.411Z
e07ef9d1-4053-4944-9516-e469bde16cbf,67517fe0-7dcb-4ec1-9d30-cd456cb8c0af,r_and_d_center,Western Province R And D Center,645 Mining Zone,,Western Province,Western Province,,Rwanda,2.15387,-59.59833,,2019,,,2022-10-06T05:38:30.453Z
5246d6a1-a493-4c47-b527-72441c4ca270,67517fe0-7dcb-4ec1-9d30-cd456cb8c0af,warehouse,Ashanti Warehouse,502 Processing Zone,,Ashanti,Ashanti,,Ghana,-2.52564,83.57726,,2019,,,2023-03-29T05:38:30.453Z
d5d218e7-6e1a-478c-bf70-147079c39504,9359313b-6554-4d82-896a-f8df6fcd0ef6,headquarters,Continental Industries Headquarters,533 Main Drive,Floor 5,Nevada,Nevada,19272,United States,10.90479,-49.96794,,2006,+649-774-1616,sales@continentalindustries.com,2022-07-17T05:38:30.411Z
f9dd41de-9d9e-44af-80db-84b46cf642ef,9359313b-6554-4d82-896a-f8df6fcd0ef6,processing_plant,Eastern Processing Plant,525 Mining Way,,Eastern,Eastern,,Ghana,-18.81084,-57.8414,28821,2012,,,2020-12-08T05:38:30.453Z
e3d16eac-b040-4d26-b387-c895409adfc1,8955fe2c-2821-4805-a0e0-4c4ddda19e0a,headquarters,Pioneer Industries Headquarters,4947 Business Boulevard,Suite 100,Eastern Province,Eastern Province,92970,Rwanda,28.93157,-3.67041,,2017,+835-978-5636,sales@pioneerindustries.com,2023-09-06T05:38:30.411Z
8f13707c-4944-4240-9232-b718c3513743,8955fe2c-2821-4805-a0e0-4c4ddda19e0a,r_and_d_center,Eastern Province R And D Center,960 Mining Way,,Eastern Province,Eastern Province,,Rwanda,-6.90308,94.25772,,2023,,,2016-03-10T05:38:30.453Z
79f0b7ad-5a57-477a-a4eb-8b71dc5e9fc2,8955fe2c-2821-4805-a0e0-4c4ddda19e0a,office,Kigali Office,965 Mining Way,,Kigali,Kigali,,Rwanda,49.17905,119.82216,,2019,,,2021-09-15T05:38:30.453Z
26899140-e47a-4d6e-b4b3-61703b9b291e,e73e62f8-b739-4184-9c94-fef86df770a0,headquarters,Summit Minerals Headquarters,3803 Business Street,Building A,Bamako,Bamako,41261,Mali,41.28462,-63.33656,,1996,+939-295-1816,sales@summitminerals.com,2023-09-28T05:38:30.411Z
af675e08-564a-4c7c-ba4c-972560809ff2,e73e62f8-b739-4184-9c94-fef86df770a0,r_and_d_center,Northern Cape R And D Center,394 Industrial Road,,Northern Cape,Northern Cape,,South Africa,12.81667,40.72268,,2007,,,2016-06-19T05:38:30.453Z
56799670-df4d-467f-9763-14a8e82645d4,e73e62f8-b739-4184-9c94-fef86df770a0,warehouse,Northern Territory Warehouse,499 Industrial Way,,Northern Territory,Northern Territory,,Australia,-13.05119,81.34345,,2020,,,2021-09-16T05:38:30.453Z
35b1a69b-ea14-4a20-a5cc-b341b87b7e79,33ab3567-0b9c-4eda-afbd-56a0d6c58527,headquarters,Continental Lithium Headquarters,1863 Main Avenue,Building A,Manitoba,Manitoba,16709,Canada,-4.67916,71.01249,,2010,+819-208-7774,sales@continentallithium.com,2021-12-23T05:38:30.411Z
1a47d991-62a6-4b8e-982c-2cb8c076065e,33ab3567-0b9c-4eda-afbd-56a0d6c58527,warehouse,Nevada Warehouse,364 Processing Way,,Nevada,Nevada,67196,United States,32.06243,25.2632,,2017,,,2021-09-01T05:38:30.453Z
163b46b7-17c7-49e0-af9b-f2858a2fc50c,33ab3567-0b9c-4eda-afbd-56a0d6c58527,r_and_d_center,Quebec R And D Center,743 Industrial Road,,Quebec,Quebec,,Canada,-0.62812,16.50599,,2024,,,2023-05-03T05:38:30.453Z
354c5d27-9405-4253-9bb8-126321e5aa5f,a9baa336-d8c1-4f17-a5a3-33647959e08d,headquarters,Premier Enterprises Headquarters,2510 Business Boulevard,Building A,South Australia,South Australia,19076,Australia,-22.7885,-79.67868,,2009,+357-243-6187,sales@premierenterprises.com,2022-02-27T05:38:30.411Z
27a0e6c9-30d1-47b9-81cd-199ed3b95a63,a9baa336-d8c1-4f17-a5a3-33647959e08d,processing_plant,Karas Processing Plant,174 Industrial Way,,Karas,Karas,,Namibia,27.70754,0.25084,37082,2017,,,2016-04-30T05:38:30.453Z
063f5d93-37e3-43ef-82fd-c83be1dcc27d,b2f50972-7222-46ff-beb2-4abf815821fe,headquarters,Global Energy Headquarters,4250 Central Drive,Building A,Western Australia,Western Australia,53372,Australia,19.39704,20.00584,,2014,+911-809-4547,sales@globalenergy.com,2022-07-21T05:38:30.411Z
8a3b082a-3dac-4406-8179-588120764ef1,b2f50972-7222-46ff-beb2-4abf815821fe,office,Western Australia Office,666 Mining Zone,,Western Australia,Western Australia,,Australia,-4.75441,13.20086,,2018,,,2021-08-05T05:38:30.453Z
660cbbda-a5b0-42a5-8ace-9a9b558515ff,7e6280d4-3563-4ed6-a2b0-1faeda9e2b74,headquarters,Pacific Materials Headquarters,8741 Business Avenue,,Sikasso,Sikasso,58116,Mali,25.87672,-56.49809,,2007,+192-148-5794,sales@pacificmaterials.com,2022-02-28T05:38:30.411Z
60689399-cf83-4b69-bebc-fbd450d84489,7e6280d4-3563-4ed6-a2b0-1faeda9e2b74,office,Kayes Office,231 Industrial Zone,,Kayes,Kayes,,Mali,21.55644,6.62625,,2021,,,2022-10-07T05:38:30.453Z
a32d10be-8249-4fbe-b053-2745ddb352bf,56ccd334-43bc-4997-ae06-d6716b6e7101,headquarters,Eclipse Energy Headquarters,9968 Business Street,Building A,Manitoba,Manitoba,40034,Canada,-19.33413,109.68056,,2020,+490-501-3664,sales@eclipseenergy.com,2023-12-09T05:38:30.411Z
1c4bb733-de29-49ec-9262-e12092be2169,56ccd334-43bc-4997-ae06-d6716b6e7101,r_and_d_center,Katanga R And D Center,702 Processing Zone,,Katanga,Katanga,,Democratic Republic of Congo,27.41584,-73.16543,,2020,,,2020-08-02T05:38:30.453Z
e12b3487-e0b1-42c5-8d63-be1e94009146,c816b440-d47f-4413-9dd3-2d8098f07ff8,headquarters,Platinum Materials Headquarters,2952 Industrial Boulevard,Floor 5,Khomas,Khomas,84352,Namibia,-16.6944,109.23824,,2000,+546-862-6147,sales@platinummaterials.com,2022-12-27T05:38:30.411Z
a13a1c15-4c75-4de2-8114-d3594e3c724f,c816b440-d47f-4413-9dd3-2d8098f07ff8,mining_operation,Karas Mining Operation,Mine Site Processing Road,,Karas,Karas,,Namibia,27.95003,-108.17892,15508,2014,,,2024-07-08T05:38:30.453Z
27d232e8-2234-4547-b27e-acec52305fbc,4496c558-39c2-486f-8c7b-d621e76a1d0b,headquarters,Emerald Mining Headquarters,6962 Central Street,Floor 5,Antofagasta,Antofagasta,17753,Chile,48.13689,-68.04329,,2019,+886-163-9179,sales@emeraldmining.com,2024-12-08T05:38:30.411Z
bc427245-4152-4c47-9ae1-28f476e36690,4496c558-39c2-486f-8c7b-d621e76a1d0b,warehouse,Atacama Warehouse,349 Mining Way,,Atacama,Atacama,,Chile,-24.86733,-38.55499,,2024,,,2024-07-14T05:38:30.453Z
13449e1b-bb69-4af4-8049-69053ef214de,4496c558-39c2-486f-8c7b-d621e76a1d0b,r_and_d_center,Santiago R And D Center,856 Mining Way,,Santiago,Santiago,,Chile,28.21661,78.78161,,2024,,,2020-07-24T05:38:30.453Z
bca35312-2c1a-4f1e-b48d-e73221343cb4,90be6962-3f84-4ae1-b418-fc65256c02d0,headquarters,Summit Group Headquarters,6098 Main Street,Floor 5,Manono,Manono,56361,Democratic Republic of Congo,34.05173,114.15019,,2001,+256-245-7224,sales@summitgroup.com,2022-02-18T05:38:30.411Z
2d9aad90-17b5-44f9-b0c9-ef1792cbe128,90be6962-3f84-4ae1-b418-fc65256c02d0,processing_plant,Katanga Processing Plant,759 Industrial Zone,,Katanga,Katanga,,Democratic Republic of Congo,-31.50826,34.61914,26550,2014,,,2019-02-11T05:38:30.453Z
fec08e52-d0bc-4167-9431-514e298180a1,b7b17528-c4fd-4a36-a27a-eb178e66ee70,headquarters,Global Lithium Headquarters,2213 Main Street,Floor 5,Western Australia,Western Australia,45654,Australia,-28.69112,91.90312,,2013,+169-237-8054,sales@globallithium.com,2021-02-02T05:38:30.411Z
a9734d70-a613-4ac4-81e0-4025d494e38a,170c951d-32a9-4902-8594-379c4591e480,headquarters,Atlantic Energy Headquarters,6910 Industrial Boulevard,Building A,Santiago,Santiago,58591,Chile,25.82911,95.64388,,2000,+150-721-8022,sales@atlanticenergy.com,2022-02-26T05:38:30.411Z
af860ae5-4880-4ebe-94d2-8fbfd7759a5a,170c951d-32a9-4902-8594-379c4591e480,processing_plant,Atacama Processing Plant,36 Industrial Zone,,Atacama,Atacama,,Chile,-1.13914,6.25596,23975,2018,,,2023-04-19T05:38:30.453Z
c70c15af-8e0c-4949-86ce-a8a95e05b33c,71d2fbdb-0b1f-45df-b294-45de2760278a,headquarters,Summit Holdings Headquarters,6259 Industrial Drive,Floor 5,Lagos,Lagos,63040,Nigeria,26.14196,-26.62275,,1999,+331-621-3122,sales@summitholdings.com,2022-04-12T05:38:30.411Z
2937aca3-4935-4f9d-934d-154deedef28f,71d2fbdb-0b1f-45df-b294-45de2760278a,mining_operation,Qinghai Mining Operation,Mine Site Mining Road,,Qinghai,Qinghai,,China,-2.74151,-34.28372,33945,2006,,,2017-10-28T05:38:30.453Z
3809a9f7-f625-4bca-b1ba-30e125023391,71d2fbdb-0b1f-45df-b294-45de2760278a,r_and_d_center,Plateau R And D Center,152 Mining Zone,,Plateau,Plateau,,Nigeria,-20.35237,98.18033,,2001,,,2017-04-05T05:38:30.453Z
cf189209-c25e-4974-90ac-3555ebd70071,cbf172d5-a1ac-4e8a-afc0-e4f5ac9c76ac,headquarters,Synergy Energy Headquarters,1836 Business Boulevard,,Eastern Province,Eastern Province,98385,Rwanda,12.04302,-15.15793,,2007,+483-904-8555,sales@synergyenergy.com,2022-03-07T05:38:30.411Z
2a69f1a9-43e1-4894-9386-8bad1e3f54d1,9df72f32-5c7d-4901-98e1-1b6eb377f49c,headquarters,Pioneer Lithium Headquarters,3704 Main Drive,Building A,Manono,Manono,14783,Democratic Republic of Congo,-22.78049,21.94929,,2000,+902-877-2017,sales@pioneerlithium.com,2024-05-09T05:38:30.411Z
0e893f8c-ed00-4e71-a796-e9c4d5272ec6,84eff56b-69e2-4013-a4c7-e08471bda854,headquarters,Advanced Industries Headquarters,7488 Central Avenue,Suite 100,Western Province,Western Province,76200,Rwanda,47.73567,-99.85276,,2010,+220-378-6170,sales@advancedindustries.com,2021-03-30T05:38:30.411Z
f6213bde-7a6b-4257-a80b-673004b09440,84eff56b-69e2-4013-a4c7-e08471bda854,warehouse,Atacama Warehouse,821 Processing Zone,,Atacama,Atacama,,Chile,22.28728,-56.25354,,2022,,,2021-01-02T05:38:30.453Z
233e097e-9368-4af3-adab-861f0326c0d1,84eff56b-69e2-4013-a4c7-e08471bda854,processing_plant,Kigali Processing Plant,424 Industrial Road,,Kigali,Kigali,,Rwanda,-29.37115,-4.30764,42405,2014,,,2017-08-15T05:38:30.453Z
bd68c406-4a8d-4302-893c-480e22fc2378,3325ba7a-77e0-4a21-85bc-6ec7759c8e05,headquarters,Eclipse Mining Headquarters,1241 Central Drive,Floor 5,Gauteng,Gauteng,36016,South Africa,29.75372,17.83437,,2010,+99-442-6558,sales@eclipsemining.com,2022-09-30T05:38:30.411Z
74d1ed0f-3adc-4542-81be-ae0c409cda0d,3325ba7a-77e0-4a21-85bc-6ec7759c8e05,processing_plant,Karas Processing Plant,453 Processing Way,,Karas,Karas,,Namibia,28.54041,-89.26188,35061,2020,,,2018-10-20T05:38:30.453Z
f9997f0a-23d9-4fdc-8fac-8af8c235d987,f08d4e0c-46b6-43a9-b92f-a84f674de151,headquarters,Diamond Group Headquarters,4786 Business Avenue,Building A,Western,Western,15871,Ghana,46.61685,60.88261,,2001,+23-935-9140,sales@diamondgroup.com,2022-10-13T05:38:30.411Z
13db8ef0-7d45-4109-b7be-c31f0264171f,f08d4e0c-46b6-43a9-b92f-a84f674de151,warehouse,Sikasso Warehouse,731 Mining Road,,Sikasso,Sikasso,,Mali,17.91063,113.02094,,2008,,,2023-05-31T05:38:30.453Z
ecfa5b4e-8ec0-4040-b1bd-8b99b923599e,69db692c-92e1-4c78-ab13-98260c2b8785,headquarters,Horizon Lithium Headquarters,1833 Main Drive,Floor 5,Ashanti,Ashanti,94830,Ghana,-8.38153,115.47984,,1998,+539-222-2834,sales@horizonlithium.com,2024-04-14T05:38:30.411Z
c5aad0a2-7594-4d49-86bd-375ffdcf2469,0a271ac4-898b-4e9e-b0a8-7dab203ae956,headquarters,Apex Corporation Headquarters,8143 Central Drive,,Western Province,Western Province,80085,Rwanda,1.88819,81.76063,,2005,+201-742-9599,sales@apexcorporation.com,2022-08-04T05:38:30.411Z
81a7525f-9740-4177-b8d2-db9c0d0d2a55,0a271ac4-898b-4e9e-b0a8-7dab203ae956,r_and_d_center,Kigali R And D Center,230 Mining Way,,Kigali,Kigali,,Rwanda,-1.94202,-95.00894,,2012,,,2024-03-04T05:38:30.453Z
ce950a75-8057-41aa-8a4a-6dc595bbbfb0,0a271ac4-898b-4e9e-b0a8-7dab203ae956,r_and_d_center,Khomas R And D Center,888 Industrial Road,,Khomas,Khomas,,Namibia,-19.02874,1.79068,,2022,,,2016-02-29T05:38:30.453Z
fc0a181c-433e-4395-8867-2e3fb31ecd7c,a8c6fa9f-f909-4d6b-bd41-e31472c2c9fb,headquarters,Emerald Energy Headquarters,1947 Main Avenue,Suite 100,Karas,Karas,31429,Namibia,25.61934,88.11937,,2016,+522-409-9617,sales@emeraldenergy.com,2021-04-04T05:38:30.411Z
333723ba-b578-4a38-a735-0731e3d40f26,a8c6fa9f-f909-4d6b-bd41-e31472c2c9fb,mining_operation,Khomas Mining Operation,Mine Site Industrial Way,,Khomas,Khomas,,Namibia,39.85902,-29.1348,39718,2022,,,2016-11-01T05:38:30.453Z
0360c785-e42c-4feb-b9b0-584b9bd86b0a,4b7b5184-e4a5-40a9-8953-c01a40ae7bb1,headquarters,Synergy Group Headquarters,8648 Central Street,Building A,Arkansas,Arkansas,96110,United States,41.58613,-35.45009,,2012,+974-876-7427,sales@synergygroup.com,2022-10-24T05:38:30.411Z
21b57736-3fc0-4c79-a801-794464b07b05,0208e2ff-4c35-4e75-8fc2-e9999728b4e3,headquarters,Synergy Group Headquarters,5522 Industrial Drive,,Southern Nations,Southern Nations,24489,Ethiopia,-16.1777,-38.19569,,1996,+536-552-6883,sales@synergygroup.com,2023-10-28T05:38:30.411Z
9dc31d79-80f1-413c-96bd-e20b7e954427,0208e2ff-4c35-4e75-8fc2-e9999728b4e3,office,Oromia Office,983 Industrial Road,,Oromia,Oromia,,Ethiopia,-4.05078,70.03871,,2024,,,2017-11-01T05:38:30.453Z
6bb79afb-9c43-41d4-93e8-64a224ce4b75,5c40cade-c942-4528-8048-02a989eed85d,headquarters,Meridian Corporation Headquarters,6570 Business Street,Building A,Northwest Territories,Northwest Territories,95224,Canada,5.16604,123.96367,,1996,+681-393-4935,sales@meridiancorporation.com,2023-07-28T05:38:30.411Z
b6d85211-dbba-4c24-8e2f-fb48b2bc6e98,4942af99-35dc-4674-8541-92dc7395fa0b,headquarters,Premier Corporation Headquarters,9933 Central Avenue,Suite 100,Bamako,Bamako,20420,Mali,-30.11551,90.55978,,2004,+320-103-1912,sales@premiercorporation.com,2021-10-01T05:38:30.411Z
e15855bb-eaa1-49cc-af1b-7cee96c87bae,4942af99-35dc-4674-8541-92dc7395fa0b,processing_plant,Plateau Processing Plant,323 Mining Way,,Plateau,Plateau,,Nigeria,37.0761,51.96011,37944,2016,,,2018-10-04T05:38:30.453Z
06f18f8d-e8f0-4de3-b775-73efd85ac9cd,b76f14c3-32ac-44cf-9716-780bbb7f98f9,headquarters,Premier Mining Headquarters,7830 Industrial Boulevard,Floor 5,Nasarawa,Nasarawa,91651,Nigeria,30.77768,87.47879,,2004,+325-908-4339,sales@premiermining.com,2023-03-02T05:38:30.411Z
9a0e3537-64bd-4cdd-9e00-ae51b135b3fa,b76f14c3-32ac-44cf-9716-780bbb7f98f9,office,Nasarawa Office,442 Mining Zone,,Nasarawa,Nasarawa,,Nigeria,-19.85287,-33.28064,,2022,,,2021-02-28T05:38:30.453Z
429f8983-2f47-4c50-9ab8-d78c4402cf8d,6a83ca53-c0a9-42ef-85a8-c6007f6d97b5,headquarters,Emerald Materials Headquarters,8011 Industrial Boulevard,Floor 5,Western Australia,Western Australia,68444,Australia,5.08879,-88.11938,,2007,+299-292-5862,sales@emeraldmaterials.com,2021-11-02T05:38:30.411Z
789d14c2-ab8b-4770-938e-71cdb9b0af65,6a83ca53-c0a9-42ef-85a8-c6007f6d97b5,warehouse,Mutoko Warehouse,148 Processing Road,,Mutoko,Mutoko,,Zimbabwe,28.29626,-59.39839,,2022,,,2020-03-09T05:38:30.453Z
d13dc234-7201-4b3a-9a6f-0fdc6dbe155e,5ae88a11-3e4e-44bd-882c-16084a57f8cc,headquarters,Frontier Energy Headquarters,6736 Industrial Drive,Floor 5,Mutoko,Mutoko,58304,Zimbabwe,36.66628,40.41154,,1999,+523-266-7627,sales@frontierenergy.com,2023-02-02T05:38:30.411Z
a790addc-a77d-4e3e-8792-9006e1e3b32c,870dc9ac-795a-4851-ac2a-3cf9f083df9f,headquarters,Emerald Group Headquarters,8881 Industrial Drive,Suite 100,Mutoko,Mutoko,73765,Zimbabwe,23.01561,94.34625,,2011,+227-368-7219,sales@emeraldgroup.com,2021-04-21T05:38:30.411Z
530dac87-e9a0-4789-a3dc-6a66ce450b50,870dc9ac-795a-4851-ac2a-3cf9f083df9f,warehouse,Mutoko Warehouse,873 Processing Road,,Mutoko,Mutoko,,Zimbabwe,-21.88323,86.51757,,2016,,,2020-04-21T05:38:30.453Z
c5be4af7-eb50-4560-b43f-57260474bda5,870dc9ac-795a-4851-ac2a-3cf9f083df9f,mining_operation,Goromonzi Mining Operation,Mine Site Processing Way,,Goromonzi,Goromonzi,,Zimbabwe,-28.35328,-59.04911,10228,2021,,,2023-02-23T05:38:30.454Z
4fa3eda4-d409-4deb-b8c8-c774de889152,68db7c08-8dcd-4cb6-b001-eec88539af33,headquarters,Meridian Lithium Headquarters,4706 Industrial Avenue,Suite 100,Manono,Manono,30466,Democratic Republic of Congo,-9.42661,-63.37305,,2002,+867-266-6421,sales@meridianlithium.com,2023-03-18T05:38:30.411Z
3b2a3944-d9cc-4484-bada-ade4f6a89fc6,68db7c08-8dcd-4cb6-b001-eec88539af33,mining_operation,Kinshasa Mining Operation,Mine Site Industrial Road,,Kinshasa,Kinshasa,,Democratic Republic of Congo,-5.55171,-94.75388,11034,2011,,,2018-04-24T05:38:30.454Z
ae63585a-db5f-45cd-864c-6793e0561c35,9639e31d-91c0-43bd-a926-d55c4211676e,headquarters,Vertex Industries Headquarters,1615 Industrial Drive,,Jujuy,Jujuy,34815,Argentina,5.73501,15.83746,,2020,+848-562-9875,sales@vertexindustries.com,2021-01-05T05:38:30.411Z
45dbccd5-e695-4171-8ca9-c0bfef36690b,9639e31d-91c0-43bd-a926-d55c4211676e,processing_plant,Manono Processing Plant,246 Industrial Road,,Manono,Manono,,Democratic Republic of Congo,29.53232,17.57899,35081,2023,,,2017-10-01T05:38:30.454Z
5fe611a6-f71d-4718-9122-bd23124f2c7d,9639e31d-91c0-43bd-a926-d55c4211676e,office,North Carolina Office,83 Mining Way,,North Carolina,North Carolina,83826,United States,42.39426,-42.46078,,2022,,,2024-09-08T05:38:30.454Z
7f4fc727-fe78-4e48-ab2f-07db789817a7,b545402d-b565-41e7-90b2-a32cc86317c3,headquarters,Diamond Materials Headquarters,6542 Industrial Avenue,,South Australia,South Australia,67576,Australia,-32.35494,-7.72941,,2013,+916-105-9109,sales@diamondmaterials.com,2024-02-18T05:38:30.411Z
6db299db-4ee9-4f17-963a-cc9de29555f4,b545402d-b565-41e7-90b2-a32cc86317c3,mining_operation,Atacama Mining Operation,Mine Site Processing Way,,Atacama,Atacama,,Chile,32.78363,-58.11519,7312,2017,,,2019-02-03T05:38:30.454Z
4ef3c641-22b3-4bc1-a451-b828f2164fa6,b545402d-b565-41e7-90b2-a32cc86317c3,mining_operation,Northern Territory Mining Operation,Mine Site Processing Road,,Northern Territory,Northern Territory,,Australia,-2.38795,-109.2083,25132,2023,,,2021-11-12T05:38:30.454Z
5f06a786-c5ba-4c51-9d72-d68185dd6e58,4d60b8b2-a348-477a-a5e2-969415d5b2ad,headquarters,United Minerals Headquarters,3149 Industrial Drive,Floor 5,Kigali,Kigali,40062,Rwanda,33.89108,65.67649,,2015,+842-479-1152,sales@unitedminerals.com,2021-04-09T05:38:30.411Z
f6f30047-5af4-4b59-9ffb-f660c7a02041,4d60b8b2-a348-477a-a5e2-969415d5b2ad,mining_operation,Eastern Province Mining Operation,Mine Site Industrial Way,,Eastern Province,Eastern Province,,Rwanda,-32.4909,31.36552,32708,2017,,,2024-03-29T05:38:30.454Z
d4681fba-d59d-47e5-be99-098292dd4c41,4d60b8b2-a348-477a-a5e2-969415d5b2ad,r_and_d_center,Qinghai R And D Center,380 Processing Road,,Qinghai,Qinghai,,China,19.91167,89.39017,,2020,,,2017-03-08T05:38:30.454Z
9a964de1-0058-442e-bd90-cf1ffbff1e01,57d13328-0d73-48eb-aff2-7a029e192419,headquarters,Quantum Holdings Headquarters,2647 Main Boulevard,Floor 5,Manitoba,Manitoba,84878,Canada,-0.40635,-30.11313,,1996,+907-181-1239,sales@quantumholdings.com,2021-06-01T05:38:30.411Z
075a6334-dac4-4db4-a8d4-43d3d79bd8a7,57d13328-0d73-48eb-aff2-7a029e192419,office,Manitoba Office,855 Industrial Zone,,Manitoba,Manitoba,,Canada,30.53631,-96.10506,,2005,,,2019-11-30T05:38:30.454Z
b1e09b7c-2eb3-4f51-b1d4-37a42f5f87da,57d13328-0d73-48eb-aff2-7a029e192419,warehouse,Catamarca Warehouse,159 Mining Road,,Catamarca,Catamarca,,Argentina,49.55058,-109.11396,,2012,,,2021-04-23T05:38:30.454Z
2593b174-d656-45ba-8e36-7cc2058c63d3,2ab13aab-6094-4c0d-9d45-af607b1c664e,headquarters,Horizon Materials Headquarters,4768 Business Street,Building A,Kayes,Kayes,51347,Mali,-26.25448,-102.33177,,2013,+611-764-5273,sales@horizonmaterials.com,2021-09-08T05:38:30.411Z
0953e2ef-d333-4759-a887-f8e14f4f3c4d,2ab13aab-6094-4c0d-9d45-af607b1c664e,office,Kayes Office,298 Mining Zone,,Kayes,Kayes,,Mali,-3.50472,-109.38502,,2015,,,2022-07-27T05:38:30.454Z
373b7d88-03e5-409e-aef5-9aed900e3890,8d89e775-abf3-4f31-aa0f-9466b6fecfb4,headquarters,Pacific Lithium Headquarters,1668 Industrial Boulevard,Building A,Catamarca,Catamarca,71375,Argentina,-30.91805,-17.37389,,2010,+873-634-5428,sales@pacificlithium.com,2021-02-07T05:38:30.411Z
4da420e8-29a3-4d5c-8ffd-b0cc3361429c,8d89e775-abf3-4f31-aa0f-9466b6fecfb4,processing_plant,Nevada Processing Plant,10 Industrial Road,,Nevada,Nevada,78422,United States,10.73219,-105.76858,45677,2015,,,2017-01-26T05:38:30.454Z
5f03a872-4077-41f8-b901-1dcd97c18f66,8d89e775-abf3-4f31-aa0f-9466b6fecfb4,r_and_d_center,Salta R And D Center,29 Processing Road,,Salta,Salta,,Argentina,27.61177,84.61601,,2024,,,2016-01-13T05:38:30.454Z
49ca6f70-e361-4647-b142-8bf334b8e6d0,732065c3-9210-49c5-9c01-d28eb1e753cd,headquarters,Pacific Corporation Headquarters,5956 Business Boulevard,,Western Province,Western Province,71684,Rwanda,7.6918,-60.02491,,2003,+985-153-1935,sales@pacificcorporation.com,2021-11-28T05:38:30.411Z
6fd36f9a-69e0-4e0e-acea-64daf63d8079,732065c3-9210-49c5-9c01-d28eb1e753cd,mining_operation,Eastern Province Mining Operation,Mine Site Industrial Zone,,Eastern Province,Eastern Province,,Rwanda,40.98778,10.45361,26666,2023,,,2023-02-22T05:38:30.454Z
95e16cc5-e641-4321-97b3-609bceb0d0cc,732065c3-9210-49c5-9c01-d28eb1e753cd,processing_plant,Kigali Processing Plant,687 Industrial Zone,,Kigali,Kigali,,Rwanda,-17.92682,28.07038,47985,2008,,,2022-12-26T05:38:30.454Z
49f9b006-2135-42e5-b97f-9c6d3549bce6,de1ef6ef-b100-4b42-ad00-48f03487068e,headquarters,Meridian Energy Headquarters,8055 Main Drive,Suite 100,Manono,Manono,83474,Democratic Republic of Congo,-24.98537,-96.39096,,1999,+842-421-4615,sales@meridianenergy.com,2023-07-21T05:38:30.411Z
25131756-f0d0-4c9d-845b-50ff3cffea5d,de1ef6ef-b100-4b42-ad00-48f03487068e,r_and_d_center,Kinshasa R And D Center,804 Industrial Zone,,Kinshasa,Kinshasa,,Democratic Republic of Congo,38.49825,26.08672,,2004,,,2017-06-07T05:38:30.454Z
0028270f-dae6-41a6-9d6f-846885cf3cec,41d792b5-41a9-4c17-b696-2ec29efd8321,headquarters,Pioneer Energy Headquarters,4474 Main Drive,,Mutoko,Mutoko,57964,Zimbabwe,16.30816,-47.52491,,1995,+155-209-2750,sales@pioneerenergy.com,2024-11-04T05:38:30.411Z
7b164e6c-b0a6-489b-8c43-b6cb957d6fbb,41d792b5-41a9-4c17-b696-2ec29efd8321,r_and_d_center,Salta R And D Center,159 Processing Road,,Salta,Salta,,Argentina,-10.59454,-88.51199,,2003,,,2021-04-27T05:38:30.454Z
8695e7ed-98f4-4c35-bfb1-67c3e5d5dd11,41d792b5-41a9-4c17-b696-2ec29efd8321,processing_plant,Bikita Processing Plant,249 Mining Zone,,Bikita,Bikita,,Zimbabwe,48.17198,-100.0848,30845,2020,,,2023-06-27T05:38:30.454Z
1b5c1bf3-e3dc-46e5-a5c5-2c4e879e2891,cae4d6b6-f6a4-4fc0-a3e6-123a72de64fa,headquarters,International Corporation Headquarters,8300 Central Avenue,Floor 5,California,California,47912,United States,-30.812,108.99048,,2001,+443-135-1247,sales@internationalcorporation.com,2024-09-30T05:38:30.411Z
6258348d-6413-4228-8341-bae61d136a4c,86840899-7fd7-43ef-bb0b-d9662d595c82,headquarters,Atlantic Resources Headquarters,6616 Central Drive,Floor 5,Kayes,Kayes,69822,Mali,30.055,103.30712,,2019,+197-756-9876,sales@atlanticresources.com,2022-11-07T05:38:30.411Z
dc5dbb5a-2cf7-421e-9e3a-3715e2947ee6,86840899-7fd7-43ef-bb0b-d9662d595c82,warehouse,Limpopo Warehouse,504 Mining Way,,Limpopo,Limpopo,,South Africa,4.63917,-19.51812,,2019,,,2017-06-11T05:38:30.454Z
9192e062-92d3-49c8-b790-6ad171639230,3dd84518-e6a3-4089-ad2e-b1da5f19f97b,headquarters,Pacific Mining Headquarters,4612 Business Boulevard,,Quebec,Quebec,15812,Canada,-2.25371,-15.06676,,2016,+944-436-8265,sales@pacificmining.com,2022-06-29T05:38:30.411Z
8d60b47e-3405-41ae-9e46-85b03634588d,3dd84518-e6a3-4089-ad2e-b1da5f19f97b,processing_plant,Quebec Processing Plant,331 Industrial Zone,,Quebec,Quebec,,Canada,5.46424,62.87776,20076,2020,,,2022-10-08T05:38:30.454Z
d4a772fd-fdaa-44ac-92aa-0778dda5d979,27fd484d-a62a-4a6b-9724-a3a1ef7169ca,headquarters,Premier Resources Headquarters,9235 Central Drive,Floor 5,Ashanti,Ashanti,18856,Ghana,49.94266,-57.30418,,2012,+280-681-9266,sales@premierresources.com,2021-11-23T05:38:30.411Z
9f8e90b6-8cca-4669-998d-f6480afb6525,9111d683-0be7-422c-b2d1-c65d47891556,headquarters,Apex Resources Headquarters,9644 Main Boulevard,Building A,Arkansas,Arkansas,68325,United States,47.54455,22.68344,,2004,+141-636-3616,sales@apexresources.com,2023-08-03T05:38:30.412Z
c51a0d17-e1f8-4873-b638-033831f401dd,9111d683-0be7-422c-b2d1-c65d47891556,office,South Australia Office,327 Mining Way,,South Australia,South Australia,,Australia,19.18963,-98.73053,,2023,,,2016-04-25T05:38:30.454Z
64753f1f-0537-4a2a-91e8-47d38ea7f10c,5cdac5bc-c951-45be-a3ba-070a1a280fde,headquarters,Global Mining Headquarters,6804 Industrial Drive,Building A,Erongo,Erongo,35768,Namibia,44.74768,54.99277,,2011,+501-649-7257,sales@globalmining.com,2023-07-03T05:38:30.412Z
f7c08da1-fcd9-4596-bd98-4326bab041e8,5cdac5bc-c951-45be-a3ba-070a1a280fde,processing_plant,Eastern Processing Plant,147 Mining Zone,,Eastern,Eastern,,Ghana,-10.74925,-48.17611,9251,2012,,,2023-09-14T05:38:30.454Z
17d8f8e2-2848-43a1-bc21-f80412d82171,5cdac5bc-c951-45be-a3ba-070a1a280fde,office,Erongo Office,672 Processing Zone,,Erongo,Erongo,,Namibia,9.93965,-103.84305,,2024,,,2017-07-03T05:38:30.454Z
9297923c-131f-4777-82dd-2f2eeaf59a44,7d9de43b-e552-4a17-b164-3bc041b4bdc9,headquarters,Global Corporation Headquarters,7071 Business Street,Floor 5,Atacama,Atacama,10319,Chile,-0.68645,-8.49851,,2016,+121-362-4569,sales@globalcorporation.com,2023-10-22T05:38:30.412Z
c7aa5d1e-5147-44ae-b36e-fed6b57ff845,7d9de43b-e552-4a17-b164-3bc041b4bdc9,mining_operation,Manitoba Mining Operation,Mine Site Processing Zone,,Manitoba,Manitoba,,Canada,24.36113,-51.17449,32292,2019,,,2024-04-18T05:38:30.454Z
89af38ef-dfc7-4271-8f0b-e6d378cf3e12,7d9de43b-e552-4a17-b164-3bc041b4bdc9,processing_plant,Southern Nations Processing Plant,399 Industrial Way,,Southern Nations,Southern Nations,,Ethiopia,-32.21441,-108.25918,37187,2022,,,2019-04-17T05:38:30.454Z
37d7e2f6-26de-4134-88fc-b612f3ef79c7,c9583b6a-e295-4536-b6f6-6a13b293e1cb,headquarters,Eclipse Mining Headquarters,5575 Industrial Avenue,,Northern Cape,Northern Cape,21590,South Africa,4.22801,50.77514,,1995,+783-362-2337,sales@eclipsemining.com,2022-05-20T05:38:30.412Z
cdc943af-1e28-4812-a178-197156a74997,c9583b6a-e295-4536-b6f6-6a13b293e1cb,mining_operation,Limpopo Mining Operation,Mine Site Mining Zone,,Limpopo,Limpopo,,South Africa,-33.72594,16.96087,13489,2004,,,2016-05-20T05:38:30.454Z
a9a2c753-5abe-45b8-881b-7a25f5d85386,c9583b6a-e295-4536-b6f6-6a13b293e1cb,warehouse,Addis Ababa Warehouse,809 Industrial Way,,Addis Ababa,Addis Ababa,,Ethiopia,30.37026,63.82293,,2013,,,2023-02-02T05:38:30.454Z
558db2cb-ae0f-4b12-a26c-665e642e7fd8,8e503c29-9cdb-4f53-ae51-aee678085660,headquarters,United Enterprises Headquarters,9924 Central Avenue,Suite 100,Kigali,Kigali,58527,Rwanda,-19.17915,98.11052,,1999,+440-389-8623,sales@unitedenterprises.com,2023-05-24T05:38:30.412Z
8ac3d542-671d-4c84-b3fa-13fc765ae58b,8e503c29-9cdb-4f53-ae51-aee678085660,office,Kigali Office,581 Industrial Zone,,Kigali,Kigali,,Rwanda,6.37982,-17.19127,,2020,,,2017-03-09T05:38:30.454Z
dabf9c02-622f-49e6-ad9f-a1950a495bc2,48064f65-e81f-4fb0-abf6-e1cf4cd9f253,headquarters,Eclipse Energy Headquarters,8234 Industrial Boulevard,Suite 100,Khomas,Khomas,53611,Namibia,-28.36936,-79.8289,,2019,+969-506-8258,sales@eclipseenergy.com,2023-06-02T05:38:30.412Z
d5b48b43-02e3-427a-9e0e-c6e86afb3e3c,48064f65-e81f-4fb0-abf6-e1cf4cd9f253,mining_operation,Mutoko Mining Operation,Mine Site Industrial Way,,Mutoko,Mutoko,,Zimbabwe,-3.70974,39.26988,12922,2023,,,2022-06-20T05:38:30.454Z
2112dcab-41df-4c01-a713-edc4c7335358,64cfa10e-af34-48dc-939d-b90b8a33e996,headquarters,Zenith Energy Headquarters,5770 Industrial Drive,Building A,Erongo,Erongo,28490,Namibia,10.03355,37.17229,,1996,+725-367-3727,sales@zenithenergy.com,2022-11-17T05:38:30.412Z
4c736ca2-adf6-4724-9118-5c045917207c,64cfa10e-af34-48dc-939d-b90b8a33e996,r_and_d_center,Khomas R And D Center,497 Processing Zone,,Khomas,Khomas,,Namibia,46.32479,62.07289,,2024,,,2019-04-12T05:38:30.454Z
8015b6f8-4fd3-41a6-b5f5-0318b928b865,64cfa10e-af34-48dc-939d-b90b8a33e996,r_and_d_center,Nasarawa R And D Center,304 Mining Way,,Nasarawa,Nasarawa,,Nigeria,-31.88499,98.65518,,2012,,,2021-12-25T05:38:30.454Z
f491e474-c72d-4284-82c3-d02139b10778,6786451c-c5f5-4316-9fa5-7427bb245cfa,headquarters,Global Minerals Headquarters,1257 Main Boulevard,Floor 5,Katanga,Katanga,62478,Democratic Republic of Congo,2.46167,97.68466,,2005,+108-334-9245,sales@globalminerals.com,2024-12-05T05:38:30.412Z
06867ba4-57a7-48a1-bf1c-cba8baa29533,6786451c-c5f5-4316-9fa5-7427bb245cfa,mining_operation,Khomas Mining Operation,Mine Site Mining Road,,Khomas,Khomas,,Namibia,24.45359,-97.88523,13751,2005,,,2020-11-14T05:38:30.454Z
3c2e5923-a278-41d4-9d0f-1c66571e12ef,6786451c-c5f5-4316-9fa5-7427bb245cfa,office,Oromia Office,316 Industrial Road,,Oromia,Oromia,,Ethiopia,12.96468,33.8511,,2011,,,2023-01-13T05:38:30.454Z
619a0605-a587-4686-a6f0-cf736c82c710,0e2b95c5-5b01-4d6e-b925-d07fdbe8ac6b,headquarters,Platinum Enterprises Headquarters,6811 Central Drive,,Kigali,Kigali,35691,Rwanda,2.0651,61.98796,,1999,+63-914-8269,sales@platinumenterprises.com,2021-12-31T05:38:30.412Z
b020c863-3b39-473a-abf2-bbdc484ddcfa,c6fd996f-9111-44dd-8a5c-447d9ec855ce,headquarters,United Corporation Headquarters,5939 Main Boulevard,Suite 100,Jiangxi,Jiangxi,74724,China,10.12111,-0.81755,,2001,+873-645-5945,sales@unitedcorporation.com,2024-01-26T05:38:30.412Z
99e2b252-cd2d-43f9-a136-02264fca5aa3,c6fd996f-9111-44dd-8a5c-447d9ec855ce,mining_operation,Tibet Mining Operation,Mine Site Industrial Zone,,Tibet,Tibet,,China,14.84145,112.63772,42923,2001,,,2016-11-14T05:38:30.454Z
10f09ecb-defe-4682-bda0-8b20c6c2b762,c6fd996f-9111-44dd-8a5c-447d9ec855ce,r_and_d_center,Tibet R And D Center,336 Processing Way,,Tibet,Tibet,,China,-32.86768,-39.49108,,2022,,,2022-04-04T05:38:30.454Z
b929370d-e0bb-4842-b638-ed86dd41a1a3,420bfee0-8d70-4bca-a8a3-5664e72d8fef,headquarters,Quantum Lithium Headquarters,844 Industrial Drive,Building A,Addis Ababa,Addis Ababa,20941,Ethiopia,8.31138,-52.35109,,1999,+797-432-9788,sales@quantumlithium.com,2021-12-22T05:38:30.412Z
31c51771-3e9a-41a2-8c38-332723aedcee,420bfee0-8d70-4bca-a8a3-5664e72d8fef,mining_operation,Oromia Mining Operation,Mine Site Industrial Zone,,Oromia,Oromia,,Ethiopia,6.41064,74.43771,28050,2008,,,2019-10-06T05:38:30.454Z
3ab568ef-cf34-4a74-b98e-da7b6c2da0d6,420bfee0-8d70-4bca-a8a3-5664e72d8fef,office,Kigali Office,274 Processing Zone,,Kigali,Kigali,,Rwanda,4.22682,-54.71456,,2013,,,2024-07-18T05:38:30.454Z
c352f024-fcfd-4aba-b51c-70a101139641,9253540c-1c21-46d1-99d1-c5c4f716d37a,headquarters,Atlantic Holdings Headquarters,9954 Central Drive,Floor 5,Atacama,Atacama,63530,Chile,26.22088,103.96638,,2011,+39-260-9474,sales@atlanticholdings.com,2023-11-23T05:38:30.412Z
fc34e72d-139f-4e5f-9a9a-5996e10fc7af,d4507d8e-c7cb-462f-bbb7-77ad981830f8,headquarters,Quantum Holdings Headquarters,3300 Business Boulevard,Suite 100,Eastern,Eastern,70771,Ghana,21.58499,-32.74916,,2004,+203-866-1248,sales@quantumholdings.com,2023-01-22T05:38:30.413Z
d2d7a87a-be7d-40d8-97ad-03e07cf453f9,d4507d8e-c7cb-462f-bbb7-77ad981830f8,warehouse,Ashanti Warehouse,483 Processing Road,,Ashanti,Ashanti,,Ghana,-1.32174,97.80386,,2020,,,2024-11-27T05:38:30.454Z
8c960ada-f5e3-40da-8ab8-7eac9826f56e,e87d343f-6e94-43b8-adde-6dc72f0bd7a1,headquarters,Global Corporation Headquarters,6398 Business Street,,Lagos,Lagos,73929,Nigeria,45.60519,87.25288,,2006,+352-636-2695,sales@globalcorporation.com,2024-07-08T05:38:30.413Z
d7690946-dfb9-4201-8f40-52264da0334e,2fdb218f-c48f-4de7-ad02-fd395117beb6,headquarters,Pacific Corporation Headquarters,9457 Central Avenue,Floor 5,Khomas,Khomas,19119,Namibia,5.00612,42.71173,,1998,+34-910-9055,sales@pacificcorporation.com,2022-09-06T05:38:30.413Z
c6346223-cf9b-4f97-b529-4cc52b1ad7a6,ea2c37c7-46e8-47c7-8577-70d863154c38,headquarters,Global Corporation Headquarters,288 Industrial Drive,Floor 5,Limpopo,Limpopo,42684,South Africa,32.09646,-10.12292,,2014,+302-956-5166,sales@globalcorporation.com,2022-03-26T05:38:30.413Z
b58d2c7d-e4ca-4293-8985-ae36508a47c7,ea2c37c7-46e8-47c7-8577-70d863154c38,processing_plant,Goromonzi Processing Plant,528 Industrial Zone,,Goromonzi,Goromonzi,,Zimbabwe,-13.08639,-86.95766,18310,2024,,,2020-06-16T05:38:30.454Z
316b792e-4a99-40ab-b0ca-3874444df733,ea2c37c7-46e8-47c7-8577-70d863154c38,processing_plant,Bamako Processing Plant,280 Processing Zone,,Bamako,Bamako,,Mali,-3.93296,-15.31306,20404,2016,,,2017-05-13T05:38:30.454Z
6f2aa062-0e6d-4d3a-8791-f69a514b90be,5c014bcc-0c8e-4aa6-913b-023d35351c70,headquarters,Advanced Group Headquarters,6186 Central Boulevard,Building A,Kinshasa,Kinshasa,72917,Democratic Republic of Congo,-0.61978,-105.42241,,2004,+192-798-1906,sales@advancedgroup.com,2022-10-22T05:38:30.413Z
aef483d7-f295-4410-995d-3667f7bed87a,5c014bcc-0c8e-4aa6-913b-023d35351c70,office,Manono Office,633 Processing Road,,Manono,Manono,,Democratic Republic of Congo,35.44663,54.951,,2011,,,2021-10-04T05:38:30.454Z
b6cd25af-743d-46d2-99b7-145bf9513b17,c0124f38-aa90-4f77-a4d2-4ffebd19ff19,headquarters,Diamond Industries Headquarters,2268 Industrial Drive,Building A,Addis Ababa,Addis Ababa,79145,Ethiopia,-9.50622,-97.14595,,1997,+386-182-7649,sales@diamondindustries.com,2023-01-18T05:38:30.413Z
b56bc22a-ca9c-40a0-a5f9-bce2da7aaa7d,c0124f38-aa90-4f77-a4d2-4ffebd19ff19,processing_plant,Mutoko Processing Plant,911 Industrial Way,,Mutoko,Mutoko,,Zimbabwe,-20.04715,-103.79092,10648,2008,,,2020-05-27T05:38:30.454Z
5e52f513-d403-42e5-bc31-4392a064e562,118593b5-e3ba-4913-84df-2e25239acec2,headquarters,Vertex Materials Headquarters,1427 Industrial Street,Building A,Quebec,Quebec,38460,Canada,-34.50977,-61.19783,,2004,+417-793-7824,sales@vertexmaterials.com,2024-11-24T05:38:30.413Z
7ac00418-561f-4420-83ee-961b06132517,b69730b6-17d6-4542-aa43-08d7f788dacc,headquarters,Platinum Energy Headquarters,2976 Main Street,Building A,Oromia,Oromia,53629,Ethiopia,6.20915,78.69324,,2000,+46-602-6240,sales@platinumenergy.com,2024-07-26T05:38:30.413Z
fc5a4679-a0f5-449e-9869-b9e46feb38bc,b69730b6-17d6-4542-aa43-08d7f788dacc,warehouse,Atacama Warehouse,964 Industrial Road,,Atacama,Atacama,,Chile,34.46509,-12.41976,,2017,,,2024-04-17T05:38:30.454Z
c5cc1b29-fb8f-4948-9e57-ae36cf5f9950,b69730b6-17d6-4542-aa43-08d7f788dacc,processing_plant,Addis Ababa Processing Plant,686 Processing Zone,,Addis Ababa,Addis Ababa,,Ethiopia,-9.27632,-17.46767,28264,2021,,,2020-01-29T05:38:30.454Z
fed1195c-8ecb-46a4-b40f-3345ae7b40e4,580ac6db-d376-43b6-94ac-0b76aeaec003,headquarters,Summit Minerals Headquarters,2245 Main Drive,Floor 5,Mutoko,Mutoko,33101,Zimbabwe,-15.78937,-46.90327,,2000,+512-505-6663,sales@summitminerals.com,2023-11-28T05:38:30.413Z
53a10e41-7549-4472-8aeb-3cdbb001e9d8,b87e3c7f-77f5-4d12-9887-f5834232864a,headquarters,Atlantic Minerals Headquarters,1055 Main Drive,Floor 5,Lagos,Lagos,88623,Nigeria,34.13819,-77.49941,,2005,+206-243-4197,sales@atlanticminerals.com,2023-04-28T05:38:30.413Z
57c09626-a517-4ecb-9eeb-21312f3b6154,9229b841-28bc-4c21-ae95-b1580c26e5c4,headquarters,Meridian Mining Headquarters,5201 Industrial Drive,Suite 100,Antofagasta,Antofagasta,72481,Chile,-13.95794,-93.92876,,2013,+917-720-7783,sales@meridianmining.com,2023-02-16T05:38:30.413Z
a93ae4b6-5fcf-47bd-8436-ce331a63e93d,9229b841-28bc-4c21-ae95-b1580c26e5c4,mining_operation,South Australia Mining Operation,Mine Site Processing Road,,South Australia,South Australia,,Australia,26.8673,-17.92458,36215,2017,,,2023-12-12T05:38:30.454Z
fc0830af-3f49-42e0-aeb7-345d253d025a,67517fe0-7dcb-4ec1-9d30-cd456cb8c0af,office,Santiago office,579 Industrial Road,,Santiago,Santiago,85468,Zimbabwe,22.79523,-28.07646,,2021,,,2020-10-27T05:39:44.586Z
c966d1c3-5ae2-4891-9c6e-52e5837ce45d,ea2c37c7-46e8-47c7-8577-70d863154c38,r_and_d_center,Charlotte r and d center,300 Industrial Road,,Charlotte,Charlotte,65609,Canada,48.78854,-84.34023,,2008,,,2023-01-21T05:39:44.586Z
0cc3fadf-4d91-44fb-92b7-a39cf27bd613,c816b440-d47f-4413-9dd3-2d8098f07ff8,processing_plant,Perth processing plant,606 Industrial Road,,Perth,Perth,23233,Argentina,26.23744,23.25378,,2002,,,2019-11-13T05:39:44.586Z
28e517a3-3023-4c9f-8d90-631ef2c7cc5a,a94b6af0-5cf0-494d-81e7-3dec16498b23,r_and_d_center,Toronto r and d center,526 Industrial Road,,Toronto,Toronto,28565,Canada,0.80035,-69.94597,,2015,,,2018-07-06T05:39:44.587Z
2fef3b73-4ce3-4940-a77f-b4161c78c7b0,86840899-7fd7-43ef-bb0b-d9662d595c82,office,Perth office,504 Industrial Road,,Perth,Perth,49917,Zimbabwe,12.67373,-31.51727,,2018,,,2021-06-12T05:39:44.587Z
5767e82c-5384-4fc8-9f4b-ede66aacd75f,b81d6b03-e5b8-4775-ae41-f217e25d8d23,office,Buenos Aires office,733 Industrial Road,,Buenos Aires,Buenos Aires,41913,United States,40.90348,11.81262,,2006,,,2016-08-04T05:39:44.587Z
fda4ba40-a9c9-4471-91c9-b004e70ae59c,09191d79-d858-43a1-8a44-050d114344a7,processing_plant,Charlotte processing plant,46 Industrial Road,,Charlotte,Charlotte,60162,Zimbabwe,-2.51782,-84.99283,,2013,,,2019-04-27T05:39:44.587Z
562dce4a-5328-48a6-be26-597f47e4f6db,4b7b5184-e4a5-40a9-8953-c01a40ae7bb1,processing_plant,Charlotte processing plant,492 Industrial Road,,Charlotte,Charlotte,78574,Zimbabwe,42.31865,-59.87089,,2006,,,2023-03-02T05:39:44.587Z
df4984d2-0267-44e1-9d42-af9e0ae80192,48064f65-e81f-4fb0-abf6-e1cf4cd9f253,warehouse,Beijing warehouse,794 Industrial Road,,Beijing,Beijing,33158,Chile,-1.74428,57.66504,,2015,,,2022-07-29T05:39:44.587Z
5317e1a8-779a-4062-81f4-877bddb87053,870dc9ac-795a-4851-ac2a-3cf9f083df9f,office,Harare office,631 Industrial Road,,Harare,Harare,23022,Canada,35.18892,122.61159,,2001,,,2024-10-10T05:39:44.587Z
e11b4cdc-40ba-4d5f-8d47-fdcf2ee299b4,4dc832b4-9cc1-4014-8e58-07e70889ab89,r_and_d_center,Charlotte r and d center,379 Industrial Road,,Charlotte,Charlotte,55580,Namibia,-23.10017,128.55156,,2014,,,2017-04-27T05:39:44.587Z
69e9598d-5c96-46f6-bf12-f51d8eb619ed,2ab13aab-6094-4c0d-9d45-af607b1c664e,mining_operation,Harare mining operation,452 Industrial Road,,Harare,Harare,50847,Chile,-19.3095,-51.8147,47390,2010,,,2022-09-17T05:39:44.587Z
3022ccc3-a3d0-48c4-b6ee-33b77186aee4,b81d6b03-e5b8-4775-ae41-f217e25d8d23,mining_operation,Harare mining operation,306 Industrial Road,,Harare,Harare,55102,Zimbabwe,-25.4384,-8.47262,45257,2003,,,2018-02-20T05:39:44.587Z
8c45e3f7-7eee-4bb5-a9e0-ae280649c49a,64cfa10e-af34-48dc-939d-b90b8a33e996,office,Windhoek office,88 Industrial Road,,Windhoek,Windhoek,77494,Australia,23.53191,-94.88749,,2003,,,2022-06-05T05:39:44.587Z
d5ff6990-b879-4cc0-a6c9-c8117809d6b6,2ffbea36-6c6d-4cb1-9a23-e1c4fab1634d,mining_operation,Perth mining operation,10 Industrial Road,,Perth,Perth,75295,Canada,14.44457,-26.0277,23120,2021,,,2024-05-17T05:39:44.587Z
a3a9a366-bb15-4b25-a333-b85474993237,a12299a4-2c5b-42a9-ba81-b50ed03324ea,r_and_d_center,Toronto r and d center,560 Industrial Road,,Toronto,Toronto,48630,Namibia,38.95753,-47.43093,,2013,,,2018-09-25T05:39:44.587Z
5b556bd4-45fc-4f2c-b017-e0fb64967091,0da3391f-6ec1-4d91-9502-5dd71c6bc945,r_and_d_center,Santiago r and d center,479 Industrial Road,,Santiago,Santiago,73843,Canada,14.17237,-13.03239,,2015,,,2017-08-02T05:39:44.587Z
9142fd42-892d-4a64-bb79-1ac31f8efac4,09191d79-d858-43a1-8a44-050d114344a7,mining_operation,Buenos Aires mining operation,922 Industrial Road,,Buenos Aires,Buenos Aires,70910,Argentina,36.71234,45.12346,47325,2005,,,2023-12-13T05:39:44.587Z
c52f3381-a2d3-4c87-b014-3c013c5fb48b,b545402d-b565-41e7-90b2-a32cc86317c3,warehouse,Windhoek warehouse,651 Industrial Road,,Windhoek,Windhoek,46044,Chile,-1.24602,47.06829,,2006,,,2019-08-29T05:39:44.587Z
71a63e35-ab09-4ceb-8034-e85fef4efca9,88289413-90bf-42b4-846c-304a5a4a56fc,processing_plant,Harare processing plant,388 Industrial Road,,Harare,Harare,96868,Chile,24.41685,-101.29543,,2008,,,2018-04-03T05:39:44.587Z
25287b43-c6d8-49f1-a3f1-33ccb120a542,b3a55e8a-812c-4397-93ff-05259f0f42c8,r_and_d_center,Beijing r and d center,324 Industrial Road,,Beijing,Beijing,82161,Argentina,47.13197,10.0066,,2021,,,2023-08-12T05:39:44.587Z
1f455a20-fefa-40ee-bd1d-91c50807ad6a,56ccd334-43bc-4997-ae06-d6716b6e7101,mining_operation,Toronto mining operation,253 Industrial Road,,Toronto,Toronto,29659,Namibia,-14.37147,102.56329,27334,2013,,,2022-01-31T05:39:44.587Z
08e9396b-349d-4dcf-896d-dc574626f4c0,e9169f30-30a8-40fb-9a7b-89eb2e2c7e2b,warehouse,Harare warehouse,339 Industrial Road,,Harare,Harare,77528,Chile,27.27608,2.07893,,2015,,,2020-02-25T05:39:44.587Z
5fd73f0a-cc98-4d20-9abe-e1fa2195de4b,2937e4da-c227-4989-8313-267a692ccb74,warehouse,Charlotte warehouse,26 Industrial Road,,Charlotte,Charlotte,41818,Argentina,-0.56329,-38.60397,,2003,,,2020-08-30T05:39:44.587Z
dece1a8a-5fd6-41e9-bfb6-9f29124029fb,3a4a168c-8231-414f-b66c-cde9fd9e59d0,warehouse,Perth warehouse,97 Industrial Road,,Perth,Perth,59380,Argentina,18.95996,104.29588,,2023,,,2017-06-13T05:39:44.587Z
a2d35ed4-7cf2-433e-9164-b3a09dbb6bb7,732065c3-9210-49c5-9c01-d28eb1e753cd,processing_plant,Buenos Aires processing plant,12 Industrial Road,,Buenos Aires,Buenos Aires,18133,Chile,5.65234,25.77484,,2016,,,2018-08-12T05:39:44.587Z
dd701b9d-6df5-4537-aaa8-a456755dad87,a355b262-f108-4bd3-a667-220684eb08fa,warehouse,Harare warehouse,107 Industrial Road,,Harare,Harare,56980,China,-30.99115,80.62611,,2003,,,2022-08-17T05:39:44.587Z
711e8302-239d-49d7-984e-1ddf71c8784f,bf88a555-918c-492c-9f7e-52f3067cd1fa,processing_plant,Santiago processing plant,2 Industrial Road,,Santiago,Santiago,37307,Chile,10.50666,11.92392,,2021,,,2016-08-03T05:39:44.587Z
15210d69-0843-49eb-9399-3a3d64153d77,2fdb218f-c48f-4de7-ad02-fd395117beb6,office,Santiago office,36 Industrial Road,,Santiago,Santiago,97912,Zimbabwe,47.07757,-34.54353,,2007,,,2016-10-06T05:39:44.587Z
a01ceafb-a8f5-4ca7-86b7-6dc60994f139,88289413-90bf-42b4-846c-304a5a4a56fc,office,Harare office,378 Industrial Road,,Harare,Harare,19527,Argentina,16.14999,15.91543,,2019,,,2016-07-03T05:39:44.587Z
a2dbfcd0-8ab0-4b79-97f1-e8250f043068,7f8fe15b-7d71-48da-8487-0aaa6b197c9b,processing_plant,Harare processing plant,149 Industrial Road,,Harare,Harare,56522,Namibia,-6.2614,33.06942,,2013,,,2017-11-18T05:39:44.587Z
2e7e1b56-965a-4de4-a62c-bf8f8811debf,580ac6db-d376-43b6-94ac-0b76aeaec003,warehouse,Windhoek warehouse,420 Industrial Road,,Windhoek,Windhoek,45755,Australia,26.54512,112.16963,,2017,,,2018-09-05T05:39:44.587Z
fc6e64cb-635f-497f-ac9f-23f378ac65e0,526452e8-c64a-4b48-a821-9a65c3d3da45,r_and_d_center,Windhoek r and d center,475 Industrial Road,,Windhoek,Windhoek,53567,Australia,6.0394,127.68072,,2006,,,2022-04-18T05:39:44.587Z
479a5714-08ce-472d-b3e5-e409939b99a4,cbf172d5-a1ac-4e8a-afc0-e4f5ac9c76ac,mining_operation,Perth mining operation,518 Industrial Road,,Perth,Perth,95731,Argentina,-17.20895,3.49381,8294,2008,,,2021-07-10T05:39:44.587Z
50d2a09c-fb01-4e1a-bf43-139bb54058e9,09191d79-d858-43a1-8a44-050d114344a7,office,Toronto office,303 Industrial Road,,Toronto,Toronto,57858,Canada,10.55744,8.59698,,2001,,,2023-12-28T05:39:44.587Z
c92f42bd-b834-4fa2-864a-e50651b4d488,a8c6fa9f-f909-4d6b-bd41-e31472c2c9fb,r_and_d_center,Windhoek r and d center,282 Industrial Road,,Windhoek,Windhoek,56499,Namibia,38.95645,103.82059,,2000,,,2016-07-13T05:39:44.587Z
de7cd262-6566-46c0-9346-5345e70e7bfc,6b2a28c1-efc7-4c51-9f8b-6b6091a53401,r_and_d_center,Harare r and d center,887 Industrial Road,,Harare,Harare,28538,Namibia,27.95255,-41.52387,,2003,,,2023-05-03T05:39:44.587Z
f8851e6c-de06-4a4c-a815-6276fef849b4,5cdac5bc-c951-45be-a3ba-070a1a280fde,mining_operation,Harare mining operation,935 Industrial Road,,Harare,Harare,85283,United States,-20.26763,-96.65641,10028,2022,,,2017-11-18T05:39:44.587Z
8852be47-93c4-4e6b-920b-bff38187c3f0,a9f4a45c-896f-4699-bdb5-053a60619f4e,office,Perth office,798 Industrial Road,,Perth,Perth,25493,Canada,-27.52798,13.42094,,2002,,,2024-12-06T05:39:44.587Z
5b515c2a-cf1d-4b7f-84c1-e81558e5723c,5663ce32-a0ed-4c94-ac7f-ac4a0f9b179c,r_and_d_center,Toronto r and d center,672 Industrial Road,,Toronto,Toronto,77768,Chile,18.49564,96.15209,,2005,,,2020-06-23T05:39:44.587Z
c87b2976-f87d-4eb6-945b-d360d528b47b,420bfee0-8d70-4bca-a8a3-5664e72d8fef,mining_operation,Beijing mining operation,746 Industrial Road,,Beijing,Beijing,64733,Canada,-11.39587,-7.52321,42066,2006,,,2017-12-14T05:39:44.587Z
f52a17c2-5dfd-45c1-a9f5-a878f6c5e3eb,58dbceb8-d97c-4f7b-86d5-3596474df86c,mining_operation,Santiago mining operation,936 Industrial Road,,Santiago,Santiago,23357,Namibia,-6.75499,22.01736,21091,2016,,,2022-09-17T05:39:44.587Z
6ff3312d-90dd-4b6d-9e6c-7b74e80224e6,c6fd996f-9111-44dd-8a5c-447d9ec855ce,r_and_d_center,Buenos Aires r and d center,371 Industrial Road,,Buenos Aires,Buenos Aires,54993,Chile,-1.74207,50.97597,,2022,,,2019-08-07T05:39:44.587Z
d224804f-d2f0-49c0-a1fe-ecf694b12010,cae4d6b6-f6a4-4fc0-a3e6-123a72de64fa,office,Charlotte office,2 Industrial Road,,Charlotte,Charlotte,84942,United States,-24.19696,-33.30559,,2000,,,2019-04-17T05:39:44.587Z
8f8bb88d-23f4-4bf9-9418-74c2d56ecd80,56ccd334-43bc-4997-ae06-d6716b6e7101,mining_operation,Windhoek mining operation,838 Industrial Road,,Windhoek,Windhoek,56329,Australia,14.91138,86.36728,26431,2019,,,2019-02-20T05:39:44.587Z
8b560978-c88c-4583-bb5c-6e9a2616f2af,e73e62f8-b739-4184-9c94-fef86df770a0,processing_plant,Toronto processing plant,46 Industrial Road,,Toronto,Toronto,34615,Zimbabwe,11.34738,28.78694,,2005,,,2024-04-21T05:39:44.587Z
3a195d94-3542-4a8a-8e82-0ade5bec2656,de1ef6ef-b100-4b42-ad00-48f03487068e,office,Perth office,305 Industrial Road,,Perth,Perth,85270,Zimbabwe,23.4938,94.41268,,2009,,,2018-10-01T05:39:44.587Z
fc6e12d8-ef6e-4e10-9c17-1407b178b221,cf9be32a-f138-41c4-b44b-755d39c6f0d3,office,Buenos Aires office,786 Industrial Road,,Buenos Aires,Buenos Aires,47310,Argentina,26.47679,-87.37015,,2024,,,2020-01-13T05:39:44.587Z
597e687c-cdb3-4d15-bef6-3f9d642cf1bc,4b7b5184-e4a5-40a9-8953-c01a40ae7bb1,r_and_d_center,Harare r and d center,574 Industrial Road,,Harare,Harare,17340,Namibia,44.16462,86.98733,,2010,,,2016-06-15T05:39:44.587Z
4cd0cb64-91aa-41cd-87aa-5551c63f994b,58dbceb8-d97c-4f7b-86d5-3596474df86c,processing_plant,Beijing processing plant,396 Industrial Road,,Beijing,Beijing,61312,Canada,16.37211,-57.60293,,2005,,,2023-03-11T05:39:44.587Z
241ca3a3-d238-4bb4-a591-220b751cd4be,84eff56b-69e2-4013-a4c7-e08471bda854,office,Perth office,492 Industrial Road,,Perth,Perth,50942,Chile,12.09863,94.03565,,2016,,,2019-04-02T05:39:44.587Z
fb4dabab-9333-407f-903f-c738d0893e96,b3a55e8a-812c-4397-93ff-05259f0f42c8,mining_operation,Windhoek mining operation,497 Industrial Road,,Windhoek,Windhoek,60953,Chile,-31.09778,84.64806,47152,2023,,,2020-10-12T05:39:44.587Z
30d60bcd-ef09-4fdc-a3da-657273852172,7e6280d4-3563-4ed6-a2b0-1faeda9e2b74,processing_plant,Buenos Aires processing plant,84 Industrial Road,,Buenos Aires,Buenos Aires,56469,United States,38.49913,-8.78196,,2015,,,2020-11-14T05:39:44.587Z
a5cb1086-139c-48fd-a29b-8e8fc642442f,265c448a-aec6-45d7-8da5-7ae53396b777,warehouse,Santiago warehouse,745 Industrial Road,,Santiago,Santiago,20546,Chile,-4.18433,50.65608,,2013,,,2021-06-10T05:39:44.587Z
70518522-bde0-4dd2-8797-d58c973f5a04,15a2f15e-2b3b-4d6c-95c0-45c55b4da187,office,Toronto office,963 Industrial Road,,Toronto,Toronto,48680,Chile,-1.09067,50.88451,,2018,,,2020-01-31T05:39:44.587Z
b42c1324-8a09-4b15-8a81-126fff05efc2,765d0fb4-d95b-4f37-9659-74ff955aacc3,warehouse,Santiago warehouse,34 Industrial Road,,Santiago,Santiago,57573,United States,4.36051,87.89794,,2017,,,2023-01-03T05:39:44.587Z
d1f777b1-01ba-42e7-9038-18f709f9a6ff,5c014bcc-0c8e-4aa6-913b-023d35351c70,warehouse,Santiago warehouse,141 Industrial Road,,Santiago,Santiago,69901,Namibia,-17.60916,42.54318,,2015,,,2019-07-14T05:39:44.587Z
2082d4ba-5e5d-4a4f-b6dd-5c57a195c701,37fbb935-02c2-4908-8a0d-1767ce72736c,mining_operation,Charlotte mining operation,757 Industrial Road,,Charlotte,Charlotte,85731,Argentina,-25.00892,-18.21396,37960,2006,,,2019-04-29T05:39:44.587Z
4a418651-2740-4904-8f2e-524f7826860e,3969643f-066c-4899-9665-45657442ebf6,office,Santiago office,725 Industrial Road,,Santiago,Santiago,10202,United States,5.38116,-70.70039,,2014,,,2016-12-20T05:39:44.587Z
601a36f5-ce32-4887-9e3d-f26de379cd10,277bf9bb-fafe-41f0-903a-c7debfdda64b,r_and_d_center,Buenos Aires r and d center,371 Industrial Road,,Buenos Aires,Buenos Aires,81959,Canada,30.20218,-102.52651,,2020,,,2023-03-25T05:39:44.587Z
8792aa0c-d8b0-4d53-934d-1d0a34aafc68,a17023fb-6086-437b-ab59-0e7cdd24e603,r_and_d_center,Buenos Aires r and d center,321 Industrial Road,,Buenos Aires,Buenos Aires,32004,Namibia,1.72421,108.69929,,2013,,,2017-05-24T05:39:44.587Z
635efbcd-7580-4da2-b4bd-2f311bee733c,c43156d6-c9e0-40c1-98e7-8e1fa8d3aaa5,r_and_d_center,Perth r and d center,655 Industrial Road,,Perth,Perth,18631,Chile,31.83817,11.53724,,2017,,,2019-02-10T05:39:44.587Z
22bc21d4-f6f6-4442-a30f-5e28ae06e26e,41d792b5-41a9-4c17-b696-2ec29efd8321,office,Toronto office,853 Industrial Road,,Toronto,Toronto,81193,Zimbabwe,37.29887,-110.2465,,2003,,,2016-08-18T05:39:44.587Z
e24d4d83-b21c-4b79-8ccf-9317ed705185,90be6962-3f84-4ae1-b418-fc65256c02d0,mining_operation,Beijing mining operation,175 Industrial Road,,Beijing,Beijing,66251,Australia,-34.16553,56.678,33935,2024,,,2021-08-22T05:39:44.587Z
635f56c8-b48f-410e-becc-ef2e3be47c11,a17023fb-6086-437b-ab59-0e7cdd24e603,office,Perth office,921 Industrial Road,,Perth,Perth,87082,Canada,27.22072,63.10387,,2014,,,2024-01-18T05:39:44.587Z
8faa6c3e-0d8b-4444-8a27-ef868ad7f5da,84e986ac-d907-4062-b8a1-76728cedcc12,processing_plant,Harare processing plant,290 Industrial Road,,Harare,Harare,96476,United States,-15.8174,98.37306,,2001,,,2016-04-15T05:39:44.587Z
6455c8c6-6e9b-44e0-992c-26478f9a07a9,1b34a295-7e7d-46ef-91e6-ed739cb9d235,office,Toronto office,26 Industrial Road,,Toronto,Toronto,15976,Australia,21.20169,-107.08824,,2006,,,2019-06-13T05:39:44.587Z
0fb91560-5a7a-4286-ab43-5462d492228c,8d89e775-abf3-4f31-aa0f-9466b6fecfb4,mining_operation,Perth mining operation,754 Industrial Road,,Perth,Perth,53670,China,24.46971,-118.77525,26511,2009,,,2020-10-05T05:39:44.587Z
9749eae0-2aa1-4a08-b0f8-4f7e78967d7b,fe57c791-f841-4b8b-8fd0-68d854ee8ce5,office,Windhoek office,296 Industrial Road,,Windhoek,Windhoek,97613,Namibia,-3.18284,0.41056,,2000,,,2023-11-14T05:39:44.587Z
472a4d23-1223-4d80-9158-a11f70a05490,f08d4e0c-46b6-43a9-b92f-a84f674de151,processing_plant,Perth processing plant,816 Industrial Road,,Perth,Perth,27362,Australia,-23.4068,-5.72525,,2014,,,2019-01-04T05:39:44.587Z
6abbd694-a1f7-4b07-829d-b2b0ba95fcf4,9e435b1b-3b26-4f4b-9b97-17ba2e5c1452,warehouse,Charlotte warehouse,525 Industrial Road,,Charlotte,Charlotte,80864,China,7.09088,-30.28208,,2010,,,2024-01-25T05:39:44.587Z
36c57d37-49b8-45f2-9675-614c8e829095,92e40224-054a-4586-9281-4b7fc2df2278,warehouse,Toronto warehouse,827 Industrial Road,,Toronto,Toronto,58439,Argentina,34.88599,14.86102,,2016,,,2022-05-25T05:39:44.587Z
2a4b38be-cb81-4bb3-8136-46244ac2e38b,1084f4f1-4e9b-4266-b782-ae20022825b0,warehouse,Beijing warehouse,371 Industrial Road,,Beijing,Beijing,70679,Chile,-27.12992,-54.16286,,2017,,,2021-08-20T05:39:44.587Z
ae6fa0d0-40e9-4b48-9980-2eb5814d11af,4496c558-39c2-486f-8c7b-d621e76a1d0b,mining_operation,Harare mining operation,103 Industrial Road,,Harare,Harare,47432,Zimbabwe,-14.15083,-97.85496,47006,2003,,,2022-01-09T05:39:44.587Z
a5aa0498-f172-443b-b98a-630bea5e10f7,77a43956-c6c9-4ba6-96ea-337574954ed2,mining_operation,Toronto mining operation,999 Industrial Road,,Toronto,Toronto,13296,Australia,28.47083,112.55451,47835,2020,,,2019-03-21T05:39:44.587Z
34ce10e8-3538-4d7c-8abc-b61d42e01c27,9359313b-6554-4d82-896a-f8df6fcd0ef6,r_and_d_center,Beijing r and d center,615 Industrial Road,,Beijing,Beijing,27369,Canada,14.31403,60.6311,,2024,,,2020-05-03T05:39:44.587Z
8f3fdaef-3779-4715-b600-f9dd2d841fe6,07d0779a-7ff7-4ee0-b847-3d7249aff3bf,mining_operation,Beijing mining operation,690 Industrial Road,,Beijing,Beijing,79757,Chile,-25.23444,59.76509,29868,2017,,,2023-04-24T05:39:44.587Z
3e95f6d9-fb9e-4b84-b674-9d0a01d77e3b,4ab2dd23-7743-42ea-91be-b20cd0b3d3c5,mining_operation,Santiago mining operation,298 Industrial Road,,Santiago,Santiago,67120,Canada,-17.91844,74.82283,11839,2009,,,2016-10-19T05:39:44.587Z
dd3e3f03-c9cf-4bca-9e51-2874143bb9ff,1084f4f1-4e9b-4266-b782-ae20022825b0,r_and_d_center,Harare r and d center,843 Industrial Road,,Harare,Harare,69390,United States,49.64863,-103.84028,,2021,,,2017-11-21T05:39:44.587Z
0dd16571-b3ca-4ae2-84ab-71d20e1ea762,58dbceb8-d97c-4f7b-86d5-3596474df86c,office,Charlotte office,747 Industrial Road,,Charlotte,Charlotte,48297,Argentina,0.19754,-93.29083,,2001,,,2016-06-05T05:39:44.587Z
62e6a368-b2fc-4b43-a429-7b377775ddd9,bf88a555-918c-492c-9f7e-52f3067cd1fa,warehouse,Buenos Aires warehouse,316 Industrial Road,,Buenos Aires,Buenos Aires,68400,Zimbabwe,-1.3941,-111.08142,,2024,,,2017-02-08T05:39:44.587Z
380cd2ca-0d92-484e-a0f7-1d927fd7f270,58dbceb8-d97c-4f7b-86d5-3596474df86c,r_and_d_center,Charlotte r and d center,143 Industrial Road,,Charlotte,Charlotte,43324,Namibia,-7.35433,-115.89455,,2020,,,2021-12-01T05:39:44.587Z
b007133b-8e6a-4853-8af8-87de0860b777,c9583b6a-e295-4536-b6f6-6a13b293e1cb,mining_operation,Charlotte mining operation,741 Industrial Road,,Charlotte,Charlotte,50703,Zimbabwe,21.257,-77.73339,26113,2018,,,2016-04-05T05:39:44.587Z
02901cf5-a3c5-4737-8659-c1788ecaa74a,fe57c791-f841-4b8b-8fd0-68d854ee8ce5,warehouse,Charlotte warehouse,954 Industrial Road,,Charlotte,Charlotte,10211,Zimbabwe,3.79141,109.68434,,2021,,,2022-08-22T05:39:44.587Z
6e3ed64f-f1e6-48a5-95c1-4e7aecc9b6a2,77a43956-c6c9-4ba6-96ea-337574954ed2,office,Beijing office,115 Industrial Road,,Beijing,Beijing,96111,Argentina,4.25227,-108.55297,,2014,,,2016-11-10T05:39:44.587Z
39b349e3-06e9-4238-aa75-69d71bf2b7aa,b3a55e8a-812c-4397-93ff-05259f0f42c8,processing_plant,Santiago processing plant,517 Industrial Road,,Santiago,Santiago,64088,China,-25.27718,-109.82589,,2018,,,2016-09-19T05:39:44.587Z
3bf86dde-2b6f-4d53-805d-97c923272b2b,0a271ac4-898b-4e9e-b0a8-7dab203ae956,mining_operation,Buenos Aires mining operation,137 Industrial Road,,Buenos Aires,Buenos Aires,98900,Chile,-25.64305,-27.84342,24496,2016,,,2020-05-04T05:39:44.587Z
88bd248d-87e0-4f0a-9a12-49173849d0c9,84e986ac-d907-4062-b8a1-76728cedcc12,processing_plant,Buenos Aires processing plant,299 Industrial Road,,Buenos Aires,Buenos Aires,74791,United States,1.85315,49.28028,,2008,,,2023-11-06T05:39:44.587Z
a9b72821-36d8-40b4-8f08-31eb67bb1cef,9639e31d-91c0-43bd-a926-d55c4211676e,warehouse,Charlotte warehouse,520 Industrial Road,,Charlotte,Charlotte,74735,Chile,13.84377,86.86349,,2008,,,2016-09-07T05:39:44.587Z
b45e6313-6bd2-4fa1-b5d4-cad7bef04e21,71d2fbdb-0b1f-45df-b294-45de2760278a,office,Buenos Aires office,624 Industrial Road,,Buenos Aires,Buenos Aires,19983,Zimbabwe,-12.19225,106.12282,,2022,,,2016-08-08T05:39:44.587Z
6df75101-1ff5-45ba-b44b-918dbfb9766f,8e503c29-9cdb-4f53-ae51-aee678085660,office,Charlotte office,175 Industrial Road,,Charlotte,Charlotte,71694,China,-3.14599,65.35028,,2004,,,2019-06-21T05:39:44.587Z
c374b767-284e-437d-9a03-bfe766880b46,a9f4a45c-896f-4699-bdb5-053a60619f4e,processing_plant,Harare processing plant,667 Industrial Road,,Harare,Harare,49133,Australia,20.33288,-24.67841,,2007,,,2024-08-12T05:39:44.587Z
95e4a955-945a-4280-a464-dd5d5ebfd0d9,5c014bcc-0c8e-4aa6-913b-023d35351c70,r_and_d_center,Windhoek r and d center,117 Industrial Road,,Windhoek,Windhoek,71108,Argentina,-10.77232,-49.68408,,2023,,,2019-12-26T05:39:44.587Z
29ea7f3f-1553-4875-b4b8-595a0892a496,a9f4a45c-896f-4699-bdb5-053a60619f4e,mining_operation,Charlotte mining operation,81 Industrial Road,,Charlotte,Charlotte,91477,Chile,10.24414,-118.466,5057,2020,,,2018-12-12T05:39:44.587Z
9c9571c5-df70-4130-86dc-035b2a6f5ed3,7e6280d4-3563-4ed6-a2b0-1faeda9e2b74,processing_plant,Perth processing plant,591 Industrial Road,,Perth,Perth,45280,Chile,33.10042,46.21509,,2004,,,2023-02-02T05:39:44.587Z
28c7b2a0-1225-41e0-832e-aa60f50e4224,90be6962-3f84-4ae1-b418-fc65256c02d0,warehouse,Harare warehouse,241 Industrial Road,,Harare,Harare,94229,China,46.31058,-105.45478,,2013,,,2023-05-22T05:39:44.587Z
14cc7e65-af1c-46f2-96e1-3c0ff0da3a88,a355b262-f108-4bd3-a667-220684eb08fa,r_and_d_center,Santiago r and d center,281 Industrial Road,,Santiago,Santiago,61384,Zimbabwe,-10.44321,24.20418,,2007,,,2022-08-09T05:39:44.587Z
62ff7cf7-fe68-41b7-a743-6566e65c5cb9,5c40cade-c942-4528-8048-02a989eed85d,office,Windhoek office,770 Industrial Road,,Windhoek,Windhoek,13313,Namibia,14.31418,-89.25275,,2002,,,2016-02-05T05:39:44.587Z
9c5a78ea-e15e-407b-8b21-de0a867529a8,92e40224-054a-4586-9281-4b7fc2df2278,mining_operation,Perth mining operation,504 Industrial Road,,Perth,Perth,54697,Zimbabwe,-3.02993,56.3403,13630,2003,,,2023-03-28T05:39:44.587Z
7a8a68b2-4064-40c7-91ed-43aa22f91e9d,b76f14c3-32ac-44cf-9716-780bbb7f98f9,office,Buenos Aires office,378 Industrial Road,,Buenos Aires,Buenos Aires,85216,Argentina,-22.92366,-70.56618,,2008,,,2018-08-23T05:39:44.587Z
f142cde1-ba14-4057-9795-ed93ea32b013,2ad8b3e1-554c-4068-a664-76129b3d5235,processing_plant,Harare processing plant,634 Industrial Road,,Harare,Harare,31661,Argentina,-21.86771,103.27095,,2005,,,2019-04-04T05:39:44.587Z
82cbf850-94eb-444b-840f-4114551ec3d6,57d13328-0d73-48eb-aff2-7a029e192419,mining_operation,Windhoek mining operation,933 Industrial Road,,Windhoek,Windhoek,10952,China,-32.77654,42.03787,40215,2018,,,2024-11-23T05:39:44.587Z
6e7a6670-4dbd-4e99-8a5a-6ebfef640d5f,8e503c29-9cdb-4f53-ae51-aee678085660,r_and_d_center,Toronto r and d center,905 Industrial Road,,Toronto,Toronto,78742,Australia,10.96564,115.12035,,2000,,,2017-08-08T05:39:44.587Z
8ceae4af-fd19-40e7-a3c5-d52a7eb9c868,4496c558-39c2-486f-8c7b-d621e76a1d0b,mining_operation,Windhoek mining operation,105 Industrial Road,,Windhoek,Windhoek,82576,Zimbabwe,-18.65711,-77.26824,11304,2008,,,2020-07-13T05:39:44.587Z
4af3d047-4b05-424c-a425-df2a3c8662ea,15a2f15e-2b3b-4d6c-95c0-45c55b4da187,r_and_d_center,Toronto r and d center,184 Industrial Road,,Toronto,Toronto,76629,Australia,25.13467,129.95136,,2021,,,2024-02-28T05:39:44.587Z
69b7fa78-f4cf-4084-ae65-db7a47049cd9,e25887d0-5884-4785-a22c-af72e2626bd4,warehouse,Toronto warehouse,119 Industrial Road,,Toronto,Toronto,44744,Australia,-11.70434,-113.51176,,2010,,,2023-02-12T05:39:44.587Z
1251d71b-0fbd-4c3e-8bde-366fb5f9eb99,57d13328-0d73-48eb-aff2-7a029e192419,r_and_d_center,Buenos Aires r and d center,693 Industrial Road,,Buenos Aires,Buenos Aires,99256,Zimbabwe,3.58762,-72.14776,,2024,,,2018-02-12T05:39:44.587Z
68a3ed7e-0814-4120-b3de-7ebf2c60ad12,8d89e775-abf3-4f31-aa0f-9466b6fecfb4,office,Harare office,249 Industrial Road,,Harare,Harare,29417,Chile,-25.03536,-82.41334,,2000,,,2016-11-18T05:39:44.587Z
3a5ca65e-077d-40d2-9960-f858236fadfe,a20dbd32-a765-4c3b-bc92-003c072148dc,warehouse,Windhoek warehouse,200 Industrial Road,,Windhoek,Windhoek,22255,Argentina,13.35053,-110.07965,,2022,,,2017-08-13T05:39:44.587Z
33e26e45-5e9d-4f4f-b0e6-8be0889c90e4,b3a55e8a-812c-4397-93ff-05259f0f42c8,processing_plant,Perth processing plant,16 Industrial Road,,Perth,Perth,98531,China,8.37534,-71.06909,,2022,,,2017-08-19T05:39:44.587Z
0c999b04-0cf3-4b3b-b021-21f8ac614180,5d5649db-7391-4669-88d9-6673def550de,mining_operation,Santiago mining operation,570 Industrial Road,,Santiago,Santiago,25081,Australia,-5.1671,-45.14407,46174,2020,,,2021-10-23T05:39:44.587Z
3fe29e0c-2bae-40d4-b16b-79aa6e250484,f94d5403-17e2-4a5f-b88e-cc45d1fcc9fd,warehouse,Charlotte warehouse,237 Industrial Road,,Charlotte,Charlotte,16374,Argentina,-1.76908,-92.75739,,2021,,,2018-11-08T05:39:44.587Z
01cf0b8a-8600-4320-ab57-5931f293d492,84e986ac-d907-4062-b8a1-76728cedcc12,r_and_d_center,Beijing r and d center,55 Industrial Road,,Beijing,Beijing,35718,Chile,-34.43799,63.00569,,2018,,,2020-09-09T05:39:44.587Z
e84688d3-7167-49da-b706-1d7b42bac590,4d60b8b2-a348-477a-a5e2-969415d5b2ad,warehouse,Toronto warehouse,862 Industrial Road,,Toronto,Toronto,67394,Namibia,-22.6878,108.28255,,2015,,,2023-08-09T05:39:44.587Z
94aef2a0-4f5e-441e-9a70-6dd9202f7cb3,cf9be32a-f138-41c4-b44b-755d39c6f0d3,warehouse,Buenos Aires warehouse,728 Industrial Road,,Buenos Aires,Buenos Aires,32698,Australia,24.15119,38.88069,,2022,,,2018-02-26T05:39:44.587Z
a541ed81-693b-4d34-a2f8-f961ce61dac7,b7b17528-c4fd-4a36-a27a-eb178e66ee70,r_and_d_center,Charlotte r and d center,803 Industrial Road,,Charlotte,Charlotte,83861,Argentina,30.73353,-10.29454,,2010,,,2019-07-12T05:39:44.587Z
38607c7d-b695-491e-900d-9392319f35a4,1084f4f1-4e9b-4266-b782-ae20022825b0,mining_operation,Perth mining operation,724 Industrial Road,,Perth,Perth,40399,Argentina,-26.38353,-18.43386,45578,2004,,,2018-12-26T05:39:44.587Z
aecb83fa-d66a-4194-aa2b-9b7bb0eae70f,90be6962-3f84-4ae1-b418-fc65256c02d0,processing_plant,Santiago processing plant,308 Industrial Road,,Santiago,Santiago,68298,Canada,36.94428,99.63226,,2011,,,2021-08-06T05:39:44.587Z
b7773fac-c415-4e87-ae58-556e8e21f8c8,0af35e47-626b-47c8-9e0b-9872a03ae8b6,mining_operation,Charlotte mining operation,433 Industrial Road,,Charlotte,Charlotte,42370,Australia,27.74824,117.7154,43052,2017,,,2024-08-25T05:39:44.587Z
104bc493-45d6-4a4a-bbc7-33a96f14a0dc,c43156d6-c9e0-40c1-98e7-8e1fa8d3aaa5,mining_operation,Toronto mining operation,670 Industrial Road,,Toronto,Toronto,25344,Argentina,26.27039,90.33544,16008,2016,,,2016-01-14T05:39:44.587Z
10095b63-26d8-4b65-a87f-c64bee506ce7,a9baa336-d8c1-4f17-a5a3-33647959e08d,r_and_d_center,Windhoek r and d center,435 Industrial Road,,Windhoek,Windhoek,91057,Zimbabwe,35.27501,38.82154,,2006,,,2024-05-15T05:39:44.587Z
71a2ccda-f229-46d3-935c-c15bc7abed77,4ab2dd23-7743-42ea-91be-b20cd0b3d3c5,warehouse,Charlotte warehouse,285 Industrial Road,,Charlotte,Charlotte,85339,Namibia,3.66485,-119.90375,,2021,,,2017-01-20T05:39:44.587Z
dddc6fed-1b27-4f0b-9ae4-a9577f2e785d,f08d4e0c-46b6-43a9-b92f-a84f674de151,warehouse,Toronto warehouse,708 Industrial Road,,Toronto,Toronto,30511,Namibia,39.3107,103.8408,,2014,,,2023-11-15T05:39:44.587Z
843c9203-50c1-467d-b7ad-d3636a27fd56,ebdf84c6-923d-4f92-8177-d2dfd2dd9fa6,office,Toronto office,670 Industrial Road,,Toronto,Toronto,83699,Canada,30.78992,56.08227,,2014,,,2018-03-02T05:39:44.587Z
6ff40013-17f1-4106-bdba-612ba4eeeaf4,4022a232-e169-44e0-8c38-ebc6e00bb23e,r_and_d_center,Beijing r and d center,369 Industrial Road,,Beijing,Beijing,59955,Canada,-32.54827,-4.12899,,2014,,,2018-03-05T05:39:44.587Z
3a5b140f-b574-4ee3-afe0-eb8851e2cbeb,5ae88a11-3e4e-44bd-882c-16084a57f8cc,office,Buenos Aires office,537 Industrial Road,,Buenos Aires,Buenos Aires,36015,Namibia,39.80215,-65.33904,,2005,,,2019-04-08T05:39:44.587Z
fa1d9cc5-1c8b-4b53-b489-52fe47f27038,03d7c773-07d1-4c54-87fd-e34038901632,processing_plant,Toronto processing plant,637 Industrial Road,,Toronto,Toronto,46753,Chile,-15.9232,1.83503,,2000,,,2021-03-17T05:39:44.587Z
89d1d0d9-0a9e-477c-b391-a7ffd3ab7b8b,a20dbd32-a765-4c3b-bc92-003c072148dc,warehouse,Beijing warehouse,770 Industrial Road,,Beijing,Beijing,84212,Canada,12.6409,69.10198,,2013,,,2018-05-08T05:39:44.587Z
aa31b21f-23e4-412c-9430-0b4755479e21,b81d6b03-e5b8-4775-ae41-f217e25d8d23,warehouse,Windhoek warehouse,192 Industrial Road,,Windhoek,Windhoek,64872,Canada,9.55376,-5.99558,,2011,,,2020-02-28T05:39:44.587Z
151c1c34-5c52-40a0-afc6-7e714484d903,67517fe0-7dcb-4ec1-9d30-cd456cb8c0af,r_and_d_center,Beijing r and d center,469 Industrial Road,,Beijing,Beijing,86039,Zimbabwe,-24.53278,-45.24396,,2022,,,2024-07-27T05:39:44.587Z
b60b8dd5-33cf-4bda-bc7c-de4e431d5f18,de1ef6ef-b100-4b42-ad00-48f03487068e,r_and_d_center,Santiago r and d center,895 Industrial Road,,Santiago,Santiago,47951,China,28.90302,-112.37973,,2022,,,2018-08-05T05:39:44.587Z
6b61c2cd-f3fc-4804-ad42-930839134014,03d7c773-07d1-4c54-87fd-e34038901632,r_and_d_center,Beijing r and d center,183 Industrial Road,,Beijing,Beijing,61861,Australia,-26.4474,110.93532,,2003,,,2017-02-09T05:39:44.587Z
38877e89-625f-4e33-bda0-f63b7fe69490,fe57c791-f841-4b8b-8fd0-68d854ee8ce5,warehouse,Toronto warehouse,136 Industrial Road,,Toronto,Toronto,95473,China,30.21097,60.99021,,2020,,,2023-07-01T05:39:44.587Z
3dce7af9-5ea2-47e9-9aca-697efaee18bf,15a2f15e-2b3b-4d6c-95c0-45c55b4da187,processing_plant,Buenos Aires processing plant,772 Industrial Road,,Buenos Aires,Buenos Aires,21841,Zimbabwe,25.88996,-63.7132,,2010,,,2016-09-26T05:39:44.587Z
ebe3055b-92d9-4d15-b051-b5b0d4f93a95,1b34a295-7e7d-46ef-91e6-ed739cb9d235,mining_operation,Buenos Aires mining operation,590 Industrial Road,,Buenos Aires,Buenos Aires,55334,United States,12.23811,-95.7626,42501,2004,,,2019-06-08T05:39:44.587Z
f4a05be9-6373-422d-b8e6-de8d127e7d7f,07d0779a-7ff7-4ee0-b847-3d7249aff3bf,warehouse,Perth warehouse,510 Industrial Road,,Perth,Perth,44401,United States,4.02038,48.75403,,2001,,,2017-11-03T05:39:44.587Z
c5b4063b-d668-4a36-be34-2a6aba71a910,b81d6b03-e5b8-4775-ae41-f217e25d8d23,r_and_d_center,Beijing r and d center,353 Industrial Road,,Beijing,Beijing,98326,Australia,22.37218,-20.13366,,2022,,,2016-02-01T05:39:44.587Z
e9f4f8a9-2b34-4c95-87ce-14a1837384ea,f0c10fd4-4824-48f0-8cf6-69a22c1b43f2,office,Windhoek office,417 Industrial Road,,Windhoek,Windhoek,63011,Canada,-2.93486,41.87097,,2021,,,2021-07-05T05:39:44.587Z
43f14833-7cd2-4691-9a28-458a758779c0,67517fe0-7dcb-4ec1-9d30-cd456cb8c0af,mining_operation,Perth mining operation,906 Industrial Road,,Perth,Perth,17845,China,-34.27714,-77.45077,13950,2021,,,2020-08-30T05:39:44.587Z
ce86d9b7-55f0-43b0-8e52-5173b3a5e2da,0e2b95c5-5b01-4d6e-b925-d07fdbe8ac6b,mining_operation,Harare mining operation,280 Industrial Road,,Harare,Harare,25246,Namibia,17.18917,9.73157,14610,2024,,,2023-12-14T05:39:44.587Z
179a2202-88d8-4210-9249-4bbba4969cfd,4d60b8b2-a348-477a-a5e2-969415d5b2ad,processing_plant,Harare processing plant,658 Industrial Road,,Harare,Harare,69482,Zimbabwe,-7.10666,89.02175,,2012,,,2024-08-22T05:39:44.587Z
8aa3b317-a6fd-464f-9203-fa9bc77d686b,ee2e59c2-0031-48e5-8e02-06bcc4fc83f7,warehouse,Charlotte warehouse,333 Industrial Road,,Charlotte,Charlotte,48735,Argentina,0.63124,68.01182,,2017,,,2020-12-09T05:39:44.587Z
ef5f2e59-b8f0-4eba-8187-ed41d00d097f,2d30e743-73b2-47fc-9549-5369d02cc849,warehouse,Harare warehouse,49 Industrial Road,,Harare,Harare,43838,Australia,-1.64626,108.29035,,2007,,,2016-10-15T05:39:44.587Z
9a6a7c8d-dddc-408c-bf65-d040ddc4f33b,b7b17528-c4fd-4a36-a27a-eb178e66ee70,r_and_d_center,Santiago r and d center,635 Industrial Road,,Santiago,Santiago,85827,Australia,-21.87247,3.47873,,2003,,,2024-11-28T05:39:44.587Z
cd1c76dd-5625-4cd8-8054-c07ffa02f64d,4b7b5184-e4a5-40a9-8953-c01a40ae7bb1,warehouse,Beijing warehouse,880 Industrial Road,,Beijing,Beijing,67779,China,18.59452,-33.19599,,2009,,,2019-08-08T05:39:44.587Z
cf4c8e3f-1d8b-46de-8fe0-e46bfbfb12c7,a12299a4-2c5b-42a9-ba81-b50ed03324ea,warehouse,Beijing warehouse,775 Industrial Road,,Beijing,Beijing,84207,China,14.52157,-10.98739,,2005,,,2020-03-24T05:39:44.587Z
e15c0209-3161-409b-b830-2606a255daf0,ce7e8aa8-2bd9-4139-87d2-b1810e818017,processing_plant,Toronto processing plant,961 Industrial Road,,Toronto,Toronto,38966,Namibia,27.64181,-107.4968,,2016,,,2020-07-20T05:39:44.587Z
df7149ab-480d-4bfb-9024-6837e906cb69,4b7b5184-e4a5-40a9-8953-c01a40ae7bb1,mining_operation,Santiago mining operation,2 Industrial Road,,Santiago,Santiago,85420,Namibia,24.61565,48.31099,43342,2010,,,2017-02-12T05:39:44.587Z
21b4325c-8587-4442-9815-e0dc192d9213,a8c6fa9f-f909-4d6b-bd41-e31472c2c9fb,r_and_d_center,Perth r and d center,616 Industrial Road,,Perth,Perth,83165,Zimbabwe,27.12875,-81.99503,,2023,,,2017-10-12T05:39:44.587Z
2f5d551c-4306-4a9d-a5c0-0b05a5254ae6,870dc9ac-795a-4851-ac2a-3cf9f083df9f,processing_plant,Buenos Aires processing plant,46 Industrial Road,,Buenos Aires,Buenos Aires,82525,Chile,39.41013,77.13303,,2009,,,2019-06-02T05:39:44.587Z
747efd69-69a9-412c-906e-b85c3e55a07e,a303100d-a5a2-46ee-8c2a-db05153285be,mining_operation,Toronto mining operation,470 Industrial Road,,Toronto,Toronto,57811,Canada,-26.77872,-77.59074,42047,2020,,,2019-05-26T05:39:44.587Z
5276cb38-ef74-4914-b66c-3b66e99f7246,0971e222-5719-489b-af2c-7a9d9a5a1651,mining_operation,Charlotte mining operation,793 Industrial Road,,Charlotte,Charlotte,97366,Canada,-8.79939,20.0295,14015,2022,,,2020-04-20T05:39:44.587Z
eef5f4f5-351c-4682-a176-2b991cbdba4f,37fbb935-02c2-4908-8a0d-1767ce72736c,processing_plant,Windhoek processing plant,385 Industrial Road,,Windhoek,Windhoek,56548,Australia,32.44843,92.63071,,2010,,,2021-03-01T05:39:44.587Z
a937bd5d-5cc0-495f-8c7c-383b1e32051f,b545402d-b565-41e7-90b2-a32cc86317c3,processing_plant,Beijing processing plant,154 Industrial Road,,Beijing,Beijing,93052,Zimbabwe,-18.59769,25.32483,,2021,,,2017-06-13T05:39:44.587Z
1cbbc7ff-a46e-4944-84cf-c7861e987917,58cdc450-a548-4401-8bf2-112ce2b3a84d,r_and_d_center,Harare r and d center,506 Industrial Road,,Harare,Harare,83883,Canada,19.51389,-16.01911,,2006,,,2024-07-26T05:39:44.587Z
dd9eb31d-dee7-42a8-a609-7bff46eaa20a,4942af99-35dc-4674-8541-92dc7395fa0b,processing_plant,Toronto processing plant,225 Industrial Road,,Toronto,Toronto,65856,Namibia,-31.12903,-71.54707,,2014,,,2021-09-03T05:39:44.587Z
80e99834-c184-4b49-bd3c-0accc11cb647,3a4a168c-8231-414f-b66c-cde9fd9e59d0,warehouse,Toronto warehouse,881 Industrial Road,,Toronto,Toronto,64206,United States,-11.87939,47.88332,,2007,,,2017-10-29T05:39:44.588Z
106cd54b-d530-4995-a2f7-ca436e7b4bbf,1084f4f1-4e9b-4266-b782-ae20022825b0,processing_plant,Buenos Aires processing plant,297 Industrial Road,,Buenos Aires,Buenos Aires,22317,Canada,-16.91247,99.41724,,2011,,,2021-11-30T05:39:44.588Z
16fafcf0-aef7-456b-b665-b685f9c308c8,1b34a295-7e7d-46ef-91e6-ed739cb9d235,r_and_d_center,Beijing r and d center,846 Industrial Road,,Beijing,Beijing,65207,China,-14.16323,20.9795,,2024,,,2024-06-15T05:39:44.588Z
738ef83c-1cd9-469d-87c0-120358162120,a94b6af0-5cf0-494d-81e7-3dec16498b23,office,Beijing office,613 Industrial Road,,Beijing,Beijing,71078,Namibia,-3.85464,-106.1801,,2012,,,2024-09-28T05:39:44.588Z
b88bae4c-e143-4c35-b416-29a242f61a19,b545402d-b565-41e7-90b2-a32cc86317c3,processing_plant,Beijing processing plant,409 Industrial Road,,Beijing,Beijing,40480,Zimbabwe,37.43064,-49.0818,,2003,,,2022-02-14T05:39:44.588Z
1f50cb50-3a0e-4afa-add4-0644bb02d153,3325ba7a-77e0-4a21-85bc-6ec7759c8e05,mining_operation,Santiago mining operation,874 Industrial Road,,Santiago,Santiago,14699,Zimbabwe,-23.5126,-23.49772,23101,2009,,,2024-12-14T05:39:44.588Z
e44eda9c-3b8c-4285-bf4e-9fdb42c38f79,a8c6fa9f-f909-4d6b-bd41-e31472c2c9fb,processing_plant,Windhoek processing plant,793 Industrial Road,,Windhoek,Windhoek,76872,Chile,39.61552,-54.62217,,2006,,,2024-07-20T05:39:44.588Z
00d2eca8-6343-4fff-aaf1-03b736bf106f,77a43956-c6c9-4ba6-96ea-337574954ed2,processing_plant,Windhoek processing plant,21 Industrial Road,,Windhoek,Windhoek,35599,United States,41.22427,-53.46221,,2004,,,2016-07-01T05:39:44.588Z
b02250df-c473-4aee-aada-c0f119aeba4a,0e47e6d4-bb17-4ac5-a2fa-2e1f2f96443e,warehouse,Beijing warehouse,561 Industrial Road,,Beijing,Beijing,39660,Australia,-20.41731,7.28548,,2000,,,2020-03-10T05:39:44.588Z
45dedd4a-2e67-4dfc-aa43-383274c2c8b1,02928f0e-27b3-43ea-bfe8-9fe0dd78620f,processing_plant,Buenos Aires processing plant,549 Industrial Road,,Buenos Aires,Buenos Aires,63755,Chile,-25.96734,97.99917,,2010,,,2017-01-25T05:39:44.588Z
b634123b-a12a-40bd-9639-a6a3d0bdc301,0971e222-5719-489b-af2c-7a9d9a5a1651,processing_plant,Buenos Aires processing plant,104 Industrial Road,,Buenos Aires,Buenos Aires,12755,Australia,2.26758,7.43613,,2011,,,2017-07-13T05:39:44.588Z
e5d5e6d6-cf19-4243-9a23-48dfa3b2be42,f0c10fd4-4824-48f0-8cf6-69a22c1b43f2,mining_operation,Windhoek mining operation,605 Industrial Road,,Windhoek,Windhoek,61980,Canada,22.49495,-44.56888,30742,2003,,,2016-12-07T05:39:44.588Z
ef57b329-1d17-4bf9-9bac-a3a9782cea92,03d7c773-07d1-4c54-87fd-e34038901632,warehouse,Harare warehouse,544 Industrial Road,,Harare,Harare,99265,Canada,49.74454,-82.40632,,2014,,,2019-06-24T05:39:44.588Z
1f50e8b2-c413-44c0-97ef-55129e5c25c0,9e435b1b-3b26-4f4b-9b97-17ba2e5c1452,mining_operation,Perth mining operation,357 Industrial Road,,Perth,Perth,91204,Canada,6.26525,-29.50144,13510,2004,,,2016-10-09T05:39:44.588Z
dfddb1e2-aa2c-4510-adea-8d0d158a3ef1,899e3891-f93f-4d0d-8a05-4f23adaeac21,office,Buenos Aires office,514 Industrial Road,,Buenos Aires,Buenos Aires,12247,Chile,10.2537,5.60666,,2016,,,2023-06-18T05:39:44.588Z
d26527bf-9a07-44a5-b0e0-b32ec9e10d90,a8c6fa9f-f909-4d6b-bd41-e31472c2c9fb,mining_operation,Perth mining operation,598 Industrial Road,,Perth,Perth,30503,Namibia,4.92864,1.4743,13492,2018,,,2024-01-20T05:39:44.588Z
884c9013-a013-4d16-9a79-b193f099f2f3,87519094-b5f3-4ef6-9d9c-8e503fcfed38,warehouse,Buenos Aires warehouse,637 Industrial Road,,Buenos Aires,Buenos Aires,28491,Chile,37.50927,121.23583,,2016,,,2017-01-09T05:39:44.588Z
93df0380-ca56-4c46-8e3e-3507ef206bad,a9f4a45c-896f-4699-bdb5-053a60619f4e,office,Santiago office,529 Industrial Road,,Santiago,Santiago,25299,Zimbabwe,-26.80948,-19.8677,,2011,,,2021-07-15T05:39:44.588Z
ab5398bb-1daf-413b-ac71-6c36be7ade12,a8c6fa9f-f909-4d6b-bd41-e31472c2c9fb,processing_plant,Windhoek processing plant,526 Industrial Road,,Windhoek,Windhoek,40539,United States,4.42295,-107.72916,,2001,,,2023-01-31T05:39:44.588Z
1ef6bbaa-d61b-4239-a3c0-04b144a21b45,870dc9ac-795a-4851-ac2a-3cf9f083df9f,processing_plant,Perth processing plant,866 Industrial Road,,Perth,Perth,80151,Chile,30.14294,126.69033,,2004,,,2023-11-26T05:39:44.588Z
1c6627a9-0cac-4aed-9268-248ab41d6631,6b2a28c1-efc7-4c51-9f8b-6b6091a53401,warehouse,Santiago warehouse,893 Industrial Road,,Santiago,Santiago,31423,Canada,13.97167,44.8545,,2004,,,2023-01-02T05:39:44.588Z
be68d1f0-36a3-4fa9-bc59-8c8ac5ee8daf,f0c10fd4-4824-48f0-8cf6-69a22c1b43f2,warehouse,Toronto warehouse,863 Industrial Road,,Toronto,Toronto,72953,Canada,2.09082,27.45618,,2012,,,2021-11-27T05:39:44.588Z
793ccb5d-9824-45e5-b40d-52bf7e173933,9df72f32-5c7d-4901-98e1-1b6eb377f49c,mining_operation,Buenos Aires mining operation,190 Industrial Road,,Buenos Aires,Buenos Aires,96941,Chile,34.03692,-55.53861,46963,2024,,,2024-12-30T05:39:44.588Z
2e034173-a809-4447-be55-0597ac94c3df,46aa2e65-5481-48a0-a421-7cb0e2e0a8e9,office,Perth office,282 Industrial Road,,Perth,Perth,37626,Australia,-8.64084,3.27246,,2006,,,2021-10-27T05:39:44.588Z
c2807c0b-5ebf-4638-9426-cec90ecc7b98,85f19c5f-c906-4131-a2e1-c7ee824853e5,processing_plant,Charlotte processing plant,549 Industrial Road,,Charlotte,Charlotte,83167,Canada,3.01604,-44.9287,,2005,,,2020-07-14T05:39:44.588Z
2a300c13-9dc2-4be7-930a-c75a5e561861,9359313b-6554-4d82-896a-f8df6fcd0ef6,warehouse,Buenos Aires warehouse,497 Industrial Road,,Buenos Aires,Buenos Aires,42731,China,-10.32074,-17.78621,,2006,,,2020-08-17T05:39:44.588Z
32fafda4-c16d-4250-a0c3-1fce5ebe7f18,e25887d0-5884-4785-a22c-af72e2626bd4,processing_plant,Toronto processing plant,350 Industrial Road,,Toronto,Toronto,94008,China,11.42311,-17.26887,,2004,,,2024-06-02T05:39:44.588Z
b352a960-296c-4128-a5db-1c540b0bcf71,118593b5-e3ba-4913-84df-2e25239acec2,r_and_d_center,Santiago r and d center,335 Industrial Road,,Santiago,Santiago,52910,Canada,26.64842,2.56502,,2020,,,2019-04-29T05:39:44.588Z
142ba3b3-d3d6-4128-b2eb-e16c91b9b1a1,8e503c29-9cdb-4f53-ae51-aee678085660,office,Charlotte office,19 Industrial Road,,Charlotte,Charlotte,91177,China,20.30891,-47.01682,,2002,,,2024-04-29T05:39:44.588Z
df87fa00-3603-4a30-977c-729723ec0f89,a355b262-f108-4bd3-a667-220684eb08fa,r_and_d_center,Harare r and d center,713 Industrial Road,,Harare,Harare,38252,Australia,15.13252,93.16281,,2008,,,2021-05-11T05:39:44.588Z
be142a0d-74bb-4d2d-b37e-b60b0ed67452,2ad8b3e1-554c-4068-a664-76129b3d5235,processing_plant,Buenos Aires processing plant,861 Industrial Road,,Buenos Aires,Buenos Aires,51998,Argentina,-33.82306,103.79591,,2020,,,2021-08-01T05:39:44.588Z
f5622adf-0fcd-4de9-adf1-7567c584783d,ee2e59c2-0031-48e5-8e02-06bcc4fc83f7,mining_operation,Buenos Aires mining operation,366 Industrial Road,,Buenos Aires,Buenos Aires,53305,Chile,33.87473,68.50364,21443,2010,,,2021-12-03T05:39:44.588Z
ebd83f7d-4122-4350-a37b-2e512cf18239,9229b841-28bc-4c21-ae95-b1580c26e5c4,r_and_d_center,Charlotte r and d center,220 Industrial Road,,Charlotte,Charlotte,29980,China,-0.8112,-71.27513,,2023,,,2019-12-14T05:39:44.588Z
38637613-de8f-44a8-b7f2-32f3b7e4e7a5,b2f50972-7222-46ff-beb2-4abf815821fe,processing_plant,Charlotte processing plant,812 Industrial Road,,Charlotte,Charlotte,51138,United States,31.05899,81.92729,,2011,,,2017-06-09T05:39:44.588Z
052374b4-4dcb-4981-aecf-4024f9dc417a,4d60b8b2-a348-477a-a5e2-969415d5b2ad,office,Toronto office,978 Industrial Road,,Toronto,Toronto,28809,Chile,37.79735,39.57464,,2008,,,2019-10-09T05:39:44.588Z
266cb72e-967c-4034-8b7c-15df5e78ea9f,c816b440-d47f-4413-9dd3-2d8098f07ff8,processing_plant,Buenos Aires processing plant,184 Industrial Road,,Buenos Aires,Buenos Aires,14679,Argentina,15.25181,12.43777,,2020,,,2022-04-19T05:39:44.588Z
1c5f0959-67da-4f38-bf68-b1f328bd1d70,2ad8b3e1-554c-4068-a664-76129b3d5235,mining_operation,Harare mining operation,633 Industrial Road,,Harare,Harare,67097,Argentina,-4.54949,4.28467,47124,2013,,,2019-04-30T05:39:44.588Z
2bffb229-97db-49de-9ad2-39c4b262ca48,9df72f32-5c7d-4901-98e1-1b6eb377f49c,warehouse,Buenos Aires warehouse,325 Industrial Road,,Buenos Aires,Buenos Aires,36461,Zimbabwe,15.64819,19.61507,,2016,,,2021-11-16T05:39:44.588Z
c547c3c6-63f9-420f-8141-335575dd4e36,33341bfa-7a02-4df4-8eb7-e343553bacdd,warehouse,Windhoek warehouse,630 Industrial Road,,Windhoek,Windhoek,75822,United States,-2.10266,-81.8192,,2024,,,2018-12-07T05:39:44.588Z
b5de7f0a-7232-4ea2-ba8c-267a5009c0c5,1b34a295-7e7d-46ef-91e6-ed739cb9d235,mining_operation,Beijing mining operation,178 Industrial Road,,Beijing,Beijing,78366,United States,4.06735,123.38538,10512,2018,,,2018-10-07T05:39:44.588Z
4bde6893-961e-4e91-b085-b7bfc1049055,8d89e775-abf3-4f31-aa0f-9466b6fecfb4,mining_operation,Charlotte mining operation,581 Industrial Road,,Charlotte,Charlotte,26663,China,22.20434,1.40223,49202,2003,,,2017-12-09T05:39:44.588Z
e751eb24-aa72-441d-bef8-aee5a81c2a96,ce7e8aa8-2bd9-4139-87d2-b1810e818017,mining_operation,Windhoek mining operation,505 Industrial Road,,Windhoek,Windhoek,85026,China,19.14269,72.91051,12000,2019,,,2022-07-04T05:39:44.588Z
e8970bf8-ba34-493f-81f8-6fbcd5deb4c3,9229b841-28bc-4c21-ae95-b1580c26e5c4,processing_plant,Charlotte processing plant,202 Industrial Road,,Charlotte,Charlotte,63313,United States,-3.18235,-100.99727,,2016,,,2022-12-06T05:39:44.588Z
72292632-f372-4043-a0f3-b43d1ff2c694,27fd484d-a62a-4a6b-9724-a3a1ef7169ca,mining_operation,Charlotte mining operation,129 Industrial Road,,Charlotte,Charlotte,43158,United States,-9.54311,-31.86561,38269,2004,,,2023-01-04T05:39:44.588Z
03cd94f6-e2a8-4c29-9b9a-43553510e0ba,8e503c29-9cdb-4f53-ae51-aee678085660,office,Windhoek office,593 Industrial Road,,Windhoek,Windhoek,25124,Argentina,-28.42882,-99.73349,,2019,,,2022-04-28T05:39:44.588Z
82346e98-8f1e-49c8-92c8-a1d5c94333e9,84eff56b-69e2-4013-a4c7-e08471bda854,mining_operation,Windhoek mining operation,889 Industrial Road,,Windhoek,Windhoek,21005,United States,-25.81347,-74.97152,6613,2013,,,2021-06-27T05:39:44.588Z
a962924d-b1f6-45c9-a6fb-a4c325fda479,4022a232-e169-44e0-8c38-ebc6e00bb23e,warehouse,Toronto warehouse,572 Industrial Road,,Toronto,Toronto,35264,United States,34.71384,-39.83641,,2000,,,2020-07-21T05:39:44.588Z
53e64958-ceb3-4ce0-a6a3-d2157f3c7f91,a17023fb-6086-437b-ab59-0e7cdd24e603,processing_plant,Perth processing plant,495 Industrial Road,,Perth,Perth,45362,Australia,-12.42271,-2.94681,,2017,,,2022-10-09T05:39:44.588Z
d0aba543-e9f4-46d6-b906-3bb6a22d51c0,85f19c5f-c906-4131-a2e1-c7ee824853e5,processing_plant,Charlotte processing plant,28 Industrial Road,,Charlotte,Charlotte,74604,Canada,28.95719,-70.10566,,2008,,,2020-05-31T05:39:44.588Z
ab10101d-aed7-4aff-9c8d-5674d0cdc6b1,af118ca3-20ec-42de-b6d2-05ac60311982,warehouse,Windhoek warehouse,89 Industrial Road,,Windhoek,Windhoek,90786,China,41.41358,71.37027,,2019,,,2023-05-28T05:39:44.588Z
01b2930b-0bd9-4456-a0ef-eeb5abb5542f,170c951d-32a9-4902-8594-379c4591e480,office,Harare office,572 Industrial Road,,Harare,Harare,68485,Zimbabwe,46.77357,10.52985,,2000,,,2021-11-25T05:39:44.588Z
38c5c864-7cbc-4ce6-9d49-64b7227754b7,5d5649db-7391-4669-88d9-6673def550de,processing_plant,Harare processing plant,208 Industrial Road,,Harare,Harare,93424,Canada,12.79981,126.67888,,2023,,,2020-05-11T05:39:44.588Z
19291ba0-da62-4610-9ed9-262101a80ee3,ce7e8aa8-2bd9-4139-87d2-b1810e818017,office,Toronto office,138 Industrial Road,,Toronto,Toronto,76860,Canada,28.80804,70.54406,,2000,,,2016-09-06T05:39:44.588Z
86ee3248-7598-4a50-8e9c-c970c71f14fe,4d60b8b2-a348-477a-a5e2-969415d5b2ad,processing_plant,Buenos Aires processing plant,323 Industrial Road,,Buenos Aires,Buenos Aires,54397,Canada,-29.34099,114.47983,,2018,,,2021-03-10T05:39:44.588Z
431d2f14-eecd-499f-8c6c-1513e4e5efe4,4942af99-35dc-4674-8541-92dc7395fa0b,processing_plant,Charlotte processing plant,619 Industrial Road,,Charlotte,Charlotte,37232,Australia,-23.31149,-49.78218,,2017,,,2022-09-03T05:39:44.588Z
99f6b384-bad9-421a-b04d-c1ebeac32d31,1b34a295-7e7d-46ef-91e6-ed739cb9d235,r_and_d_center,Toronto r and d center,978 Industrial Road,,Toronto,Toronto,32211,United States,-21.61172,124.9359,,2014,,,2022-01-28T05:39:44.588Z
3607be12-eb6d-4719-96e8-e0ec28d02b3a,ee2e59c2-0031-48e5-8e02-06bcc4fc83f7,mining_operation,Santiago mining operation,129 Industrial Road,,Santiago,Santiago,65648,Argentina,8.73869,66.79245,43683,2002,,,2016-02-11T05:39:44.588Z
afc6b5ca-2b50-45aa-88a7-b66607e3490a,cf9be32a-f138-41c4-b44b-755d39c6f0d3,mining_operation,Harare mining operation,952 Industrial Road,,Harare,Harare,40426,Argentina,-0.08188,25.7955,26105,2023,,,2024-04-02T05:39:44.588Z
f932e7eb-6f9b-4aea-91bc-ffc550056d90,265c448a-aec6-45d7-8da5-7ae53396b777,office,Buenos Aires office,364 Industrial Road,,Buenos Aires,Buenos Aires,63554,Namibia,6.06595,-27.70031,,2014,,,2018-04-05T05:39:44.588Z
300ddfd0-18f9-4f81-87bf-c49e00a431e8,5cdac5bc-c951-45be-a3ba-070a1a280fde,r_and_d_center,Beijing r and d center,466 Industrial Road,,Beijing,Beijing,77453,Chile,48.57738,-5.02442,,2005,,,2020-07-14T05:39:44.588Z
7b696e92-de27-419f-b9b4-1c2def6781a3,765d0fb4-d95b-4f37-9659-74ff955aacc3,warehouse,Beijing warehouse,781 Industrial Road,,Beijing,Beijing,91317,Namibia,28.86928,55.0236,,2008,,,2018-02-23T05:39:44.588Z
b96f87ed-1beb-41f5-85fc-f811a547904a,f0c10fd4-4824-48f0-8cf6-69a22c1b43f2,warehouse,Harare warehouse,446 Industrial Road,,Harare,Harare,24427,China,-7.23693,-68.13566,,2024,,,2018-01-17T05:39:44.588Z
ff6a685c-4419-435d-975c-3a1d65aa5e12,92e40224-054a-4586-9281-4b7fc2df2278,processing_plant,Santiago processing plant,174 Industrial Road,,Santiago,Santiago,70580,Zimbabwe,-20.84252,76.10394,,2008,,,2017-03-04T05:39:44.588Z
4b161dbb-8bea-4230-9853-8752a8395820,0e47e6d4-bb17-4ac5-a2fa-2e1f2f96443e,office,Toronto office,296 Industrial Road,,Toronto,Toronto,19637,United States,-7.21541,58.32515,,2018,,,2023-02-21T05:39:44.588Z
2c80e0ef-19e7-412c-950a-555013813fbf,e7ab2aab-8519-40c3-beaa-7170563187c1,mining_operation,Windhoek mining operation,398 Industrial Road,,Windhoek,Windhoek,93753,United States,-15.15111,18.72985,47342,2015,,,2016-04-13T05:39:44.588Z
2c24ca42-db68-4fd8-8ea3-6702db38424e,580ac6db-d376-43b6-94ac-0b76aeaec003,warehouse,Santiago warehouse,717 Industrial Road,,Santiago,Santiago,39871,Namibia,-21.86616,67.81148,,2017,,,2022-05-19T05:39:44.588Z
12ebb297-93b9-46f8-965a-e578d4b99fe7,118593b5-e3ba-4913-84df-2e25239acec2,warehouse,Harare warehouse,664 Industrial Road,,Harare,Harare,46062,Canada,17.58915,-19.76878,,2015,,,2020-03-15T05:39:44.588Z
e0ee8861-f4c1-4e36-a820-19e91485964d,a9baa336-d8c1-4f17-a5a3-33647959e08d,mining_operation,Perth mining operation,335 Industrial Road,,Perth,Perth,59838,Chile,-0.63853,-54.4571,29011,2012,,,2023-09-09T05:39:44.588Z
8d332f53-a85f-45c9-a6ee-000d7ba1edec,8955fe2c-2821-4805-a0e0-4c4ddda19e0a,processing_plant,Windhoek processing plant,877 Industrial Road,,Windhoek,Windhoek,50764,Australia,15.77723,100.08541,,2016,,,2020-10-14T05:39:44.588Z
ad87de50-f176-49a0-85b4-db3908e13e90,4496c558-39c2-486f-8c7b-d621e76a1d0b,mining_operation,Buenos Aires mining operation,291 Industrial Road,,Buenos Aires,Buenos Aires,31221,United States,0.215,83.2247,28166,2016,,,2022-01-12T05:39:44.588Z
5d2571f8-f72d-4047-93c2-fd77b58220ff,71d2fbdb-0b1f-45df-b294-45de2760278a,r_and_d_center,Toronto r and d center,781 Industrial Road,,Toronto,Toronto,86263,China,46.35325,-93.86461,,2016,,,2022-04-12T05:39:44.588Z
778c49cf-6092-42b8-bc50-fd27f2963ca9,765d0fb4-d95b-4f37-9659-74ff955aacc3,office,Perth office,909 Industrial Road,,Perth,Perth,92628,United States,23.10456,-70.19235,,2005,,,2017-12-25T05:39:44.588Z
b21143cf-c35a-4b64-a42b-87fd88a40c51,2d30e743-73b2-47fc-9549-5369d02cc849,r_and_d_center,Windhoek r and d center,345 Industrial Road,,Windhoek,Windhoek,43041,United States,18.82963,-36.70016,,2002,,,2018-02-14T05:39:44.588Z
8c263d17-928a-4360-a4da-93107ab97aba,3926362c-b964-4f16-bb68-8c63ae3ee25f,office,Charlotte office,498 Industrial Road,,Charlotte,Charlotte,65250,Canada,-0.98674,39.60516,,2007,,,2022-08-30T05:39:44.588Z
68f6d5b5-f9b6-4219-9a43-4f0fbf9595c6,f0c10fd4-4824-48f0-8cf6-69a22c1b43f2,processing_plant,Buenos Aires processing plant,278 Industrial Road,,Buenos Aires,Buenos Aires,27257,Namibia,18.82025,-83.648,,2019,,,2017-04-26T05:39:44.588Z
d6f37eb4-d9f1-469d-a433-4eb1ca10cb82,3a4a168c-8231-414f-b66c-cde9fd9e59d0,office,Charlotte office,752 Industrial Road,,Charlotte,Charlotte,56339,Argentina,13.23263,107.69725,,2007,,,2022-04-16T05:39:44.588Z
42ee2d38-f186-435f-afc9-b0b939586518,9639e31d-91c0-43bd-a926-d55c4211676e,office,Santiago office,77 Industrial Road,,Santiago,Santiago,75017,Zimbabwe,-10.67039,67.09753,,2012,,,2017-08-11T05:39:44.588Z
29aa6213-4847-4eb9-8c81-efd78ed67bf9,56ccd334-43bc-4997-ae06-d6716b6e7101,warehouse,Buenos Aires warehouse,776 Industrial Road,,Buenos Aires,Buenos Aires,81530,Chile,12.2493,23.1317,,2015,,,2020-12-24T05:39:44.588Z
e4978830-35a3-4ec7-9bcd-a0633eec8b40,2f754c55-e158-45fa-be6b-851496b9ea40,r_and_d_center,Windhoek r and d center,807 Industrial Road,,Windhoek,Windhoek,99975,Canada,41.98515,9.99989,,2006,,,2023-10-06T05:39:44.588Z
7be8645e-a75d-4693-8526-6f9c06c51a03,c0124f38-aa90-4f77-a4d2-4ffebd19ff19,office,Charlotte office,586 Industrial Road,,Charlotte,Charlotte,71631,Australia,17.25779,-5.17233,,2000,,,2017-12-24T05:39:44.588Z
f5c167f2-71bf-4ba5-8ef3-50e45cb985bf,3dd84518-e6a3-4089-ad2e-b1da5f19f97b,mining_operation,Perth mining operation,129 Industrial Road,,Perth,Perth,94690,Zimbabwe,-18.98765,115.88405,28499,2010,,,2016-02-29T05:39:44.588Z
3d7eb071-7844-47e4-ae2f-f9ccd79ca526,9111d683-0be7-422c-b2d1-c65d47891556,office,Windhoek office,657 Industrial Road,,Windhoek,Windhoek,66056,Canada,14.1052,-31.11179,,2010,,,2022-07-06T05:39:44.588Z
ecc68b52-1255-4e41-a459-66a6fcda1c93,5c40cade-c942-4528-8048-02a989eed85d,r_and_d_center,Windhoek r and d center,340 Industrial Road,,Windhoek,Windhoek,74598,Canada,-34.37677,96.22817,,2004,,,2016-09-12T05:39:44.588Z
3d038e7c-64e3-4393-8bc2-bf6f86654269,c6fd996f-9111-44dd-8a5c-447d9ec855ce,mining_operation,Charlotte mining operation,757 Industrial Road,,Charlotte,Charlotte,37969,Namibia,48.49668,-96.93611,33095,2004,,,2018-09-23T05:39:44.588Z
b7b3f9f1-25f9-4b9f-93af-b05ad70d74ec,cf9be32a-f138-41c4-b44b-755d39c6f0d3,r_and_d_center,Windhoek r and d center,728 Industrial Road,,Windhoek,Windhoek,39422,China,21.6607,13.35146,,2013,,,2020-02-08T05:39:44.588Z
9927118d-abec-48b7-b015-faee5b0e52ce,33341bfa-7a02-4df4-8eb7-e343553bacdd,r_and_d_center,Windhoek r and d center,451 Industrial Road,,Windhoek,Windhoek,35906,Australia,10.2003,55.27123,,2002,,,2023-10-09T05:39:44.588Z
2e98e904-b649-4335-94d7-e85079a8b4d1,58b993bc-0e84-4dad-885f-5ff25ab85520,r_and_d_center,Harare r and d center,706 Industrial Road,,Harare,Harare,72154,China,49.90014,50.59174,,2022,,,2018-07-01T05:39:44.588Z
9e8b4af5-cd1f-4c36-b26b-8a2016ef5c2a,a94b6af0-5cf0-494d-81e7-3dec16498b23,mining_operation,Perth mining operation,322 Industrial Road,,Perth,Perth,32378,Chile,5.22186,-78.37768,34058,2019,,,2022-01-30T05:39:44.588Z
d146bc63-3b0a-4c5d-9557-c6339eafd622,9229b841-28bc-4c21-ae95-b1580c26e5c4,r_and_d_center,Perth r and d center,565 Industrial Road,,Perth,Perth,63643,Chile,-1.20341,-20.22029,,2023,,,2017-10-19T05:39:44.588Z
de0744d7-ce5c-4654-bf26-9468b35dc7ea,4dc832b4-9cc1-4014-8e58-07e70889ab89,mining_operation,Santiago mining operation,571 Industrial Road,,Santiago,Santiago,63076,Canada,38.75157,3.00376,43953,2000,,,2020-08-15T05:39:44.588Z
f200bd1c-63e8-490b-bdb0-dc127fdb091b,ce7e8aa8-2bd9-4139-87d2-b1810e818017,mining_operation,Windhoek mining operation,721 Industrial Road,,Windhoek,Windhoek,97929,Zimbabwe,32.57954,-111.07169,42596,2015,,,2018-04-22T05:39:44.588Z
609da6ca-7790-4987-a252-0db87e2833ec,37fbb935-02c2-4908-8a0d-1767ce72736c,r_and_d_center,Buenos Aires r and d center,184 Industrial Road,,Buenos Aires,Buenos Aires,55884,Zimbabwe,35.6839,-9.10558,,2011,,,2019-08-11T05:39:44.588Z
35678f9d-66eb-4f35-9425-c4907a0aa249,a94b6af0-5cf0-494d-81e7-3dec16498b23,processing_plant,Perth processing plant,943 Industrial Road,,Perth,Perth,87531,Namibia,10.49443,-29.2665,,2013,,,2024-12-31T05:39:44.588Z
cd1dbd46-fd99-4d61-9d9c-8770b824a9bb,7f8fe15b-7d71-48da-8487-0aaa6b197c9b,processing_plant,Charlotte processing plant,759 Industrial Road,,Charlotte,Charlotte,55780,China,11.68303,29.52125,,2000,,,2017-10-09T05:39:44.588Z
5d6d7620-9fd9-4b6e-9e3a-b1ffbd424cb4,90be6962-3f84-4ae1-b418-fc65256c02d0,warehouse,Toronto warehouse,247 Industrial Road,,Toronto,Toronto,41012,United States,-2.1016,102.08213,,2012,,,2023-05-22T05:39:44.588Z
d4e39cfb-207f-464c-a105-0e995b23ff58,b2f50972-7222-46ff-beb2-4abf815821fe,processing_plant,Beijing processing plant,163 Industrial Road,,Beijing,Beijing,56327,Canada,-23.29507,124.56535,,2022,,,2023-10-16T05:39:44.588Z
ced41957-37ae-4d96-989b-230608507caf,0a271ac4-898b-4e9e-b0a8-7dab203ae956,r_and_d_center,Toronto r and d center,189 Industrial Road,,Toronto,Toronto,18131,United States,31.47531,1.66106,,2016,,,2023-09-29T05:39:44.588Z
6a93a88e-1ee5-4e85-8028-0163efda19ef,3dd84518-e6a3-4089-ad2e-b1da5f19f97b,processing_plant,Toronto processing plant,996 Industrial Road,,Toronto,Toronto,13147,Argentina,40.39997,-21.89014,,2020,,,2019-12-31T05:39:44.588Z
9b1c0901-7706-4f43-9b1c-9f20382fda7c,37fbb935-02c2-4908-8a0d-1767ce72736c,processing_plant,Toronto processing plant,537 Industrial Road,,Toronto,Toronto,60780,Zimbabwe,1.28779,99.86357,,2024,,,2024-03-22T05:39:44.588Z
daf1caad-888f-4b73-ae2c-3daa87e91c2f,9e435b1b-3b26-4f4b-9b97-17ba2e5c1452,r_and_d_center,Santiago r and d center,492 Industrial Road,,Santiago,Santiago,46094,Chile,2.88505,121.77017,,2019,,,2017-06-21T05:39:44.588Z
42d73914-2e15-4333-8a66-2e0dbcec698b,9639e31d-91c0-43bd-a926-d55c4211676e,r_and_d_center,Charlotte r and d center,617 Industrial Road,,Charlotte,Charlotte,41317,China,-15.37196,93.30496,,2017,,,2024-05-11T05:39:44.588Z
d8abcb7b-afec-46a0-a472-2703ef1815f3,b7b17528-c4fd-4a36-a27a-eb178e66ee70,mining_operation,Buenos Aires mining operation,50 Industrial Road,,Buenos Aires,Buenos Aires,74008,Chile,-21.3,-57.66604,20644,2014,,,2016-11-30T05:39:44.588Z
34897a95-250c-4293-88e2-3bc40b09387c,3969643f-066c-4899-9665-45657442ebf6,processing_plant,Toronto processing plant,510 Industrial Road,,Toronto,Toronto,68470,Chile,49.94806,-84.45839,,2014,,,2018-01-11T05:39:44.588Z
a9f4ec09-99ca-4149-a942-c6b93bb5fff2,c9583b6a-e295-4536-b6f6-6a13b293e1cb,warehouse,Windhoek warehouse,873 Industrial Road,,Windhoek,Windhoek,87293,Namibia,10.27039,-82.5357,,2021,,,2016-02-17T05:39:44.588Z
7e513919-9427-4ae9-8ce4-2d6d130b7f4a,e25887d0-5884-4785-a22c-af72e2626bd4,warehouse,Windhoek warehouse,316 Industrial Road,,Windhoek,Windhoek,91379,Zimbabwe,-5.54901,-105.38769,,2007,,,2017-07-23T05:39:44.588Z
22d8d79b-ec6a-40ff-857f-afcaafa0394a,57d13328-0d73-48eb-aff2-7a029e192419,r_and_d_center,Harare r and d center,567 Industrial Road,,Harare,Harare,77953,Argentina,8.91166,-80.2332,,2019,,,2018-08-21T05:39:44.588Z
382b34db-24d4-4051-a203-6bab9a49f235,a303100d-a5a2-46ee-8c2a-db05153285be,processing_plant,Buenos Aires processing plant,670 Industrial Road,,Buenos Aires,Buenos Aires,31888,Chile,9.06877,-116.22852,,2017,,,2022-03-12T05:39:44.588Z
2aaa2909-67db-488e-9546-1556e95569df,5d5649db-7391-4669-88d9-6673def550de,r_and_d_center,Santiago r and d center,733 Industrial Road,,Santiago,Santiago,63729,Chile,26.28976,63.82399,,2023,,,2024-07-19T05:39:44.588Z
2b7853b9-7c53-4fb9-aaaa-67c898f60c31,85f19c5f-c906-4131-a2e1-c7ee824853e5,r_and_d_center,Beijing r and d center,734 Industrial Road,,Beijing,Beijing,34666,Namibia,-6.03842,71.30739,,2000,,,2017-11-21T05:39:44.588Z
561874a1-378b-4fd0-8131-af6f262eff3c,ee2e59c2-0031-48e5-8e02-06bcc4fc83f7,processing_plant,Buenos Aires processing plant,67 Industrial Road,,Buenos Aires,Buenos Aires,33780,Namibia,5.62596,-104.50064,,2012,,,2024-04-04T05:39:44.588Z
6c0097b3-08f8-4b41-8031-6afb4b704918,15a2f15e-2b3b-4d6c-95c0-45c55b4da187,warehouse,Santiago warehouse,259 Industrial Road,,Santiago,Santiago,39073,China,35.46761,5.01276,,2007,,,2022-08-19T05:39:44.588Z
0649c76c-b015-4e8c-91c6-1cd81a3db4e8,90be6962-3f84-4ae1-b418-fc65256c02d0,warehouse,Toronto warehouse,479 Industrial Road,,Toronto,Toronto,78415,United States,13.49158,14.76502,,2006,,,2023-11-16T05:39:44.588Z
819e130b-fcb9-404a-aad0-2db389cf01a8,3f719a20-196e-4723-8a34-9b1673a8bc47,office,Harare office,619 Industrial Road,,Harare,Harare,83075,Namibia,-24.17582,-1.61625,,2006,,,2022-11-21T05:39:44.588Z
2ca48d0f-71fc-400e-a287-87c4e8d8a3f7,e7ab2aab-8519-40c3-beaa-7170563187c1,warehouse,Beijing warehouse,210 Industrial Road,,Beijing,Beijing,94170,China,-15.46071,-80.28778,,2001,,,2022-12-06T05:39:44.588Z
119f1092-aa51-4960-8eb5-d963a1749a71,71d2fbdb-0b1f-45df-b294-45de2760278a,mining_operation,Windhoek mining operation,807 Industrial Road,,Windhoek,Windhoek,54354,China,21.24729,-107.11807,34014,2020,,,2016-02-13T05:39:44.588Z
cfa4037d-625e-4759-b283-a141f25b0e5d,5ae88a11-3e4e-44bd-882c-16084a57f8cc,warehouse,Harare warehouse,876 Industrial Road,,Harare,Harare,78134,United States,25.57795,-7.05215,,2016,,,2020-06-10T05:39:44.588Z
e887a05e-e091-4ca1-8121-2cfa913e458e,e897675f-2cb6-40c7-84a0-7f4b1434e0cd,r_and_d_center,Beijing r and d center,350 Industrial Road,,Beijing,Beijing,37484,Chile,10.01276,-62.8829,,2011,,,2021-06-04T05:39:44.588Z
d8a50079-5fae-4892-8d8b-65c4a576559b,526452e8-c64a-4b48-a821-9a65c3d3da45,warehouse,Toronto warehouse,879 Industrial Road,,Toronto,Toronto,25440,Australia,-7.24864,117.75192,,2017,,,2024-03-22T05:39:44.588Z
596276da-7c4f-44fc-b8fd-3a3cc1d48e0a,fe57c791-f841-4b8b-8fd0-68d854ee8ce5,mining_operation,Windhoek mining operation,641 Industrial Road,,Windhoek,Windhoek,66671,Chile,29.36399,-6.63897,34381,2021,,,2019-03-17T05:39:44.588Z
016dac2b-937e-4ebd-810d-a4b2e37a3a87,8d89e775-abf3-4f31-aa0f-9466b6fecfb4,office,Harare office,241 Industrial Road,,Harare,Harare,97384,Chile,-33.66481,26.30966,,2010,,,2021-05-25T05:39:44.588Z
90b7a935-0ed4-446b-a1c5-453dcc95bd7e,f16cc7d8-2a7e-4a46-af12-1f1b632bb344,warehouse,Beijing warehouse,231 Industrial Road,,Beijing,Beijing,72296,Australia,29.19907,-110.82233,,2011,,,2022-12-01T05:39:44.588Z
3024d99c-8f04-4d86-b82c-06722a481c34,2fdb218f-c48f-4de7-ad02-fd395117beb6,warehouse,Windhoek warehouse,561 Industrial Road,,Windhoek,Windhoek,34956,Namibia,40.31045,59.8687,,2016,,,2020-03-25T05:39:44.588Z
4623dc32-90a5-49d5-9120-612e05f0f1aa,46aa2e65-5481-48a0-a421-7cb0e2e0a8e9,warehouse,Buenos Aires warehouse,237 Industrial Road,,Buenos Aires,Buenos Aires,93142,Chile,45.5279,-104.15735,,2011,,,2021-02-28T05:39:44.588Z
3d76c29a-78e2-4269-83f6-6d5c429f405c,67517fe0-7dcb-4ec1-9d30-cd456cb8c0af,mining_operation,Windhoek mining operation,599 Industrial Road,,Windhoek,Windhoek,12031,Canada,-32.45508,43.04259,39451,2004,,,2021-06-15T05:39:44.588Z
746570fc-7904-4d78-a67a-004ea3007ce5,6b2a28c1-efc7-4c51-9f8b-6b6091a53401,warehouse,Santiago warehouse,229 Industrial Road,,Santiago,Santiago,99825,China,-13.02534,-82.64665,,2001,,,2020-11-19T05:39:44.588Z
41a879ed-ed18-4b48-b5c8-84b4d9da3817,277bf9bb-fafe-41f0-903a-c7debfdda64b,office,Beijing office,174 Industrial Road,,Beijing,Beijing,88812,Canada,10.84219,-40.26009,,2007,,,2017-12-16T05:39:44.588Z
97d6d44e-afb3-4bea-83c9-1f94904ac6e6,5d5649db-7391-4669-88d9-6673def550de,office,Harare office,619 Industrial Road,,Harare,Harare,75565,Argentina,4.30232,-112.37198,,2005,,,2022-01-24T05:39:44.588Z
f68b6a53-1b00-4925-9f7d-5b52506252f5,2ab13aab-6094-4c0d-9d45-af607b1c664e,mining_operation,Harare mining operation,238 Industrial Road,,Harare,Harare,28404,Canada,9.95654,56.64501,30163,2024,,,2016-10-16T05:39:44.588Z
5d7630f7-9193-4d3e-ad2b-d2cab74b1d53,5c40cade-c942-4528-8048-02a989eed85d,warehouse,Windhoek warehouse,185 Industrial Road,,Windhoek,Windhoek,13821,China,-7.56469,39.87581,,2001,,,2023-10-06T05:39:44.588Z
c93fbb75-2b6d-460c-82e1-1b501c46cbf9,265c448a-aec6-45d7-8da5-7ae53396b777,mining_operation,Perth mining operation,1 Industrial Road,,Perth,Perth,87778,United States,-3.24609,-76.7034,29931,2012,,,2019-11-10T05:39:44.588Z
b83e37c8-875b-4389-84b1-4e016ef6cb33,e73e62f8-b739-4184-9c94-fef86df770a0,office,Perth office,79 Industrial Road,,Perth,Perth,61346,United States,17.35034,-35.50333,,2013,,,2016-02-08T05:39:44.588Z
f457dce3-01ce-4ec6-ab13-06dc739adf40,b7b17528-c4fd-4a36-a27a-eb178e66ee70,r_and_d_center,Buenos Aires r and d center,91 Industrial Road,,Buenos Aires,Buenos Aires,68067,Namibia,18.80827,-48.64,,2015,,,2018-01-16T05:39:44.588Z
a29ef91d-184f-475f-bdb4-a26d7eb60695,069ad08e-21cf-45e4-bbc0-427b90c8ae9f,processing_plant,Buenos Aires processing plant,236 Industrial Road,,Buenos Aires,Buenos Aires,76932,Chile,11.3896,44.17058,,2010,,,2019-05-12T05:39:44.590Z
657cead5-f1d4-4639-a2b7-6b5679a1ba32,58b993bc-0e84-4dad-885f-5ff25ab85520,r_and_d_center,Toronto r and d center,952 Industrial Road,,Toronto,Toronto,17649,Argentina,-34.02807,-53.6686,,2006,,,2023-02-05T05:39:44.590Z
e8063719-d358-4e95-9458-101a8d5d9670,899e3891-f93f-4d0d-8a05-4f23adaeac21,warehouse,Toronto warehouse,259 Industrial Road,,Toronto,Toronto,79107,Chile,-8.52393,-68.37544,,2003,,,2023-01-01T05:39:44.590Z
36806f9f-838f-4fb3-a6de-01e70fb38327,68db7c08-8dcd-4cb6-b001-eec88539af33,r_and_d_center,Charlotte r and d center,641 Industrial Road,,Charlotte,Charlotte,86315,Zimbabwe,-1.61829,-40.42086,,2001,,,2022-06-22T05:39:44.590Z
e0a65c3d-3002-45bc-b338-0bc7ae345cb5,420bfee0-8d70-4bca-a8a3-5664e72d8fef,warehouse,Charlotte warehouse,432 Industrial Road,,Charlotte,Charlotte,43836,United States,9.90515,95.72775,,2023,,,2019-04-30T05:39:44.590Z
c4cb2431-934f-4638-9430-3b65ef36b586,c0124f38-aa90-4f77-a4d2-4ffebd19ff19,r_and_d_center,Windhoek r and d center,300 Industrial Road,,Windhoek,Windhoek,86606,Chile,8.82439,-45.07395,,2024,,,2023-08-09T05:39:44.590Z
294c999e-15cd-4947-95a3-b5b728267d34,2ad8b3e1-554c-4068-a664-76129b3d5235,warehouse,Toronto warehouse,993 Industrial Road,,Toronto,Toronto,64898,China,-31.0371,77.36375,,2015,,,2024-04-14T05:39:44.590Z
c0cc4152-6f76-4f17-8c48-489ec2d914a0,4d60b8b2-a348-477a-a5e2-969415d5b2ad,processing_plant,Charlotte processing plant,221 Industrial Road,,Charlotte,Charlotte,52080,Chile,-2.76888,26.50805,,2024,,,2020-05-01T05:39:44.590Z
9bd86976-2215-4b18-a229-e7c78b02294c,07d0779a-7ff7-4ee0-b847-3d7249aff3bf,processing_plant,Charlotte processing plant,764 Industrial Road,,Charlotte,Charlotte,41037,Namibia,-6.79658,90.8114,,2007,,,2018-05-12T05:39:44.590Z
2a8d8022-c288-4093-b7fa-194db1a3c4a6,84eff56b-69e2-4013-a4c7-e08471bda854,office,Buenos Aires office,481 Industrial Road,,Buenos Aires,Buenos Aires,32500,Namibia,24.65778,-52.28696,,2002,,,2020-03-29T05:39:44.590Z
a281829c-80e5-4127-a346-bd14d7e89b2c,e73e62f8-b739-4184-9c94-fef86df770a0,mining_operation,Charlotte mining operation,671 Industrial Road,,Charlotte,Charlotte,73593,United States,-28.15912,-0.74616,16552,2014,,,2022-04-07T05:39:44.590Z
6ecfc3f8-c02f-4acb-b153-1ec9a26afbcc,f790d565-6d60-476b-bad7-8dfeb8211617,office,Santiago office,825 Industrial Road,,Santiago,Santiago,13137,Namibia,49.37254,-85.47845,,2017,,,2019-05-30T05:39:44.590Z
2650f225-5bd5-40f4-928e-56b11eee784f,580ac6db-d376-43b6-94ac-0b76aeaec003,office,Perth office,112 Industrial Road,,Perth,Perth,34504,Chile,-25.47075,18.58529,,2014,,,2022-06-08T05:39:44.590Z
480b3005-5105-4103-b124-709ad95b3232,33341bfa-7a02-4df4-8eb7-e343553bacdd,warehouse,Harare warehouse,30 Industrial Road,,Harare,Harare,22289,Namibia,40.62978,122.53631,,2019,,,2022-01-08T05:39:44.590Z
d540b2ae-40b2-48f8-8ae1-73f5a2213b59,3969643f-066c-4899-9665-45657442ebf6,r_and_d_center,Santiago r and d center,745 Industrial Road,,Santiago,Santiago,17438,Chile,22.89662,-45.96409,,2004,,,2019-06-14T05:39:44.590Z
fc871b59-dfda-4ee9-8a35-767b55467e6f,5663ce32-a0ed-4c94-ac7f-ac4a0f9b179c,office,Windhoek office,837 Industrial Road,,Windhoek,Windhoek,47903,Chile,-11.296,18.27949,,2022,,,2023-03-27T05:39:44.590Z
8c260fc7-f861-4831-8656-d4cbcc3a8703,0208e2ff-4c35-4e75-8fc2-e9999728b4e3,mining_operation,Harare mining operation,984 Industrial Road,,Harare,Harare,60474,Zimbabwe,-20.33369,-71.04678,7793,2009,,,2022-06-03T05:39:44.590Z
c5bdfd0c-32f8-4887-9e04-58c33c3a07f1,e7ab2aab-8519-40c3-beaa-7170563187c1,processing_plant,Beijing processing plant,53 Industrial Road,,Beijing,Beijing,83939,Argentina,25.84327,2.86315,,2021,,,2024-01-25T05:39:44.590Z
66e811a2-d931-48dd-af92-2ac9bc6a6ba4,870dc9ac-795a-4851-ac2a-3cf9f083df9f,processing_plant,Harare processing plant,818 Industrial Road,,Harare,Harare,58555,Australia,-1.78002,-1.71796,,2004,,,2016-03-21T05:39:44.590Z
7b0dbd46-e621-4271-a86b-d137d72e56ad,0da3391f-6ec1-4d91-9502-5dd71c6bc945,mining_operation,Perth mining operation,442 Industrial Road,,Perth,Perth,79811,Australia,-25.1696,-6.6405,37299,2010,,,2018-07-09T05:39:44.590Z
8cc5fc38-87eb-417f-9954-056e544480a5,3a4a168c-8231-414f-b66c-cde9fd9e59d0,processing_plant,Harare processing plant,883 Industrial Road,,Harare,Harare,12485,Argentina,-32.0122,91.19254,,2014,,,2016-06-28T05:39:44.590Z
f0d55fab-7d5f-434f-bb17-f0c72787b620,b69730b6-17d6-4542-aa43-08d7f788dacc,warehouse,Charlotte warehouse,492 Industrial Road,,Charlotte,Charlotte,68904,Canada,-33.27739,61,,2011,,,2020-02-14T05:39:44.590Z
f671218b-eb7d-43dc-a0e4-c61e924e6c02,c816b440-d47f-4413-9dd3-2d8098f07ff8,processing_plant,Charlotte processing plant,923 Industrial Road,,Charlotte,Charlotte,30309,United States,47.65131,45.66662,,2006,,,2020-01-06T05:39:44.590Z
7056fd90-2373-4c1d-828d-67fb8fb7b721,a94b6af0-5cf0-494d-81e7-3dec16498b23,office,Toronto office,49 Industrial Road,,Toronto,Toronto,51215,Namibia,26.85638,-23.64544,,2017,,,2020-02-14T05:39:44.590Z
694a28be-2326-4ae3-bdfb-196f7da56f56,85f19c5f-c906-4131-a2e1-c7ee824853e5,warehouse,Charlotte warehouse,404 Industrial Road,,Charlotte,Charlotte,91710,United States,-9.13319,105.35382,,2004,,,2023-01-12T05:39:44.590Z
73917bdb-7cbe-4b4b-932c-2d9361a049d9,56ccd334-43bc-4997-ae06-d6716b6e7101,warehouse,Buenos Aires warehouse,179 Industrial Road,,Buenos Aires,Buenos Aires,66509,Zimbabwe,8.54737,87.24001,,2001,,,2020-11-01T05:39:44.590Z
b9053655-e69c-402e-a1af-4296fa744324,c9583b6a-e295-4536-b6f6-6a13b293e1cb,warehouse,Santiago warehouse,702 Industrial Road,,Santiago,Santiago,73592,Namibia,1.56837,119.73594,,2002,,,2018-01-29T05:39:44.590Z
2132a73f-6b86-47ad-bfee-a19063d47986,b3a55e8a-812c-4397-93ff-05259f0f42c8,processing_plant,Perth processing plant,555 Industrial Road,,Perth,Perth,16468,Australia,45.71562,-94.2043,,2024,,,2018-02-08T05:39:44.590Z
a8b46878-494a-4e93-94b7-7e90fedae55b,15a2f15e-2b3b-4d6c-95c0-45c55b4da187,mining_operation,Toronto mining operation,893 Industrial Road,,Toronto,Toronto,16928,United States,43.15913,22.08181,11917,2017,,,2024-07-22T05:39:44.590Z
901ae6be-f3c9-4432-ae2f-7654ec63b2c2,4d60b8b2-a348-477a-a5e2-969415d5b2ad,processing_plant,Santiago processing plant,914 Industrial Road,,Santiago,Santiago,91330,Namibia,35.65444,72.37038,,2008,,,2016-09-28T05:39:44.590Z
a957dd62-eb58-4252-9e5a-a4e72d9610b1,580ac6db-d376-43b6-94ac-0b76aeaec003,mining_operation,Charlotte mining operation,28 Industrial Road,,Charlotte,Charlotte,58347,Chile,24.21825,97.56041,25163,2013,,,2021-07-19T05:39:44.590Z
7c77e970-8b1e-4915-aff2-8c20c02c3eeb,8e503c29-9cdb-4f53-ae51-aee678085660,r_and_d_center,Perth r and d center,563 Industrial Road,,Perth,Perth,92237,China,7.39333,-38.40095,,2010,,,2020-12-07T05:39:44.590Z
5878e04e-709d-4d44-a3a8-1cec9cb98b9f,6b2a28c1-efc7-4c51-9f8b-6b6091a53401,mining_operation,Buenos Aires mining operation,962 Industrial Road,,Buenos Aires,Buenos Aires,67342,China,-20.03563,-6.67283,18975,2014,,,2016-02-22T05:39:44.590Z
a0535d66-1a88-4172-876c-67ff33e3756e,cae4d6b6-f6a4-4fc0-a3e6-123a72de64fa,r_and_d_center,Windhoek r and d center,738 Industrial Road,,Windhoek,Windhoek,63720,Canada,28.93629,-25.03561,,2022,,,2016-09-11T05:39:44.590Z
13f0046a-16cd-4ce9-9e54-cc9e5637ddcf,37fbb935-02c2-4908-8a0d-1767ce72736c,warehouse,Buenos Aires warehouse,288 Industrial Road,,Buenos Aires,Buenos Aires,11959,United States,48.79877,-105.39391,,2008,,,2021-09-13T05:39:44.590Z
46cef465-f87a-44a9-a02b-63bf5907cd0d,56ccd334-43bc-4997-ae06-d6716b6e7101,office,Santiago office,343 Industrial Road,,Santiago,Santiago,44253,Namibia,-8.8136,120.05734,,2011,,,2024-10-23T05:39:44.590Z
36d8241c-0e93-4d68-a294-47fee85416c2,0971e222-5719-489b-af2c-7a9d9a5a1651,warehouse,Santiago warehouse,653 Industrial Road,,Santiago,Santiago,89163,United States,-30.32291,40.59414,,2009,,,2020-04-23T05:39:44.590Z
ae6986f4-2122-4496-905c-a0c4331af8af,4b7b5184-e4a5-40a9-8953-c01a40ae7bb1,mining_operation,Santiago mining operation,65 Industrial Road,,Santiago,Santiago,52847,United States,20.97771,20.18602,33262,2018,,,2022-10-14T05:39:44.590Z
abebd9be-54b4-4adb-ae32-94ce76991d2a,2ffbea36-6c6d-4cb1-9a23-e1c4fab1634d,mining_operation,Windhoek mining operation,659 Industrial Road,,Windhoek,Windhoek,33616,Zimbabwe,45.91476,-95.64767,41094,2003,,,2021-01-28T05:39:44.590Z
af35280d-0b3f-4010-a98f-d8dc193d56e2,4d60b8b2-a348-477a-a5e2-969415d5b2ad,mining_operation,Charlotte mining operation,81 Industrial Road,,Charlotte,Charlotte,89373,Chile,-24.63289,-67.55218,23236,2004,,,2019-01-06T05:39:44.590Z
3a4fbb71-6d53-484b-94d6-4060a60ec702,58dbceb8-d97c-4f7b-86d5-3596474df86c,processing_plant,Toronto processing plant,93 Industrial Road,,Toronto,Toronto,42233,United States,4.77001,64.57096,,2012,,,2017-08-28T05:39:44.590Z
d91f650c-77ae-4c22-8271-daca66bf6bbc,2fdb218f-c48f-4de7-ad02-fd395117beb6,processing_plant,Toronto processing plant,470 Industrial Road,,Toronto,Toronto,97121,Canada,49.35501,-76.95766,,2018,,,2024-10-12T05:39:44.590Z
fc85c942-414d-4417-ab88-d29347b0f25b,0e2b95c5-5b01-4d6e-b925-d07fdbe8ac6b,warehouse,Buenos Aires warehouse,177 Industrial Road,,Buenos Aires,Buenos Aires,34149,Australia,-0.69847,71.06149,,2003,,,2020-02-01T05:39:44.590Z
c65da704-9ba2-4e5a-9360-1cc8b43778e2,265c448a-aec6-45d7-8da5-7ae53396b777,mining_operation,Toronto mining operation,816 Industrial Road,,Toronto,Toronto,70577,Chile,27.07626,-101.65044,37178,2022,,,2021-04-04T05:39:44.590Z
79f282f7-a172-4260-8811-19ef1d9ebfeb,33ab3567-0b9c-4eda-afbd-56a0d6c58527,warehouse,Beijing warehouse,343 Industrial Road,,Beijing,Beijing,42796,Argentina,-34.96467,9.9951,,2003,,,2016-06-03T05:39:44.590Z
59ef2f6f-ffd7-4444-88e0-70cbea86e0a5,118593b5-e3ba-4913-84df-2e25239acec2,warehouse,Perth warehouse,746 Industrial Road,,Perth,Perth,84970,Australia,16.10144,-78.5294,,2002,,,2017-10-02T05:39:44.590Z
e1e91a84-da0c-4556-8bcf-871970c577ce,c6fd996f-9111-44dd-8a5c-447d9ec855ce,processing_plant,Harare processing plant,942 Industrial Road,,Harare,Harare,92542,Namibia,31.8596,-105.83096,,2000,,,2016-06-15T05:39:44.590Z
ab6baf7d-5ec3-4206-9d1a-4112bce4aaee,a20dbd32-a765-4c3b-bc92-003c072148dc,office,Charlotte office,261 Industrial Road,,Charlotte,Charlotte,35291,Canada,6.72323,10.02708,,2003,,,2023-11-15T05:39:44.590Z
cf29437d-46b1-4242-920e-0f845601fc7c,0af35e47-626b-47c8-9e0b-9872a03ae8b6,office,Toronto office,278 Industrial Road,,Toronto,Toronto,68730,China,30.0712,110.18731,,2022,,,2021-10-30T05:39:44.590Z
fdac4512-7fc6-4256-bf75-b22af4f39e25,3926362c-b964-4f16-bb68-8c63ae3ee25f,mining_operation,Buenos Aires mining operation,853 Industrial Road,,Buenos Aires,Buenos Aires,78746,Zimbabwe,-13.82303,-55.02129,24121,2024,,,2018-12-16T05:39:44.590Z
ab2245c9-b4aa-4b25-8d59-4edf38dc8a81,84eff56b-69e2-4013-a4c7-e08471bda854,mining_operation,Buenos Aires mining operation,303 Industrial Road,,Buenos Aires,Buenos Aires,82223,Australia,-30.81424,-109.74628,24542,2017,,,2019-03-19T05:39:44.590Z
bc9b55cd-a519-4422-9c37-9956695dbe08,87519094-b5f3-4ef6-9d9c-8e503fcfed38,warehouse,Santiago warehouse,833 Industrial Road,,Santiago,Santiago,48850,Canada,-8.75458,116.0793,,2013,,,2022-03-03T05:39:44.590Z
84672740-f8fb-4452-a277-ecae0025273f,9229b841-28bc-4c21-ae95-b1580c26e5c4,warehouse,Charlotte warehouse,127 Industrial Road,,Charlotte,Charlotte,33242,United States,11.51534,89.91636,,2020,,,2021-11-18T05:39:44.590Z
84e3d78e-1b12-477d-98f9-1bb45766755d,c6fd996f-9111-44dd-8a5c-447d9ec855ce,processing_plant,Buenos Aires processing plant,555 Industrial Road,,Buenos Aires,Buenos Aires,12354,Chile,15.07147,1.75676,,2021,,,2019-10-26T05:39:44.590Z
2ad5c1b2-9c12-4646-8859-ba988841ebed,a12299a4-2c5b-42a9-ba81-b50ed03324ea,mining_operation,Santiago mining operation,559 Industrial Road,,Santiago,Santiago,53784,Namibia,46.04232,77.90752,33525,2023,,,2020-05-26T05:39:44.590Z
7c6adc84-4639-40dd-b5b5-feec123789bb,3a4a168c-8231-414f-b66c-cde9fd9e59d0,r_and_d_center,Beijing r and d center,478 Industrial Road,,Beijing,Beijing,30603,China,-16.51041,15.50513,,2017,,,2018-11-19T05:39:44.590Z
e9dc5dc7-16f3-49c1-936e-3e03c875f2e7,86840899-7fd7-43ef-bb0b-d9662d595c82,r_and_d_center,Buenos Aires r and d center,30 Industrial Road,,Buenos Aires,Buenos Aires,18004,China,-33.09588,76.64615,,2017,,,2023-02-25T05:39:44.590Z
6936f510-a7f6-411b-866c-f1108691e522,fe57c791-f841-4b8b-8fd0-68d854ee8ce5,r_and_d_center,Buenos Aires r and d center,171 Industrial Road,,Buenos Aires,Buenos Aires,71669,Australia,-26.58261,-31.88731,,2022,,,2017-01-20T05:39:44.590Z
2a9ecad1-2c5d-488f-b18a-224513da3c20,03d7c773-07d1-4c54-87fd-e34038901632,r_and_d_center,Windhoek r and d center,24 Industrial Road,,Windhoek,Windhoek,17799,Chile,30.20351,-34.76045,,2019,,,2024-04-14T05:39:44.590Z
95a10706-7b5d-4fc0-978d-2ffe03bf5b1b,86840899-7fd7-43ef-bb0b-d9662d595c82,warehouse,Beijing warehouse,121 Industrial Road,,Beijing,Beijing,88083,Canada,27.69162,-97.98844,,2016,,,2019-04-28T05:39:44.590Z
ae583243-0a13-401f-abeb-d7243f07ef0a,cae4d6b6-f6a4-4fc0-a3e6-123a72de64fa,processing_plant,Windhoek processing plant,544 Industrial Road,,Windhoek,Windhoek,29411,United States,-15.91035,9.11184,,2019,,,2020-04-18T05:39:44.590Z
4533a58d-37bd-491c-b849-ec5137eda458,5c40cade-c942-4528-8048-02a989eed85d,warehouse,Buenos Aires warehouse,181 Industrial Road,,Buenos Aires,Buenos Aires,21327,Australia,11.62318,47.05185,,2000,,,2023-06-08T05:39:44.590Z
87d7a879-ef7e-4f9d-a1a3-4be12ff4535d,56ccd334-43bc-4997-ae06-d6716b6e7101,r_and_d_center,Santiago r and d center,24 Industrial Road,,Santiago,Santiago,93621,United States,12.87505,-16.52374,,2024,,,2020-08-09T05:39:44.590Z
734e6979-29eb-4a4d-ab93-78e2ffde92a5,92e40224-054a-4586-9281-4b7fc2df2278,warehouse,Beijing warehouse,105 Industrial Road,,Beijing,Beijing,19368,Chile,33.19541,-117.33365,,2000,,,2024-07-06T05:39:44.590Z
2b693120-0037-4a17-a849-7ead266c50a8,420bfee0-8d70-4bca-a8a3-5664e72d8fef,warehouse,Toronto warehouse,43 Industrial Road,,Toronto,Toronto,25504,Zimbabwe,-11.08421,96.39209,,2005,,,2019-12-15T05:39:44.590Z
60540f73-2a18-416f-9277-b05b995ce542,e25887d0-5884-4785-a22c-af72e2626bd4,processing_plant,Perth processing plant,14 Industrial Road,,Perth,Perth,19824,Chile,5.4317,84.87042,,2003,,,2023-05-03T05:39:44.590Z
2fab6e3a-4efe-4d6f-866d-ceb0cc6c9d8d,4dc832b4-9cc1-4014-8e58-07e70889ab89,processing_plant,Perth processing plant,137 Industrial Road,,Perth,Perth,82393,Australia,15.60482,35.29334,,2006,,,2018-03-01T05:39:44.590Z
07283c07-b801-4b4b-a0cd-c7f9d85db464,58b993bc-0e84-4dad-885f-5ff25ab85520,r_and_d_center,Perth r and d center,70 Industrial Road,,Perth,Perth,34507,Chile,36.62685,84.20892,,2003,,,2018-06-01T05:39:44.590Z
fb57921d-c4db-4970-97dd-bc459a2a4136,8d89e775-abf3-4f31-aa0f-9466b6fecfb4,mining_operation,Harare mining operation,969 Industrial Road,,Harare,Harare,47136,United States,-7.89588,59.76703,30538,2022,,,2024-02-14T05:39:44.590Z
18913f7f-c515-40a6-b676-7e9ea96783ba,2fdb218f-c48f-4de7-ad02-fd395117beb6,mining_operation,Perth mining operation,558 Industrial Road,,Perth,Perth,16731,Namibia,40.20387,-34.38351,12656,2018,,,2022-08-12T05:39:44.590Z
5e870cad-8f48-4bdb-ac87-ab7437d94edf,e9169f30-30a8-40fb-9a7b-89eb2e2c7e2b,processing_plant,Buenos Aires processing plant,831 Industrial Road,,Buenos Aires,Buenos Aires,40172,Zimbabwe,-16.1083,120.57593,,2011,,,2020-02-21T05:39:44.590Z
cf385a9c-f5b5-4753-953e-578834363060,71d2fbdb-0b1f-45df-b294-45de2760278a,processing_plant,Toronto processing plant,615 Industrial Road,,Toronto,Toronto,44835,Australia,-18.74111,46.76354,,2022,,,2018-03-18T05:39:44.590Z
42c3def4-791e-4f17-a934-225a495d5843,9639e31d-91c0-43bd-a926-d55c4211676e,processing_plant,Buenos Aires processing plant,829 Industrial Road,,Buenos Aires,Buenos Aires,21101,Argentina,-6.77678,-42.43469,,2000,,,2020-05-26T05:39:44.590Z
bc6fd46d-8df8-4ffe-92a0-d5159d3ec308,e9169f30-30a8-40fb-9a7b-89eb2e2c7e2b,office,Windhoek office,604 Industrial Road,,Windhoek,Windhoek,19134,United States,-29.69988,-42.74903,,2010,,,2016-07-09T05:39:44.590Z
99caad41-f121-46a1-bf5c-b5b9a01272b5,e9169f30-30a8-40fb-9a7b-89eb2e2c7e2b,mining_operation,Windhoek mining operation,258 Industrial Road,,Windhoek,Windhoek,16523,Namibia,7.34691,3.60376,14763,2011,,,2020-09-27T05:39:44.590Z
c387fac7-96aa-45f1-88e8-74eb4f0b241d,b773ff39-d507-4e20-9088-7d1b90ef4c59,processing_plant,Buenos Aires processing plant,247 Industrial Road,,Buenos Aires,Buenos Aires,73413,Chile,-1.10284,111.42458,,2003,,,2023-10-15T05:39:44.590Z
3f0a8eb3-ddf1-4ff7-bfb5-bfcc1946ac09,580ac6db-d376-43b6-94ac-0b76aeaec003,processing_plant,Buenos Aires processing plant,484 Industrial Road,,Buenos Aires,Buenos Aires,64135,Namibia,-13.23081,120.02138,,2012,,,2016-01-25T05:39:44.590Z
04e541b7-40c4-4e03-89d9-25bfd39a0398,e25887d0-5884-4785-a22c-af72e2626bd4,processing_plant,Perth processing plant,977 Industrial Road,,Perth,Perth,83508,Australia,39.26083,117.86148,,2012,,,2023-02-03T05:39:44.590Z
15b3bab7-098d-419c-b78a-701037778b7b,c816b440-d47f-4413-9dd3-2d8098f07ff8,warehouse,Harare warehouse,658 Industrial Road,,Harare,Harare,26466,Argentina,30.89302,-98.74844,,2008,,,2023-10-16T05:39:44.590Z
51ef880e-c045-45b2-a662-c895e795e2d5,f94d5403-17e2-4a5f-b88e-cc45d1fcc9fd,mining_operation,Charlotte mining operation,446 Industrial Road,,Charlotte,Charlotte,66808,Namibia,43.35711,45.90181,29917,2003,,,2020-01-23T05:39:44.590Z
59a2db54-b435-45a7-83db-59277430f69a,2d30e743-73b2-47fc-9549-5369d02cc849,warehouse,Santiago warehouse,977 Industrial Road,,Santiago,Santiago,81458,Namibia,3.97064,-64.90562,,2020,,,2023-07-24T05:39:44.590Z
27d115a4-6d7a-4688-8972-9ad236d0dbb4,0a271ac4-898b-4e9e-b0a8-7dab203ae956,warehouse,Santiago warehouse,222 Industrial Road,,Santiago,Santiago,72999,Canada,37.26858,60.43804,,2022,,,2016-03-20T05:39:44.590Z
d3a23b76-b192-43bc-928f-e893b2bcbce3,87519094-b5f3-4ef6-9d9c-8e503fcfed38,r_and_d_center,Harare r and d center,872 Industrial Road,,Harare,Harare,39325,Chile,16.04082,-0.75901,,2024,,,2019-01-13T05:39:44.590Z
a1c213b0-375a-4289-a02f-ba099aa23aff,b69730b6-17d6-4542-aa43-08d7f788dacc,office,Perth office,990 Industrial Road,,Perth,Perth,73207,China,45.60915,9.95689,,2022,,,2021-01-15T05:39:44.590Z
a11bcdab-1912-4762-9876-2d6c9bc0844a,6786451c-c5f5-4316-9fa5-7427bb245cfa,r_and_d_center,Charlotte r and d center,981 Industrial Road,,Charlotte,Charlotte,50751,Argentina,-30.87576,113.64537,,2002,,,2017-11-25T05:39:44.590Z
e398d40f-a716-4905-af1d-661a098bd3b6,9639e31d-91c0-43bd-a926-d55c4211676e,mining_operation,Harare mining operation,420 Industrial Road,,Harare,Harare,31222,Namibia,-16.00261,-87.49168,37189,2024,,,2023-02-21T05:39:44.590Z
62b14bee-6310-4644-89f2-fe79953ab5f4,e7ab2aab-8519-40c3-beaa-7170563187c1,processing_plant,Harare processing plant,912 Industrial Road,,Harare,Harare,82085,Australia,-0.55314,62.54972,,2001,,,2023-09-08T05:39:44.590Z
1c0f7237-66c1-4d42-85e6-a25eacdb6df9,f16cc7d8-2a7e-4a46-af12-1f1b632bb344,mining_operation,Beijing mining operation,433 Industrial Road,,Beijing,Beijing,17817,Chile,41.60578,-11.83695,31772,2018,,,2021-05-16T05:39:44.590Z
056f65fe-d576-49d7-b884-91c240141963,c816b440-d47f-4413-9dd3-2d8098f07ff8,mining_operation,Toronto mining operation,921 Industrial Road,,Toronto,Toronto,37397,United States,1.26837,-83.55233,13019,2002,,,2017-04-05T05:39:44.590Z
a79f8493-cdc5-4532-9ecc-f8b3f36d0ca4,0af35e47-626b-47c8-9e0b-9872a03ae8b6,mining_operation,Charlotte mining operation,344 Industrial Road,,Charlotte,Charlotte,53437,Chile,44.24376,-68.24884,26809,2011,,,2017-01-08T05:39:44.590Z
cd40f5b4-1ee8-489d-96cd-8b5b6d91a1b5,5663ce32-a0ed-4c94-ac7f-ac4a0f9b179c,processing_plant,Beijing processing plant,483 Industrial Road,,Beijing,Beijing,80933,United States,5.8594,108.41148,,2001,,,2016-08-16T05:39:44.590Z
2a354f27-7bab-43bb-8d71-361c5e7fd36b,f94d5403-17e2-4a5f-b88e-cc45d1fcc9fd,mining_operation,Harare mining operation,175 Industrial Road,,Harare,Harare,59805,Zimbabwe,24.88726,16.37029,24701,2004,,,2017-11-24T05:39:44.590Z
1f2d8be8-3785-45c8-a467-1b282e88344d,a9baa336-d8c1-4f17-a5a3-33647959e08d,warehouse,Harare warehouse,47 Industrial Road,,Harare,Harare,38924,Namibia,22.9341,107.95257,,2011,,,2018-09-14T05:39:44.590Z
83e219e6-b178-4f5a-b8cc-73fb10a1ad17,cae4d6b6-f6a4-4fc0-a3e6-123a72de64fa,warehouse,Beijing warehouse,391 Industrial Road,,Beijing,Beijing,91468,Namibia,-15.96598,128.13125,,2005,,,2017-01-01T05:39:44.590Z
8b32f288-4980-46c7-a3a1-4dd948c05e10,7d9de43b-e552-4a17-b164-3bc041b4bdc9,warehouse,Perth warehouse,18 Industrial Road,,Perth,Perth,75224,Chile,35.53869,-44.50964,,2024,,,2023-01-14T05:39:44.590Z
389eeb88-69c0-4a3d-b6de-a3438b90095a,899e3891-f93f-4d0d-8a05-4f23adaeac21,r_and_d_center,Perth r and d center,486 Industrial Road,,Perth,Perth,31227,Zimbabwe,-19.35817,61.28719,,2018,,,2019-09-12T05:39:44.590Z
49c4e385-40d6-487a-a3aa-fb1e6d0399d7,118593b5-e3ba-4913-84df-2e25239acec2,office,Perth office,649 Industrial Road,,Perth,Perth,80600,Chile,0.64253,-6.03205,,2008,,,2020-06-12T05:39:44.590Z
86accae5-0fb7-4eb9-a798-f668070fff3a,170c951d-32a9-4902-8594-379c4591e480,office,Buenos Aires office,977 Industrial Road,,Buenos Aires,Buenos Aires,40230,Zimbabwe,-34.9971,-109.62601,,2022,,,2024-11-26T05:39:44.590Z
d985593e-a6ad-4b07-ba2f-85e0ac2bd117,33ab3567-0b9c-4eda-afbd-56a0d6c58527,mining_operation,Beijing mining operation,763 Industrial Road,,Beijing,Beijing,20529,China,-3.56474,93.18825,9118,2005,,,2022-08-29T05:39:44.590Z
513dfb9d-6555-461f-9943-022ba37980b9,580ac6db-d376-43b6-94ac-0b76aeaec003,office,Harare office,478 Industrial Road,,Harare,Harare,20020,Argentina,40.9854,99.41918,,2002,,,2017-01-17T05:39:44.590Z
1c734aaf-633a-423b-8ae7-db41f2fb721d,b7b17528-c4fd-4a36-a27a-eb178e66ee70,mining_operation,Beijing mining operation,63 Industrial Road,,Beijing,Beijing,92777,Canada,-1.10954,-84.44202,17177,2024,,,2020-09-10T05:39:44.590Z
0a5acbbc-018c-4434-8442-4178c7e81f7a,2ad8b3e1-554c-4068-a664-76129b3d5235,warehouse,Perth warehouse,251 Industrial Road,,Perth,Perth,74033,Argentina,10.34758,-70.12027,,2000,,,2019-12-10T05:39:44.590Z
8eaa6de1-5454-4572-bbce-6f2843c41818,b3a55e8a-812c-4397-93ff-05259f0f42c8,mining_operation,Santiago mining operation,338 Industrial Road,,Santiago,Santiago,28906,United States,39.00269,-32.726,48035,2016,,,2016-06-02T05:39:44.590Z
6b752289-86b6-4a3c-bed7-9ad39fca7c8c,4942af99-35dc-4674-8541-92dc7395fa0b,warehouse,Santiago warehouse,992 Industrial Road,,Santiago,Santiago,99749,United States,-32.48517,-34.87835,,2021,,,2018-12-05T05:39:44.590Z
eb08d572-7f7d-4b53-aaca-eb0bdf6ac4ef,84eff56b-69e2-4013-a4c7-e08471bda854,mining_operation,Buenos Aires mining operation,110 Industrial Road,,Buenos Aires,Buenos Aires,12550,Canada,1.31328,-89.92482,29871,2013,,,2017-09-28T05:39:44.590Z
8b4c05e2-03bd-4aa1-a69c-11bf10fc0b6e,f08d4e0c-46b6-43a9-b92f-a84f674de151,warehouse,Santiago warehouse,257 Industrial Road,,Santiago,Santiago,36752,United States,7.2726,-29.48235,,2023,,,2016-03-24T05:39:44.590Z
1b8a8c61-a17c-4ad2-b0c5-42e9bc943f9f,4ab2dd23-7743-42ea-91be-b20cd0b3d3c5,mining_operation,Charlotte mining operation,927 Industrial Road,,Charlotte,Charlotte,27238,Zimbabwe,-3.76376,63.53947,21301,2016,,,2021-01-09T05:39:44.590Z
02ca2499-7cda-4e5b-a766-1bf5aab39a61,27fd484d-a62a-4a6b-9724-a3a1ef7169ca,r_and_d_center,Harare r and d center,79 Industrial Road,,Harare,Harare,60644,Namibia,38.13314,-106.69817,,2016,,,2020-07-27T05:39:44.590Z
88b99b39-b325-4641-9958-e13bff1f504e,03d7c773-07d1-4c54-87fd-e34038901632,office,Windhoek office,505 Industrial Road,,Windhoek,Windhoek,12348,Chile,-17.15164,-67.24894,,2012,,,2018-07-25T05:39:44.590Z
9315dec5-4f21-4398-ac99-f419e89f9630,f0c10fd4-4824-48f0-8cf6-69a22c1b43f2,processing_plant,Harare processing plant,900 Industrial Road,,Harare,Harare,40148,United States,16.91313,-11.9359,,2020,,,2019-07-29T05:39:44.590Z
3b959bdd-8fec-4954-b0d8-a232f4d086b6,580ac6db-d376-43b6-94ac-0b76aeaec003,office,Beijing office,562 Industrial Road,,Beijing,Beijing,11149,United States,16.6478,5.72745,,2007,,,2024-10-29T05:39:44.590Z
6f83bee1-5596-4c40-9312-8b9771c5f70f,f16cc7d8-2a7e-4a46-af12-1f1b632bb344,office,Perth office,229 Industrial Road,,Perth,Perth,89328,Australia,7.34297,-69.13549,,2014,,,2017-05-26T05:39:44.590Z
1ecc236c-c2ff-446d-8074-5b1ebfea01ec,9359313b-6554-4d82-896a-f8df6fcd0ef6,processing_plant,Harare processing plant,608 Industrial Road,,Harare,Harare,52087,Argentina,-30.73496,53.97168,,2016,,,2024-12-05T05:39:44.590Z
a950f9b0-721e-4c0f-a3b2-1b477346ce90,02928f0e-27b3-43ea-bfe8-9fe0dd78620f,processing_plant,Perth processing plant,863 Industrial Road,,Perth,Perth,15385,United States,-26.72944,75.6965,,2007,,,2016-07-03T05:39:44.590Z
a8c59348-6e73-4ed8-8572-636ca15a0fc5,90be6962-3f84-4ae1-b418-fc65256c02d0,r_and_d_center,Charlotte r and d center,820 Industrial Road,,Charlotte,Charlotte,63696,Argentina,-10.18144,47.09624,,2021,,,2017-04-21T05:39:44.590Z
885161f8-cc48-48ff-a083-59377dc80a6e,15a2f15e-2b3b-4d6c-95c0-45c55b4da187,processing_plant,Harare processing plant,713 Industrial Road,,Harare,Harare,41670,Canada,41.68968,-88.95556,,2020,,,2020-03-24T05:39:44.590Z
2bf7e7bd-b64a-4686-9909-9f1e322ade1c,4ab2dd23-7743-42ea-91be-b20cd0b3d3c5,mining_operation,Beijing mining operation,541 Industrial Road,,Beijing,Beijing,16534,Zimbabwe,44.56031,76.69725,36143,2000,,,2017-07-04T05:39:44.590Z
7a2d5374-5eba-4844-9c76-1687188c7608,3dd84518-e6a3-4089-ad2e-b1da5f19f97b,mining_operation,Santiago mining operation,722 Industrial Road,,Santiago,Santiago,84198,Zimbabwe,-0.07284,-58.84043,17161,2004,,,2018-08-07T05:39:44.590Z
ec16becc-effc-41b7-a485-c2b16e1689ed,64cfa10e-af34-48dc-939d-b90b8a33e996,r_and_d_center,Santiago r and d center,439 Industrial Road,,Santiago,Santiago,38385,Australia,0.38028,73.77726,,2000,,,2024-06-11T05:39:44.590Z
b059af4a-9e0f-4682-9cb1-927e3fb84534,6b2a28c1-efc7-4c51-9f8b-6b6091a53401,processing_plant,Toronto processing plant,422 Industrial Road,,Toronto,Toronto,81746,Zimbabwe,-28.02901,2.42355,,2013,,,2021-01-20T05:39:44.590Z
b44c134b-eb74-47d8-8f51-3b7506898caa,0e2b95c5-5b01-4d6e-b925-d07fdbe8ac6b,mining_operation,Beijing mining operation,719 Industrial Road,,Beijing,Beijing,62423,Chile,10.40926,93.86679,8497,2012,,,2024-02-17T05:39:44.590Z
82f2cf9e-ed12-4e33-843c-9b7c6b1d1bff,71d2fbdb-0b1f-45df-b294-45de2760278a,office,Windhoek office,653 Industrial Road,,Windhoek,Windhoek,99694,Namibia,-8.24751,81.34408,,2023,,,2022-11-06T05:39:44.590Z
6c254f71-4c6c-4cda-b4d9-134c1e5f3481,6a83ca53-c0a9-42ef-85a8-c6007f6d97b5,office,Santiago office,27 Industrial Road,,Santiago,Santiago,73075,United States,-27.58866,-45.62428,,2024,,,2020-04-27T05:39:44.590Z
5b206cfe-afe3-4b66-a77a-8e233a62c250,8d89e775-abf3-4f31-aa0f-9466b6fecfb4,r_and_d_center,Beijing r and d center,483 Industrial Road,,Beijing,Beijing,45630,Argentina,13.42357,66.63953,,2000,,,2023-09-04T05:39:44.590Z
cb4ac107-3e41-4269-8e17-2d31184b9519,765d0fb4-d95b-4f37-9659-74ff955aacc3,processing_plant,Santiago processing plant,647 Industrial Road,,Santiago,Santiago,83822,China,21.77821,-4.24104,,2007,,,2016-02-11T05:39:44.590Z
5bf63321-e854-4743-9de8-214977f9844a,ebdf84c6-923d-4f92-8177-d2dfd2dd9fa6,office,Windhoek office,701 Industrial Road,,Windhoek,Windhoek,34858,Namibia,3.12313,-89.33847,,2020,,,2023-07-19T05:39:44.590Z
73984ff2-c39b-4864-9d80-19eb61b6bd45,84e986ac-d907-4062-b8a1-76728cedcc12,mining_operation,Perth mining operation,995 Industrial Road,,Perth,Perth,99696,Zimbabwe,-4.61287,94.15041,46583,2010,,,2022-01-07T05:39:44.590Z
a23403b2-94ad-4805-9b8b-cae33cbd0430,4496c558-39c2-486f-8c7b-d621e76a1d0b,processing_plant,Beijing processing plant,978 Industrial Road,,Beijing,Beijing,25006,Namibia,28.95615,-2.42356,,2008,,,2020-07-01T05:39:44.590Z
1808b774-b685-4cc7-8fc3-a7f298961257,7f8fe15b-7d71-48da-8487-0aaa6b197c9b,processing_plant,Santiago processing plant,932 Industrial Road,,Santiago,Santiago,11632,Chile,-3.28507,-0.96267,,2008,,,2021-05-30T05:39:44.590Z
95cbfa57-487c-4e2b-aa79-e535a957d29b,8d89e775-abf3-4f31-aa0f-9466b6fecfb4,mining_operation,Buenos Aires mining operation,734 Industrial Road,,Buenos Aires,Buenos Aires,66976,Zimbabwe,44.77211,78.10961,15233,2003,,,2019-08-16T05:39:44.590Z
cc82d3e9-0dcb-4afb-9bb6-694aec70ea15,5663ce32-a0ed-4c94-ac7f-ac4a0f9b179c,mining_operation,Perth mining operation,532 Industrial Road,,Perth,Perth,49619,Australia,-29.68019,-75.98575,14308,2014,,,2018-11-28T05:39:44.590Z
305e1f37-5ec2-487a-a453-4f19ed90e69f,e87d343f-6e94-43b8-adde-6dc72f0bd7a1,mining_operation,Charlotte mining operation,781 Industrial Road,,Charlotte,Charlotte,56142,Argentina,-20.75568,-9.53817,43535,2015,,,2021-02-12T05:39:44.590Z
ca8c3a3a-7f04-4087-bedc-e24e7dc1835c,580ac6db-d376-43b6-94ac-0b76aeaec003,mining_operation,Charlotte mining operation,37 Industrial Road,,Charlotte,Charlotte,94181,Chile,38.91597,78.43125,47796,2011,,,2018-08-22T05:39:44.590Z
9b36aeb7-e75f-4a91-a77c-6d8fe196d765,87519094-b5f3-4ef6-9d9c-8e503fcfed38,r_and_d_center,Santiago r and d center,12 Industrial Road,,Santiago,Santiago,95629,Zimbabwe,24.04595,88.66891,,2010,,,2024-04-16T05:39:44.590Z
a460a8a1-3e26-46c0-9ec5-2e5b7512eb2b,bfd89266-65d2-4a19-a83d-6510f05854ea,warehouse,Harare warehouse,491 Industrial Road,,Harare,Harare,19679,Australia,11.36383,-25.51409,,2008,,,2020-11-17T05:39:44.590Z
8e161169-151a-434f-b5f3-86f4b082de5f,f0c10fd4-4824-48f0-8cf6-69a22c1b43f2,r_and_d_center,Windhoek r and d center,86 Industrial Road,,Windhoek,Windhoek,86124,Argentina,22.56571,-7.37598,,2005,,,2024-02-03T05:39:44.590Z
ab63c2ec-0b4b-4b34-9f3c-cad690957bea,9229b841-28bc-4c21-ae95-b1580c26e5c4,warehouse,Harare warehouse,513 Industrial Road,,Harare,Harare,70572,Canada,30.54883,12.30526,,2004,,,2024-12-20T05:39:44.590Z
ef51cbda-2ab4-4a6b-92e2-921cc73aa7cb,765d0fb4-d95b-4f37-9659-74ff955aacc3,warehouse,Buenos Aires warehouse,727 Industrial Road,,Buenos Aires,Buenos Aires,66647,Zimbabwe,-18.93812,-68.14483,,2010,,,2024-08-09T05:39:44.590Z
65335338-e122-487c-afc7-7cc5a5d093bd,9111d683-0be7-422c-b2d1-c65d47891556,office,Santiago office,652 Industrial Road,,Santiago,Santiago,42049,Canada,10.31572,33.46591,,2003,,,2018-04-25T05:39:44.590Z
4b02f2f8-a43a-4572-8c41-82d9dda6db51,2fdb218f-c48f-4de7-ad02-fd395117beb6,processing_plant,Toronto processing plant,453 Industrial Road,,Toronto,Toronto,83514,Argentina,20.5391,-73.92625,,2000,,,2020-11-06T05:39:44.590Z
7d7c4dbe-759f-4d19-90f1-8d3a6180a585,e73e62f8-b739-4184-9c94-fef86df770a0,r_and_d_center,Harare r and d center,242 Industrial Road,,Harare,Harare,56702,Namibia,40.29901,-76.43913,,2016,,,2018-01-18T05:39:44.590Z
c733c689-aec5-4dbf-bbd3-5eeb47e8995d,02928f0e-27b3-43ea-bfe8-9fe0dd78620f,mining_operation,Santiago mining operation,73 Industrial Road,,Santiago,Santiago,21983,Namibia,35.93823,97.19122,32231,2017,,,2017-09-01T05:39:44.590Z
2b77a7aa-e2b5-4217-a005-7e9890df00a0,9df72f32-5c7d-4901-98e1-1b6eb377f49c,processing_plant,Windhoek processing plant,352 Industrial Road,,Windhoek,Windhoek,43528,China,5.69588,44.65204,,2000,,,2022-02-12T05:39:44.590Z
181cf60e-e50e-4867-8bb2-558841845dd4,a12299a4-2c5b-42a9-ba81-b50ed03324ea,r_and_d_center,Beijing r and d center,509 Industrial Road,,Beijing,Beijing,68329,Canada,-11.05681,-51.68284,,2005,,,2018-05-29T05:39:44.590Z
668a9d83-e9aa-461d-a9dc-b3731d73b952,a355b262-f108-4bd3-a667-220684eb08fa,r_and_d_center,Perth r and d center,422 Industrial Road,,Perth,Perth,11997,Canada,-4.04969,-11.85458,,2001,,,2021-10-16T05:39:44.591Z
ae60ddbb-6dfd-40f8-abfc-ddb0fc1c57e6,b81d6b03-e5b8-4775-ae41-f217e25d8d23,r_and_d_center,Charlotte r and d center,195 Industrial Road,,Charlotte,Charlotte,85390,Zimbabwe,45.73536,-107.43313,,2022,,,2022-09-13T05:39:44.591Z
1842c5b7-9b0e-495e-bc31-2676c5954bb0,03d7c773-07d1-4c54-87fd-e34038901632,processing_plant,Perth processing plant,160 Industrial Road,,Perth,Perth,57380,Argentina,-1.43804,115.65391,,2020,,,2020-10-02T05:39:44.591Z
2eef73ba-dd1d-41b5-a4fe-255d4ae39b47,8d89e775-abf3-4f31-aa0f-9466b6fecfb4,office,Toronto office,274 Industrial Road,,Toronto,Toronto,82229,United States,0.30781,-61.58165,,2007,,,2023-10-03T05:39:44.591Z
9ba3ebf9-212b-4e7d-8603-3ffb938f4deb,0a271ac4-898b-4e9e-b0a8-7dab203ae956,processing_plant,Perth processing plant,789 Industrial Road,,Perth,Perth,13701,Argentina,41.0633,-72.1778,,2024,,,2018-02-19T05:39:44.591Z
6de91b04-51e3-4945-a9de-f353a893b922,ebdf84c6-923d-4f92-8177-d2dfd2dd9fa6,mining_operation,Toronto mining operation,53 Industrial Road,,Toronto,Toronto,81801,Zimbabwe,0.95368,66.53027,37061,2006,,,2018-05-29T05:39:44.591Z
c6b4d782-da1a-41d2-b1b3-50c117cdf0df,ede7df30-7bd2-4b90-8cff-36f93936be94,office,Santiago office,394 Industrial Road,,Santiago,Santiago,27616,Chile,-17.90906,-43.95233,,2008,,,2018-02-27T05:39:44.591Z
3d43ac8c-4d14-4803-88a1-0d1117536198,5ae88a11-3e4e-44bd-882c-16084a57f8cc,processing_plant,Buenos Aires processing plant,547 Industrial Road,,Buenos Aires,Buenos Aires,50039,Australia,-16.47908,-61.21195,,2000,,,2024-06-10T05:39:44.591Z
c1b492b6-bed9-40d7-a54f-73adb6bc32b3,84e986ac-d907-4062-b8a1-76728cedcc12,processing_plant,Buenos Aires processing plant,641 Industrial Road,,Buenos Aires,Buenos Aires,33982,Australia,8.06438,57.03388,,2012,,,2019-11-01T05:39:44.591Z
c9596efa-6726-4f7b-9a5f-84b32079626a,cf9be32a-f138-41c4-b44b-755d39c6f0d3,mining_operation,Charlotte mining operation,843 Industrial Road,,Charlotte,Charlotte,27055,Chile,-1.10547,104.80719,45415,2006,,,2021-06-12T05:39:44.591Z
b7d2a4a1-bdba-469c-a712-9d5a6479e992,5c40cade-c942-4528-8048-02a989eed85d,mining_operation,Buenos Aires mining operation,839 Industrial Road,,Buenos Aires,Buenos Aires,29915,Chile,-29.02588,-111.9435,38635,2002,,,2023-01-31T05:39:44.591Z
9d096801-68e8-4866-b499-07e9b3c83a53,8e503c29-9cdb-4f53-ae51-aee678085660,mining_operation,Beijing mining operation,928 Industrial Road,,Beijing,Beijing,77533,Canada,-13.02779,-49.59285,7085,2024,,,2020-09-30T05:39:44.591Z
b1132709-0328-4fd6-872c-856659495223,6a83ca53-c0a9-42ef-85a8-c6007f6d97b5,r_and_d_center,Windhoek r and d center,65 Industrial Road,,Windhoek,Windhoek,92238,Australia,-5.47385,56.55295,,2008,,,2018-02-23T05:39:44.591Z
d3ffc33d-c2c1-4f13-8786-a5aa29f1ec8a,c0124f38-aa90-4f77-a4d2-4ffebd19ff19,office,Beijing office,981 Industrial Road,,Beijing,Beijing,78871,Argentina,-32.49243,89.14173,,2020,,,2023-03-03T05:39:44.591Z
5859b8e8-ab37-44b8-b598-990c3c508427,5c40cade-c942-4528-8048-02a989eed85d,office,Toronto office,891 Industrial Road,,Toronto,Toronto,70960,China,9.87163,95.60821,,2007,,,2020-03-17T05:39:44.591Z
7790ae2d-daa8-4316-8728-fdbadbe7e69e,a8c6fa9f-f909-4d6b-bd41-e31472c2c9fb,mining_operation,Beijing mining operation,626 Industrial Road,,Beijing,Beijing,19456,Namibia,-7.01142,-59.97641,18473,2008,,,2016-07-17T05:39:44.591Z
b6186a4a-8509-481e-bcff-c34fa4c828e2,64cfa10e-af34-48dc-939d-b90b8a33e996,mining_operation,Beijing mining operation,140 Industrial Road,,Beijing,Beijing,24299,Zimbabwe,39.96247,-75.97908,44312,2011,,,2021-04-20T05:39:44.591Z
beb4e68b-683c-4bf9-b5e1-a5a9ff2a41b8,b7b17528-c4fd-4a36-a27a-eb178e66ee70,processing_plant,Charlotte processing plant,830 Industrial Road,,Charlotte,Charlotte,45520,United States,-14.50046,95.51333,,2004,,,2016-08-25T05:39:44.591Z
4ec07cf1-2a93-4330-a117-46eccd2f0670,765d0fb4-d95b-4f37-9659-74ff955aacc3,r_and_d_center,Buenos Aires r and d center,528 Industrial Road,,Buenos Aires,Buenos Aires,20273,Chile,44.33068,-0.07803,,2022,,,2018-03-22T05:39:44.591Z
4b98c760-496d-4476-aead-38b9cba35c9f,b2f50972-7222-46ff-beb2-4abf815821fe,r_and_d_center,Harare r and d center,954 Industrial Road,,Harare,Harare,73491,Australia,10.21275,54.52924,,2015,,,2022-11-26T05:39:44.591Z
b851cff5-de45-4540-9ede-2c89f5583c91,4ab2dd23-7743-42ea-91be-b20cd0b3d3c5,office,Santiago office,712 Industrial Road,,Santiago,Santiago,92649,Chile,-33.63167,-86.74704,,2005,,,2016-10-14T05:39:44.591Z
af945f31-426f-47a6-8a9a-e5eb161befe9,7046e05c-72f2-4a98-8623-30516724d0bc,warehouse,Toronto warehouse,727 Industrial Road,,Toronto,Toronto,21447,Canada,10.39762,31.47889,,2022,,,2020-03-16T05:39:44.591Z
3692f881-ca0d-42d3-a884-f1d4500a8d00,2f754c55-e158-45fa-be6b-851496b9ea40,office,Toronto office,720 Industrial Road,,Toronto,Toronto,82971,Argentina,2.97099,-112.11074,,2022,,,2023-12-19T05:39:44.591Z
5d6e0f0d-339a-4329-b2ec-26627a25497a,67517fe0-7dcb-4ec1-9d30-cd456cb8c0af,processing_plant,Buenos Aires processing plant,206 Industrial Road,,Buenos Aires,Buenos Aires,77253,Canada,-33.51454,-44.0548,,2017,,,2023-09-08T05:39:44.591Z
87ead7d1-ec73-4df4-9d9b-cd0939ebc2f6,56ccd334-43bc-4997-ae06-d6716b6e7101,warehouse,Windhoek warehouse,756 Industrial Road,,Windhoek,Windhoek,38678,Australia,18.00663,76.8908,,2005,,,2022-06-01T05:39:44.591Z
271ea9c5-8fc2-4213-8d87-201b5e5277cd,a9f4a45c-896f-4699-bdb5-053a60619f4e,mining_operation,Beijing mining operation,357 Industrial Road,,Beijing,Beijing,73194,China,11.65928,82.69358,48039,2009,,,2018-03-20T05:39:44.591Z
6099bb7e-87c7-4612-83a9-7ec9f552347d,cbf172d5-a1ac-4e8a-afc0-e4f5ac9c76ac,mining_operation,Windhoek mining operation,555 Industrial Road,,Windhoek,Windhoek,89494,Chile,40.61174,41.57566,24703,2018,,,2016-05-10T05:39:44.591Z
ed757ba4-41e5-426e-ba09-a761f7a3df45,b545402d-b565-41e7-90b2-a32cc86317c3,warehouse,Charlotte warehouse,505 Industrial Road,,Charlotte,Charlotte,38150,Argentina,31.68766,32.32039,,2001,,,2021-01-25T05:39:44.591Z
5ad3c988-7f20-4573-a778-ca962f0ad7bc,b87e3c7f-77f5-4d12-9887-f5834232864a,mining_operation,Perth mining operation,658 Industrial Road,,Perth,Perth,84508,United States,29.16821,-1.59825,14487,2005,,,2020-03-19T05:39:44.591Z
50276cc4-75fc-4a64-8973-a69c3c040da0,48064f65-e81f-4fb0-abf6-e1cf4cd9f253,mining_operation,Charlotte mining operation,540 Industrial Road,,Charlotte,Charlotte,86110,China,32.84799,-49.19209,49145,2018,,,2019-04-11T05:39:44.591Z
003fb15f-0b9c-43cc-97c3-de482386212e,170c951d-32a9-4902-8594-379c4591e480,r_and_d_center,Santiago r and d center,103 Industrial Road,,Santiago,Santiago,74613,Australia,36.49038,113.45743,,2013,,,2018-01-23T05:39:44.591Z
fb183e65-57ad-4d60-b74d-83b67943e18e,e73e62f8-b739-4184-9c94-fef86df770a0,office,Toronto office,992 Industrial Road,,Toronto,Toronto,64674,China,16.19168,30.41431,,2006,,,2019-02-02T05:39:44.591Z
dd26a2ed-ecdb-4f33-a506-9e2f3baec325,0e47e6d4-bb17-4ac5-a2fa-2e1f2f96443e,r_and_d_center,Toronto r and d center,396 Industrial Road,,Toronto,Toronto,20792,Chile,-19.23572,13.52504,,2004,,,2018-06-15T05:39:44.591Z
5f96f536-b58d-4991-a381-16d8b3cb9841,420bfee0-8d70-4bca-a8a3-5664e72d8fef,office,Windhoek office,395 Industrial Road,,Windhoek,Windhoek,89642,Argentina,-4.97998,23.85286,,2009,,,2018-08-17T05:39:44.591Z
25040195-82a4-4099-8a9d-ccd9c12cce87,9ddf70f9-bbc1-443d-bc61-d43c7eff6f35,r_and_d_center,Buenos Aires r and d center,276 Industrial Road,,Buenos Aires,Buenos Aires,60114,Australia,-14.36135,-66.67064,,2002,,,2021-05-17T05:39:44.591Z
f78f72c9-3d0a-49d3-b79f-d9eb2c1a228b,c9583b6a-e295-4536-b6f6-6a13b293e1cb,r_and_d_center,Beijing r and d center,83 Industrial Road,,Beijing,Beijing,34726,Canada,18.68101,-16.96438,,2002,,,2017-11-28T05:39:44.591Z
c326bb1a-bfe8-4980-ab91-2153928f6da3,ea2c37c7-46e8-47c7-8577-70d863154c38,mining_operation,Windhoek mining operation,9 Industrial Road,,Windhoek,Windhoek,91346,China,-20.03919,43.03147,32261,2015,,,2016-12-02T05:39:44.591Z
80186256-3d27-4ade-be4c-cedca1cd4247,84eff56b-69e2-4013-a4c7-e08471bda854,mining_operation,Santiago mining operation,213 Industrial Road,,Santiago,Santiago,91086,Argentina,-34.626,39.48222,25843,2010,,,2018-05-18T05:39:44.591Z
dde7768a-ed39-4812-a1e5-72616644dcf0,cf9be32a-f138-41c4-b44b-755d39c6f0d3,office,Perth office,223 Industrial Road,,Perth,Perth,69770,Namibia,29.34888,68.44812,,2010,,,2021-08-07T05:39:44.591Z
2c794f19-b5e2-4e62-9afe-85d787c85916,9253540c-1c21-46d1-99d1-c5c4f716d37a,office,Harare office,114 Industrial Road,,Harare,Harare,13938,Australia,16.59956,-113.64747,,2006,,,2017-11-17T05:39:44.591Z
e9464122-6d73-4ae7-add6-e67f0a655a55,9253540c-1c21-46d1-99d1-c5c4f716d37a,office,Toronto office,531 Industrial Road,,Toronto,Toronto,91731,Namibia,8.02475,-55.42489,,2015,,,2022-08-12T05:39:44.591Z
bf3c7e03-bc9b-4610-aeab-8029294ec286,57d13328-0d73-48eb-aff2-7a029e192419,office,Toronto office,929 Industrial Road,,Toronto,Toronto,23544,Canada,-22.14687,104.26915,,2021,,,2016-09-10T05:39:44.591Z
a7c6c140-c76a-46ec-8d16-f5282c395df3,c6fd996f-9111-44dd-8a5c-447d9ec855ce,mining_operation,Harare mining operation,412 Industrial Road,,Harare,Harare,53107,Argentina,11.69258,-86.04598,34950,2024,,,2019-02-01T05:39:44.591Z
8bd1df8d-b3eb-44de-be0d-7dd7a5abb776,cf9be32a-f138-41c4-b44b-755d39c6f0d3,warehouse,Windhoek warehouse,683 Industrial Road,,Windhoek,Windhoek,66501,China,46.7181,16.471,,2012,,,2020-03-11T05:39:44.591Z
47559f11-046b-4918-9b6e-ed06f1a70ef5,27fd484d-a62a-4a6b-9724-a3a1ef7169ca,warehouse,Buenos Aires warehouse,987 Industrial Road,,Buenos Aires,Buenos Aires,44260,Canada,31.62398,76.15103,,2012,,,2020-06-27T05:39:44.591Z
d923d3b4-3d7d-4fc9-bde9-718a5ce4af88,a94b6af0-5cf0-494d-81e7-3dec16498b23,office,Charlotte office,258 Industrial Road,,Charlotte,Charlotte,52578,Australia,46.5048,55.79726,,2014,,,2023-08-21T05:39:44.591Z
732fe46a-3e63-4bd5-b593-341c873eacfd,580ac6db-d376-43b6-94ac-0b76aeaec003,warehouse,Toronto warehouse,291 Industrial Road,,Toronto,Toronto,64518,Australia,-26.00704,-98.66158,,2000,,,2018-08-30T05:39:44.591Z
10620a1f-6d14-41f5-a72c-9909f19dcbc1,5c40cade-c942-4528-8048-02a989eed85d,warehouse,Toronto warehouse,895 Industrial Road,,Toronto,Toronto,14263,United States,-16.18753,67.62964,,2004,,,2016-09-11T05:39:44.591Z
1030309b-47f6-4dfb-821d-1f6bf589b817,ea2c37c7-46e8-47c7-8577-70d863154c38,warehouse,Toronto warehouse,173 Industrial Road,,Toronto,Toronto,60870,Zimbabwe,-12.9413,-72.19052,,2011,,,2018-07-13T05:39:44.591Z
a2bf0257-b6fa-43ab-9b0f-a0b604298ce1,ebdf84c6-923d-4f92-8177-d2dfd2dd9fa6,r_and_d_center,Harare r and d center,895 Industrial Road,,Harare,Harare,98155,China,9.90351,21.15378,,2016,,,2019-08-13T05:39:44.591Z
7bb7aa62-e58e-43ef-a886-c394a2097de0,3dd84518-e6a3-4089-ad2e-b1da5f19f97b,processing_plant,Beijing processing plant,257 Industrial Road,,Beijing,Beijing,77041,China,36.11088,25.09907,,2002,,,2020-08-18T05:39:44.591Z
1098897c-2871-4a41-819b-b6886b8e48db,71d2fbdb-0b1f-45df-b294-45de2760278a,mining_operation,Windhoek mining operation,210 Industrial Road,,Windhoek,Windhoek,25998,Chile,-21.98158,30.71441,10085,2001,,,2021-08-22T05:39:44.591Z
0f9f4071-4b07-4869-96df-41c8951c08d2,09191d79-d858-43a1-8a44-050d114344a7,mining_operation,Buenos Aires mining operation,758 Industrial Road,,Buenos Aires,Buenos Aires,54676,Australia,42.60271,-41.25855,16446,2018,,,2016-09-03T05:39:44.591Z
a55a9322-ad2c-4cbf-9165-ec944c27e25a,88289413-90bf-42b4-846c-304a5a4a56fc,office,Windhoek office,652 Industrial Road,,Windhoek,Windhoek,37398,Argentina,31.60497,-46.13307,,2006,,,2023-07-03T05:39:44.591Z
c5c1af90-4371-4694-907d-ed3714aad610,0458e690-7a4d-4c4b-a012-50fdc11f13f9,r_and_d_center,Santiago r and d center,337 Industrial Road,,Santiago,Santiago,56281,China,2.55765,4.39452,,2018,,,2020-04-17T05:39:44.591Z
75ca7a6f-e63a-4581-8e0e-70960753fb3e,c6fd996f-9111-44dd-8a5c-447d9ec855ce,r_and_d_center,Beijing r and d center,322 Industrial Road,,Beijing,Beijing,58806,Chile,13.98102,45.27467,,2001,,,2021-02-21T05:39:44.591Z
2551802e-c1c7-4719-9d7b-bd769728b453,3dd84518-e6a3-4089-ad2e-b1da5f19f97b,warehouse,Windhoek warehouse,641 Industrial Road,,Windhoek,Windhoek,57714,Namibia,23.27266,13.21533,,2005,,,2020-06-12T05:39:44.591Z
d984a4dc-3bc3-4437-bfa9-e84108d1a2e5,85f19c5f-c906-4131-a2e1-c7ee824853e5,r_and_d_center,Perth r and d center,863 Industrial Road,,Perth,Perth,42415,Zimbabwe,-21.12746,-89.503,,2011,,,2022-08-05T05:39:44.591Z
555cc97f-08b0-4a34-8160-88b3bc302949,9df72f32-5c7d-4901-98e1-1b6eb377f49c,mining_operation,Windhoek mining operation,108 Industrial Road,,Windhoek,Windhoek,29585,United States,22.99563,76.78737,49943,2018,,,2023-05-01T05:39:44.591Z
b4d82875-5e2b-48fc-ab27-d212d716e20c,4942af99-35dc-4674-8541-92dc7395fa0b,mining_operation,Windhoek mining operation,757 Industrial Road,,Windhoek,Windhoek,44492,United States,5.46556,72.50521,48290,2001,,,2018-12-03T05:39:44.591Z
8ec639a7-21fe-428d-afd0-f2ae1a8780e5,277bf9bb-fafe-41f0-903a-c7debfdda64b,warehouse,Perth warehouse,144 Industrial Road,,Perth,Perth,23396,Australia,-28.09277,123.03474,,2002,,,2023-04-20T05:39:44.591Z
7462ca5b-b3cc-4536-ad77-bb899df22219,b81d6b03-e5b8-4775-ae41-f217e25d8d23,warehouse,Windhoek warehouse,4 Industrial Road,,Windhoek,Windhoek,93512,Canada,39.42997,22.6601,,2008,,,2020-02-01T05:39:44.591Z
1cea287a-bbc2-466e-9190-af02e3afc7cc,170c951d-32a9-4902-8594-379c4591e480,processing_plant,Beijing processing plant,695 Industrial Road,,Beijing,Beijing,50211,Canada,44.75555,-36.75777,,2004,,,2022-10-09T05:39:44.591Z
1c52f7d4-931b-4844-a14b-e0bd7f02a1f8,2fdb218f-c48f-4de7-ad02-fd395117beb6,r_and_d_center,Buenos Aires r and d center,140 Industrial Road,,Buenos Aires,Buenos Aires,29559,Chile,34.885,-16.32018,,2019,,,2016-11-25T05:39:44.591Z
84a62a08-adbd-4997-b975-374cdd6d1535,68db7c08-8dcd-4cb6-b001-eec88539af33,warehouse,Toronto warehouse,852 Industrial Road,,Toronto,Toronto,75683,United States,12.10768,-83.63982,,2018,,,2023-12-26T05:39:44.591Z
362faba0-fb8f-423c-8e63-36ffea87a3dd,fe57c791-f841-4b8b-8fd0-68d854ee8ce5,r_and_d_center,Windhoek r and d center,149 Industrial Road,,Windhoek,Windhoek,59237,Argentina,9.97848,-63.76353,,2009,,,2022-04-20T05:39:44.591Z
ea2ff665-17d1-4f27-89f3-93d7580a03ab,a355b262-f108-4bd3-a667-220684eb08fa,r_and_d_center,Charlotte r and d center,229 Industrial Road,,Charlotte,Charlotte,33751,United States,-7.06987,-82.3866,,2023,,,2018-11-12T05:39:44.591Z
423b508a-74e0-4287-b7a1-266baeeeac97,9359313b-6554-4d82-896a-f8df6fcd0ef6,r_and_d_center,Santiago r and d center,957 Industrial Road,,Santiago,Santiago,39638,Namibia,-22.45389,123.48681,,2024,,,2021-07-15T05:39:44.591Z
0297283e-fc33-41dc-9d51-bebd3cff1dc9,7046e05c-72f2-4a98-8623-30516724d0bc,r_and_d_center,Santiago r and d center,656 Industrial Road,,Santiago,Santiago,23739,Zimbabwe,45.23571,-74.3123,,2019,,,2024-02-12T05:39:44.591Z
c32bf812-53cd-405d-8260-eb3219944e66,b3a55e8a-812c-4397-93ff-05259f0f42c8,warehouse,Beijing warehouse,813 Industrial Road,,Beijing,Beijing,98793,Chile,32.0328,91.97846,,2021,,,2017-11-15T05:39:44.591Z
47d378dc-3c40-4cde-9f6c-1891c70fb94a,4dc832b4-9cc1-4014-8e58-07e70889ab89,warehouse,Beijing warehouse,236 Industrial Road,,Beijing,Beijing,24294,Namibia,19.67214,41.99828,,2022,,,2016-09-12T05:39:44.591Z
43bff9fb-cfc1-4fc7-8a60-cf4215147e45,8955fe2c-2821-4805-a0e0-4c4ddda19e0a,mining_operation,Charlotte mining operation,164 Industrial Road,,Charlotte,Charlotte,67914,Argentina,-14.17743,20.90976,6519,2007,,,2022-04-24T05:39:44.591Z
748dbc6b-9aa1-4a52-889f-1f1172cd39c5,2ab13aab-6094-4c0d-9d45-af607b1c664e,processing_plant,Charlotte processing plant,128 Industrial Road,,Charlotte,Charlotte,99007,Canada,-4.45647,-29.84705,,2020,,,2020-07-21T05:39:44.591Z
14fc33d8-174a-4c89-9104-e46584f04592,a12299a4-2c5b-42a9-ba81-b50ed03324ea,office,Santiago office,558 Industrial Road,,Santiago,Santiago,27041,Canada,-7.76497,-97.21987,,2017,,,2018-06-30T05:39:44.591Z
127f060a-107a-4892-9fd8-35c50a9ce459,ede7df30-7bd2-4b90-8cff-36f93936be94,office,Harare office,212 Industrial Road,,Harare,Harare,92314,Australia,2.75198,-34.88279,,2002,,,2019-05-13T05:39:44.591Z
3d1a2109-a2e1-4a6a-a20a-28bc98ccaf3d,3926362c-b964-4f16-bb68-8c63ae3ee25f,office,Charlotte office,806 Industrial Road,,Charlotte,Charlotte,50678,Chile,-30.42634,92.27847,,2012,,,2023-09-09T05:39:44.591Z
f0bd4c8d-2e0a-48d2-b580-009f26a986cd,68db7c08-8dcd-4cb6-b001-eec88539af33,processing_plant,Toronto processing plant,91 Industrial Road,,Toronto,Toronto,59774,Argentina,-30.31581,-18.10974,,2019,,,2020-10-07T05:39:44.591Z
e6cca58f-91b7-4c90-864c-d645dd7327c8,5c014bcc-0c8e-4aa6-913b-023d35351c70,warehouse,Santiago warehouse,138 Industrial Road,,Santiago,Santiago,71004,China,-24.51992,-72.87679,,2006,,,2022-10-26T05:39:44.591Z
85a4589e-36cc-43f7-8857-495af0f1ea45,a20dbd32-a765-4c3b-bc92-003c072148dc,warehouse,Santiago warehouse,381 Industrial Road,,Santiago,Santiago,22609,China,-2.19715,55.57007,,2001,,,2022-06-12T05:39:44.591Z
fcceb3cb-bada-4841-b80b-2b37d99dc9fb,3dd84518-e6a3-4089-ad2e-b1da5f19f97b,mining_operation,Perth mining operation,525 Industrial Road,,Perth,Perth,22190,Namibia,-33.69496,115.10986,31112,2002,,,2020-10-22T05:39:44.591Z
b6ccd9f8-af42-4ef7-b27c-0fcaf255b15d,f08d4e0c-46b6-43a9-b92f-a84f674de151,warehouse,Beijing warehouse,192 Industrial Road,,Beijing,Beijing,31333,Zimbabwe,26.05471,81.56912,,2017,,,2016-02-25T05:39:44.591Z
df00a535-fe2d-4788-9a36-e982365b4021,84e986ac-d907-4062-b8a1-76728cedcc12,office,Perth office,723 Industrial Road,,Perth,Perth,61824,Chile,36.36759,25.76658,,2023,,,2023-07-20T05:39:44.591Z
6bead495-6eb8-4c1c-99cd-4654981a5c2e,5c014bcc-0c8e-4aa6-913b-023d35351c70,mining_operation,Perth mining operation,285 Industrial Road,,Perth,Perth,27321,Namibia,-33.76441,-105.1118,17490,2011,,,2023-02-04T05:39:44.591Z
7b286be3-04fc-414c-a5ae-629962c35172,b76f14c3-32ac-44cf-9716-780bbb7f98f9,mining_operation,Buenos Aires mining operation,17 Industrial Road,,Buenos Aires,Buenos Aires,66283,Canada,-7.17182,-41.7004,16699,2020,,,2022-11-23T05:39:44.591Z
a9d198cb-bcef-439a-9e9d-bd99dea57f06,7d9de43b-e552-4a17-b164-3bc041b4bdc9,r_and_d_center,Toronto r and d center,891 Industrial Road,,Toronto,Toronto,65786,Australia,-12.85815,-37.20463,,2015,,,2021-07-26T05:39:44.591Z
62f60a35-a427-4eb8-aa71-3f08a8c77a1e,ce7e8aa8-2bd9-4139-87d2-b1810e818017,processing_plant,Buenos Aires processing plant,555 Industrial Road,,Buenos Aires,Buenos Aires,21371,Canada,41.04096,62.61512,,2006,,,2018-08-10T05:39:44.591Z
3bea3b6e-7d15-4411-bf94-4809e5f75737,5c40cade-c942-4528-8048-02a989eed85d,r_and_d_center,Beijing r and d center,978 Industrial Road,,Beijing,Beijing,90792,Zimbabwe,-28.11495,-8.16188,,2020,,,2023-06-07T05:39:44.591Z
e04c207c-7d57-4680-8375-be1951f6e455,7d9de43b-e552-4a17-b164-3bc041b4bdc9,r_and_d_center,Harare r and d center,954 Industrial Road,,Harare,Harare,39217,Namibia,19.71673,19.18342,,2024,,,2020-03-14T05:39:44.591Z
fc3b34e0-d9c3-4247-a693-517b07183871,ce7e8aa8-2bd9-4139-87d2-b1810e818017,mining_operation,Perth mining operation,689 Industrial Road,,Perth,Perth,83560,Namibia,-3.67815,-61.52809,45069,2012,,,2016-07-15T05:39:44.591Z
3e4e3ab2-e8a6-4c63-99cf-8c93799008fa,f94d5403-17e2-4a5f-b88e-cc45d1fcc9fd,mining_operation,Perth mining operation,925 Industrial Road,,Perth,Perth,23105,China,28.4716,36.86647,48137,2005,,,2020-08-19T05:39:44.591Z
ecc1df16-5654-40ca-87c1-25379de1b04c,ea2c37c7-46e8-47c7-8577-70d863154c38,mining_operation,Harare mining operation,746 Industrial Road,,Harare,Harare,25879,Namibia,7.85365,-10.66661,29339,2005,,,2024-11-11T05:39:44.591Z
66d296f0-fea0-4dc6-963d-c83d0f1b00d5,8d89e775-abf3-4f31-aa0f-9466b6fecfb4,office,Buenos Aires office,822 Industrial Road,,Buenos Aires,Buenos Aires,42469,Argentina,-6.41657,64.65911,,2023,,,2019-01-24T05:39:44.591Z
073c7eab-2522-426a-b979-5f4b6c9a4a9e,a9baa336-d8c1-4f17-a5a3-33647959e08d,processing_plant,Santiago processing plant,184 Industrial Road,,Santiago,Santiago,86779,Canada,-25.26094,-64.57075,,2005,,,2017-07-03T05:39:44.591Z
ffb8970c-65ba-47ef-82eb-2a9f71c2b89c,a20dbd32-a765-4c3b-bc92-003c072148dc,warehouse,Perth warehouse,622 Industrial Road,,Perth,Perth,85503,China,12.68177,98.76296,,2005,,,2024-11-04T05:39:44.591Z
f90ba7b4-b5e5-4ebe-ae9f-5dde40a7d009,d74f7fe2-0419-4385-bd64-0b1ec5f0c7ea,processing_plant,Santiago processing plant,228 Industrial Road,,Santiago,Santiago,96154,Chile,36.33926,27.80959,,2001,,,2023-11-20T05:39:44.591Z
37815742-a72c-4527-b68e-5fd216602f50,e25887d0-5884-4785-a22c-af72e2626bd4,warehouse,Charlotte warehouse,290 Industrial Road,,Charlotte,Charlotte,25369,Argentina,20.17744,37.12324,,2021,,,2019-02-01T05:39:44.591Z
a7068aae-7a17-4719-aef1-b989a2f36fd4,68db7c08-8dcd-4cb6-b001-eec88539af33,processing_plant,Charlotte processing plant,145 Industrial Road,,Charlotte,Charlotte,40391,Namibia,33.49481,117.17995,,2005,,,2022-10-30T05:39:44.591Z
ab7a8582-f43c-47f4-8989-5101e420dd3b,d108e80f-d16f-4dbc-b16f-1587d9c2e46e,office,Toronto office,756 Industrial Road,,Toronto,Toronto,32358,Zimbabwe,9.20612,-68.07575,,2016,,,2019-10-26T05:39:44.591Z
23c05226-f06b-45ae-a531-6c8197db5508,ee2e59c2-0031-48e5-8e02-06bcc4fc83f7,office,Beijing office,701 Industrial Road,,Beijing,Beijing,50228,Namibia,39.25222,-11.84753,,2006,,,2022-11-01T05:39:44.591Z
9a504fd2-270a-4abc-9ba6-2beed4c071aa,15a2f15e-2b3b-4d6c-95c0-45c55b4da187,warehouse,Windhoek warehouse,718 Industrial Road,,Windhoek,Windhoek,64627,Zimbabwe,-9.47654,71.78733,,2019,,,2017-10-21T05:39:44.591Z
deeed03b-f577-4cd7-a5fb-c4ca9c3cd65e,3a4a168c-8231-414f-b66c-cde9fd9e59d0,warehouse,Windhoek warehouse,385 Industrial Road,,Windhoek,Windhoek,31858,Chile,-7.68639,22.43138,,2009,,,2024-04-17T05:39:44.591Z
1a766acc-20af-4b33-85c4-93ba2ca841e6,58dbceb8-d97c-4f7b-86d5-3596474df86c,processing_plant,Charlotte processing plant,498 Industrial Road,,Charlotte,Charlotte,32085,Australia,8.81039,-111.65828,,2021,,,2024-10-29T05:39:44.591Z
5daba7f6-dbf8-4e99-a563-7d87b63ab3b5,68db7c08-8dcd-4cb6-b001-eec88539af33,office,Santiago office,9 Industrial Road,,Santiago,Santiago,86811,Chile,-31.13936,24.47636,,2022,,,2019-03-14T05:39:44.591Z
a803c8f4-28bb-44a9-b16e-fc903400e2f6,3a4a168c-8231-414f-b66c-cde9fd9e59d0,office,Buenos Aires office,789 Industrial Road,,Buenos Aires,Buenos Aires,34765,Zimbabwe,15.17401,101.456,,2012,,,2016-09-23T05:39:44.591Z
d09b407e-1a2a-47be-bf52-c9689482099a,7046e05c-72f2-4a98-8623-30516724d0bc,r_and_d_center,Perth r and d center,914 Industrial Road,,Perth,Perth,45479,Australia,36.95463,128.29064,,2014,,,2023-07-02T05:39:44.591Z
4453d070-cef9-4dee-b946-4732aa14addf,2ab13aab-6094-4c0d-9d45-af607b1c664e,mining_operation,Santiago mining operation,772 Industrial Road,,Santiago,Santiago,55695,Canada,-29.16083,31.90739,31645,2014,,,2016-05-21T05:39:44.591Z
2e447727-7895-4a1c-9d17-fbb56195b69c,a8c6fa9f-f909-4d6b-bd41-e31472c2c9fb,processing_plant,Beijing processing plant,872 Industrial Road,,Beijing,Beijing,49911,Chile,44.49277,9.60181,,2001,,,2016-04-28T05:39:44.591Z
8e703927-2df1-453a-b183-3b375e85618e,732065c3-9210-49c5-9c01-d28eb1e753cd,warehouse,Buenos Aires warehouse,820 Industrial Road,,Buenos Aires,Buenos Aires,90781,Argentina,-13.20212,-53.8314,,2017,,,2019-12-10T05:39:44.591Z
2bf3d8a9-c492-436c-8395-64cbfbd0fb65,3325ba7a-77e0-4a21-85bc-6ec7759c8e05,r_and_d_center,Toronto r and d center,106 Industrial Road,,Toronto,Toronto,60378,Australia,-11.79846,110.18572,,2017,,,2022-07-05T05:39:44.591Z
1525bb60-9f4f-4070-a04a-ab433e166358,2ab13aab-6094-4c0d-9d45-af607b1c664e,processing_plant,Buenos Aires processing plant,4 Industrial Road,,Buenos Aires,Buenos Aires,15589,Australia,48.06251,-82.94389,,2021,,,2016-04-07T05:39:44.591Z
8a41d482-3711-46c5-84cd-89f9c7e55054,0a271ac4-898b-4e9e-b0a8-7dab203ae956,r_and_d_center,Beijing r and d center,465 Industrial Road,,Beijing,Beijing,48900,Namibia,26.13475,-108.64901,,2006,,,2024-10-30T05:39:44.591Z
8005faa0-e6d0-40ff-b571-cbd2dd42d7c3,2ffbea36-6c6d-4cb1-9a23-e1c4fab1634d,warehouse,Buenos Aires warehouse,912 Industrial Road,,Buenos Aires,Buenos Aires,22328,United States,9.47406,51.01404,,2003,,,2016-08-15T05:39:44.591Z
a983b1f8-7a18-4523-9daa-5644e8605a36,4dc832b4-9cc1-4014-8e58-07e70889ab89,r_and_d_center,Perth r and d center,817 Industrial Road,,Perth,Perth,49167,Australia,30.41964,57.69903,,2024,,,2020-09-27T05:39:44.591Z
82ebfa43-e5ef-43cc-bffd-9ca2450d7d48,69db692c-92e1-4c78-ab13-98260c2b8785,office,Buenos Aires office,963 Industrial Road,,Buenos Aires,Buenos Aires,48993,Argentina,27.55403,17.69777,,2008,,,2016-10-07T05:39:44.591Z
11b93fa1-7b30-4a07-84c8-9243a086e3d5,68db7c08-8dcd-4cb6-b001-eec88539af33,warehouse,Buenos Aires warehouse,522 Industrial Road,,Buenos Aires,Buenos Aires,26701,Zimbabwe,45.29423,127.58044,,2011,,,2018-04-09T05:39:44.591Z
0c419c70-a318-4800-8faf-cbf807474296,5663ce32-a0ed-4c94-ac7f-ac4a0f9b179c,mining_operation,Charlotte mining operation,77 Industrial Road,,Charlotte,Charlotte,40050,China,40.90071,-96.80722,47362,2000,,,2022-03-17T05:39:44.591Z
b43a59e6-e9b5-4d73-bce5-b439df8dde6f,07d0779a-7ff7-4ee0-b847-3d7249aff3bf,processing_plant,Buenos Aires processing plant,774 Industrial Road,,Buenos Aires,Buenos Aires,43189,Chile,-16.02295,97.55507,,2023,,,2016-03-09T05:39:44.591Z
c173f611-4f61-45fa-a990-c950ea30f4a9,ede7df30-7bd2-4b90-8cff-36f93936be94,r_and_d_center,Toronto r and d center,33 Industrial Road,,Toronto,Toronto,27358,Zimbabwe,-13.79872,10.75479,,2001,,,2022-10-20T05:39:44.591Z
f943c60a-bdd4-4a2e-b879-8561635ca098,84e986ac-d907-4062-b8a1-76728cedcc12,warehouse,Perth warehouse,80 Industrial Road,,Perth,Perth,49209,Argentina,-13.40658,52.68531,,2003,,,2021-10-05T05:39:44.591Z
02cc6b3f-69a3-4997-9e85-9c676a7dc879,2937e4da-c227-4989-8313-267a692ccb74,processing_plant,Windhoek processing plant,789 Industrial Road,,Windhoek,Windhoek,68182,China,31.75076,-81.8146,,2006,,,2023-10-04T05:39:44.591Z
88cc39ee-5769-4f91-a322-6600623d1580,af118ca3-20ec-42de-b6d2-05ac60311982,mining_operation,Buenos Aires mining operation,121 Industrial Road,,Buenos Aires,Buenos Aires,50623,United States,-21.16159,98.8999,9206,2018,,,2023-04-25T05:39:44.591Z
693e735a-9c19-4e89-ae52-1046e3c9a096,b2f50972-7222-46ff-beb2-4abf815821fe,office,Perth office,272 Industrial Road,,Perth,Perth,93928,Chile,-11.64443,74.89513,,2012,,,2022-02-08T05:39:44.591Z
80f4607c-86a7-40e2-9193-573acca7e1c8,4b7b5184-e4a5-40a9-8953-c01a40ae7bb1,r_and_d_center,Beijing r and d center,725 Industrial Road,,Beijing,Beijing,30799,Zimbabwe,45.96346,15.58362,,2009,,,2021-02-05T05:39:44.591Z
a82836a9-72ea-413f-ab72-f5522ae3866c,c6fd996f-9111-44dd-8a5c-447d9ec855ce,processing_plant,Harare processing plant,527 Industrial Road,,Harare,Harare,24716,Canada,-25.60753,-12.32971,,2024,,,2018-12-22T05:39:44.591Z
34696ff4-df01-40f3-8faf-d0019349f6da,526452e8-c64a-4b48-a821-9a65c3d3da45,warehouse,Toronto warehouse,285 Industrial Road,,Toronto,Toronto,75690,Zimbabwe,-7.22337,65.84634,,2023,,,2022-11-12T05:39:44.591Z
927bf5d8-ebcd-43ee-a9aa-dffb1e59aa35,0a271ac4-898b-4e9e-b0a8-7dab203ae956,processing_plant,Charlotte processing plant,824 Industrial Road,,Charlotte,Charlotte,46519,Namibia,-8.30635,-111.92234,,2009,,,2019-10-26T05:39:44.591Z
99cb39e7-44df-4f7c-81a9-f030c67ff21e,265c448a-aec6-45d7-8da5-7ae53396b777,warehouse,Beijing warehouse,467 Industrial Road,,Beijing,Beijing,55523,Australia,0.97095,27.96616,,2011,,,2022-01-26T05:39:44.591Z
634d1727-2b70-41e6-8807-2038b8a5218d,4dc832b4-9cc1-4014-8e58-07e70889ab89,r_and_d_center,Windhoek r and d center,611 Industrial Road,,Windhoek,Windhoek,19693,Namibia,-23.13501,1.78115,,2012,,,2024-05-12T05:39:44.591Z
e0f3aa48-b415-4d71-8e2d-a7776b5d3b8b,9111d683-0be7-422c-b2d1-c65d47891556,processing_plant,Buenos Aires processing plant,613 Industrial Road,,Buenos Aires,Buenos Aires,56432,Zimbabwe,12.62862,73.16396,,2023,,,2019-09-19T05:39:44.591Z
f649c1b6-5216-450f-9671-d4b2755d5d23,3dd84518-e6a3-4089-ad2e-b1da5f19f97b,r_and_d_center,Windhoek r and d center,8 Industrial Road,,Windhoek,Windhoek,22042,Australia,36.1117,-8.14093,,2004,,,2020-10-17T05:39:44.591Z
2caf003c-69d0-4dbe-8a57-433999ce1be9,4022a232-e169-44e0-8c38-ebc6e00bb23e,mining_operation,Harare mining operation,46 Industrial Road,,Harare,Harare,77152,Zimbabwe,-5.02076,-61.45441,20428,2022,,,2022-11-09T05:39:44.591Z
c3e8e805-ca1f-4ee0-b459-dfb18b37d28e,87519094-b5f3-4ef6-9d9c-8e503fcfed38,office,Windhoek office,521 Industrial Road,,Windhoek,Windhoek,35571,Canada,-10.61813,-45.307,,2000,,,2022-03-23T05:39:44.591Z
c89dee9b-1674-4fbe-9338-b2c6630dbdf3,69db692c-92e1-4c78-ab13-98260c2b8785,r_and_d_center,Santiago r and d center,233 Industrial Road,,Santiago,Santiago,23617,Argentina,-19.50478,59.81361,,2019,,,2024-11-25T05:39:44.591Z
2e1e6916-2d56-4976-8cb6-312105e96449,580ac6db-d376-43b6-94ac-0b76aeaec003,mining_operation,Perth mining operation,66 Industrial Road,,Perth,Perth,30397,Canada,30.86681,117.49411,8457,2002,,,2017-07-24T05:39:44.591Z
64df4272-7b5d-4c2e-89ad-75708cf44f3f,7f8fe15b-7d71-48da-8487-0aaa6b197c9b,mining_operation,Charlotte mining operation,70 Industrial Road,,Charlotte,Charlotte,13588,Namibia,17.52901,-14.75286,28798,2017,,,2017-01-03T05:39:44.591Z
aef9ceea-ad42-4b27-b7de-ca140ad11eec,0e2b95c5-5b01-4d6e-b925-d07fdbe8ac6b,r_and_d_center,Beijing r and d center,393 Industrial Road,,Beijing,Beijing,94886,Chile,-12.54299,-2.46897,,2023,,,2016-11-19T05:39:44.591Z
df54d04d-b52b-4451-b88d-c8e30387bbf9,9ddf70f9-bbc1-443d-bc61-d43c7eff6f35,r_and_d_center,Perth r and d center,351 Industrial Road,,Perth,Perth,34699,Australia,-5.29574,54.11195,,2016,,,2024-08-04T05:39:44.591Z
f8ebbd83-a9c3-4c92-b6a4-6fe80ee5108c,ebdf84c6-923d-4f92-8177-d2dfd2dd9fa6,processing_plant,Charlotte processing plant,44 Industrial Road,,Charlotte,Charlotte,62539,Australia,7.55514,118.36919,,2014,,,2017-03-02T05:39:44.591Z
0131696b-2d30-4236-871c-c096010dd6d8,580ac6db-d376-43b6-94ac-0b76aeaec003,mining_operation,Toronto mining operation,240 Industrial Road,,Toronto,Toronto,88457,China,-26.66121,127.25468,6996,2021,,,2023-07-23T05:39:44.591Z
d7e491fc-1b51-4704-8ab8-d2a67f658de7,2ab13aab-6094-4c0d-9d45-af607b1c664e,mining_operation,Toronto mining operation,745 Industrial Road,,Toronto,Toronto,16767,Namibia,-12.87315,-0.86223,29570,2003,,,2016-06-30T05:39:44.591Z
2e4ba337-861c-4b65-b327-f600c24bdc39,9df72f32-5c7d-4901-98e1-1b6eb377f49c,mining_operation,Toronto mining operation,621 Industrial Road,,Toronto,Toronto,80122,Australia,-18.64056,120.4812,16163,2021,,,2022-04-09T05:39:44.591Z
ce8fbe65-8549-4360-bc90-0d0d73e8d7e0,58dbceb8-d97c-4f7b-86d5-3596474df86c,processing_plant,Charlotte processing plant,259 Industrial Road,,Charlotte,Charlotte,87332,China,-32.62904,48.70709,,2010,,,2023-01-12T05:39:44.591Z
5c497311-509b-4287-8e72-8014925cb3c5,3f719a20-196e-4723-8a34-9b1673a8bc47,warehouse,Windhoek warehouse,377 Industrial Road,,Windhoek,Windhoek,80185,Australia,-25.97662,63.51678,,2011,,,2016-10-25T05:39:44.591Z
00235469-a28b-467b-8f3c-2e737c66263d,0971e222-5719-489b-af2c-7a9d9a5a1651,mining_operation,Harare mining operation,691 Industrial Road,,Harare,Harare,27779,China,30.88385,-13.97581,37728,2018,,,2021-12-19T05:39:44.591Z
3757000c-98e4-4675-a560-8450ec20b9ce,2ad8b3e1-554c-4068-a664-76129b3d5235,office,Windhoek office,740 Industrial Road,,Windhoek,Windhoek,11076,Canada,32.68138,-76.71246,,2003,,,2018-06-15T05:39:44.591Z
c940dc0e-3bcc-47bc-a606-a6cf2dde4421,b773ff39-d507-4e20-9088-7d1b90ef4c59,mining_operation,Perth mining operation,921 Industrial Road,,Perth,Perth,27995,China,-26.89239,117.55902,21087,2018,,,2023-12-15T05:39:44.591Z
3cb66bca-567c-4ad9-9bb6-fc9567798ebe,e897675f-2cb6-40c7-84a0-7f4b1434e0cd,processing_plant,Buenos Aires processing plant,704 Industrial Road,,Buenos Aires,Buenos Aires,97710,Australia,14.87502,99.18072,,2016,,,2021-07-17T05:39:44.591Z
3c447ea1-135c-4548-a05d-350434dc86f0,b7b17528-c4fd-4a36-a27a-eb178e66ee70,warehouse,Santiago warehouse,606 Industrial Road,,Santiago,Santiago,85414,China,6.07586,-44.62367,,2013,,,2022-06-05T05:39:44.591Z
ae9c6d25-9361-4ac3-8640-918a699c833f,732065c3-9210-49c5-9c01-d28eb1e753cd,mining_operation,Beijing mining operation,401 Industrial Road,,Beijing,Beijing,81968,Canada,-19.61276,122.77196,36399,2007,,,2016-06-24T05:39:44.591Z
26c6f92f-71b0-4874-995a-02ff3a17ddb9,7e6280d4-3563-4ed6-a2b0-1faeda9e2b74,r_and_d_center,Charlotte r and d center,98 Industrial Road,,Charlotte,Charlotte,66391,Canada,21.39419,-100.53968,,2021,,,2016-06-04T05:39:44.591Z
ce28ca37-f89f-4e6f-ad56-a6cc54b08781,870dc9ac-795a-4851-ac2a-3cf9f083df9f,office,Beijing office,340 Industrial Road,,Beijing,Beijing,45457,China,1.22251,69.07749,,2024,,,2017-06-08T05:39:44.591Z
dbc2617e-4f6a-4c1b-8518-90acffab3547,069ad08e-21cf-45e4-bbc0-427b90c8ae9f,warehouse,Harare warehouse,789 Industrial Road,,Harare,Harare,72242,United States,-33.30743,-109.82818,,2008,,,2021-04-10T05:39:44.591Z
0fce104b-000b-4e14-a279-06877ea4c2f7,732065c3-9210-49c5-9c01-d28eb1e753cd,mining_operation,Windhoek mining operation,366 Industrial Road,,Windhoek,Windhoek,99707,Canada,-23.52407,31.55769,5451,2018,,,2024-07-24T05:39:44.591Z
84158148-0c89-4077-897a-e7ae8751a12a,3325ba7a-77e0-4a21-85bc-6ec7759c8e05,office,Toronto office,609 Industrial Road,,Toronto,Toronto,22591,Australia,-31.11549,87.62491,,2018,,,2019-02-14T05:39:44.591Z
57e8038a-882a-457d-a643-e362ad44ee56,0e2b95c5-5b01-4d6e-b925-d07fdbe8ac6b,office,Harare office,359 Industrial Road,,Harare,Harare,36103,Namibia,-20.07893,0.35933,,2013,,,2021-06-10T05:39:44.591Z
f5d15564-e415-4d31-b0a8-985c6c0388e9,2fdb218f-c48f-4de7-ad02-fd395117beb6,r_and_d_center,Charlotte r and d center,993 Industrial Road,,Charlotte,Charlotte,10880,Chile,1.47471,76.52339,,2007,,,2024-08-18T05:39:44.591Z
106d6ffc-237c-4135-b1fb-a6abdabe8c08,0971e222-5719-489b-af2c-7a9d9a5a1651,office,Buenos Aires office,759 Industrial Road,,Buenos Aires,Buenos Aires,46870,Canada,-22.46714,-55.24444,,2003,,,2024-04-17T05:39:44.591Z
73b022bf-2f40-4b13-a4c2-88e1e17fa9b3,3dd84518-e6a3-4089-ad2e-b1da5f19f97b,mining_operation,Santiago mining operation,175 Industrial Road,,Santiago,Santiago,18085,Namibia,-24.06277,-100.00323,7344,2020,,,2020-03-18T05:39:44.591Z
8a071a63-caa1-42ff-85be-5bc6f8245941,1084f4f1-4e9b-4266-b782-ae20022825b0,office,Buenos Aires office,126 Industrial Road,,Buenos Aires,Buenos Aires,23901,Australia,-19.69615,-34.55152,,2024,,,2018-12-17T05:39:44.591Z
afce649f-ff3b-4ee1-b744-de4f9894e18c,b7b17528-c4fd-4a36-a27a-eb178e66ee70,office,Toronto office,497 Industrial Road,,Toronto,Toronto,73106,Argentina,43.55709,99.72641,,2003,,,2019-03-02T05:39:44.591Z
2717bf60-a1a9-4eae-99ac-ea5ed470ad15,3325ba7a-77e0-4a21-85bc-6ec7759c8e05,mining_operation,Windhoek mining operation,205 Industrial Road,,Windhoek,Windhoek,33777,Canada,5.07689,-23.76597,14233,2010,,,2023-04-03T05:39:44.591Z
0cb1db7a-14f9-4440-94b9-8d1c8f9ac6e5,69db692c-92e1-4c78-ab13-98260c2b8785,mining_operation,Toronto mining operation,813 Industrial Road,,Toronto,Toronto,69017,China,33.89022,-109.10039,12490,2000,,,2019-10-14T05:39:44.591Z
b9dce4e6-8aa5-4064-b1ea-a48b4708a3c6,a20dbd32-a765-4c3b-bc92-003c072148dc,warehouse,Perth warehouse,729 Industrial Road,,Perth,Perth,77491,Australia,29.84134,4.57007,,2005,,,2018-06-03T05:39:44.591Z
c8d48b5a-b1f5-4b0b-990a-34c699db36a7,4ab2dd23-7743-42ea-91be-b20cd0b3d3c5,mining_operation,Beijing mining operation,817 Industrial Road,,Beijing,Beijing,18044,United States,-24.73297,58.43672,15634,2010,,,2023-11-18T05:39:44.591Z
6e034fc0-9bb4-4471-9bef-e21168fce1f3,f16cc7d8-2a7e-4a46-af12-1f1b632bb344,mining_operation,Windhoek mining operation,575 Industrial Road,,Windhoek,Windhoek,70805,Chile,-27.0171,80.34774,21793,2016,,,2023-10-30T05:39:44.591Z
f11cb141-b856-47e3-a3bd-fad500a5bce2,2ad8b3e1-554c-4068-a664-76129b3d5235,r_and_d_center,Perth r and d center,267 Industrial Road,,Perth,Perth,40446,Australia,-25.98965,-37.79715,,2007,,,2021-01-27T05:39:44.591Z
4ec4402d-f580-47fb-9530-872a98a9f2c9,03d7c773-07d1-4c54-87fd-e34038901632,office,Perth office,248 Industrial Road,,Perth,Perth,75136,United States,0.83156,122.71101,,2003,,,2016-11-21T05:39:44.591Z
2d528599-1c1b-4f6e-b0f9-a807a9a24ad8,2d30e743-73b2-47fc-9549-5369d02cc849,office,Santiago office,591 Industrial Road,,Santiago,Santiago,53599,Australia,12.27122,-103.85048,,2003,,,2020-01-17T05:39:44.591Z
5f903829-688f-4194-bb1b-0406aa112dee,e897675f-2cb6-40c7-84a0-7f4b1434e0cd,office,Santiago office,745 Industrial Road,,Santiago,Santiago,70845,Zimbabwe,-30.28091,-96.85907,,2007,,,2020-06-12T05:39:44.591Z
30b3c0c5-9d57-4035-8742-036cbfc4b1a1,6b2a28c1-efc7-4c51-9f8b-6b6091a53401,office,Santiago office,772 Industrial Road,,Santiago,Santiago,93157,Chile,-28.39575,-77.9487,,2011,,,2017-06-29T05:39:44.591Z
b56bef30-622a-4b7a-b25f-ae33ae6c1366,ee2e59c2-0031-48e5-8e02-06bcc4fc83f7,warehouse,Charlotte warehouse,875 Industrial Road,,Charlotte,Charlotte,81104,China,-24.53318,21.34295,,2005,,,2018-02-06T05:39:44.591Z
a90098c8-9547-4204-835c-0b58026565e1,2ab13aab-6094-4c0d-9d45-af607b1c664e,r_and_d_center,Harare r and d center,632 Industrial Road,,Harare,Harare,20026,China,34.23851,-81.71716,,2011,,,2020-09-15T05:39:44.591Z
06dd4f35-6f2d-4c2a-9ca5-5fd4a9b78036,b76f14c3-32ac-44cf-9716-780bbb7f98f9,office,Toronto office,295 Industrial Road,,Toronto,Toronto,28303,Argentina,30.8463,69.34531,,2009,,,2021-04-15T05:39:44.591Z
d83fde88-d75c-4ed3-83dd-f612cbf916ec,a8c6fa9f-f909-4d6b-bd41-e31472c2c9fb,processing_plant,Perth processing plant,593 Industrial Road,,Perth,Perth,17729,Namibia,10.16218,1.04672,,2007,,,2024-12-26T05:39:44.591Z
7d1101d4-f5e2-4ac4-bb98-4099ede7d6bc,f16cc7d8-2a7e-4a46-af12-1f1b632bb344,office,Charlotte office,529 Industrial Road,,Charlotte,Charlotte,72637,Canada,48.74484,-5.27756,,2019,,,2018-06-10T05:39:44.591Z
0c770aae-6d43-4191-8a42-b0517f2c1d8b,2ffbea36-6c6d-4cb1-9a23-e1c4fab1634d,mining_operation,Perth mining operation,356 Industrial Road,,Perth,Perth,11298,China,0.22513,17.13365,21218,2023,,,2024-05-24T05:39:44.591Z
05892105-e043-4a1e-b242-0d182abc120b,71d2fbdb-0b1f-45df-b294-45de2760278a,r_and_d_center,Beijing r and d center,398 Industrial Road,,Beijing,Beijing,35439,Canada,45.91599,-100.61151,,2020,,,2018-11-18T05:39:44.591Z
d1a2d6e2-8d9c-4866-b9d8-9be795724f07,0e2b95c5-5b01-4d6e-b925-d07fdbe8ac6b,r_and_d_center,Santiago r and d center,849 Industrial Road,,Santiago,Santiago,58802,China,18.04448,121.77277,,2023,,,2019-04-14T05:39:44.591Z
ed3c9c58-6bc1-4fc3-af5a-8490713a7c30,5c40cade-c942-4528-8048-02a989eed85d,warehouse,Charlotte warehouse,512 Industrial Road,,Charlotte,Charlotte,40086,Namibia,-5.14816,74.48399,,2015,,,2023-08-22T05:39:44.591Z
dc12ff7d-0393-42a3-ac26-236400330666,8d89e775-abf3-4f31-aa0f-9466b6fecfb4,office,Toronto office,614 Industrial Road,,Toronto,Toronto,70978,Zimbabwe,-2.69225,30.00785,,2002,,,2022-04-24T05:39:44.591Z
3f32130d-3f97-47be-b5b8-568fa8d9ad8b,6a83ca53-c0a9-42ef-85a8-c6007f6d97b5,mining_operation,Harare mining operation,426 Industrial Road,,Harare,Harare,32304,Australia,-6.70303,69.79709,18218,2001,,,2023-09-18T05:39:44.591Z
8889425a-0114-4150-8a06-904a49f94b4b,56ccd334-43bc-4997-ae06-d6716b6e7101,mining_operation,Buenos Aires mining operation,33 Industrial Road,,Buenos Aires,Buenos Aires,16103,Zimbabwe,4.8401,81.57148,5295,2012,,,2018-08-11T05:39:44.592Z
cebc7d35-9c28-4727-a771-e09a6d0c6195,15a2f15e-2b3b-4d6c-95c0-45c55b4da187,r_and_d_center,Beijing r and d center,198 Industrial Road,,Beijing,Beijing,57198,Namibia,3.10462,70.08366,,2008,,,2017-03-02T05:39:44.592Z
c4a8b21b-250b-4fb8-955c-19fdef9ce38f,2ffbea36-6c6d-4cb1-9a23-e1c4fab1634d,r_and_d_center,Buenos Aires r and d center,568 Industrial Road,,Buenos Aires,Buenos Aires,89039,Chile,-26.97317,-81.82257,,2002,,,2024-06-11T05:39:44.592Z
633ece71-eda4-4284-8ed9-85b62536fbe8,58cdc450-a548-4401-8bf2-112ce2b3a84d,office,Charlotte office,397 Industrial Road,,Charlotte,Charlotte,64966,Chile,-34.2957,-110.46914,,2003,,,2019-07-13T05:39:44.592Z
b295a16c-8884-4697-9483-55e7d5831015,3926362c-b964-4f16-bb68-8c63ae3ee25f,r_and_d_center,Harare r and d center,529 Industrial Road,,Harare,Harare,66668,Namibia,49.06955,-104.52254,,2001,,,2021-11-05T05:39:44.592Z
eedff13a-753f-47db-b6fc-9f355832cd7c,526452e8-c64a-4b48-a821-9a65c3d3da45,warehouse,Charlotte warehouse,405 Industrial Road,,Charlotte,Charlotte,31835,Namibia,17.12163,128.92504,,2001,,,2016-01-19T05:39:44.592Z
7604425f-257f-42aa-9547-4dc73522b010,4942af99-35dc-4674-8541-92dc7395fa0b,warehouse,Charlotte warehouse,687 Industrial Road,,Charlotte,Charlotte,24291,United States,42.73276,-52.26699,,2022,,,2020-08-21T05:39:44.592Z
4b052816-4753-47f9-86ad-fa053c7526a3,e25887d0-5884-4785-a22c-af72e2626bd4,warehouse,Beijing warehouse,957 Industrial Road,,Beijing,Beijing,45858,United States,26.32708,113.55184,,2018,,,2022-04-17T05:39:44.592Z
ac99b724-7b78-4f00-aa1e-fe0f40495cc8,4496c558-39c2-486f-8c7b-d621e76a1d0b,office,Toronto office,452 Industrial Road,,Toronto,Toronto,44998,Chile,-23.62935,127.05248,,2006,,,2020-01-06T05:39:44.592Z
a5432768-7254-4914-9eee-6b2f20cc1946,e7ab2aab-8519-40c3-beaa-7170563187c1,r_and_d_center,Perth r and d center,498 Industrial Road,,Perth,Perth,22295,Chile,21.64213,-40.79643,,2019,,,2019-09-28T05:39:44.592Z
9bea69a8-c8f2-4e2c-ae90-ec8c7b4174bb,069ad08e-21cf-45e4-bbc0-427b90c8ae9f,office,Harare office,820 Industrial Road,,Harare,Harare,44174,United States,-24.24326,-82.85318,,2017,,,2024-11-19T05:39:44.592Z
ea56ca59-b667-4274-9e99-91bbdee778ba,07d0779a-7ff7-4ee0-b847-3d7249aff3bf,warehouse,Beijing warehouse,294 Industrial Road,,Beijing,Beijing,33253,China,-3.37724,-114.99184,,2010,,,2024-07-05T05:39:44.592Z
c2ba5b7f-3996-4352-8e62-da3b54ed3d6b,899e3891-f93f-4d0d-8a05-4f23adaeac21,r_and_d_center,Harare r and d center,913 Industrial Road,,Harare,Harare,35576,Namibia,-2.00861,-108.2012,,2018,,,2022-10-08T05:39:44.592Z
c15e984f-148a-48ce-a721-8a4ced00edd5,9e435b1b-3b26-4f4b-9b97-17ba2e5c1452,r_and_d_center,Charlotte r and d center,796 Industrial Road,,Charlotte,Charlotte,78624,Zimbabwe,10.10716,28.85893,,2020,,,2022-12-17T05:39:44.592Z
2aaa4e69-6656-416b-a0c4-eebe48bc911d,0208e2ff-4c35-4e75-8fc2-e9999728b4e3,mining_operation,Windhoek mining operation,428 Industrial Road,,Windhoek,Windhoek,91457,Zimbabwe,37.18747,129.59814,36740,2012,,,2019-08-24T05:39:44.592Z
16ae431a-7e55-4944-8c30-726fd667f5ac,a20dbd32-a765-4c3b-bc92-003c072148dc,processing_plant,Charlotte processing plant,81 Industrial Road,,Charlotte,Charlotte,64007,Chile,35.63786,-24.76402,,2012,,,2021-08-24T05:39:44.592Z
a1689c34-1ec8-4b28-89c7-76b926c88739,f0c10fd4-4824-48f0-8cf6-69a22c1b43f2,office,Charlotte office,640 Industrial Road,,Charlotte,Charlotte,81542,United States,-5.53699,51.18963,,2019,,,2021-11-12T05:39:44.592Z
33e4b144-df3a-43d6-af91-62b1af114be1,3dd84518-e6a3-4089-ad2e-b1da5f19f97b,office,Perth office,611 Industrial Road,,Perth,Perth,91193,Argentina,-27.3847,-20.12927,,2021,,,2020-09-14T05:39:44.592Z
44b873ae-830d-43c4-b9ce-1ae531f392ba,b76f14c3-32ac-44cf-9716-780bbb7f98f9,warehouse,Charlotte warehouse,891 Industrial Road,,Charlotte,Charlotte,28423,Argentina,43.66657,103.55098,,2007,,,2021-06-23T05:39:44.592Z
e32f2cfe-eb0e-436e-b531-d6b752d4de1f,3926362c-b964-4f16-bb68-8c63ae3ee25f,warehouse,Harare warehouse,333 Industrial Road,,Harare,Harare,11694,Namibia,-13.07412,11.74834,,2021,,,2020-06-18T05:39:44.592Z
7a777af9-644e-4bb0-9b35-dd01172f5d13,e9169f30-30a8-40fb-9a7b-89eb2e2c7e2b,processing_plant,Toronto processing plant,871 Industrial Road,,Toronto,Toronto,63513,Zimbabwe,-11.54514,14.18515,,2011,,,2023-06-23T05:39:44.592Z
472fe5d3-cc06-42c9-87f1-a72a30150fd4,899e3891-f93f-4d0d-8a05-4f23adaeac21,office,Beijing office,5 Industrial Road,,Beijing,Beijing,80011,China,3.66663,-58.39465,,2001,,,2023-10-20T05:39:44.592Z
8bd84863-e4df-421c-926d-da02a6af5aaf,a20dbd32-a765-4c3b-bc92-003c072148dc,mining_operation,Harare mining operation,571 Industrial Road,,Harare,Harare,24594,Canada,26.30267,20.48228,21575,2010,,,2022-05-24T05:39:44.592Z
c08d1391-7beb-4fa0-a2f4-3ce83261093c,58b993bc-0e84-4dad-885f-5ff25ab85520,processing_plant,Charlotte processing plant,978 Industrial Road,,Charlotte,Charlotte,77759,China,4.52947,8.39363,,2000,,,2021-10-14T05:39:44.592Z
dd570fc3-5ac0-449d-9e37-b00079f3e000,170c951d-32a9-4902-8594-379c4591e480,warehouse,Harare warehouse,873 Industrial Road,,Harare,Harare,44729,China,4.05859,63.51259,,2000,,,2022-03-24T05:39:44.592Z
a81946b2-1250-4dc2-ae44-717cc0805466,6b2a28c1-efc7-4c51-9f8b-6b6091a53401,mining_operation,Toronto mining operation,175 Industrial Road,,Toronto,Toronto,78924,Chile,32.23887,-66.68248,13810,2024,,,2023-06-22T05:39:44.592Z
cf25cfd7-45aa-46d5-babd-89d8ef79917e,ede7df30-7bd2-4b90-8cff-36f93936be94,processing_plant,Charlotte processing plant,884 Industrial Road,,Charlotte,Charlotte,22401,Zimbabwe,36.15901,-17.7852,,2020,,,2016-12-23T05:39:44.592Z
7bee7da6-7df0-4a92-b763-df87f158580f,4d60b8b2-a348-477a-a5e2-969415d5b2ad,warehouse,Beijing warehouse,603 Industrial Road,,Beijing,Beijing,64552,Chile,11.65344,110.95554,,2015,,,2019-09-06T05:39:44.592Z
381b59d3-65bb-4c6f-b1db-582da8cd56f4,86840899-7fd7-43ef-bb0b-d9662d595c82,warehouse,Santiago warehouse,288 Industrial Road,,Santiago,Santiago,83654,United States,-13.16065,47.61953,,2024,,,2020-05-19T05:39:44.592Z
7acec43a-13af-43c1-95d9-b48257172851,a94b6af0-5cf0-494d-81e7-3dec16498b23,warehouse,Perth warehouse,970 Industrial Road,,Perth,Perth,61429,United States,5.93345,-33.15685,,2014,,,2022-01-30T05:39:44.592Z
9eb26984-6fb9-45eb-a6a2-a1e276bc8592,3325ba7a-77e0-4a21-85bc-6ec7759c8e05,r_and_d_center,Santiago r and d center,331 Industrial Road,,Santiago,Santiago,93785,Namibia,-5.43747,-65.75514,,2024,,,2016-02-22T05:39:44.592Z
d3613f28-9289-40bb-a4bd-67dfb3e4b317,07d0779a-7ff7-4ee0-b847-3d7249aff3bf,office,Toronto office,640 Industrial Road,,Toronto,Toronto,50053,Argentina,26.87966,114.49177,,2014,,,2017-11-04T05:39:44.592Z
b4069a1f-07a2-4ddc-af1f-da7cb6fc9e91,0a271ac4-898b-4e9e-b0a8-7dab203ae956,office,Buenos Aires office,764 Industrial Road,,Buenos Aires,Buenos Aires,80641,Namibia,43.82909,-118.18995,,2016,,,2022-10-05T05:39:44.592Z
b17eb999-ba66-41dc-82dd-34d498a6c8e2,d108e80f-d16f-4dbc-b16f-1587d9c2e46e,warehouse,Windhoek warehouse,304 Industrial Road,,Windhoek,Windhoek,96871,United States,-3.84768,90.23987,,2000,,,2017-12-08T05:39:44.592Z
23e82f87-8908-4fea-9b1e-39d59bb36661,9253540c-1c21-46d1-99d1-c5c4f716d37a,r_and_d_center,Harare r and d center,852 Industrial Road,,Harare,Harare,36651,Chile,-24.72427,67.14034,,2003,,,2018-07-22T05:39:44.592Z
1a54d1f5-fbc0-42af-bc08-4f99e3345d47,420bfee0-8d70-4bca-a8a3-5664e72d8fef,mining_operation,Santiago mining operation,207 Industrial Road,,Santiago,Santiago,65431,China,-23.12143,-3.1831,22230,2019,,,2024-07-20T05:39:44.592Z
0c1816c8-cf15-4ebd-9fd1-36fab6cac7c7,56ccd334-43bc-4997-ae06-d6716b6e7101,r_and_d_center,Toronto r and d center,321 Industrial Road,,Toronto,Toronto,40875,Chile,3.73048,-71.114,,2004,,,2018-05-14T05:39:44.592Z
52003944-fa6c-4eb7-9680-e9d2e657db8f,3926362c-b964-4f16-bb68-8c63ae3ee25f,mining_operation,Toronto mining operation,62 Industrial Road,,Toronto,Toronto,29598,Australia,-34.35263,116.96675,45259,2016,,,2020-05-17T05:39:44.592Z
7eef615b-227a-42a6-949f-c8290e6ba527,d4507d8e-c7cb-462f-bbb7-77ad981830f8,mining_operation,Windhoek mining operation,892 Industrial Road,,Windhoek,Windhoek,50318,Australia,23.61392,63.26349,31268,2015,,,2020-03-20T05:39:44.592Z
e1e2dd3e-a88a-49e6-a53b-871045883fbb,67517fe0-7dcb-4ec1-9d30-cd456cb8c0af,processing_plant,Perth processing plant,140 Industrial Road,,Perth,Perth,82954,Zimbabwe,-30.33532,97.96322,,2005,,,2024-02-04T05:39:44.592Z
a72a0a74-9497-4736-b74c-2e6ff50960e2,9253540c-1c21-46d1-99d1-c5c4f716d37a,warehouse,Toronto warehouse,550 Industrial Road,,Toronto,Toronto,58148,Canada,14.39092,56.5052,,2022,,,2023-07-14T05:39:44.592Z
fd229c72-e095-4c74-9fb3-d9724cf8b8d0,68db7c08-8dcd-4cb6-b001-eec88539af33,r_and_d_center,Perth r and d center,106 Industrial Road,,Perth,Perth,77590,Chile,-23.10174,-63.14081,,2014,,,2016-12-22T05:39:44.592Z
87b4e920-011c-420d-baee-00ab7ea9d031,6786451c-c5f5-4316-9fa5-7427bb245cfa,mining_operation,Windhoek mining operation,830 Industrial Road,,Windhoek,Windhoek,66393,China,-30.0646,79.25917,41855,2001,,,2020-02-21T05:39:44.592Z
a3d67f90-45d2-4be2-90b3-192768117d23,bf88a555-918c-492c-9f7e-52f3067cd1fa,mining_operation,Buenos Aires mining operation,81 Industrial Road,,Buenos Aires,Buenos Aires,32942,Australia,-12.13385,-15.93955,16630,2008,,,2021-11-18T05:39:44.592Z
18c90c0a-c14a-4fd2-89be-c7272c2904cc,1b34a295-7e7d-46ef-91e6-ed739cb9d235,r_and_d_center,Harare r and d center,894 Industrial Road,,Harare,Harare,62911,Canada,-4.58674,-110.83475,,2022,,,2022-04-07T05:39:44.592Z
0ee4d1f7-747c-4ff5-920c-90c7de9aee2e,9111d683-0be7-422c-b2d1-c65d47891556,warehouse,Buenos Aires warehouse,401 Industrial Road,,Buenos Aires,Buenos Aires,66510,Argentina,-25.93899,-38.06111,,2024,,,2016-06-20T05:39:44.592Z
890e91e8-7ef7-443b-9b5f-e1acaaf525f8,0e47e6d4-bb17-4ac5-a2fa-2e1f2f96443e,warehouse,Windhoek warehouse,636 Industrial Road,,Windhoek,Windhoek,13851,China,-24.69799,-46.2435,,2006,,,2024-01-10T05:39:44.592Z
8840082c-804d-4553-8460-6442d312e2ed,4496c558-39c2-486f-8c7b-d621e76a1d0b,warehouse,Beijing warehouse,400 Industrial Road,,Beijing,Beijing,10950,Chile,33.86772,35.07118,,2015,,,2023-10-02T05:39:44.592Z
cde51b3c-99f4-4a00-9f5d-51cfca1ab08f,37fbb935-02c2-4908-8a0d-1767ce72736c,office,Buenos Aires office,378 Industrial Road,,Buenos Aires,Buenos Aires,90290,Canada,-27.24387,46.20411,,2005,,,2019-11-21T05:39:44.592Z
c9e0172d-eb18-452c-91e4-c51168f05ccf,67517fe0-7dcb-4ec1-9d30-cd456cb8c0af,r_and_d_center,Beijing r and d center,442 Industrial Road,,Beijing,Beijing,49420,Canada,-23.09495,-117.66751,,2023,,,2023-10-16T05:39:44.592Z
9e0aef09-27b1-4f21-97f7-e92acd8c207c,77a43956-c6c9-4ba6-96ea-337574954ed2,warehouse,Toronto warehouse,696 Industrial Road,,Toronto,Toronto,51384,United States,24.26796,-65.55423,,2007,,,2017-03-01T05:39:44.592Z
ab8c3a77-799a-4f2b-8e0e-ce3effcdfd85,2937e4da-c227-4989-8313-267a692ccb74,warehouse,Buenos Aires warehouse,338 Industrial Road,,Buenos Aires,Buenos Aires,42280,United States,-32.90683,-67.69608,,2017,,,2021-06-10T05:39:44.592Z
75d0786b-370e-4e55-adb6-8597d50a60f7,b87e3c7f-77f5-4d12-9887-f5834232864a,office,Buenos Aires office,806 Industrial Road,,Buenos Aires,Buenos Aires,39104,Argentina,-11.51951,-114.09771,,2004,,,2022-04-08T05:39:44.592Z
38e8a157-1691-41b3-a17e-120019dbeb6f,02928f0e-27b3-43ea-bfe8-9fe0dd78620f,r_and_d_center,Beijing r and d center,779 Industrial Road,,Beijing,Beijing,41083,China,8.18571,-84.58346,,2003,,,2021-01-31T05:39:44.592Z
a071309f-56aa-4f25-8270-e2a5ae5d4afe,bf88a555-918c-492c-9f7e-52f3067cd1fa,mining_operation,Perth mining operation,950 Industrial Road,,Perth,Perth,49919,Namibia,10.00394,-26.37095,40745,2004,,,2022-10-03T05:39:44.592Z
efa8e911-3759-4697-84ba-1f1691ac1b90,5ae88a11-3e4e-44bd-882c-16084a57f8cc,office,Harare office,760 Industrial Road,,Harare,Harare,91129,Australia,48.94133,-55.7699,,2002,,,2020-04-25T05:39:44.592Z
52a239de-5cae-4173-8838-49ca3b2d1aa7,cae4d6b6-f6a4-4fc0-a3e6-123a72de64fa,warehouse,Santiago warehouse,204 Industrial Road,,Santiago,Santiago,70059,Argentina,-22.54216,-80.04293,,2022,,,2017-12-03T05:39:44.592Z
b41ea83c-84de-49b2-bfb7-d614c848e8bf,6b2a28c1-efc7-4c51-9f8b-6b6091a53401,processing_plant,Toronto processing plant,589 Industrial Road,,Toronto,Toronto,52715,Chile,33.57283,-102.70194,,2023,,,2016-09-13T05:39:44.592Z
e615f4a3-b5a2-4abf-98d7-6ede7dffb4db,e9169f30-30a8-40fb-9a7b-89eb2e2c7e2b,mining_operation,Perth mining operation,692 Industrial Road,,Perth,Perth,48241,Chile,13.21694,69.52409,13809,2012,,,2018-04-06T05:39:44.592Z
1e23fd8b-7678-4140-9187-8cf69bd08510,a17023fb-6086-437b-ab59-0e7cdd24e603,processing_plant,Toronto processing plant,954 Industrial Road,,Toronto,Toronto,84221,Namibia,-22.79925,-2.25086,,2000,,,2016-07-23T05:39:44.592Z
7eb410f4-551b-44ba-aa3f-620640419748,c0124f38-aa90-4f77-a4d2-4ffebd19ff19,r_and_d_center,Buenos Aires r and d center,645 Industrial Road,,Buenos Aires,Buenos Aires,43739,United States,4.05599,67.93443,,2007,,,2023-05-26T05:39:44.592Z
987eece9-3150-4e53-977c-c4e426c7542e,d108e80f-d16f-4dbc-b16f-1587d9c2e46e,r_and_d_center,Beijing r and d center,344 Industrial Road,,Beijing,Beijing,29620,Namibia,-30.19452,-6.37503,,2005,,,2022-10-09T05:39:44.592Z
99d4defc-36de-45ad-8bab-688620eac568,58dbceb8-d97c-4f7b-86d5-3596474df86c,mining_operation,Beijing mining operation,863 Industrial Road,,Beijing,Beijing,54425,Argentina,48.50659,-91.6243,40874,2006,,,2020-10-14T05:39:44.592Z
5e945855-7093-4798-b439-77d84b0b5731,3926362c-b964-4f16-bb68-8c63ae3ee25f,r_and_d_center,Beijing r and d center,950 Industrial Road,,Beijing,Beijing,86850,United States,15.38306,-79.99752,,2016,,,2019-11-16T05:39:44.592Z
960f1a36-e010-4ded-9a75-a298969069ad,56ccd334-43bc-4997-ae06-d6716b6e7101,processing_plant,Charlotte processing plant,347 Industrial Road,,Charlotte,Charlotte,26035,Australia,6.79846,39.42564,,2009,,,2024-02-08T05:39:44.592Z
04bf57ec-7b0d-4e11-a3da-c3c773aaca10,88289413-90bf-42b4-846c-304a5a4a56fc,office,Perth office,792 Industrial Road,,Perth,Perth,35203,United States,-10.05584,47.95786,,2006,,,2021-02-23T05:39:44.592Z
6c7f3c45-0c2a-4839-beb8-2f16599e10ba,8955fe2c-2821-4805-a0e0-4c4ddda19e0a,r_and_d_center,Toronto r and d center,586 Industrial Road,,Toronto,Toronto,41575,Namibia,22.97502,17.07901,,2023,,,2021-01-11T05:39:44.592Z
8897200f-b2a6-46dd-8288-de87c53881fa,b81d6b03-e5b8-4775-ae41-f217e25d8d23,mining_operation,Charlotte mining operation,329 Industrial Road,,Charlotte,Charlotte,54342,Australia,36.21724,-74.84064,18038,2008,,,2017-12-15T05:39:44.592Z
198702eb-beb0-4972-8509-1499d1e2d6bd,420bfee0-8d70-4bca-a8a3-5664e72d8fef,office,Harare office,212 Industrial Road,,Harare,Harare,87428,Canada,-1.30971,82.55874,,2003,,,2024-03-20T05:39:44.592Z
af138d49-1561-47c3-9da2-1348d20064cc,b87e3c7f-77f5-4d12-9887-f5834232864a,processing_plant,Beijing processing plant,683 Industrial Road,,Beijing,Beijing,14593,Argentina,-7.18419,17.39025,,2022,,,2016-08-06T05:39:44.592Z
16137b24-b7d2-45aa-a738-98448d5138ae,bfd89266-65d2-4a19-a83d-6510f05854ea,warehouse,Toronto warehouse,38 Industrial Road,,Toronto,Toronto,78503,Zimbabwe,-8.7819,53.66315,,2014,,,2022-05-25T05:39:44.592Z
2ebd1add-0ffd-40c4-878b-cc51798ba85f,2d30e743-73b2-47fc-9549-5369d02cc849,office,Santiago office,979 Industrial Road,,Santiago,Santiago,10336,Zimbabwe,24.15808,93.63248,,2017,,,2018-07-03T05:39:44.592Z
95a1fd3e-c122-480c-a2fb-32a1fb680e68,b76f14c3-32ac-44cf-9716-780bbb7f98f9,office,Buenos Aires office,705 Industrial Road,,Buenos Aires,Buenos Aires,66581,Namibia,-22.15235,24.24041,,2023,,,2016-06-16T05:39:44.592Z
ea84ad6d-f370-4231-b41e-c18748b6a9a0,9359313b-6554-4d82-896a-f8df6fcd0ef6,processing_plant,Beijing processing plant,191 Industrial Road,,Beijing,Beijing,82321,Zimbabwe,-34.28329,27.23457,,2001,,,2016-08-07T05:39:44.592Z
3c1b4dd7-64c6-4a70-ba29-37a0d3bdc69e,67517fe0-7dcb-4ec1-9d30-cd456cb8c0af,warehouse,Charlotte warehouse,798 Industrial Road,,Charlotte,Charlotte,32674,Namibia,-32.68372,-6.58779,,2002,,,2017-01-31T05:39:44.592Z
0c5ef234-b91f-4999-b8a4-ce425748d430,8d89e775-abf3-4f31-aa0f-9466b6fecfb4,office,Charlotte office,261 Industrial Road,,Charlotte,Charlotte,92233,Australia,39.59615,86.21353,,2017,,,2023-09-09T05:39:44.592Z
cfb9e64c-2dbb-4066-b44d-4c9bc6f6d9b9,a9baa336-d8c1-4f17-a5a3-33647959e08d,office,Santiago office,37 Industrial Road,,Santiago,Santiago,52364,Chile,17.56871,-92.38606,,2020,,,2018-11-22T05:39:44.592Z
fe3e34ee-6f61-41c3-975f-502d9ff0966a,f94d5403-17e2-4a5f-b88e-cc45d1fcc9fd,office,Toronto office,707 Industrial Road,,Toronto,Toronto,62975,Zimbabwe,-13.86158,35.25318,,2001,,,2016-08-19T05:39:44.592Z
dd8e4e98-b006-4403-96ee-e6665ebbc600,64cfa10e-af34-48dc-939d-b90b8a33e996,mining_operation,Perth mining operation,282 Industrial Road,,Perth,Perth,26129,United States,-24.70343,35.7607,15344,2016,,,2018-09-25T05:39:44.592Z
a30867e6-b4c3-4f0c-af90-da956c96363b,de1ef6ef-b100-4b42-ad00-48f03487068e,mining_operation,Buenos Aires mining operation,473 Industrial Road,,Buenos Aires,Buenos Aires,71826,Namibia,36.60852,-91.40463,18503,2004,,,2017-01-30T05:39:44.592Z
c787a66c-e32e-4a76-9817-058703bf0a1f,2f754c55-e158-45fa-be6b-851496b9ea40,office,Charlotte office,462 Industrial Road,,Charlotte,Charlotte,48424,Argentina,3.39599,19.81904,,2001,,,2024-08-30T05:39:44.592Z
c9486134-1d58-4904-b104-6b74006dfec4,c9583b6a-e295-4536-b6f6-6a13b293e1cb,warehouse,Harare warehouse,219 Industrial Road,,Harare,Harare,68737,Chile,13.90946,53.71161,,2014,,,2017-02-15T05:39:44.592Z
657a5909-6aa3-4d61-ad6f-1d1e93a5d425,e73e62f8-b739-4184-9c94-fef86df770a0,r_and_d_center,Harare r and d center,370 Industrial Road,,Harare,Harare,51231,Canada,-16.19557,22.26007,,2002,,,2023-12-31T05:39:44.592Z
9e5fad50-5260-4e68-a702-f42032948776,f08d4e0c-46b6-43a9-b92f-a84f674de151,mining_operation,Buenos Aires mining operation,313 Industrial Road,,Buenos Aires,Buenos Aires,76670,Australia,-30.35076,43.1887,31561,2015,,,2017-07-26T05:39:44.592Z
50a7d2ae-0bcf-4b2c-9a69-9b7e34c6fa42,0a271ac4-898b-4e9e-b0a8-7dab203ae956,mining_operation,Windhoek mining operation,366 Industrial Road,,Windhoek,Windhoek,14967,Zimbabwe,17.5062,49.99883,8644,2020,,,2023-02-01T05:39:44.592Z
98fae389-1894-4c84-8a90-c1a9d1287e1c,e7ab2aab-8519-40c3-beaa-7170563187c1,office,Charlotte office,372 Industrial Road,,Charlotte,Charlotte,71719,China,-14.3377,80.02396,,2000,,,2018-02-16T05:39:44.592Z
56ee1674-f334-4a19-8970-eea3273a176b,57d13328-0d73-48eb-aff2-7a029e192419,office,Beijing office,796 Industrial Road,,Beijing,Beijing,35359,China,-32.04414,67.55437,,2019,,,2023-07-26T05:39:44.592Z
35745c9a-c3e2-4e4a-abc6-0e1036449f89,af118ca3-20ec-42de-b6d2-05ac60311982,office,Charlotte office,830 Industrial Road,,Charlotte,Charlotte,62750,Chile,-8.57067,33.87008,,2012,,,2024-03-03T05:39:44.592Z
07a42ea5-80a6-42f6-9d0b-5323c8a5cbfa,92e40224-054a-4586-9281-4b7fc2df2278,warehouse,Santiago warehouse,900 Industrial Road,,Santiago,Santiago,43538,Zimbabwe,-10.59866,-6.18957,,2003,,,2020-10-04T05:39:44.592Z
1a72baee-49eb-4c58-a91b-96f68f89c3ff,5c40cade-c942-4528-8048-02a989eed85d,warehouse,Windhoek warehouse,5 Industrial Road,,Windhoek,Windhoek,91690,Namibia,29.61779,86.37664,,2021,,,2022-02-04T05:39:44.592Z
6bb5c23f-810e-4d38-a54f-4a9a7570418c,526452e8-c64a-4b48-a821-9a65c3d3da45,warehouse,Charlotte warehouse,529 Industrial Road,,Charlotte,Charlotte,85206,United States,14.51078,-115.44408,,2004,,,2023-12-22T05:39:44.592Z
4ee2e504-8d70-455e-a644-78df2e9f7654,a8c6fa9f-f909-4d6b-bd41-e31472c2c9fb,office,Beijing office,715 Industrial Road,,Beijing,Beijing,90663,Namibia,-6.17579,-12.35893,,2019,,,2019-09-06T05:39:44.592Z
60f2bb00-2a9a-4bc2-b8a8-aec6994a768c,af118ca3-20ec-42de-b6d2-05ac60311982,office,Perth office,192 Industrial Road,,Perth,Perth,98731,Canada,11.85263,-73.77647,,2012,,,2024-04-12T05:39:44.592Z
61871f5d-d085-4809-8bc4-15979d75c73f,d4507d8e-c7cb-462f-bbb7-77ad981830f8,warehouse,Harare warehouse,480 Industrial Road,,Harare,Harare,91087,Argentina,-16.20988,20.57989,,2003,,,2021-02-05T05:39:44.592Z
a9f19753-d820-4d80-8f27-42131a2665b2,0a271ac4-898b-4e9e-b0a8-7dab203ae956,r_and_d_center,Toronto r and d center,529 Industrial Road,,Toronto,Toronto,64209,Canada,23.58885,-111.14057,,2001,,,2017-01-13T05:39:44.592Z
6878e0f5-6f35-4049-88c2-bed15abcf183,a303100d-a5a2-46ee-8c2a-db05153285be,processing_plant,Perth processing plant,614 Industrial Road,,Perth,Perth,53065,Chile,-27.7676,99.17187,,2004,,,2017-10-14T05:39:44.592Z
d402a206-d658-4480-8d8a-b0966961c040,b773ff39-d507-4e20-9088-7d1b90ef4c59,processing_plant,Buenos Aires processing plant,656 Industrial Road,,Buenos Aires,Buenos Aires,85670,Zimbabwe,-4.74741,76.03754,,2004,,,2023-08-19T05:39:44.592Z
365852d6-64f1-4eb4-81b1-13feefb2e2eb,3325ba7a-77e0-4a21-85bc-6ec7759c8e05,office,Windhoek office,170 Industrial Road,,Windhoek,Windhoek,85501,Chile,36.50887,50.57984,,2021,,,2022-08-04T05:39:44.592Z
daf38156-2aaf-4619-9be5-9e86113e0b30,de1ef6ef-b100-4b42-ad00-48f03487068e,warehouse,Windhoek warehouse,71 Industrial Road,,Windhoek,Windhoek,67312,Namibia,-23.66619,83.19451,,2006,,,2019-01-07T05:39:44.592Z
36b20b22-40b5-4366-b191-59eece4f74a4,9253540c-1c21-46d1-99d1-c5c4f716d37a,r_and_d_center,Santiago r and d center,473 Industrial Road,,Santiago,Santiago,96546,Canada,21.76329,-46.66325,,2010,,,2018-04-05T05:39:44.592Z
f91d00c0-7d7f-41d9-9a49-1e6f943cb322,5d5649db-7391-4669-88d9-6673def550de,processing_plant,Windhoek processing plant,978 Industrial Road,,Windhoek,Windhoek,48397,Australia,-8.42379,-108.30202,,2008,,,2022-11-14T05:39:44.592Z
47498465-7317-4e1a-919f-9c17ba548c64,170c951d-32a9-4902-8594-379c4591e480,processing_plant,Beijing processing plant,978 Industrial Road,,Beijing,Beijing,18837,China,36.94191,-32.64106,,2020,,,2024-11-12T05:39:44.592Z
b9e7a2ed-ea16-4471-b53d-a78b304cc9af,2da0a606-c888-4caa-8d0c-81d3aed13dba,processing_plant,Perth processing plant,272 Industrial Road,,Perth,Perth,68535,Canada,-33.44074,-65.11015,,2021,,,2020-04-01T05:39:44.592Z
828ef61c-e763-4996-8151-80bf2c21afd9,07d0779a-7ff7-4ee0-b847-3d7249aff3bf,processing_plant,Perth processing plant,978 Industrial Road,,Perth,Perth,19490,Namibia,19.27703,44.3059,,2007,,,2019-06-21T05:39:44.592Z
faf23afd-0458-4679-a028-dbd58e6ac06d,15a2f15e-2b3b-4d6c-95c0-45c55b4da187,r_and_d_center,Beijing r and d center,65 Industrial Road,,Beijing,Beijing,11710,Canada,-30.70372,-118.38549,,2001,,,2024-05-29T05:39:44.592Z
3b651118-3f26-4c64-8bf4-304dca0c50e6,90be6962-3f84-4ae1-b418-fc65256c02d0,processing_plant,Perth processing plant,868 Industrial Road,,Perth,Perth,76251,United States,-0.56367,-79.0708,,2019,,,2019-05-12T05:39:44.592Z
84fb2357-d689-4606-8756-c8d401a277f9,03d7c773-07d1-4c54-87fd-e34038901632,warehouse,Toronto warehouse,16 Industrial Road,,Toronto,Toronto,88681,Canada,4.51093,-56.71248,,2022,,,2016-12-14T05:39:44.592Z
a091878b-90cd-4cdb-90fd-be7f1c6ec6ea,68db7c08-8dcd-4cb6-b001-eec88539af33,mining_operation,Charlotte mining operation,68 Industrial Road,,Charlotte,Charlotte,15646,Argentina,19.784,59.38128,47460,2024,,,2017-08-20T05:39:44.592Z
07caf6f0-a59e-44a2-9aa6-bf74a981070b,68db7c08-8dcd-4cb6-b001-eec88539af33,office,Windhoek office,99 Industrial Road,,Windhoek,Windhoek,57702,Chile,9.72356,63.61839,,2010,,,2024-12-26T05:39:44.592Z
ed768d00-350a-479d-9133-5ef18e5863a1,af118ca3-20ec-42de-b6d2-05ac60311982,mining_operation,Charlotte mining operation,464 Industrial Road,,Charlotte,Charlotte,24028,China,-26.14942,-50.59786,13175,2018,,,2020-02-09T05:39:44.592Z
e9d7f4c5-782f-47fa-9180-c1909dacc1dd,c0124f38-aa90-4f77-a4d2-4ffebd19ff19,warehouse,Harare warehouse,971 Industrial Road,,Harare,Harare,55607,Australia,10.00962,82.86825,,2002,,,2019-12-15T05:39:44.592Z
4a57e983-0fa6-4d38-85ce-02980e3e26a8,4dc832b4-9cc1-4014-8e58-07e70889ab89,warehouse,Perth warehouse,295 Industrial Road,,Perth,Perth,77231,Australia,-34.02998,39.65104,,2004,,,2020-08-06T05:39:44.592Z
37262e43-4061-4156-833c-ccb0c94a7519,5ae88a11-3e4e-44bd-882c-16084a57f8cc,processing_plant,Windhoek processing plant,502 Industrial Road,,Windhoek,Windhoek,85244,China,40.67838,-77.10399,,2019,,,2019-09-06T05:39:44.592Z
4d5b43f4-5c17-4104-8093-42a97a332a7c,3325ba7a-77e0-4a21-85bc-6ec7759c8e05,warehouse,Beijing warehouse,964 Industrial Road,,Beijing,Beijing,37659,Argentina,7.13728,26.02124,,2007,,,2016-08-06T05:39:44.592Z
d56a7dbf-5df1-4639-9255-94d17aa1a4eb,b87e3c7f-77f5-4d12-9887-f5834232864a,mining_operation,Perth mining operation,550 Industrial Road,,Perth,Perth,55591,Namibia,44.58007,123.8065,40224,2024,,,2021-07-31T05:39:44.592Z
8d17f0f1-2bc7-42bf-a90a-426b36c01bf2,1b34a295-7e7d-46ef-91e6-ed739cb9d235,warehouse,Beijing warehouse,502 Industrial Road,,Beijing,Beijing,84147,Canada,20.08385,-118.16336,,2002,,,2017-05-09T05:39:44.592Z
4630847d-2fe2-4b71-a8ce-297882a99517,118593b5-e3ba-4913-84df-2e25239acec2,mining_operation,Buenos Aires mining operation,792 Industrial Road,,Buenos Aires,Buenos Aires,94780,Canada,33.13734,94.72957,42002,2003,,,2023-08-15T05:39:44.592Z
1d061c99-59a7-4f66-94ca-720442180ebe,170c951d-32a9-4902-8594-379c4591e480,processing_plant,Windhoek processing plant,494 Industrial Road,,Windhoek,Windhoek,18737,Canada,39.97094,-110.37076,,2014,,,2021-08-30T05:39:44.592Z
44840b83-9312-4320-ad4f-e5026b8e4481,4d60b8b2-a348-477a-a5e2-969415d5b2ad,warehouse,Windhoek warehouse,495 Industrial Road,,Windhoek,Windhoek,32264,China,49.67891,28.3498,,2018,,,2020-02-16T05:39:44.592Z
336defc5-815d-4208-9d1f-8524cdf9bbe1,b773ff39-d507-4e20-9088-7d1b90ef4c59,r_and_d_center,Charlotte r and d center,104 Industrial Road,,Charlotte,Charlotte,49027,Argentina,38.10841,51.85235,,2001,,,2020-07-17T05:39:44.592Z
c67442c2-baf6-47be-9679-ded116eee95e,e9169f30-30a8-40fb-9a7b-89eb2e2c7e2b,office,Harare office,10 Industrial Road,,Harare,Harare,55053,Namibia,-10.9569,-96.78894,,2009,,,2024-07-18T05:39:44.592Z
413eef58-6318-49c3-aba6-861df9f0e064,0af35e47-626b-47c8-9e0b-9872a03ae8b6,office,Toronto office,639 Industrial Road,,Toronto,Toronto,97825,Chile,27.63421,106.31188,,2002,,,2020-03-19T05:39:44.592Z
00530eff-d3c5-4fd6-99df-33e2a7eeee30,5663ce32-a0ed-4c94-ac7f-ac4a0f9b179c,office,Santiago office,745 Industrial Road,,Santiago,Santiago,10412,Canada,17.94336,53.6261,,2003,,,2017-05-03T05:39:44.592Z
5cd1b660-592c-4271-bec2-a5f3e9435d3d,cf9be32a-f138-41c4-b44b-755d39c6f0d3,warehouse,Harare warehouse,276 Industrial Road,,Harare,Harare,17604,Chile,25.23367,110.72896,,2021,,,2016-07-24T05:39:44.592Z
2c3e8754-dc2b-482d-ae40-a1c15321927b,b545402d-b565-41e7-90b2-a32cc86317c3,r_and_d_center,Charlotte r and d center,514 Industrial Road,,Charlotte,Charlotte,22000,Chile,7.92285,-5.10073,,2018,,,2024-10-23T05:39:44.592Z
2005a401-1409-4fc9-9f09-4c8e3b0dd242,4ab2dd23-7743-42ea-91be-b20cd0b3d3c5,mining_operation,Perth mining operation,633 Industrial Road,,Perth,Perth,87089,Namibia,-17.70716,64.73987,18225,2006,,,2020-03-25T05:39:44.592Z
ccc45db6-7886-48ac-a69e-752b43c91e6a,9111d683-0be7-422c-b2d1-c65d47891556,r_and_d_center,Beijing r and d center,49 Industrial Road,,Beijing,Beijing,54193,Australia,-15.29481,-45.03333,,2008,,,2016-08-22T05:39:44.592Z
e7d37a64-8b2b-4738-8920-d920481baee1,84eff56b-69e2-4013-a4c7-e08471bda854,processing_plant,Toronto processing plant,882 Industrial Road,,Toronto,Toronto,77488,Australia,9.39251,-44.10381,,2013,,,2017-01-20T05:39:44.592Z
61e692a3-75e9-4b07-869d-ddcfaf085622,69db692c-92e1-4c78-ab13-98260c2b8785,office,Buenos Aires office,293 Industrial Road,,Buenos Aires,Buenos Aires,14503,Zimbabwe,35.78853,129.84903,,2010,,,2016-05-03T05:39:44.592Z
cf8aae97-f7e4-4c23-b280-42c1c383f6c9,2ffbea36-6c6d-4cb1-9a23-e1c4fab1634d,processing_plant,Charlotte processing plant,527 Industrial Road,,Charlotte,Charlotte,97417,Zimbabwe,42.3928,55.67708,,2015,,,2022-04-07T05:39:44.592Z
21d329a4-493e-4d68-9e3c-7efdb6d53cfc,b3a55e8a-812c-4397-93ff-05259f0f42c8,warehouse,Toronto warehouse,681 Industrial Road,,Toronto,Toronto,61232,Namibia,32.31842,115.88942,,2000,,,2020-09-27T05:39:44.592Z
751e72a0-f77c-40ac-bf41-bf491b87f691,71d2fbdb-0b1f-45df-b294-45de2760278a,office,Santiago office,747 Industrial Road,,Santiago,Santiago,63165,Australia,25.23419,106.10964,,2003,,,2016-09-25T05:39:44.592Z
dde1e949-2cc7-4ea6-989b-0d592b54f2ea,e87d343f-6e94-43b8-adde-6dc72f0bd7a1,office,Harare office,792 Industrial Road,,Harare,Harare,61970,China,-20.18386,-79.94009,,2012,,,2018-01-20T05:39:44.592Z
fd0e62fb-326a-4829-bacf-7c74a4bd3a1a,3969643f-066c-4899-9665-45657442ebf6,r_and_d_center,Santiago r and d center,167 Industrial Road,,Santiago,Santiago,37774,United States,-27.83789,-86.84967,,2008,,,2016-04-13T05:39:44.592Z
19871775-a269-4999-b9af-66bac6915ccf,a303100d-a5a2-46ee-8c2a-db05153285be,processing_plant,Harare processing plant,10 Industrial Road,,Harare,Harare,96242,Canada,-28.38809,-49.70429,,2001,,,2017-06-29T05:39:44.592Z
8bbdd873-9d4b-4516-b585-1956dc7ef35b,e87d343f-6e94-43b8-adde-6dc72f0bd7a1,warehouse,Beijing warehouse,433 Industrial Road,,Beijing,Beijing,98353,United States,-7.24316,76.77253,,2005,,,2018-01-18T05:39:44.592Z
ea3f5755-58f5-4d42-9d41-b66e775210b5,a9f4a45c-896f-4699-bdb5-053a60619f4e,r_and_d_center,Santiago r and d center,28 Industrial Road,,Santiago,Santiago,71069,Namibia,-9.72125,43.46134,,2007,,,2021-02-06T05:39:44.592Z
6b77df86-c837-4931-ad47-b014ee5e3888,2ffbea36-6c6d-4cb1-9a23-e1c4fab1634d,mining_operation,Beijing mining operation,362 Industrial Road,,Beijing,Beijing,61222,Zimbabwe,-22.96934,55.58891,32555,2000,,,2017-05-01T05:39:44.592Z
2395cbe4-93e9-476b-835e-7f92050967cd,5d5649db-7391-4669-88d9-6673def550de,office,Beijing office,474 Industrial Road,,Beijing,Beijing,84263,China,0.21952,21.52837,,2004,,,2021-03-11T05:39:44.592Z
544a57a3-3373-4189-aa5c-9b95adf8af09,2937e4da-c227-4989-8313-267a692ccb74,mining_operation,Charlotte mining operation,774 Industrial Road,,Charlotte,Charlotte,26714,Australia,0.85015,-102.39907,18806,2013,,,2019-01-13T05:39:44.592Z
be028c1e-fe07-4e37-8aeb-fcbd7571602e,a303100d-a5a2-46ee-8c2a-db05153285be,warehouse,Windhoek warehouse,98 Industrial Road,,Windhoek,Windhoek,13559,Argentina,-20.13899,-9.9272,,2017,,,2020-09-12T05:39:44.592Z
7e05d4ea-8fab-4b69-b685-9532f184e55e,8955fe2c-2821-4805-a0e0-4c4ddda19e0a,warehouse,Toronto warehouse,308 Industrial Road,,Toronto,Toronto,93954,Australia,26.51418,-99.29957,,2009,,,2016-10-05T05:39:44.592Z
4340dc2c-3b89-4efa-9485-2c91ce26a421,c816b440-d47f-4413-9dd3-2d8098f07ff8,warehouse,Toronto warehouse,47 Industrial Road,,Toronto,Toronto,52371,Argentina,2.98917,28.6588,,2004,,,2021-06-21T05:39:44.592Z
255667ed-9e45-45d0-ae7a-248a5952b60d,277bf9bb-fafe-41f0-903a-c7debfdda64b,warehouse,Santiago warehouse,150 Industrial Road,,Santiago,Santiago,70330,Chile,18.19375,-75.40899,,2018,,,2019-11-04T05:39:44.592Z
05a5a013-282c-4222-8bff-9690f0f72a75,1084f4f1-4e9b-4266-b782-ae20022825b0,r_and_d_center,Windhoek r and d center,166 Industrial Road,,Windhoek,Windhoek,20884,Namibia,10.61439,87.99229,,2000,,,2024-12-07T05:39:44.592Z
2da3499d-3db5-4140-87c9-1dd43c485b72,265c448a-aec6-45d7-8da5-7ae53396b777,mining_operation,Buenos Aires mining operation,208 Industrial Road,,Buenos Aires,Buenos Aires,58099,Canada,-22.72072,29.5843,27514,2002,,,2020-09-01T05:39:44.592Z
033ab316-dee7-4470-b67e-318c60e014ef,a17023fb-6086-437b-ab59-0e7cdd24e603,mining_operation,Windhoek mining operation,361 Industrial Road,,Windhoek,Windhoek,39701,China,33.90601,111.2815,6593,2005,,,2024-01-04T05:39:44.592Z
87877d18-b736-400f-8100-54abbcfc3c80,3dd84518-e6a3-4089-ad2e-b1da5f19f97b,warehouse,Toronto warehouse,898 Industrial Road,,Toronto,Toronto,73199,Australia,9.06636,128.22792,,2024,,,2021-01-04T05:39:44.592Z
94e71fe8-7407-4e1e-95ff-d7c45748acca,4d60b8b2-a348-477a-a5e2-969415d5b2ad,processing_plant,Harare processing plant,565 Industrial Road,,Harare,Harare,56071,Canada,34.75455,-22.05684,,2003,,,2016-12-03T05:39:44.592Z
a964f5af-afde-4f98-8f9a-27cc8a597332,3926362c-b964-4f16-bb68-8c63ae3ee25f,processing_plant,Windhoek processing plant,750 Industrial Road,,Windhoek,Windhoek,43539,United States,-23.79498,-31.08095,,2010,,,2023-02-11T05:39:44.592Z
60b89136-0396-4e85-9f56-87d6b02d03c1,ede7df30-7bd2-4b90-8cff-36f93936be94,warehouse,Beijing warehouse,50 Industrial Road,,Beijing,Beijing,46889,United States,-3.85738,-29.11849,,2001,,,2017-04-29T05:39:44.592Z
bfb18456-fa77-4bbb-b30f-3dad415e0453,68db7c08-8dcd-4cb6-b001-eec88539af33,office,Windhoek office,763 Industrial Road,,Windhoek,Windhoek,65324,China,-27.74864,117.08738,,2000,,,2018-07-08T05:39:44.592Z
a74dfe3e-fe8e-4e55-934e-6948b1d40d1e,420bfee0-8d70-4bca-a8a3-5664e72d8fef,mining_operation,Charlotte mining operation,580 Industrial Road,,Charlotte,Charlotte,12164,Chile,40.50171,-74.77296,48654,2021,,,2018-03-29T05:39:44.592Z
421cccd6-1569-475b-b093-cd7beaea4da9,37fbb935-02c2-4908-8a0d-1767ce72736c,r_and_d_center,Harare r and d center,584 Industrial Road,,Harare,Harare,15787,Argentina,35.5521,-67.75823,,2008,,,2017-11-06T05:39:44.592Z
edc95c21-00ff-42fa-a49c-cda4750b0ed5,265c448a-aec6-45d7-8da5-7ae53396b777,office,Toronto office,317 Industrial Road,,Toronto,Toronto,70329,Australia,-31.81351,-106.1706,,2022,,,2019-02-08T05:39:44.592Z
71ef7664-0291-4fed-98aa-43e9f522dd08,4de41147-0ced-42bb-9c8d-ca43be6d2b05,warehouse,Harare warehouse,425 Industrial Road,,Harare,Harare,92564,China,-20.24582,97.8123,,2002,,,2019-02-21T05:39:44.592Z
9c26b6e8-86fd-4db3-8b04-152c804c5d03,b545402d-b565-41e7-90b2-a32cc86317c3,r_and_d_center,Windhoek r and d center,202 Industrial Road,,Windhoek,Windhoek,82512,Namibia,27.53877,-110.8952,,2011,,,2023-07-25T05:39:44.592Z
d808aa79-7190-4d59-ace9-20c9d9b68710,870dc9ac-795a-4851-ac2a-3cf9f083df9f,office,Windhoek office,409 Industrial Road,,Windhoek,Windhoek,63428,Namibia,37.5706,-59.83059,,2007,,,2017-01-20T05:39:44.592Z
9c6cebe1-1ad3-4e9c-8972-896a7323ff31,3969643f-066c-4899-9665-45657442ebf6,office,Toronto office,636 Industrial Road,,Toronto,Toronto,93940,Australia,48.81433,89.7235,,2010,,,2022-04-09T05:39:44.592Z
3d3a8b20-3ea6-4725-80cb-f1bbac63dbd6,118593b5-e3ba-4913-84df-2e25239acec2,office,Charlotte office,454 Industrial Road,,Charlotte,Charlotte,12498,Argentina,14.29357,-5.89451,,2021,,,2023-10-06T05:39:44.592Z
37e7bd5a-7251-4b0e-9bdc-255185f6c99e,3f719a20-196e-4723-8a34-9b1673a8bc47,processing_plant,Charlotte processing plant,128 Industrial Road,,Charlotte,Charlotte,30145,Zimbabwe,-1.36067,57.75997,,2009,,,2020-08-23T05:39:44.592Z
22b2b7bd-07ee-41de-b074-8f047c7fcddf,6786451c-c5f5-4316-9fa5-7427bb245cfa,warehouse,Beijing warehouse,158 Industrial Road,,Beijing,Beijing,20065,Zimbabwe,34.87185,-38.37887,,2011,,,2018-04-30T05:39:44.592Z
af918cd0-5a92-4db7-91d8-5d04b1713b71,f08d4e0c-46b6-43a9-b92f-a84f674de151,r_and_d_center,Charlotte r and d center,386 Industrial Road,,Charlotte,Charlotte,25036,Zimbabwe,40.73316,-83.96974,,2016,,,2019-06-13T05:39:44.592Z
98ba73a1-39ad-4ed0-98fe-2b9a33aa0069,2f754c55-e158-45fa-be6b-851496b9ea40,office,Buenos Aires office,615 Industrial Road,,Buenos Aires,Buenos Aires,76413,United States,29.37151,-49.09797,,2017,,,2022-04-20T05:39:44.592Z
ddb7f3e0-2a6d-4f35-a7c6-2c9122702cc6,85f19c5f-c906-4131-a2e1-c7ee824853e5,processing_plant,Buenos Aires processing plant,338 Industrial Road,,Buenos Aires,Buenos Aires,15559,Chile,-11.72088,-50.06256,,2004,,,2018-12-31T05:39:44.592Z
51b48901-f8ca-4b64-ab26-5de1ac38aa14,f94d5403-17e2-4a5f-b88e-cc45d1fcc9fd,r_and_d_center,Perth r and d center,15 Industrial Road,,Perth,Perth,31575,Canada,-30.99735,62.08943,,2021,,,2017-12-15T05:39:44.592Z
4f7520ec-eab0-430f-8e53-4779a38a8733,e87d343f-6e94-43b8-adde-6dc72f0bd7a1,office,Harare office,805 Industrial Road,,Harare,Harare,74749,United States,5.06363,124.04261,,2014,,,2018-11-07T05:39:44.592Z
02d8f91f-583d-42fc-95b4-db94cd52c9cd,6b2a28c1-efc7-4c51-9f8b-6b6091a53401,mining_operation,Harare mining operation,443 Industrial Road,,Harare,Harare,12630,Chile,13.61485,95.04603,36710,2015,,,2016-07-12T05:39:44.592Z
21cac6a2-50d9-4672-b198-b871687a6d73,4d60b8b2-a348-477a-a5e2-969415d5b2ad,mining_operation,Charlotte mining operation,625 Industrial Road,,Charlotte,Charlotte,10217,China,-9.41974,51.45207,12417,2014,,,2023-10-26T05:39:44.592Z
82d2fbda-a586-486e-b67b-17f6a0cdec5a,3f719a20-196e-4723-8a34-9b1673a8bc47,mining_operation,Perth mining operation,636 Industrial Road,,Perth,Perth,48344,Canada,-4.05722,-14.67706,16669,2017,,,2018-12-04T05:39:44.592Z
9772ccbd-af52-4b1c-b107-ba170e6de579,cae4d6b6-f6a4-4fc0-a3e6-123a72de64fa,warehouse,Toronto warehouse,999 Industrial Road,,Toronto,Toronto,48537,Namibia,-12.21405,72.81205,,2004,,,2021-07-05T05:39:44.592Z
59b155d0-cba9-445b-a559-166f5824c9e6,2937e4da-c227-4989-8313-267a692ccb74,processing_plant,Beijing processing plant,584 Industrial Road,,Beijing,Beijing,73694,Namibia,-23.13897,4.73833,,2023,,,2024-08-26T05:39:44.592Z
a7cfbded-8dab-4251-bec5-59a08baf3264,c816b440-d47f-4413-9dd3-2d8098f07ff8,mining_operation,Toronto mining operation,354 Industrial Road,,Toronto,Toronto,26787,United States,7.55897,-75.42879,48679,2010,,,2024-04-19T05:39:44.592Z
f6ee9791-6a11-4db2-98ef-501bc64134fb,9639e31d-91c0-43bd-a926-d55c4211676e,mining_operation,Perth mining operation,92 Industrial Road,,Perth,Perth,10153,Argentina,-30.37811,105.319,6777,2012,,,2022-09-01T05:39:44.592Z
d2640afd-1db4-46d2-a90d-c587d3a61f4d,765d0fb4-d95b-4f37-9659-74ff955aacc3,warehouse,Windhoek warehouse,720 Industrial Road,,Windhoek,Windhoek,10870,Namibia,-16.76488,-14.46666,,2019,,,2023-08-28T05:39:44.592Z
615c7fed-06f2-4eb7-81af-d9cc0dc6b1cb,71d2fbdb-0b1f-45df-b294-45de2760278a,processing_plant,Beijing processing plant,105 Industrial Road,,Beijing,Beijing,60821,United States,49.48308,-95.45149,,2024,,,2018-06-04T05:39:44.592Z
b513f43b-065e-43c3-8eb0-4404f1bfd5e6,0208e2ff-4c35-4e75-8fc2-e9999728b4e3,mining_operation,Charlotte mining operation,95 Industrial Road,,Charlotte,Charlotte,83413,Australia,8.97582,-117.12195,29389,2023,,,2016-07-06T05:39:44.592Z
deb86baf-089d-4651-b9d0-71a5e09bcf57,a8c6fa9f-f909-4d6b-bd41-e31472c2c9fb,warehouse,Beijing warehouse,388 Industrial Road,,Beijing,Beijing,35865,Argentina,8.01238,-91.36909,,2015,,,2019-12-24T05:39:44.592Z
27f48bf4-5cf4-4852-934a-7b13fec60cb7,5ae88a11-3e4e-44bd-882c-16084a57f8cc,office,Perth office,166 Industrial Road,,Perth,Perth,11361,Australia,-22.31479,91.25987,,2020,,,2020-12-30T05:39:44.592Z
e604a4df-24b6-491e-b499-c8155ea31004,4942af99-35dc-4674-8541-92dc7395fa0b,office,Charlotte office,803 Industrial Road,,Charlotte,Charlotte,12737,China,-17.66093,40.86339,,2005,,,2021-02-28T05:39:44.592Z
316728a5-b19b-4c27-af8f-77ffac69e6f6,3dd84518-e6a3-4089-ad2e-b1da5f19f97b,office,Toronto office,789 Industrial Road,,Toronto,Toronto,38462,Namibia,8.3035,-116.19505,,2006,,,2019-04-08T05:39:44.592Z
cda86c5f-41f6-4c53-a517-cc120dcff9b3,e897675f-2cb6-40c7-84a0-7f4b1434e0cd,r_and_d_center,Windhoek r and d center,324 Industrial Road,,Windhoek,Windhoek,89047,Australia,27.14292,83.33667,,2000,,,2021-01-29T05:39:44.592Z
ef0959cc-9eca-4a15-82b0-732683fb3b96,2d30e743-73b2-47fc-9549-5369d02cc849,warehouse,Toronto warehouse,794 Industrial Road,,Toronto,Toronto,55302,Namibia,8.54565,20.68939,,2001,,,2022-02-26T05:39:44.592Z
10fbcbc4-1d89-4897-9282-634e6102ebfe,0a271ac4-898b-4e9e-b0a8-7dab203ae956,r_and_d_center,Windhoek r and d center,949 Industrial Road,,Windhoek,Windhoek,47192,Australia,-10.42271,-55.68994,,2004,,,2019-07-21T05:39:44.592Z
e3abb72d-4f56-4d26-8e96-d1c3e38388f5,2937e4da-c227-4989-8313-267a692ccb74,office,Charlotte office,936 Industrial Road,,Charlotte,Charlotte,98759,Namibia,22.35029,42.03382,,2013,,,2017-11-28T05:39:44.592Z
1be6d952-9764-4027-b3e3-85063de84e43,c9583b6a-e295-4536-b6f6-6a13b293e1cb,office,Beijing office,610 Industrial Road,,Beijing,Beijing,95639,Australia,32.94946,-103.81912,,2021,,,2021-01-23T05:39:44.592Z
4b0b0599-5f6e-4fdc-8a9c-5fe4516eb49e,8955fe2c-2821-4805-a0e0-4c4ddda19e0a,r_and_d_center,Beijing r and d center,272 Industrial Road,,Beijing,Beijing,14927,Australia,-26.26368,-110.65402,,2005,,,2024-08-29T05:39:44.593Z
f35079e0-5be8-4054-93ef-d52fa04b0109,3dd84518-e6a3-4089-ad2e-b1da5f19f97b,processing_plant,Harare processing plant,445 Industrial Road,,Harare,Harare,68994,United States,-19.82562,-61.09479,,2002,,,2019-10-11T05:39:44.593Z
af6cfb0b-8816-4950-8ac3-6bf977feb32a,f0c10fd4-4824-48f0-8cf6-69a22c1b43f2,processing_plant,Beijing processing plant,133 Industrial Road,,Beijing,Beijing,78871,China,-34.86103,40.43628,,2010,,,2024-09-21T05:39:44.593Z
11fec329-f6d2-4f34-a3f9-3e9cf960bace,e25887d0-5884-4785-a22c-af72e2626bd4,mining_operation,Buenos Aires mining operation,500 Industrial Road,,Buenos Aires,Buenos Aires,49621,Zimbabwe,-12.00572,-92.47129,22403,2003,,,2018-12-01T05:39:44.593Z
672bfacc-be5a-4ec1-bc88-cce6bd102e8a,cae4d6b6-f6a4-4fc0-a3e6-123a72de64fa,mining_operation,Toronto mining operation,227 Industrial Road,,Toronto,Toronto,79975,Argentina,48.84203,125.45529,28114,2011,,,2020-06-06T05:39:44.593Z
49982bf2-097f-485d-8f99-5adb6207b99a,a8c6fa9f-f909-4d6b-bd41-e31472c2c9fb,office,Windhoek office,157 Industrial Road,,Windhoek,Windhoek,98416,Namibia,24.15427,-47.62652,,2024,,,2018-02-10T05:39:44.593Z
c22be34d-c58a-432c-84b4-69f1bef459bf,8955fe2c-2821-4805-a0e0-4c4ddda19e0a,office,Beijing office,808 Industrial Road,,Beijing,Beijing,14625,Zimbabwe,22.22259,-5.14758,,2018,,,2019-12-28T05:39:44.593Z
31e8b02e-62bf-41e6-a0fe-472c3fa5dd40,5d5649db-7391-4669-88d9-6673def550de,office,Windhoek office,528 Industrial Road,,Windhoek,Windhoek,19694,Namibia,25.10328,-93.41923,,2010,,,2018-06-17T05:39:44.593Z
d2b1afbd-ba0e-45d3-aab5-a88da9ada11e,c0124f38-aa90-4f77-a4d2-4ffebd19ff19,r_and_d_center,Charlotte r and d center,777 Industrial Road,,Charlotte,Charlotte,66811,China,44.58013,-18.30234,,2011,,,2018-01-13T05:39:44.593Z
4e19e537-eaa9-495e-82f3-e97c052d18ca,7f8fe15b-7d71-48da-8487-0aaa6b197c9b,r_and_d_center,Harare r and d center,251 Industrial Road,,Harare,Harare,25853,United States,-21.88557,23.82987,,2002,,,2020-06-09T05:39:44.593Z
505eda1a-09d7-4276-9106-03ba2862f93c,4b7b5184-e4a5-40a9-8953-c01a40ae7bb1,warehouse,Charlotte warehouse,323 Industrial Road,,Charlotte,Charlotte,48160,Argentina,29.84026,26.5861,,2004,,,2020-11-24T05:39:44.593Z
f5a90d87-33f8-4545-bc1e-a0fdb56f4a47,ea2c37c7-46e8-47c7-8577-70d863154c38,mining_operation,Charlotte mining operation,856 Industrial Road,,Charlotte,Charlotte,91185,Namibia,-6.41335,73.03824,6029,2002,,,2020-10-17T05:39:44.593Z
a7cff0cc-37c9-4476-bab2-edf5fb8ed2d8,c0124f38-aa90-4f77-a4d2-4ffebd19ff19,processing_plant,Buenos Aires processing plant,871 Industrial Road,,Buenos Aires,Buenos Aires,72812,Argentina,-16.21338,-2.31284,,2015,,,2018-11-17T05:39:44.593Z
c831eba0-327b-4b8a-8029-e279ac5a1605,37fbb935-02c2-4908-8a0d-1767ce72736c,office,Buenos Aires office,924 Industrial Road,,Buenos Aires,Buenos Aires,65735,China,-20.99895,-46.96029,,2011,,,2020-02-16T05:39:44.593Z
78df4a67-086a-4dc9-b6f9-7b7048db6433,8d89e775-abf3-4f31-aa0f-9466b6fecfb4,mining_operation,Charlotte mining operation,344 Industrial Road,,Charlotte,Charlotte,22209,China,-30.06847,-96.77072,9050,2012,,,2019-09-11T05:39:44.593Z
e1c20415-dc2a-45b5-b9c2-82d892d7e75c,526452e8-c64a-4b48-a821-9a65c3d3da45,warehouse,Santiago warehouse,787 Industrial Road,,Santiago,Santiago,21614,Australia,-31.29715,-27.02374,,2012,,,2022-11-26T05:39:44.593Z
60c6df66-9ae9-493e-bad8-aab6b9282ce9,e73e62f8-b739-4184-9c94-fef86df770a0,warehouse,Buenos Aires warehouse,641 Industrial Road,,Buenos Aires,Buenos Aires,83774,Chile,45.12028,-24.35817,,2001,,,2024-10-21T05:39:44.593Z
33551248-93a6-43e5-9181-eb72eb02dd5e,b69730b6-17d6-4542-aa43-08d7f788dacc,office,Charlotte office,296 Industrial Road,,Charlotte,Charlotte,50743,China,44.26871,-19.17061,,2018,,,2018-07-28T05:39:44.593Z
2301329f-b853-4976-9342-02b7f734e754,9359313b-6554-4d82-896a-f8df6fcd0ef6,mining_operation,Harare mining operation,863 Industrial Road,,Harare,Harare,38461,United States,2.18743,103.11778,33876,2000,,,2020-03-26T05:39:44.593Z
e236247e-89d1-4a00-9acf-0cd101167d9d,cae4d6b6-f6a4-4fc0-a3e6-123a72de64fa,mining_operation,Charlotte mining operation,891 Industrial Road,,Charlotte,Charlotte,39506,Namibia,25.39724,120.74218,29523,2023,,,2020-07-15T05:39:44.593Z
846563d1-0f80-43e9-bcbe-eef82ecd64cf,2ad8b3e1-554c-4068-a664-76129b3d5235,warehouse,Harare warehouse,468 Industrial Road,,Harare,Harare,22599,Argentina,30.70113,-111.04697,,2007,,,2022-09-26T05:39:44.593Z
6fc46214-b7aa-4a0c-b1e6-306bd446f77c,d108e80f-d16f-4dbc-b16f-1587d9c2e46e,processing_plant,Buenos Aires processing plant,765 Industrial Road,,Buenos Aires,Buenos Aires,18729,Zimbabwe,47.88056,-44.76998,,2006,,,2017-07-16T05:39:44.593Z
3d58e669-b5d3-4153-8df2-dca500419697,b69730b6-17d6-4542-aa43-08d7f788dacc,r_and_d_center,Charlotte r and d center,638 Industrial Road,,Charlotte,Charlotte,30918,China,20.43892,46.34238,,2012,,,2024-12-04T05:39:44.593Z
61c9299c-e072-4b13-8d67-d4722687d1f2,64cfa10e-af34-48dc-939d-b90b8a33e996,r_and_d_center,Charlotte r and d center,73 Industrial Road,,Charlotte,Charlotte,58068,Namibia,40.03182,52.11428,,2016,,,2019-09-19T05:39:44.593Z
31513bda-346c-4f27-909d-f60174719c65,6a83ca53-c0a9-42ef-85a8-c6007f6d97b5,office,Beijing office,853 Industrial Road,,Beijing,Beijing,53183,Canada,28.22069,-7.4611,,2007,,,2018-01-19T05:39:44.593Z
645085dd-73f6-49bc-ab68-58363942492f,3f719a20-196e-4723-8a34-9b1673a8bc47,processing_plant,Santiago processing plant,45 Industrial Road,,Santiago,Santiago,76957,Argentina,-6.72801,102.89306,,2010,,,2017-09-02T05:39:44.593Z
4a00a7c9-d600-46a5-817b-4bbbbe79155e,27fd484d-a62a-4a6b-9724-a3a1ef7169ca,r_and_d_center,Beijing r and d center,322 Industrial Road,,Beijing,Beijing,96569,Namibia,19.25157,110.3507,,2009,,,2021-06-02T05:39:44.593Z
a38f8a76-ee31-499b-b802-8a3d3cb9913c,fe57c791-f841-4b8b-8fd0-68d854ee8ce5,processing_plant,Perth processing plant,272 Industrial Road,,Perth,Perth,80047,Argentina,34.63198,34.34371,,2013,,,2016-07-24T05:39:44.593Z
432a7904-6036-462a-8ab5-ddeefdb0a01d,33ab3567-0b9c-4eda-afbd-56a0d6c58527,r_and_d_center,Windhoek r and d center,890 Industrial Road,,Windhoek,Windhoek,41226,Argentina,35.50178,88.61364,,2008,,,2018-12-11T05:39:44.593Z
490e7392-9e2e-4ab7-b97b-e6b84b3c7431,92e40224-054a-4586-9281-4b7fc2df2278,processing_plant,Santiago processing plant,439 Industrial Road,,Santiago,Santiago,32489,China,3.96539,-99.51489,,2010,,,2016-09-25T05:39:44.593Z
bd347e1d-380b-456c-a7ca-880b618b4c62,02928f0e-27b3-43ea-bfe8-9fe0dd78620f,processing_plant,Perth processing plant,140 Industrial Road,,Perth,Perth,25883,China,-27.80967,100.15601,,2020,,,2017-06-26T05:39:44.593Z
091a9823-4e78-499a-a71c-20f347a44eb1,a20dbd32-a765-4c3b-bc92-003c072148dc,r_and_d_center,Beijing r and d center,426 Industrial Road,,Beijing,Beijing,36321,Canada,4.81164,19.84414,,2014,,,2018-02-20T05:39:44.593Z
95b37a8c-1e0d-4faf-846f-17d67d170a94,f0c10fd4-4824-48f0-8cf6-69a22c1b43f2,warehouse,Charlotte warehouse,649 Industrial Road,,Charlotte,Charlotte,65099,Zimbabwe,29.12482,-109.0968,,2017,,,2020-06-13T05:39:44.593Z
464a3daf-62d4-4483-906e-f30ccfc7cfa4,e25887d0-5884-4785-a22c-af72e2626bd4,mining_operation,Beijing mining operation,478 Industrial Road,,Beijing,Beijing,25043,Canada,-10.06305,97.66185,30093,2007,,,2022-07-17T05:39:44.593Z
6f9bebef-49fa-43df-8da4-fabe98e43ada,0993ef4e-0912-4214-88b5-f09012b23d4a,office,Harare office,907 Industrial Road,,Harare,Harare,29353,Namibia,11.07504,44.02728,,2018,,,2020-04-28T05:39:44.593Z
d1f5f3a9-70f2-4dea-b214-d6639ede4943,0208e2ff-4c35-4e75-8fc2-e9999728b4e3,r_and_d_center,Charlotte r and d center,312 Industrial Road,,Charlotte,Charlotte,97716,Chile,-19.69781,-112.83034,,2001,,,2020-02-19T05:39:44.593Z
fae656fd-8ea6-402a-b03b-83d89690be11,33341bfa-7a02-4df4-8eb7-e343553bacdd,mining_operation,Santiago mining operation,362 Industrial Road,,Santiago,Santiago,72398,Zimbabwe,-11.00427,127.84443,33809,2024,,,2020-05-24T05:39:44.593Z
ecef829b-03c3-402d-a362-14756a702226,0da3391f-6ec1-4d91-9502-5dd71c6bc945,warehouse,Santiago warehouse,189 Industrial Road,,Santiago,Santiago,21542,Namibia,-33.15389,43.01976,,2013,,,2023-03-26T05:39:44.593Z
4f6bd9f9-d53c-482c-998f-6f6f15a08d0e,46aa2e65-5481-48a0-a421-7cb0e2e0a8e9,mining_operation,Toronto mining operation,448 Industrial Road,,Toronto,Toronto,68658,Argentina,1.21091,-56.76709,48408,2014,,,2022-12-31T05:39:44.593Z
0addf597-38ca-47f4-b396-9910d542e1d8,1b34a295-7e7d-46ef-91e6-ed739cb9d235,office,Charlotte office,94 Industrial Road,,Charlotte,Charlotte,60939,Canada,12.55479,-92.17277,,2016,,,2021-10-09T05:39:44.593Z
429f57a6-f306-40af-94d0-654efa203137,5c014bcc-0c8e-4aa6-913b-023d35351c70,mining_operation,Buenos Aires mining operation,593 Industrial Road,,Buenos Aires,Buenos Aires,60418,Canada,22.41457,53.40549,8758,2021,,,2016-12-30T05:39:44.593Z
e205fde5-9237-49eb-bf52-3f776a57c0b7,170c951d-32a9-4902-8594-379c4591e480,office,Toronto office,57 Industrial Road,,Toronto,Toronto,38512,Namibia,30.16712,3.69475,,2013,,,2017-11-19T05:39:44.593Z
f2dec360-c732-4b61-ba53-15081141c2c4,2ab13aab-6094-4c0d-9d45-af607b1c664e,mining_operation,Harare mining operation,611 Industrial Road,,Harare,Harare,86981,Australia,-27.76607,119.67723,23019,2009,,,2017-04-02T05:39:44.593Z
9724b296-bcf9-43d7-9cd4-1279fa38c99b,7e6280d4-3563-4ed6-a2b0-1faeda9e2b74,processing_plant,Beijing processing plant,97 Industrial Road,,Beijing,Beijing,95033,China,-11.99817,-115.02025,,2013,,,2022-09-02T05:39:44.593Z
1571e299-d72d-4f09-980e-f3fd93a78752,ee2e59c2-0031-48e5-8e02-06bcc4fc83f7,r_and_d_center,Santiago r and d center,101 Industrial Road,,Santiago,Santiago,17061,Zimbabwe,-5.00725,60.68382,,2019,,,2016-06-11T05:39:44.593Z
026c04be-e2cd-4978-a72f-78ba215fa155,b773ff39-d507-4e20-9088-7d1b90ef4c59,processing_plant,Buenos Aires processing plant,410 Industrial Road,,Buenos Aires,Buenos Aires,33487,United States,-19.70914,53.88042,,2003,,,2024-01-26T05:39:44.593Z
e273e784-c7c1-4b86-83cc-5b952204bbfe,85f19c5f-c906-4131-a2e1-c7ee824853e5,mining_operation,Toronto mining operation,631 Industrial Road,,Toronto,Toronto,57699,Canada,-20.69982,-18.92865,26861,2003,,,2018-08-27T05:39:44.593Z
079cd55c-76f0-4dd7-8ce5-530397198eed,a9f4a45c-896f-4699-bdb5-053a60619f4e,r_and_d_center,Toronto r and d center,27 Industrial Road,,Toronto,Toronto,47248,China,-1.87718,-109.27677,,2001,,,2020-11-19T05:39:44.593Z
2c1003c7-ba0e-4ece-8e9f-799f4b36fa72,86840899-7fd7-43ef-bb0b-d9662d595c82,r_and_d_center,Buenos Aires r and d center,180 Industrial Road,,Buenos Aires,Buenos Aires,12137,Chile,26.18014,-45.40381,,2011,,,2023-04-17T05:39:44.593Z
e0e94dd8-9af9-4cb7-80e5-ee1e0f99df69,ebdf84c6-923d-4f92-8177-d2dfd2dd9fa6,office,Windhoek office,880 Industrial Road,,Windhoek,Windhoek,46435,Canada,35.4374,0.12192,,2007,,,2022-02-11T05:39:44.593Z
6ebcab68-36ec-4997-9dbc-96d8c1b59dde,90be6962-3f84-4ae1-b418-fc65256c02d0,office,Perth office,167 Industrial Road,,Perth,Perth,84728,Argentina,-15.32348,-58.4116,,2011,,,2021-02-15T05:39:44.593Z
2e88d6be-9a03-43dc-8bdf-606ac1f0a56b,d74f7fe2-0419-4385-bd64-0b1ec5f0c7ea,r_and_d_center,Beijing r and d center,328 Industrial Road,,Beijing,Beijing,54631,China,0.18444,100.29549,,2007,,,2018-01-01T05:39:44.593Z
f63346af-4ca9-45b5-874a-c77d3840bbf1,a303100d-a5a2-46ee-8c2a-db05153285be,r_and_d_center,Windhoek r and d center,775 Industrial Road,,Windhoek,Windhoek,77879,Chile,25.61484,-80.71558,,2018,,,2024-05-03T05:39:44.593Z
f160fbc1-0663-4b37-a221-f340285cc834,9e435b1b-3b26-4f4b-9b97-17ba2e5c1452,warehouse,Perth warehouse,942 Industrial Road,,Perth,Perth,82276,United States,43.78826,116.37554,,2011,,,2024-04-02T05:39:44.593Z
19ba5ed1-a013-44d8-a638-792fac5fa322,b3a55e8a-812c-4397-93ff-05259f0f42c8,office,Windhoek office,110 Industrial Road,,Windhoek,Windhoek,47147,Zimbabwe,7.28833,-83.56633,,2015,,,2024-01-16T05:39:44.593Z
b03d3f03-aa90-438b-b352-69fca0b78ae9,37fbb935-02c2-4908-8a0d-1767ce72736c,office,Windhoek office,639 Industrial Road,,Windhoek,Windhoek,65667,Canada,34.74946,47.10907,,2019,,,2023-12-29T05:39:44.593Z
2b840826-a314-4ba7-a7cf-a633a004c582,e9169f30-30a8-40fb-9a7b-89eb2e2c7e2b,warehouse,Perth warehouse,502 Industrial Road,,Perth,Perth,14213,Australia,44.70927,-103.95247,,2024,,,2024-06-21T05:39:44.593Z
142c3d8e-feb2-4605-accc-443e5439d2bb,0e47e6d4-bb17-4ac5-a2fa-2e1f2f96443e,warehouse,Beijing warehouse,289 Industrial Road,,Beijing,Beijing,84528,China,-27.77884,115.9888,,2023,,,2024-04-01T05:39:44.593Z
9fb7d205-d78d-46e1-96d0-2c183d435db7,84e986ac-d907-4062-b8a1-76728cedcc12,processing_plant,Charlotte processing plant,238 Industrial Road,,Charlotte,Charlotte,55135,Namibia,0.1653,-6.13172,,2016,,,2023-04-15T05:39:44.593Z
977c0134-f51a-4af6-b68b-4e7be6b99849,ce7e8aa8-2bd9-4139-87d2-b1810e818017,office,Harare office,657 Industrial Road,,Harare,Harare,34501,Chile,18.58934,22.976,,2017,,,2018-07-29T05:39:44.593Z
ccf405be-421c-4a56-a5c8-5a6af23ccc29,92e40224-054a-4586-9281-4b7fc2df2278,r_and_d_center,Santiago r and d center,963 Industrial Road,,Santiago,Santiago,58405,Australia,16.20954,-63.4041,,2006,,,2022-10-18T05:39:44.593Z
be6d752f-b6e7-4ea3-8a1c-aed7efff8f50,e73e62f8-b739-4184-9c94-fef86df770a0,processing_plant,Windhoek processing plant,384 Industrial Road,,Windhoek,Windhoek,77879,Zimbabwe,-17.95735,-85.82527,,2004,,,2023-10-18T05:39:44.593Z
b767ed23-6895-4bc5-8dec-60f8d1797e17,84e986ac-d907-4062-b8a1-76728cedcc12,office,Santiago office,350 Industrial Road,,Santiago,Santiago,66272,Namibia,9.9225,74.40332,,2002,,,2020-03-06T05:39:44.593Z
ad80b783-ca98-4563-b6f7-8cac333c1ad4,e897675f-2cb6-40c7-84a0-7f4b1434e0cd,warehouse,Charlotte warehouse,739 Industrial Road,,Charlotte,Charlotte,21081,United States,-26.201,-38.462,,2012,,,2024-09-17T05:39:44.593Z
658b67cd-6bd9-4c80-a9bd-46e9a486cb50,580ac6db-d376-43b6-94ac-0b76aeaec003,processing_plant,Harare processing plant,386 Industrial Road,,Harare,Harare,51983,Australia,11.70375,-19.56657,,2003,,,2017-01-26T05:39:44.593Z
8ed6f775-1941-425a-bc76-0f9ea3c69c7e,732065c3-9210-49c5-9c01-d28eb1e753cd,processing_plant,Windhoek processing plant,451 Industrial Road,,Windhoek,Windhoek,46734,Zimbabwe,3.81935,65.00965,,2015,,,2016-07-23T05:39:44.593Z
178053b0-98f7-4164-8e8b-ebd21062b1a3,118593b5-e3ba-4913-84df-2e25239acec2,warehouse,Windhoek warehouse,471 Industrial Road,,Windhoek,Windhoek,69196,Canada,28.39591,30.7736,,2014,,,2022-02-16T05:39:44.593Z
5e3aed5e-662e-4a56-b7a1-52ad98c24b36,58dbceb8-d97c-4f7b-86d5-3596474df86c,processing_plant,Toronto processing plant,135 Industrial Road,,Toronto,Toronto,28298,China,43.37344,-83.49016,,2016,,,2019-05-12T05:39:44.593Z
055741d5-d94c-4f4d-8357-97df87c716fd,2ab13aab-6094-4c0d-9d45-af607b1c664e,warehouse,Santiago warehouse,721 Industrial Road,,Santiago,Santiago,12705,Namibia,-16.82318,75.70133,,2020,,,2018-01-24T05:39:44.593Z
c8cb39d6-f46c-4bb1-8cd3-8693e5829702,0e47e6d4-bb17-4ac5-a2fa-2e1f2f96443e,mining_operation,Charlotte mining operation,823 Industrial Road,,Charlotte,Charlotte,44519,Namibia,-18.89832,61.69206,37093,2023,,,2023-03-28T05:39:44.593Z
124e4835-b3d1-40c8-9898-6139679a21e5,c816b440-d47f-4413-9dd3-2d8098f07ff8,r_and_d_center,Charlotte r and d center,245 Industrial Road,,Charlotte,Charlotte,57988,Argentina,-6.37749,104.03679,,2006,,,2021-12-12T05:39:44.593Z
5c9a4efe-0356-49d1-8349-466adcafa8bd,3dd84518-e6a3-4089-ad2e-b1da5f19f97b,mining_operation,Toronto mining operation,830 Industrial Road,,Toronto,Toronto,62470,Chile,-16.63867,20.89069,9011,2001,,,2018-04-02T05:39:44.593Z
229b309e-ac08-46fd-bd00-2352ac7e623a,7f8fe15b-7d71-48da-8487-0aaa6b197c9b,mining_operation,Beijing mining operation,875 Industrial Road,,Beijing,Beijing,48239,Namibia,-32.6525,52.55458,36105,2022,,,2016-05-01T05:39:44.593Z
81003cf0-f681-4c6e-b636-8e23994dddb5,58b993bc-0e84-4dad-885f-5ff25ab85520,mining_operation,Santiago mining operation,556 Industrial Road,,Santiago,Santiago,58564,Namibia,-1.64495,106.6371,16475,2002,,,2024-08-02T05:39:44.593Z
f617eafa-d8f5-4538-bce3-43f45ca6091d,2f754c55-e158-45fa-be6b-851496b9ea40,r_and_d_center,Santiago r and d center,769 Industrial Road,,Santiago,Santiago,97024,Zimbabwe,34.82106,-97.60149,,2004,,,2023-03-06T05:39:44.593Z
6f45d977-962d-45f3-9874-9468faa66b18,85f19c5f-c906-4131-a2e1-c7ee824853e5,office,Perth office,29 Industrial Road,,Perth,Perth,20951,Zimbabwe,33.55572,77.33459,,2023,,,2024-06-20T05:39:44.593Z
80efdfe0-06ac-49e7-8328-59e3053592bd,58dbceb8-d97c-4f7b-86d5-3596474df86c,warehouse,Beijing warehouse,875 Industrial Road,,Beijing,Beijing,28851,China,-31.30236,-35.62675,,2020,,,2024-07-08T05:39:44.593Z
e5ab922c-417f-4171-9946-f10bb3ccb310,4dc832b4-9cc1-4014-8e58-07e70889ab89,r_and_d_center,Toronto r and d center,857 Industrial Road,,Toronto,Toronto,53096,Zimbabwe,28.75061,111.7426,,2011,,,2020-09-07T05:39:44.593Z
c6d8353e-bf3e-4843-8762-58c29d191d61,85f19c5f-c906-4131-a2e1-c7ee824853e5,processing_plant,Harare processing plant,833 Industrial Road,,Harare,Harare,74702,China,49.83199,-44.85443,,2006,,,2023-05-28T05:39:44.593Z
1c49a9d1-872e-475d-ac67-462f70f52c1c,57d13328-0d73-48eb-aff2-7a029e192419,r_and_d_center,Charlotte r and d center,985 Industrial Road,,Charlotte,Charlotte,65486,Argentina,-0.12464,83.9958,,2016,,,2022-07-25T05:39:44.593Z
857cf263-8a90-47f8-bec3-47f87be93fdf,5663ce32-a0ed-4c94-ac7f-ac4a0f9b179c,warehouse,Windhoek warehouse,519 Industrial Road,,Windhoek,Windhoek,18540,Namibia,35.44342,64.12064,,2017,,,2020-11-16T05:39:44.593Z
16963d47-2d56-4e3f-8896-5458501d532a,b69730b6-17d6-4542-aa43-08d7f788dacc,r_and_d_center,Beijing r and d center,60 Industrial Road,,Beijing,Beijing,77971,China,-34.81138,56.39474,,2009,,,2022-02-25T05:39:44.593Z
8ef800ff-da07-46b8-9f5f-7fada5daec5a,af118ca3-20ec-42de-b6d2-05ac60311982,processing_plant,Beijing processing plant,952 Industrial Road,,Beijing,Beijing,17342,Namibia,13.33922,27.78221,,2009,,,2023-03-24T05:39:44.593Z
7a098f47-b2ae-431f-a4f0-500113894270,e9169f30-30a8-40fb-9a7b-89eb2e2c7e2b,r_and_d_center,Charlotte r and d center,124 Industrial Road,,Charlotte,Charlotte,25829,United States,30.65269,13.79873,,2015,,,2022-11-24T05:39:44.593Z
1eeecc97-9911-4351-bb63-2bef41f789d1,ede7df30-7bd2-4b90-8cff-36f93936be94,warehouse,Perth warehouse,365 Industrial Road,,Perth,Perth,63740,Chile,-29.21947,-23.92083,,2016,,,2024-01-12T05:39:44.593Z
18c4eb3f-7ef5-46a3-97e0-45f4ef9aaac2,4de41147-0ced-42bb-9c8d-ca43be6d2b05,r_and_d_center,Toronto r and d center,350 Industrial Road,,Toronto,Toronto,87524,United States,-17.78145,-61.29745,,2020,,,2016-12-06T05:39:44.593Z
e1ff9b56-4562-4b43-acb8-89d29e586ef8,ebdf84c6-923d-4f92-8177-d2dfd2dd9fa6,processing_plant,Buenos Aires processing plant,282 Industrial Road,,Buenos Aires,Buenos Aires,54355,Namibia,-1.7161,-62.48873,,2012,,,2019-05-30T05:39:44.593Z
5840fa94-6178-4ac3-8650-84359556e371,8d89e775-abf3-4f31-aa0f-9466b6fecfb4,mining_operation,Toronto mining operation,342 Industrial Road,,Toronto,Toronto,86737,Zimbabwe,20.34774,92.90978,37705,2017,,,2021-04-12T05:39:44.593Z
8f429ec8-1588-4b0e-9e2c-1cd68a6af98c,84e986ac-d907-4062-b8a1-76728cedcc12,office,Buenos Aires office,137 Industrial Road,,Buenos Aires,Buenos Aires,92086,Australia,-2.13436,-42.51382,,2007,,,2022-11-02T05:39:44.593Z
f5244ec7-aa65-4de6-82a7-fe0c83ee3bf3,fe57c791-f841-4b8b-8fd0-68d854ee8ce5,processing_plant,Toronto processing plant,543 Industrial Road,,Toronto,Toronto,33419,Australia,-5.55644,-104.08136,,2016,,,2021-11-20T05:39:44.593Z
9fc36661-14f5-49a1-8b41-96f0acee44a8,46aa2e65-5481-48a0-a421-7cb0e2e0a8e9,r_and_d_center,Perth r and d center,503 Industrial Road,,Perth,Perth,39898,Argentina,25.89918,12.24481,,2001,,,2017-07-03T05:39:44.593Z
d27ba974-ea5a-4528-9608-4bf2ed3b145b,118593b5-e3ba-4913-84df-2e25239acec2,mining_operation,Santiago mining operation,88 Industrial Road,,Santiago,Santiago,60255,Chile,-15.30549,100.93595,39497,2012,,,2023-04-20T05:39:44.593Z
142b976a-a2be-47e2-8923-a50d7562d6e2,33341bfa-7a02-4df4-8eb7-e343553bacdd,r_and_d_center,Charlotte r and d center,816 Industrial Road,,Charlotte,Charlotte,35875,United States,-9.61095,22.26346,,2002,,,2017-04-15T05:39:44.593Z
ec77fd1d-4986-4f34-82b0-8d961cbffad5,7d9de43b-e552-4a17-b164-3bc041b4bdc9,warehouse,Windhoek warehouse,537 Industrial Road,,Windhoek,Windhoek,87158,Canada,-31.71859,-112.71858,,2010,,,2023-08-25T05:39:44.593Z
62e088a9-0b26-4f0b-9d82-8cfd317b6293,09191d79-d858-43a1-8a44-050d114344a7,mining_operation,Charlotte mining operation,907 Industrial Road,,Charlotte,Charlotte,69647,Namibia,22.16331,86.9368,24516,2001,,,2017-09-06T05:39:44.593Z
e2c824f5-854f-4c0a-bec1-b497a939ef7c,a303100d-a5a2-46ee-8c2a-db05153285be,office,Buenos Aires office,778 Industrial Road,,Buenos Aires,Buenos Aires,91609,Canada,31.24996,-63.81174,,2021,,,2021-07-13T05:39:44.593Z
7d0be3e8-765a-4c74-8dfd-814812b27e5b,a94b6af0-5cf0-494d-81e7-3dec16498b23,warehouse,Perth warehouse,199 Industrial Road,,Perth,Perth,87643,Canada,-15.78764,-116.24217,,2002,,,2017-06-22T05:39:44.593Z
a9fcf6f9-9529-4c02-9840-561f96d2c78e,8955fe2c-2821-4805-a0e0-4c4ddda19e0a,mining_operation,Perth mining operation,408 Industrial Road,,Perth,Perth,23439,United States,5.46882,34.75636,32378,2008,,,2024-03-11T05:39:44.593Z
7afcf8de-2e63-4c5f-a75a-91a84539c68a,46aa2e65-5481-48a0-a421-7cb0e2e0a8e9,processing_plant,Perth processing plant,620 Industrial Road,,Perth,Perth,61827,China,0.34865,-103.38107,,2020,,,2024-09-23T05:39:44.593Z
d417e6f8-130f-4aa1-adaa-99ddb6fe3b75,a12299a4-2c5b-42a9-ba81-b50ed03324ea,mining_operation,Beijing mining operation,926 Industrial Road,,Beijing,Beijing,57153,China,30.31058,10.16384,7477,2000,,,2023-05-12T05:39:44.593Z
f09aed73-aa38-4500-89a8-3cacdb7ec2f4,a9f4a45c-896f-4699-bdb5-053a60619f4e,office,Harare office,619 Industrial Road,,Harare,Harare,36038,Australia,15.61494,3.33648,,2009,,,2018-04-01T05:39:44.593Z
26a82a92-ad7d-471d-af74-393b86850481,5663ce32-a0ed-4c94-ac7f-ac4a0f9b179c,processing_plant,Windhoek processing plant,267 Industrial Road,,Windhoek,Windhoek,78604,Australia,-13.32184,100.4787,,2022,,,2020-09-27T05:39:44.593Z
e0738576-9f5e-402b-8023-7cd15a47cd3a,e25887d0-5884-4785-a22c-af72e2626bd4,warehouse,Perth warehouse,558 Industrial Road,,Perth,Perth,30741,Zimbabwe,-0.30419,72.60104,,2011,,,2018-08-06T05:39:44.593Z
3e386424-76fb-420c-922d-094b431695e0,b7b17528-c4fd-4a36-a27a-eb178e66ee70,warehouse,Windhoek warehouse,552 Industrial Road,,Windhoek,Windhoek,88739,Chile,23.3276,114.79094,,2016,,,2022-03-22T05:39:44.593Z
6836c05f-6fa3-4c85-8a6d-239122880bba,cf9be32a-f138-41c4-b44b-755d39c6f0d3,office,Santiago office,157 Industrial Road,,Santiago,Santiago,92782,China,-32.45332,-11.24377,,2004,,,2023-08-28T05:39:44.593Z
1fe26859-d3b9-47d6-b287-df59f98e5e1b,9359313b-6554-4d82-896a-f8df6fcd0ef6,r_and_d_center,Windhoek r and d center,460 Industrial Road,,Windhoek,Windhoek,75124,China,21.53936,-14.89031,,2008,,,2017-05-05T05:39:44.593Z
bba638ca-b164-4ef7-bbef-db209d310c67,9ddf70f9-bbc1-443d-bc61-d43c7eff6f35,r_and_d_center,Buenos Aires r and d center,828 Industrial Road,,Buenos Aires,Buenos Aires,75269,China,-10.1009,79.85057,,2012,,,2017-07-08T05:39:44.593Z
ba286b7a-8703-434a-89b6-d8054ee3ad82,af118ca3-20ec-42de-b6d2-05ac60311982,office,Beijing office,713 Industrial Road,,Beijing,Beijing,64557,Chile,1.08756,-119.76257,,2023,,,2021-10-29T05:39:44.593Z
f65c259d-c8de-4a58-b31c-9c42a7674d39,b2f50972-7222-46ff-beb2-4abf815821fe,mining_operation,Beijing mining operation,54 Industrial Road,,Beijing,Beijing,75324,Chile,-21.00094,121.00585,34041,2000,,,2020-11-05T05:39:44.593Z
b35c7f0c-ef66-4777-8bd8-ecd5cdbe724e,c0124f38-aa90-4f77-a4d2-4ffebd19ff19,warehouse,Perth warehouse,641 Industrial Road,,Perth,Perth,27307,Canada,-25.84332,-91.73851,,2002,,,2020-04-13T05:39:44.593Z
e2ea6839-750e-4415-8243-9bad40705a14,c6fd996f-9111-44dd-8a5c-447d9ec855ce,warehouse,Toronto warehouse,954 Industrial Road,,Toronto,Toronto,44641,China,-10.41238,-18.31319,,2016,,,2019-09-19T05:39:44.593Z
f711caa8-cc2c-487a-8e40-348573280c2f,03d7c773-07d1-4c54-87fd-e34038901632,warehouse,Charlotte warehouse,71 Industrial Road,,Charlotte,Charlotte,50427,Namibia,33.96869,-3.8912,,2019,,,2016-03-30T05:39:44.593Z
ec759ffb-3e07-44e7-aeef-6a1e7841adc3,9e435b1b-3b26-4f4b-9b97-17ba2e5c1452,processing_plant,Santiago processing plant,824 Industrial Road,,Santiago,Santiago,17122,Zimbabwe,20.12898,5.83313,,2006,,,2017-06-26T05:39:44.593Z
69a6fc53-ad18-42b0-8d57-24b43b011e48,4b7b5184-e4a5-40a9-8953-c01a40ae7bb1,processing_plant,Santiago processing plant,381 Industrial Road,,Santiago,Santiago,70798,Namibia,-1.77506,-6.64997,,2023,,,2019-08-15T05:39:44.593Z
93bd3da1-a242-4558-9a75-f6064e8b33df,277bf9bb-fafe-41f0-903a-c7debfdda64b,warehouse,Perth warehouse,43 Industrial Road,,Perth,Perth,66417,Chile,-33.11643,27.62259,,2020,,,2020-10-01T05:39:44.593Z
c5cc39ad-f2e4-4053-b64b-61a45e871b31,b773ff39-d507-4e20-9088-7d1b90ef4c59,mining_operation,Windhoek mining operation,989 Industrial Road,,Windhoek,Windhoek,88572,Zimbabwe,-27.4988,-95.37193,20658,2007,,,2022-09-16T05:39:44.593Z
9815c77e-0b3e-412e-a300-85a7cf2b28de,0e2b95c5-5b01-4d6e-b925-d07fdbe8ac6b,processing_plant,Perth processing plant,583 Industrial Road,,Perth,Perth,51775,Canada,17.73549,77.60776,,2011,,,2017-08-23T05:39:44.593Z
d361e76e-2254-4ee2-8194-1a3cafc77b0f,cae4d6b6-f6a4-4fc0-a3e6-123a72de64fa,warehouse,Harare warehouse,771 Industrial Road,,Harare,Harare,35557,Zimbabwe,3.35492,35.06177,,2004,,,2016-04-08T05:39:44.593Z
fb74a4d0-9650-4faa-b751-b0b201c333c5,6b2a28c1-efc7-4c51-9f8b-6b6091a53401,warehouse,Harare warehouse,165 Industrial Road,,Harare,Harare,28094,Australia,-30.9141,-50.01695,,2012,,,2024-07-04T05:39:44.593Z
3dfedd80-794a-430c-9f24-8ed026392616,48064f65-e81f-4fb0-abf6-e1cf4cd9f253,mining_operation,Beijing mining operation,591 Industrial Road,,Beijing,Beijing,47040,Chile,6.65462,4.53607,6551,2001,,,2018-10-28T05:39:44.593Z
b3f80f4a-c6b5-4385-88b6-fcb58eb42995,58dbceb8-d97c-4f7b-86d5-3596474df86c,office,Buenos Aires office,475 Industrial Road,,Buenos Aires,Buenos Aires,71403,Canada,-10.29482,-61.68705,,2017,,,2019-08-09T05:39:44.593Z
12707e95-6ba1-4dd8-91cd-54a09150a968,5c40cade-c942-4528-8048-02a989eed85d,mining_operation,Santiago mining operation,801 Industrial Road,,Santiago,Santiago,98143,Canada,26.43462,-28.0154,34558,2002,,,2023-10-29T05:39:44.593Z
82aa1784-0bcb-49fa-bacb-8364cc53220d,7e6280d4-3563-4ed6-a2b0-1faeda9e2b74,processing_plant,Harare processing plant,327 Industrial Road,,Harare,Harare,80064,Chile,9.2524,120.81214,,2002,,,2022-09-09T05:39:44.593Z
94ccae3c-b752-4070-bd0d-0e3584c657dc,8e503c29-9cdb-4f53-ae51-aee678085660,mining_operation,Beijing mining operation,72 Industrial Road,,Beijing,Beijing,50578,United States,48.97335,100.07312,11941,2004,,,2024-09-07T05:39:44.593Z
645da692-e461-4e3e-a4c7-f7d88e3c7854,b76f14c3-32ac-44cf-9716-780bbb7f98f9,office,Toronto office,195 Industrial Road,,Toronto,Toronto,41867,China,5.50849,-6.22962,,2002,,,2019-01-20T05:39:44.593Z
4c408b99-68b6-469f-b12d-5496097aedd7,6b2a28c1-efc7-4c51-9f8b-6b6091a53401,warehouse,Harare warehouse,391 Industrial Road,,Harare,Harare,31618,Zimbabwe,-1.98491,-22.82556,,2004,,,2024-10-14T05:39:44.593Z
8cf0e974-b7c0-457d-a2dc-40bc6c0027a9,3325ba7a-77e0-4a21-85bc-6ec7759c8e05,office,Toronto office,559 Industrial Road,,Toronto,Toronto,32571,Namibia,6.40649,110.506,,2001,,,2019-10-11T05:39:44.593Z
96f33424-66a0-4cf8-b511-e8bd64286e50,a303100d-a5a2-46ee-8c2a-db05153285be,mining_operation,Toronto mining operation,41 Industrial Road,,Toronto,Toronto,80904,Canada,29.61204,-56.71717,44628,2016,,,2019-02-22T05:39:44.593Z
b35cf6ae-39f5-4c09-9c90-ee3d56fa56f8,68db7c08-8dcd-4cb6-b001-eec88539af33,office,Perth office,333 Industrial Road,,Perth,Perth,99287,Chile,8.54707,-55.28651,,2022,,,2022-10-30T05:39:44.593Z
0d258b1f-98cc-4d88-b7b6-809027ef039f,c816b440-d47f-4413-9dd3-2d8098f07ff8,r_and_d_center,Charlotte r and d center,294 Industrial Road,,Charlotte,Charlotte,87978,China,23.861,-69.5727,,2003,,,2023-12-28T05:39:44.593Z
27dfa6b1-44fd-48d6-a642-bf5dabb00755,ebdf84c6-923d-4f92-8177-d2dfd2dd9fa6,warehouse,Harare warehouse,544 Industrial Road,,Harare,Harare,42254,Chile,17.92687,14.90341,,2008,,,2022-08-30T05:39:44.593Z
473a0328-72a5-4332-9470-4d4c0bb14fce,6b2a28c1-efc7-4c51-9f8b-6b6091a53401,mining_operation,Santiago mining operation,85 Industrial Road,,Santiago,Santiago,44189,Chile,9.60205,117.00947,29847,2003,,,2019-08-19T05:39:44.593Z
d5167516-8e49-4a83-b2ea-1c0a28bece29,e9169f30-30a8-40fb-9a7b-89eb2e2c7e2b,processing_plant,Harare processing plant,981 Industrial Road,,Harare,Harare,22180,United States,31.34832,79.71651,,2023,,,2017-11-30T05:39:44.593Z
1de45656-c7b5-47e3-a88f-1b9e81ba1645,57d13328-0d73-48eb-aff2-7a029e192419,r_and_d_center,Beijing r and d center,404 Industrial Road,,Beijing,Beijing,62258,Zimbabwe,-23.87731,-32.59945,,2000,,,2022-01-23T05:39:44.593Z
570af095-215a-4575-bb2f-7e5a4581d025,33ab3567-0b9c-4eda-afbd-56a0d6c58527,mining_operation,Buenos Aires mining operation,188 Industrial Road,,Buenos Aires,Buenos Aires,90122,United States,3.27447,103.76291,36056,2008,,,2021-04-03T05:39:44.593Z
fdfd4bd5-2276-4576-84a4-7729bb87bb27,1084f4f1-4e9b-4266-b782-ae20022825b0,processing_plant,Buenos Aires processing plant,280 Industrial Road,,Buenos Aires,Buenos Aires,30904,Namibia,-12.93411,63.98317,,2006,,,2021-05-08T05:39:44.593Z
e8ebb71a-dc2e-416a-b1f6-72b44a8065e0,9359313b-6554-4d82-896a-f8df6fcd0ef6,mining_operation,Beijing mining operation,820 Industrial Road,,Beijing,Beijing,25249,Australia,-28.05025,-0.33073,22426,2020,,,2024-08-30T05:39:44.593Z
3825442a-28e2-4b52-97f7-5bb65bdd1d92,4ab2dd23-7743-42ea-91be-b20cd0b3d3c5,warehouse,Santiago warehouse,973 Industrial Road,,Santiago,Santiago,73068,Argentina,42.69843,-115.08588,,2018,,,2023-06-01T05:39:44.593Z
abdd7a00-a4aa-46a6-bd12-0671c7b8369a,a12299a4-2c5b-42a9-ba81-b50ed03324ea,r_and_d_center,Windhoek r and d center,588 Industrial Road,,Windhoek,Windhoek,35316,Chile,-7.73631,-34.74678,,2011,,,2019-01-04T05:39:44.593Z
c2dbdabc-8b70-4f1d-8af2-014e84ab7821,f790d565-6d60-476b-bad7-8dfeb8211617,r_and_d_center,Harare r and d center,599 Industrial Road,,Harare,Harare,45126,Zimbabwe,48.71417,-48.00895,,2015,,,2016-06-17T05:39:44.593Z
5b00a10d-2659-4517-9def-7a039f72845c,c0124f38-aa90-4f77-a4d2-4ffebd19ff19,processing_plant,Santiago processing plant,198 Industrial Road,,Santiago,Santiago,76315,United States,8.9269,88.03848,,2015,,,2016-11-16T05:39:44.593Z
66c924c8-f377-42bc-bebb-b6f71096cdda,5d5649db-7391-4669-88d9-6673def550de,processing_plant,Charlotte processing plant,662 Industrial Road,,Charlotte,Charlotte,90195,Zimbabwe,-33.4007,-98.66798,,2008,,,2017-02-23T05:39:44.593Z
71837869-b54a-4027-8d64-e12c530e6204,4496c558-39c2-486f-8c7b-d621e76a1d0b,warehouse,Beijing warehouse,344 Industrial Road,,Beijing,Beijing,21761,Argentina,9.75686,38.49021,,2013,,,2024-05-11T05:39:44.593Z
ff4c3058-1d52-4a86-865e-ce52e3b7b297,0e47e6d4-bb17-4ac5-a2fa-2e1f2f96443e,warehouse,Beijing warehouse,138 Industrial Road,,Beijing,Beijing,66269,Australia,-33.12314,-14.66581,,2007,,,2017-01-14T05:39:44.593Z
849ede0d-562a-457e-b271-b09b856d3570,bf88a555-918c-492c-9f7e-52f3067cd1fa,r_and_d_center,Beijing r and d center,383 Industrial Road,,Beijing,Beijing,76846,China,-5.9083,98.09543,,2020,,,2024-05-23T05:39:44.593Z
6ff1107e-ae60-4661-9bb5-1d75c3291131,2ab13aab-6094-4c0d-9d45-af607b1c664e,mining_operation,Buenos Aires mining operation,655 Industrial Road,,Buenos Aires,Buenos Aires,40177,Namibia,11.64398,-41.0207,41119,2009,,,2019-07-02T05:39:44.593Z
63b50915-c0c4-4d10-bb7b-96e90e021144,d108e80f-d16f-4dbc-b16f-1587d9c2e46e,r_and_d_center,Beijing r and d center,438 Industrial Road,,Beijing,Beijing,82831,United States,-9.67417,123.73777,,2018,,,2022-05-31T05:39:44.593Z
fdfa9ef7-8190-43eb-a3f6-89cd3f38af00,f16cc7d8-2a7e-4a46-af12-1f1b632bb344,r_and_d_center,Toronto r and d center,319 Industrial Road,,Toronto,Toronto,75040,Chile,4.92409,-101.03029,,2024,,,2022-11-03T05:39:44.593Z
43c6bc77-8e4e-4cab-82ad-2c59d59b83b5,cf9be32a-f138-41c4-b44b-755d39c6f0d3,office,Perth office,448 Industrial Road,,Perth,Perth,86962,Australia,43.08504,100.58212,,2011,,,2023-09-12T05:39:44.593Z
db7e4121-c9e1-42f3-aab1-859ae9324d7d,bfd89266-65d2-4a19-a83d-6510f05854ea,r_and_d_center,Windhoek r and d center,320 Industrial Road,,Windhoek,Windhoek,91087,Chile,-9.40165,-65.39843,,2008,,,2016-04-13T05:39:44.593Z
3b623fb0-1cb4-4538-b107-d562f34379ec,3325ba7a-77e0-4a21-85bc-6ec7759c8e05,processing_plant,Charlotte processing plant,20 Industrial Road,,Charlotte,Charlotte,38437,Canada,-3.35958,-4.71846,,2022,,,2023-10-17T05:39:44.593Z
b9be53a0-b8a1-4cdb-b747-36d28d1be7d5,7046e05c-72f2-4a98-8623-30516724d0bc,r_and_d_center,Buenos Aires r and d center,583 Industrial Road,,Buenos Aires,Buenos Aires,95115,Zimbabwe,26.8647,-45.22335,,2009,,,2022-06-10T05:39:44.593Z
af74466f-dbf4-4ba6-bd20-c3226dc6dc05,2ad8b3e1-554c-4068-a664-76129b3d5235,mining_operation,Beijing mining operation,33 Industrial Road,,Beijing,Beijing,47183,Argentina,-34.09255,-63.46969,6540,2001,,,2016-12-21T05:39:44.593Z
52e73632-45cb-4254-8240-8155244c954e,f94d5403-17e2-4a5f-b88e-cc45d1fcc9fd,warehouse,Toronto warehouse,891 Industrial Road,,Toronto,Toronto,11787,Zimbabwe,-23.49882,-119.82103,,2020,,,2021-03-12T05:39:44.593Z
ac9b6789-0583-4c4d-98e3-bc41c724db63,58b993bc-0e84-4dad-885f-5ff25ab85520,r_and_d_center,Windhoek r and d center,539 Industrial Road,,Windhoek,Windhoek,11612,China,16.62585,128.29293,,2014,,,2022-02-15T05:39:44.593Z
0c2c4dc5-138a-4a04-83ea-b4fa3e1193d6,69db692c-92e1-4c78-ab13-98260c2b8785,warehouse,Harare warehouse,523 Industrial Road,,Harare,Harare,79064,Chile,-32.70635,-106.41709,,2020,,,2024-12-21T05:39:44.593Z
46cd6090-db0e-4bb5-a503-851947a15971,5663ce32-a0ed-4c94-ac7f-ac4a0f9b179c,mining_operation,Beijing mining operation,319 Industrial Road,,Beijing,Beijing,79193,Argentina,31.25373,-13.87001,37401,2002,,,2018-05-04T05:39:44.593Z
ae97ca8a-2045-4dd5-87da-88728633cd36,b87e3c7f-77f5-4d12-9887-f5834232864a,warehouse,Beijing warehouse,611 Industrial Road,,Beijing,Beijing,89313,Argentina,-5.39402,-106.37179,,2023,,,2016-08-06T05:39:44.593Z
6075057a-54d9-490e-a486-7ac09735dcae,9639e31d-91c0-43bd-a926-d55c4211676e,office,Windhoek office,266 Industrial Road,,Windhoek,Windhoek,13126,Australia,49.39588,109.31016,,2015,,,2022-06-25T05:39:44.593Z
cb46fa54-eaa5-4295-90cb-7e166c7e0bb0,7f8fe15b-7d71-48da-8487-0aaa6b197c9b,warehouse,Beijing warehouse,301 Industrial Road,,Beijing,Beijing,55757,United States,25.33695,-54.75385,,2005,,,2024-04-21T05:39:44.593Z
d26fb201-08cb-4123-8de8-79ea9c2a3a2c,f08d4e0c-46b6-43a9-b92f-a84f674de151,warehouse,Buenos Aires warehouse,650 Industrial Road,,Buenos Aires,Buenos Aires,80310,Zimbabwe,-26.86403,83.75869,,2024,,,2022-06-24T05:39:44.593Z
dc28b0ca-c467-425f-8c13-0db46dbac0d3,56ccd334-43bc-4997-ae06-d6716b6e7101,warehouse,Charlotte warehouse,690 Industrial Road,,Charlotte,Charlotte,58952,China,46.7098,63.40131,,2009,,,2020-12-21T05:39:44.593Z
401af6e0-8594-4a89-8b79-513e4233d9a5,77a43956-c6c9-4ba6-96ea-337574954ed2,office,Toronto office,821 Industrial Road,,Toronto,Toronto,33367,Zimbabwe,37.81479,39.54033,,2014,,,2019-08-23T05:39:44.593Z
4722412b-ee93-43d2-8e75-0a5742ac2036,d108e80f-d16f-4dbc-b16f-1587d9c2e46e,processing_plant,Santiago processing plant,604 Industrial Road,,Santiago,Santiago,65234,Chile,5.34334,70.25606,,2021,,,2024-07-04T05:39:44.593Z
ebaaa51e-98c3-4901-a685-9ff8b471de33,4de41147-0ced-42bb-9c8d-ca43be6d2b05,office,Santiago office,48 Industrial Road,,Santiago,Santiago,12766,Argentina,-1.17915,90.95436,,2022,,,2019-12-23T05:39:44.593Z
e05c0f0f-ccbe-4dea-9a76-ca4e0782ed5c,3dd84518-e6a3-4089-ad2e-b1da5f19f97b,r_and_d_center,Santiago r and d center,989 Industrial Road,,Santiago,Santiago,45582,Chile,-27.64914,-117.4636,,2005,,,2024-04-18T05:39:44.593Z
35fb6cfc-310f-411c-990d-afe44d835eb2,2937e4da-c227-4989-8313-267a692ccb74,mining_operation,Harare mining operation,540 Industrial Road,,Harare,Harare,88270,United States,47.23044,-109.67412,21554,2021,,,2024-06-01T05:39:44.593Z
7e089c79-9a20-4455-873f-fcd14a4d0946,1b34a295-7e7d-46ef-91e6-ed739cb9d235,warehouse,Buenos Aires warehouse,449 Industrial Road,,Buenos Aires,Buenos Aires,86146,Chile,-22.47211,114.73272,,2013,,,2023-05-19T05:39:44.593Z
9d832406-37af-4c5c-964c-c774f320cc67,9359313b-6554-4d82-896a-f8df6fcd0ef6,warehouse,Beijing warehouse,210 Industrial Road,,Beijing,Beijing,84147,Canada,30.68045,33.62944,,2003,,,2018-10-20T05:39:44.593Z
45edcfb3-3582-43fa-a31b-bd5926ffabe5,170c951d-32a9-4902-8594-379c4591e480,office,Charlotte office,31 Industrial Road,,Charlotte,Charlotte,75571,Argentina,-15.85066,32.65337,,2000,,,2018-06-05T05:39:44.593Z
236d530f-e3c8-4718-9939-d0575f52cb49,90be6962-3f84-4ae1-b418-fc65256c02d0,office,Perth office,735 Industrial Road,,Perth,Perth,62994,Australia,13.7257,118.88916,,2006,,,2024-10-14T05:39:44.593Z
1c1e87a8-4bad-4d81-b56a-a7793bad2a72,2ad8b3e1-554c-4068-a664-76129b3d5235,r_and_d_center,Santiago r and d center,317 Industrial Road,,Santiago,Santiago,49035,United States,31.70042,-47.416,,2011,,,2017-04-19T05:39:44.593Z
6d932cbd-e308-48f8-9072-ccabffe8d31f,c43156d6-c9e0-40c1-98e7-8e1fa8d3aaa5,mining_operation,Windhoek mining operation,994 Industrial Road,,Windhoek,Windhoek,28221,China,26.04016,-93.96944,7485,2006,,,2023-10-21T05:39:44.593Z
758c8509-1e3a-46a7-8344-f467baa0efd0,f790d565-6d60-476b-bad7-8dfeb8211617,office,Beijing office,837 Industrial Road,,Beijing,Beijing,36273,Namibia,-23.48877,-24.42765,,2002,,,2022-02-10T05:39:44.593Z
3731b3ef-4937-480f-b810-21647c11aef5,f790d565-6d60-476b-bad7-8dfeb8211617,r_and_d_center,Toronto r and d center,230 Industrial Road,,Toronto,Toronto,14691,Argentina,-34.73463,79.58543,,2004,,,2019-06-09T05:39:44.593Z
83c6d3c0-655b-4497-9463-bfc3b95aaf59,b773ff39-d507-4e20-9088-7d1b90ef4c59,mining_operation,Toronto mining operation,688 Industrial Road,,Toronto,Toronto,50905,Argentina,38.21048,-90.39393,48188,2011,,,2017-07-02T05:39:44.593Z
ccc4eaf8-b7e2-4fff-84ec-c6e8e6f578b5,5cdac5bc-c951-45be-a3ba-070a1a280fde,office,Windhoek office,708 Industrial Road,,Windhoek,Windhoek,76160,Argentina,-7.33916,112.14328,,2020,,,2021-10-17T05:39:44.593Z
39ff2796-2d02-4233-b35c-c2211e22cae3,0af35e47-626b-47c8-9e0b-9872a03ae8b6,r_and_d_center,Windhoek r and d center,870 Industrial Road,,Windhoek,Windhoek,69702,United States,46.18427,25.42624,,2000,,,2019-11-30T05:39:44.593Z
dc20cf75-7542-48b2-8872-c70287f03fca,0af35e47-626b-47c8-9e0b-9872a03ae8b6,processing_plant,Santiago processing plant,111 Industrial Road,,Santiago,Santiago,38367,Namibia,32.78076,98.16905,,2021,,,2023-08-29T05:39:44.593Z
9c889f44-5e83-4f8f-b781-2669864766af,277bf9bb-fafe-41f0-903a-c7debfdda64b,r_and_d_center,Santiago r and d center,107 Industrial Road,,Santiago,Santiago,27961,China,-7.10303,-32.5429,,2024,,,2020-06-12T05:39:44.593Z
2607edda-62b8-467b-8156-bc843c1fb6de,bf88a555-918c-492c-9f7e-52f3067cd1fa,warehouse,Harare warehouse,197 Industrial Road,,Harare,Harare,90772,Argentina,8.76011,-49.10182,,2012,,,2017-04-21T05:39:44.593Z
fb5d652c-cde6-4f8d-b591-8b1d82d2f913,3926362c-b964-4f16-bb68-8c63ae3ee25f,warehouse,Charlotte warehouse,295 Industrial Road,,Charlotte,Charlotte,97015,Namibia,35.83553,7.89663,,2000,,,2017-10-14T05:39:44.593Z
a09cada1-6550-450f-b03b-6eb6ea07afff,33341bfa-7a02-4df4-8eb7-e343553bacdd,r_and_d_center,Perth r and d center,397 Industrial Road,,Perth,Perth,72909,Australia,48.95675,27.6041,,2002,,,2017-06-14T05:39:44.593Z
87e8ab34-08fb-40e0-88ef-0a9220ac70a6,4ab2dd23-7743-42ea-91be-b20cd0b3d3c5,r_and_d_center,Charlotte r and d center,223 Industrial Road,,Charlotte,Charlotte,37093,China,-28.26236,-26.98889,,2012,,,2021-07-05T05:39:44.593Z
277ae96a-80fa-45f1-a406-a068a47686bb,0208e2ff-4c35-4e75-8fc2-e9999728b4e3,processing_plant,Beijing processing plant,68 Industrial Road,,Beijing,Beijing,84363,Canada,36.28896,18.42766,,2004,,,2022-11-13T05:39:44.593Z
138dfb63-9e69-4956-9506-97b9952036ff,4b7b5184-e4a5-40a9-8953-c01a40ae7bb1,r_and_d_center,Santiago r and d center,109 Industrial Road,,Santiago,Santiago,63290,Chile,21.2638,38.22433,,2021,,,2018-12-05T05:39:44.593Z
6e40df54-84ab-4af6-bfe6-05aba50eaaa0,90be6962-3f84-4ae1-b418-fc65256c02d0,processing_plant,Charlotte processing plant,271 Industrial Road,,Charlotte,Charlotte,84872,Namibia,45.1706,-34.0292,,2012,,,2022-11-03T05:39:44.594Z
b7c99e24-9237-4d32-86f1-d4f795a88e4f,580ac6db-d376-43b6-94ac-0b76aeaec003,mining_operation,Toronto mining operation,916 Industrial Road,,Toronto,Toronto,38511,Chile,29.51444,28.05892,47212,2021,,,2023-02-05T05:39:44.594Z
a22aef52-76aa-4720-a921-691007ec5c7a,5d5649db-7391-4669-88d9-6673def550de,r_and_d_center,Toronto r and d center,751 Industrial Road,,Toronto,Toronto,25392,Canada,-29.76082,33.88306,,2012,,,2019-10-04T05:39:44.594Z
b11482bf-103c-4d91-a9ba-1f5703f72dff,420bfee0-8d70-4bca-a8a3-5664e72d8fef,warehouse,Charlotte warehouse,393 Industrial Road,,Charlotte,Charlotte,84799,United States,-21.04249,-16.09645,,2002,,,2018-09-20T05:39:44.594Z
497e4814-41a0-4df7-bfa1-83ce66d1f622,ede7df30-7bd2-4b90-8cff-36f93936be94,warehouse,Windhoek warehouse,27 Industrial Road,,Windhoek,Windhoek,34351,Namibia,8.34786,-115.28602,,2006,,,2024-01-08T05:39:44.594Z
485c0cc4-bec8-47d1-a5c6-7419783e067c,118593b5-e3ba-4913-84df-2e25239acec2,processing_plant,Toronto processing plant,250 Industrial Road,,Toronto,Toronto,57088,Argentina,41.59026,41.82908,,2003,,,2023-12-10T05:39:44.594Z
0e0cfa55-d203-4e70-9932-4e6a73917e49,0da3391f-6ec1-4d91-9502-5dd71c6bc945,r_and_d_center,Buenos Aires r and d center,664 Industrial Road,,Buenos Aires,Buenos Aires,27312,Argentina,4.64923,72.02887,,2016,,,2023-07-17T05:39:44.594Z
978491fa-c378-4731-96d9-d7c8935b6972,ee2e59c2-0031-48e5-8e02-06bcc4fc83f7,warehouse,Perth warehouse,751 Industrial Road,,Perth,Perth,19528,Argentina,-16.6532,35.35589,,2015,,,2016-02-27T05:39:44.594Z
a63faeac-2182-42ff-a643-d6d9187b9b35,bfd89266-65d2-4a19-a83d-6510f05854ea,warehouse,Perth warehouse,763 Industrial Road,,Perth,Perth,74512,Argentina,26.08274,-95.51331,,2023,,,2022-06-07T05:39:44.594Z
c8a64c9d-6f5c-427f-beb2-8c64f23fea34,3926362c-b964-4f16-bb68-8c63ae3ee25f,mining_operation,Windhoek mining operation,413 Industrial Road,,Windhoek,Windhoek,77030,Namibia,-4.24894,119.79628,10531,2017,,,2017-05-09T05:39:44.594Z
0cc18e2d-d465-45b2-9255-d5aac31a16a7,6b2a28c1-efc7-4c51-9f8b-6b6091a53401,office,Windhoek office,419 Industrial Road,,Windhoek,Windhoek,47821,Zimbabwe,21.39203,69.60482,,2005,,,2018-12-03T05:39:44.594Z
e761a1c0-9fc6-4d7b-9fa9-0699e319715f,5663ce32-a0ed-4c94-ac7f-ac4a0f9b179c,office,Perth office,679 Industrial Road,,Perth,Perth,18063,Chile,46.17356,22.82672,,2015,,,2017-01-13T05:39:44.594Z
f1844f04-3f91-495b-8112-71ca30c1a659,9df72f32-5c7d-4901-98e1-1b6eb377f49c,warehouse,Beijing warehouse,165 Industrial Road,,Beijing,Beijing,13692,Zimbabwe,-31.65889,79.17303,,2004,,,2024-02-22T05:39:44.594Z
d8b24295-595d-44c9-a005-ae688b1a26e5,a12299a4-2c5b-42a9-ba81-b50ed03324ea,office,Beijing office,724 Industrial Road,,Beijing,Beijing,18781,China,-8.80837,-45.61522,,2011,,,2017-06-30T05:39:44.594Z
494af18e-cc81-4034-9b72-218341396786,580ac6db-d376-43b6-94ac-0b76aeaec003,r_and_d_center,Santiago r and d center,769 Industrial Road,,Santiago,Santiago,37677,United States,20.41362,36.86853,,2003,,,2021-06-01T05:39:44.594Z
1eb67826-5edb-45bd-b490-320414538aea,526452e8-c64a-4b48-a821-9a65c3d3da45,warehouse,Harare warehouse,951 Industrial Road,,Harare,Harare,13649,Chile,-31.2961,-22.69916,,2003,,,2019-04-26T05:39:44.594Z
401cbb67-d7f6-4f3c-87bc-083a69411c3b,1b34a295-7e7d-46ef-91e6-ed739cb9d235,processing_plant,Harare processing plant,403 Industrial Road,,Harare,Harare,43053,Australia,0.2423,-103.52253,,2012,,,2018-01-29T05:39:44.594Z
43ba71e7-c846-471a-a00f-ad77d998f5d4,9df72f32-5c7d-4901-98e1-1b6eb377f49c,office,Harare office,140 Industrial Road,,Harare,Harare,48807,Zimbabwe,-27.45334,69.0563,,2014,,,2021-03-07T05:39:44.594Z
f50f80bb-e813-4885-9196-a0ff543ca50f,0458e690-7a4d-4c4b-a012-50fdc11f13f9,warehouse,Santiago warehouse,951 Industrial Road,,Santiago,Santiago,61837,Namibia,-3.76666,-35.53773,,2003,,,2019-07-06T05:39:44.594Z
366166cd-ea1e-4b09-a7ba-70575d45bdf6,03d7c773-07d1-4c54-87fd-e34038901632,r_and_d_center,Beijing r and d center,878 Industrial Road,,Beijing,Beijing,94797,United States,-16.65573,112.92554,,2018,,,2017-08-13T05:39:44.594Z
bfa8510b-0e3d-4212-819a-9b7e0b4ea816,a9baa336-d8c1-4f17-a5a3-33647959e08d,r_and_d_center,Charlotte r and d center,510 Industrial Road,,Charlotte,Charlotte,37708,Namibia,19.82319,-17.22128,,2001,,,2017-02-12T05:39:44.594Z
f15080de-fd61-4fc5-9d27-31d9494c9992,48064f65-e81f-4fb0-abf6-e1cf4cd9f253,r_and_d_center,Santiago r and d center,888 Industrial Road,,Santiago,Santiago,24275,Zimbabwe,8.60889,-64.69009,,2018,,,2017-05-10T05:39:44.594Z
dc5d24de-c7b4-4db2-a126-0538b76a203e,b81d6b03-e5b8-4775-ae41-f217e25d8d23,processing_plant,Beijing processing plant,633 Industrial Road,,Beijing,Beijing,69658,Australia,44.66733,-69.63499,,2020,,,2019-08-30T05:39:44.594Z
b0c0d5c6-2901-4da4-a349-21c652e7edd8,2ffbea36-6c6d-4cb1-9a23-e1c4fab1634d,processing_plant,Santiago processing plant,355 Industrial Road,,Santiago,Santiago,62909,Canada,48.38825,121.91042,,2010,,,2024-10-22T05:39:44.594Z
62c94f93-244e-4e0e-98b5-1ed00410fb7f,f790d565-6d60-476b-bad7-8dfeb8211617,office,Perth office,500 Industrial Road,,Perth,Perth,70437,Zimbabwe,31.61074,97.83014,,2024,,,2019-01-06T05:39:44.594Z
0144592e-47b0-4f52-8fec-027c38da9cc9,ce7e8aa8-2bd9-4139-87d2-b1810e818017,processing_plant,Beijing processing plant,613 Industrial Road,,Beijing,Beijing,72155,Argentina,30.57244,9.03589,,2003,,,2017-11-15T05:39:44.594Z
33e8b194-3136-4fb5-9eac-b95341aaa883,0af35e47-626b-47c8-9e0b-9872a03ae8b6,processing_plant,Charlotte processing plant,840 Industrial Road,,Charlotte,Charlotte,68602,Australia,6.29723,-73.01384,,2008,,,2024-09-15T05:39:44.594Z
389e1a97-4db3-415e-856d-0609e1fbb8cc,265c448a-aec6-45d7-8da5-7ae53396b777,office,Buenos Aires office,133 Industrial Road,,Buenos Aires,Buenos Aires,53288,Canada,46.44413,5.43991,,2007,,,2020-11-22T05:39:44.594Z
721cd746-0033-466f-af6d-e933b571f87c,580ac6db-d376-43b6-94ac-0b76aeaec003,warehouse,Buenos Aires warehouse,531 Industrial Road,,Buenos Aires,Buenos Aires,52163,Chile,8.47487,93.13552,,2002,,,2018-09-11T05:39:44.594Z
d76d32e4-7563-43ef-a292-cec6f8733790,b3a55e8a-812c-4397-93ff-05259f0f42c8,r_and_d_center,Santiago r and d center,513 Industrial Road,,Santiago,Santiago,47131,Argentina,-33.60704,2.43149,,2012,,,2016-11-21T05:39:44.594Z
9bffafe7-a919-49df-b0d7-fd9b71873244,84e986ac-d907-4062-b8a1-76728cedcc12,warehouse,Harare warehouse,996 Industrial Road,,Harare,Harare,69116,United States,-24.63926,-43.99657,,2014,,,2021-03-26T05:39:44.594Z
3031b147-4aa5-4efc-896d-2bbd31dca1d2,0e47e6d4-bb17-4ac5-a2fa-2e1f2f96443e,processing_plant,Harare processing plant,499 Industrial Road,,Harare,Harare,31552,Zimbabwe,-18.97855,14.22106,,2011,,,2022-03-26T05:39:44.594Z
d9f0e809-64ec-4058-88eb-9ad0f0dcced9,b87e3c7f-77f5-4d12-9887-f5834232864a,processing_plant,Buenos Aires processing plant,373 Industrial Road,,Buenos Aires,Buenos Aires,37537,Chile,-25.06338,-116.28021,,2020,,,2024-09-23T05:39:44.594Z
1dc3ef49-5b11-4384-abb8-df7fc17d4a07,87519094-b5f3-4ef6-9d9c-8e503fcfed38,r_and_d_center,Santiago r and d center,80 Industrial Road,,Santiago,Santiago,19090,Chile,31.01957,-22.61877,,2008,,,2017-03-14T05:39:44.594Z
60adaee9-5d0f-4a8f-a9a1-14727b145031,277bf9bb-fafe-41f0-903a-c7debfdda64b,r_and_d_center,Santiago r and d center,397 Industrial Road,,Santiago,Santiago,86792,Chile,-19.95399,28.98579,,2024,,,2018-06-11T05:39:44.594Z
e40835ba-07a8-4ccd-9c70-f66bd5aea84b,bfd89266-65d2-4a19-a83d-6510f05854ea,r_and_d_center,Perth r and d center,873 Industrial Road,,Perth,Perth,16449,Canada,38.39428,57.25356,,2002,,,2021-04-16T05:39:44.594Z
5e20fdc0-4ff5-4856-842e-1b9f895f1aec,0a271ac4-898b-4e9e-b0a8-7dab203ae956,office,Santiago office,594 Industrial Road,,Santiago,Santiago,23768,Chile,21.76295,51.25732,,2005,,,2018-05-04T05:39:44.594Z
1541c6c0-3246-440b-b00c-2a6e37afba0a,9359313b-6554-4d82-896a-f8df6fcd0ef6,warehouse,Toronto warehouse,935 Industrial Road,,Toronto,Toronto,49943,Canada,23.70054,103.46184,,2010,,,2016-09-08T05:39:44.594Z
fad0d50b-29d1-4329-b0b1-9f95fe53c27a,9df72f32-5c7d-4901-98e1-1b6eb377f49c,warehouse,Santiago warehouse,902 Industrial Road,,Santiago,Santiago,52113,Chile,29.64793,8.04542,,2024,,,2024-10-23T05:39:44.594Z
cd4e3981-6fe0-4931-8ca4-e50ae24cd4d2,56ccd334-43bc-4997-ae06-d6716b6e7101,r_and_d_center,Harare r and d center,734 Industrial Road,,Harare,Harare,76557,Zimbabwe,-5.37689,22.30265,,2021,,,2022-02-03T05:39:44.594Z
31313957-bbe3-45e9-a7e3-232f356df25b,b3a55e8a-812c-4397-93ff-05259f0f42c8,office,Windhoek office,994 Industrial Road,,Windhoek,Windhoek,94002,Australia,-4.46606,-96.71769,,2018,,,2021-02-20T05:39:44.594Z
e7a1a1f9-8a7c-4d35-acea-86a3dd47cdf1,a9baa336-d8c1-4f17-a5a3-33647959e08d,r_and_d_center,Santiago r and d center,568 Industrial Road,,Santiago,Santiago,81553,Australia,47.83523,56.20759,,2007,,,2019-06-13T05:39:44.594Z
a178bf33-3ace-48de-8f51-080c3ebf4182,069ad08e-21cf-45e4-bbc0-427b90c8ae9f,processing_plant,Windhoek processing plant,643 Industrial Road,,Windhoek,Windhoek,13765,United States,1.28529,96.5378,,2009,,,2020-02-23T05:39:44.594Z
b118cc77-3fc2-49c5-8850-ae6f573a3c28,c0124f38-aa90-4f77-a4d2-4ffebd19ff19,processing_plant,Harare processing plant,612 Industrial Road,,Harare,Harare,87669,United States,45.4981,-3.99281,,2010,,,2023-09-10T05:39:44.594Z
f929f040-132e-4a99-92fc-a574802951a2,3969643f-066c-4899-9665-45657442ebf6,mining_operation,Beijing mining operation,878 Industrial Road,,Beijing,Beijing,75713,Argentina,-22.36304,113.6161,12751,2021,,,2016-02-03T05:39:44.594Z
161b06ee-687b-46b3-8b8c-bbd35f7e1d7b,41d792b5-41a9-4c17-b696-2ec29efd8321,office,Perth office,110 Industrial Road,,Perth,Perth,81854,Canada,4.4663,-95.871,,2007,,,2017-02-11T05:39:44.594Z
9273af80-d9ca-44e7-8d91-125b01c7e87d,2f754c55-e158-45fa-be6b-851496b9ea40,mining_operation,Harare mining operation,897 Industrial Road,,Harare,Harare,52231,Zimbabwe,42.11919,-51.23204,27930,2008,,,2018-12-09T05:39:44.594Z
66dfcd81-13fb-42a9-86b7-f687f26035d1,2ad8b3e1-554c-4068-a664-76129b3d5235,warehouse,Toronto warehouse,248 Industrial Road,,Toronto,Toronto,52502,Zimbabwe,-9.33015,-102.10263,,2024,,,2021-07-11T05:39:44.594Z
78cb0038-068e-4c55-b41d-6240b877910f,4942af99-35dc-4674-8541-92dc7395fa0b,office,Beijing office,796 Industrial Road,,Beijing,Beijing,60235,Namibia,-27.6757,-79.93082,,2020,,,2023-05-13T05:39:44.594Z
c5c1733e-4142-46d2-a6f8-55d1c0ca5b93,5c014bcc-0c8e-4aa6-913b-023d35351c70,office,Perth office,855 Industrial Road,,Perth,Perth,78221,Namibia,-8.6288,86.00231,,2013,,,2020-10-17T05:39:44.594Z
cf7ad2a7-4586-40e7-b636-a2f1d0cfbc66,0e2b95c5-5b01-4d6e-b925-d07fdbe8ac6b,r_and_d_center,Perth r and d center,227 Industrial Road,,Perth,Perth,91382,United States,-29.39546,-27.75193,,2009,,,2017-06-13T05:39:44.594Z
47b45c8f-9136-43f7-8f36-03f28aeacde2,f0c10fd4-4824-48f0-8cf6-69a22c1b43f2,r_and_d_center,Buenos Aires r and d center,346 Industrial Road,,Buenos Aires,Buenos Aires,73557,Namibia,36.80517,104.4433,,2017,,,2022-06-29T05:39:44.594Z
c7cab228-874a-4682-860b-5411cf1e6938,9e435b1b-3b26-4f4b-9b97-17ba2e5c1452,office,Windhoek office,81 Industrial Road,,Windhoek,Windhoek,20891,Argentina,39.64419,62.57523,,2009,,,2016-07-21T05:39:44.594Z
c6b0f27f-6085-4ba2-ba84-ced89a6726b9,9253540c-1c21-46d1-99d1-c5c4f716d37a,mining_operation,Windhoek mining operation,194 Industrial Road,,Windhoek,Windhoek,24570,Australia,25.75078,53.02713,39673,2020,,,2024-06-22T05:39:44.594Z
446b50f8-b90b-46f4-99cd-3b901e78d4cf,9359313b-6554-4d82-896a-f8df6fcd0ef6,mining_operation,Buenos Aires mining operation,645 Industrial Road,,Buenos Aires,Buenos Aires,81059,Namibia,12.39637,-54.20443,5368,2015,,,2024-05-12T05:39:44.594Z
8b5b5a94-6e88-4c9c-81f7-a013bf5512a7,8d89e775-abf3-4f31-aa0f-9466b6fecfb4,office,Beijing office,865 Industrial Road,,Beijing,Beijing,38623,Argentina,29.7418,119.50599,,2022,,,2016-02-21T05:39:44.594Z
cf6614b8-e021-4b5c-ab13-cb747a99fbe8,9df72f32-5c7d-4901-98e1-1b6eb377f49c,r_and_d_center,Harare r and d center,564 Industrial Road,,Harare,Harare,87534,China,23.32258,15.33789,,2009,,,2017-10-07T05:39:44.594Z
ef2a7ffc-493a-41ba-bf3c-aa4677eb6a0a,fe57c791-f841-4b8b-8fd0-68d854ee8ce5,r_and_d_center,Harare r and d center,831 Industrial Road,,Harare,Harare,92933,Chile,-25.26148,110.77321,,2012,,,2020-07-10T05:39:44.594Z
60f227f2-3eb0-4af9-bcb7-ee24e887576a,bf88a555-918c-492c-9f7e-52f3067cd1fa,mining_operation,Perth mining operation,246 Industrial Road,,Perth,Perth,25332,Argentina,48.45639,124.86942,22593,2010,,,2024-12-21T05:39:44.594Z
b213687b-6bd0-40ef-890d-10b06849b25f,265c448a-aec6-45d7-8da5-7ae53396b777,r_and_d_center,Charlotte r and d center,15 Industrial Road,,Charlotte,Charlotte,24210,Australia,-13.39835,62.78145,,2024,,,2024-12-21T05:39:44.594Z
1611b7a9-1f6d-4001-8a7d-dbe752819929,58cdc450-a548-4401-8bf2-112ce2b3a84d,warehouse,Santiago warehouse,117 Industrial Road,,Santiago,Santiago,18571,United States,16.1231,-51.30741,,2017,,,2020-03-15T05:39:44.594Z
2c4406b7-e033-45d2-a5d5-1a8ac0b2422d,870dc9ac-795a-4851-ac2a-3cf9f083df9f,mining_operation,Beijing mining operation,843 Industrial Road,,Beijing,Beijing,36223,China,5.43049,-37.00597,47168,2011,,,2023-07-26T05:39:44.594Z
48eb8c8e-82a5-4aad-b59d-6330146e3680,e9169f30-30a8-40fb-9a7b-89eb2e2c7e2b,r_and_d_center,Buenos Aires r and d center,448 Industrial Road,,Buenos Aires,Buenos Aires,66925,Canada,-34.03679,-102.08697,,2002,,,2024-05-17T05:39:44.594Z
4a70f087-e91c-44f1-9ae9-91aad1fd5240,6b2a28c1-efc7-4c51-9f8b-6b6091a53401,processing_plant,Perth processing plant,360 Industrial Road,,Perth,Perth,56729,China,39.42093,122.08428,,2024,,,2019-07-18T05:39:44.594Z
c88026dd-2deb-4eb0-a39e-bdf8be5f162b,cae4d6b6-f6a4-4fc0-a3e6-123a72de64fa,office,Windhoek office,679 Industrial Road,,Windhoek,Windhoek,24714,United States,22.24472,43.30618,,2024,,,2024-12-22T05:39:44.594Z
29ad9f16-e26d-430a-a3aa-b3775f505cd5,5663ce32-a0ed-4c94-ac7f-ac4a0f9b179c,warehouse,Buenos Aires warehouse,674 Industrial Road,,Buenos Aires,Buenos Aires,15229,Australia,44.63935,-4.54853,,2023,,,2023-12-07T05:39:44.594Z
6876ac9b-dccc-4148-9a8c-de5bb7816e05,87519094-b5f3-4ef6-9d9c-8e503fcfed38,processing_plant,Perth processing plant,734 Industrial Road,,Perth,Perth,29575,Namibia,-3.10696,-18.85994,,2021,,,2017-10-19T05:39:44.594Z
2cb237e5-2f6e-496f-bcb4-15b336303583,58cdc450-a548-4401-8bf2-112ce2b3a84d,processing_plant,Beijing processing plant,356 Industrial Road,,Beijing,Beijing,84153,Argentina,2.01909,78.88063,,2016,,,2019-01-17T05:39:44.594Z
f066ba63-7c34-4ab7-a539-1075673d49c0,a12299a4-2c5b-42a9-ba81-b50ed03324ea,mining_operation,Toronto mining operation,212 Industrial Road,,Toronto,Toronto,28390,China,-23.46688,47.92288,24741,2013,,,2017-11-09T05:39:44.594Z
c921116e-a2a6-42e5-9a63-4c86500c32bd,d108e80f-d16f-4dbc-b16f-1587d9c2e46e,warehouse,Charlotte warehouse,985 Industrial Road,,Charlotte,Charlotte,85957,China,12.36357,82.04358,,2005,,,2017-08-07T05:39:44.594Z
c5bf4cd1-d2f4-446a-8b05-2a2e64e627ee,3325ba7a-77e0-4a21-85bc-6ec7759c8e05,office,Buenos Aires office,355 Industrial Road,,Buenos Aires,Buenos Aires,53274,Australia,-3.34312,-54.98408,,2022,,,2017-04-20T05:39:44.594Z
c1b3c0c7-f7da-470e-91f8-a3ed5b7eeff9,ea2c37c7-46e8-47c7-8577-70d863154c38,office,Buenos Aires office,343 Industrial Road,,Buenos Aires,Buenos Aires,47819,United States,47.39793,8.49334,,2002,,,2016-09-20T05:39:44.594Z
a9417d93-01f6-4e73-b9ea-7d2f787a36a7,3dd84518-e6a3-4089-ad2e-b1da5f19f97b,warehouse,Windhoek warehouse,320 Industrial Road,,Windhoek,Windhoek,92972,Zimbabwe,11.06933,-10.66788,,2018,,,2016-03-08T05:39:44.594Z
98d92760-358d-40f9-9a1a-73f66d243162,3f719a20-196e-4723-8a34-9b1673a8bc47,r_and_d_center,Toronto r and d center,160 Industrial Road,,Toronto,Toronto,13388,Chile,-32.80784,-114.97694,,2007,,,2017-02-10T05:39:44.594Z
a50d7214-e0af-4798-8c7b-e604a9e4d88d,09191d79-d858-43a1-8a44-050d114344a7,warehouse,Beijing warehouse,585 Industrial Road,,Beijing,Beijing,74389,Zimbabwe,6.19316,113.72159,,2009,,,2021-01-03T05:39:44.594Z
e36115fe-b5f1-4518-8e68-808cb4a68e3b,cae4d6b6-f6a4-4fc0-a3e6-123a72de64fa,office,Harare office,403 Industrial Road,,Harare,Harare,90262,Argentina,-23.81579,-67.98023,,2022,,,2016-02-22T05:39:44.594Z
8627e257-a780-4f97-9e24-54de696508f1,2ad8b3e1-554c-4068-a664-76129b3d5235,warehouse,Toronto warehouse,904 Industrial Road,,Toronto,Toronto,46545,Argentina,49.17751,-18.49657,,2015,,,2016-05-17T05:39:44.594Z
9616fb70-b7e7-41f9-be06-48eb49d9049e,9359313b-6554-4d82-896a-f8df6fcd0ef6,warehouse,Windhoek warehouse,187 Industrial Road,,Windhoek,Windhoek,85918,Namibia,33.20616,68.03921,,2014,,,2019-03-24T05:39:44.594Z
4d90d335-f54a-4b62-9a51-0e9424021aec,68db7c08-8dcd-4cb6-b001-eec88539af33,warehouse,Buenos Aires warehouse,828 Industrial Road,,Buenos Aires,Buenos Aires,61791,Australia,33.36294,-12.25631,,2010,,,2020-04-27T05:39:44.594Z
9e38e343-f6ff-4152-a536-d376757d925d,0af35e47-626b-47c8-9e0b-9872a03ae8b6,processing_plant,Beijing processing plant,126 Industrial Road,,Beijing,Beijing,57606,Chile,18.78543,27.89425,,2012,,,2020-04-14T05:39:44.594Z
5edaf5fc-fb5a-4224-88e0-6ee0e97cd725,a355b262-f108-4bd3-a667-220684eb08fa,warehouse,Santiago warehouse,928 Industrial Road,,Santiago,Santiago,26322,Zimbabwe,10.51115,24.97892,,2013,,,2016-05-20T05:39:44.594Z
92688c88-2e82-4d1d-bff6-08bf307977dc,899e3891-f93f-4d0d-8a05-4f23adaeac21,r_and_d_center,Toronto r and d center,436 Industrial Road,,Toronto,Toronto,84830,Australia,-6.01715,95.6289,,2017,,,2017-07-29T05:39:44.594Z
b0caf467-3040-4e89-8cb3-b09905c96a59,6786451c-c5f5-4316-9fa5-7427bb245cfa,processing_plant,Buenos Aires processing plant,111 Industrial Road,,Buenos Aires,Buenos Aires,31716,Chile,14.04561,-103.07744,,2000,,,2017-10-15T05:39:44.594Z
2217eca2-4bc4-44ea-8408-a29fec2d69f6,58cdc450-a548-4401-8bf2-112ce2b3a84d,mining_operation,Perth mining operation,46 Industrial Road,,Perth,Perth,12759,Zimbabwe,7.36991,102.95972,43041,2020,,,2023-03-14T05:39:44.594Z
9837b366-7c45-403c-abed-ce358ee12b9f,3325ba7a-77e0-4a21-85bc-6ec7759c8e05,processing_plant,Buenos Aires processing plant,863 Industrial Road,,Buenos Aires,Buenos Aires,59357,Namibia,17.03526,-99.10592,,2008,,,2023-04-04T05:39:44.594Z
12fc0a3c-1ebc-44c2-9cba-4791f0f5ce5e,e87d343f-6e94-43b8-adde-6dc72f0bd7a1,office,Charlotte office,295 Industrial Road,,Charlotte,Charlotte,46583,Namibia,-27.5928,123.53631,,2006,,,2016-11-18T05:39:44.594Z
b632d071-6c34-4c95-9dec-95bb31104de5,ce7e8aa8-2bd9-4139-87d2-b1810e818017,office,Toronto office,789 Industrial Road,,Toronto,Toronto,20878,China,18.36607,-67.33949,,2007,,,2021-10-10T05:39:44.594Z
c6210943-0ae6-4938-8aee-bc9942c50bba,58dbceb8-d97c-4f7b-86d5-3596474df86c,processing_plant,Perth processing plant,970 Industrial Road,,Perth,Perth,74517,Zimbabwe,29.086,101.06908,,2024,,,2020-09-06T05:39:44.594Z
e5df80e5-a4f9-46fa-a9e6-3d0fe8aebe0a,3f719a20-196e-4723-8a34-9b1673a8bc47,mining_operation,Toronto mining operation,60 Industrial Road,,Toronto,Toronto,49871,China,29.61455,-74.17221,20874,2002,,,2022-02-16T05:39:44.594Z
895b85bb-8b7f-4dbc-bda4-63d41497051d,765d0fb4-d95b-4f37-9659-74ff955aacc3,mining_operation,Charlotte mining operation,85 Industrial Road,,Charlotte,Charlotte,61180,Canada,44.87542,-47.45479,26969,2011,,,2019-03-20T05:39:44.594Z
79782c09-f085-4df6-a2ed-0fa47d0f6211,15a2f15e-2b3b-4d6c-95c0-45c55b4da187,warehouse,Harare warehouse,789 Industrial Road,,Harare,Harare,15900,Canada,-11.51992,88.56698,,2012,,,2016-05-19T05:39:44.594Z
a20194f5-270b-46cb-ab8d-fbac2332550f,4de41147-0ced-42bb-9c8d-ca43be6d2b05,mining_operation,Beijing mining operation,697 Industrial Road,,Beijing,Beijing,34918,Argentina,14.14075,-46.52689,46431,2006,,,2019-08-06T05:39:44.594Z
fd7c3a02-811b-4382-93b3-e033526cf3c5,e9169f30-30a8-40fb-9a7b-89eb2e2c7e2b,office,Perth office,787 Industrial Road,,Perth,Perth,93305,Namibia,38.06468,-112.68045,,2001,,,2023-11-22T05:39:44.594Z
9c7ff64c-29b4-454d-bf10-27f756c1215c,a303100d-a5a2-46ee-8c2a-db05153285be,mining_operation,Toronto mining operation,141 Industrial Road,,Toronto,Toronto,32232,Zimbabwe,41.91129,-33.80166,18282,2021,,,2019-10-06T05:39:44.594Z
4bcc600b-5166-4f5a-accd-922a0b9b86dd,85f19c5f-c906-4131-a2e1-c7ee824853e5,mining_operation,Harare mining operation,911 Industrial Road,,Harare,Harare,34034,Zimbabwe,47.75626,25.44696,20458,2007,,,2016-04-12T05:39:44.594Z
a30d92b9-821f-4718-a176-5e720d0552f2,899e3891-f93f-4d0d-8a05-4f23adaeac21,r_and_d_center,Toronto r and d center,40 Industrial Road,,Toronto,Toronto,64095,Chile,37.58863,85.60672,,2006,,,2017-10-07T05:39:44.594Z
57c7ba19-25cb-405b-95f9-68bef55da120,5d5649db-7391-4669-88d9-6673def550de,mining_operation,Charlotte mining operation,473 Industrial Road,,Charlotte,Charlotte,44821,Argentina,28.17904,-67.23928,38245,2002,,,2024-12-14T05:39:44.594Z
2a6b8b7b-69ec-4f2a-8fb2-c435dfba4a47,58b993bc-0e84-4dad-885f-5ff25ab85520,processing_plant,Harare processing plant,890 Industrial Road,,Harare,Harare,46916,United States,-32.23955,-119.6924,,2011,,,2019-09-25T05:39:44.594Z
bf889697-8da1-4f2e-9ca1-0a4578eb6f15,cae4d6b6-f6a4-4fc0-a3e6-123a72de64fa,processing_plant,Harare processing plant,893 Industrial Road,,Harare,Harare,59268,Argentina,0.42064,-108.25324,,2009,,,2021-03-03T05:39:44.594Z
e587f916-1401-42b2-835f-5c26cc946c0c,9df72f32-5c7d-4901-98e1-1b6eb377f49c,office,Toronto office,893 Industrial Road,,Toronto,Toronto,89385,Australia,6.25671,95.7628,,2019,,,2019-01-20T05:39:44.594Z
6b0f25ca-e0ae-4333-871a-fdd70d2bb537,170c951d-32a9-4902-8594-379c4591e480,mining_operation,Beijing mining operation,776 Industrial Road,,Beijing,Beijing,34075,Canada,-3.23065,117.4343,9476,2015,,,2022-05-12T05:39:44.594Z
dcb87cdb-5613-42a4-b611-d45e1c49d5ff,86840899-7fd7-43ef-bb0b-d9662d595c82,mining_operation,Buenos Aires mining operation,739 Industrial Road,,Buenos Aires,Buenos Aires,79905,Zimbabwe,-6.36458,7.17802,19475,2018,,,2016-06-18T05:39:44.594Z
ae4e9b43-01d4-4b8c-8dcf-e651e242a294,c6fd996f-9111-44dd-8a5c-447d9ec855ce,warehouse,Beijing warehouse,14 Industrial Road,,Beijing,Beijing,46984,Chile,42.87045,81.81308,,2014,,,2021-07-31T05:39:44.594Z
ae84cea0-9ccb-4869-b160-3731e0a1d863,33341bfa-7a02-4df4-8eb7-e343553bacdd,mining_operation,Toronto mining operation,87 Industrial Road,,Toronto,Toronto,78287,Argentina,-5.40887,108.32273,49141,2003,,,2023-03-24T05:39:44.594Z
f6dc8daa-4875-4f52-81a8-392398b2a6aa,7d9de43b-e552-4a17-b164-3bc041b4bdc9,warehouse,Harare warehouse,701 Industrial Road,,Harare,Harare,29541,Australia,-32.7328,-77.21575,,2002,,,2022-12-29T05:39:44.594Z
c27f262f-74fa-4f70-8dbb-44fe759d8a7e,0458e690-7a4d-4c4b-a012-50fdc11f13f9,r_and_d_center,Santiago r and d center,573 Industrial Road,,Santiago,Santiago,18096,Canada,-4.64747,1.51164,,2016,,,2024-03-08T05:39:44.594Z
529c9bce-834f-4294-b3c7-36affda5e2a3,c43156d6-c9e0-40c1-98e7-8e1fa8d3aaa5,warehouse,Beijing warehouse,408 Industrial Road,,Beijing,Beijing,12509,United States,27.1331,-75.06103,,2004,,,2018-05-09T05:39:44.594Z
6d4e1a9a-ba55-459f-ac1c-29675874da04,ee2e59c2-0031-48e5-8e02-06bcc4fc83f7,warehouse,Toronto warehouse,524 Industrial Road,,Toronto,Toronto,66523,Australia,-9.34953,-2.54936,,2018,,,2020-09-15T05:39:44.594Z
ff656683-110b-4347-acee-d946089d3858,277bf9bb-fafe-41f0-903a-c7debfdda64b,office,Charlotte office,457 Industrial Road,,Charlotte,Charlotte,71718,China,16.06744,-5.21006,,2003,,,2016-05-26T05:39:44.594Z
1a5a152c-03f0-4033-8a1b-f9dd2d1fcf5e,526452e8-c64a-4b48-a821-9a65c3d3da45,warehouse,Harare warehouse,822 Industrial Road,,Harare,Harare,43262,Australia,4.73994,74.59593,,2019,,,2018-12-04T05:39:44.594Z
25b5836a-15a3-48a4-b21d-b13b3d968117,77a43956-c6c9-4ba6-96ea-337574954ed2,mining_operation,Buenos Aires mining operation,150 Industrial Road,,Buenos Aires,Buenos Aires,46829,Zimbabwe,2.8118,-11.59273,13164,2002,,,2023-08-26T05:39:44.594Z
e54f14ab-ee00-4d67-8c0d-223e26ea6faa,cf9be32a-f138-41c4-b44b-755d39c6f0d3,office,Santiago office,417 Industrial Road,,Santiago,Santiago,36362,Zimbabwe,-11.13591,27.94861,,2001,,,2017-12-01T05:39:44.594Z
1b992e4f-2b71-4982-926a-fd49b76ced1f,5ae88a11-3e4e-44bd-882c-16084a57f8cc,warehouse,Perth warehouse,770 Industrial Road,,Perth,Perth,74466,China,21.90425,-25.0274,,2019,,,2019-05-12T05:39:44.594Z
493c2c10-a49a-4973-9e91-a926a40ce73b,0e47e6d4-bb17-4ac5-a2fa-2e1f2f96443e,office,Beijing office,113 Industrial Road,,Beijing,Beijing,15379,United States,21.73448,54.18731,,2003,,,2019-07-17T05:39:44.594Z
44f36014-9502-428f-ba34-b99e3b25a72d,84e986ac-d907-4062-b8a1-76728cedcc12,warehouse,Beijing warehouse,716 Industrial Road,,Beijing,Beijing,65788,Australia,4.29014,-108.5282,,2017,,,2021-08-26T05:39:44.594Z
6ebb2fc4-1ca3-4de5-a18b-4a7c2b166e67,d4507d8e-c7cb-462f-bbb7-77ad981830f8,mining_operation,Buenos Aires mining operation,189 Industrial Road,,Buenos Aires,Buenos Aires,42631,China,-19.54154,33.32308,21530,2008,,,2016-10-10T05:39:44.594Z
11954886-c82d-4e83-9092-71b5940b1dc3,170c951d-32a9-4902-8594-379c4591e480,processing_plant,Buenos Aires processing plant,186 Industrial Road,,Buenos Aires,Buenos Aires,97319,Chile,25.18325,90.99045,,2020,,,2019-02-12T05:39:44.594Z
23b1a00d-d711-4688-86f1-9f487fea24a9,09191d79-d858-43a1-8a44-050d114344a7,office,Harare office,163 Industrial Road,,Harare,Harare,76271,Chile,26.39291,-42.70642,,2011,,,2019-09-06T05:39:44.594Z
f2c29d2a-f2dc-4aa7-b3da-81c5c8601a5d,b76f14c3-32ac-44cf-9716-780bbb7f98f9,r_and_d_center,Perth r and d center,778 Industrial Road,,Perth,Perth,25286,Australia,34.21848,23.14599,,2012,,,2020-10-15T05:39:44.594Z
f4e3b030-d8c3-473f-b77a-7e47e7aa3ee7,9111d683-0be7-422c-b2d1-c65d47891556,mining_operation,Perth mining operation,147 Industrial Road,,Perth,Perth,96650,Zimbabwe,-8.32838,-72.9929,37119,2007,,,2021-10-08T05:39:44.594Z
3ec1053b-59b4-46e1-a633-5ddfe9aa2f5a,71d2fbdb-0b1f-45df-b294-45de2760278a,office,Beijing office,141 Industrial Road,,Beijing,Beijing,46528,Canada,47.53545,-58.50641,,2004,,,2022-02-23T05:39:44.594Z
99ce8453-104a-431f-916f-9c717cf96ea8,9e435b1b-3b26-4f4b-9b97-17ba2e5c1452,processing_plant,Perth processing plant,484 Industrial Road,,Perth,Perth,73702,Canada,18.89431,129.82488,,2020,,,2019-12-13T05:39:44.594Z
c14816da-5a2f-4c33-be92-bb721ce7f440,27fd484d-a62a-4a6b-9724-a3a1ef7169ca,office,Harare office,688 Industrial Road,,Harare,Harare,24799,Argentina,37.80658,122.29369,,2021,,,2020-10-14T05:39:44.594Z
9a952dd3-403d-46b2-9417-ed82ad1841dc,2fdb218f-c48f-4de7-ad02-fd395117beb6,mining_operation,Windhoek mining operation,212 Industrial Road,,Windhoek,Windhoek,89057,Namibia,1.37799,42.15495,6790,2002,,,2022-09-20T05:39:44.594Z
3b3ad569-ed2a-460b-a03c-9145890b5400,77a43956-c6c9-4ba6-96ea-337574954ed2,office,Perth office,990 Industrial Road,,Perth,Perth,71719,United States,2.95452,-15.32972,,2009,,,2019-03-21T05:39:44.594Z
f42a7484-48ca-46c8-9819-e53410789d48,118593b5-e3ba-4913-84df-2e25239acec2,warehouse,Harare warehouse,586 Industrial Road,,Harare,Harare,12516,Argentina,-16.3561,59.20186,,2015,,,2018-12-26T05:39:44.594Z
18844a2e-a930-4705-8d41-3283a4377835,a355b262-f108-4bd3-a667-220684eb08fa,r_and_d_center,Buenos Aires r and d center,433 Industrial Road,,Buenos Aires,Buenos Aires,28918,United States,-31.21153,59.0735,,2012,,,2017-05-31T05:39:44.594Z
8dd57978-0397-48e9-b744-0f7669f9d471,5c40cade-c942-4528-8048-02a989eed85d,office,Buenos Aires office,952 Industrial Road,,Buenos Aires,Buenos Aires,19695,Argentina,-28.62892,56.86632,,2016,,,2021-05-14T05:39:44.594Z
3c26d7be-a16a-4053-b9ec-ec9f47a79fcb,265c448a-aec6-45d7-8da5-7ae53396b777,office,Buenos Aires office,733 Industrial Road,,Buenos Aires,Buenos Aires,19571,United States,36.81763,-110.29473,,2004,,,2016-07-15T05:39:44.594Z
ba41459e-bf7f-4cc4-9ba6-cdece29e4c30,0971e222-5719-489b-af2c-7a9d9a5a1651,r_and_d_center,Perth r and d center,785 Industrial Road,,Perth,Perth,98163,Zimbabwe,-31.61418,-107.57365,,2021,,,2020-06-28T05:39:44.594Z
eb16d119-ddfd-444f-9326-b7be3bbb5bfd,c6fd996f-9111-44dd-8a5c-447d9ec855ce,r_and_d_center,Charlotte r and d center,726 Industrial Road,,Charlotte,Charlotte,45445,Canada,-19.41856,85.13343,,2021,,,2021-12-24T05:39:44.594Z
541722dd-8c25-4ae9-9b0d-392eb7d80afc,9df72f32-5c7d-4901-98e1-1b6eb377f49c,warehouse,Perth warehouse,547 Industrial Road,,Perth,Perth,62172,Canada,-3.24998,47.18606,,2016,,,2021-10-15T05:39:44.594Z
6bcbf986-05f9-4278-ace3-d487a095a18a,4b7b5184-e4a5-40a9-8953-c01a40ae7bb1,r_and_d_center,Beijing r and d center,301 Industrial Road,,Beijing,Beijing,46768,Chile,-3.98144,-101.32693,,2022,,,2016-08-30T05:39:44.594Z
4cd72a5e-f693-4abc-a017-5ff5dcd710b3,420bfee0-8d70-4bca-a8a3-5664e72d8fef,office,Beijing office,263 Industrial Road,,Beijing,Beijing,64260,Chile,0.14662,-53.88973,,2006,,,2018-10-23T05:39:44.594Z
26ed022c-bd22-4a03-8996-613100324980,e9169f30-30a8-40fb-9a7b-89eb2e2c7e2b,office,Charlotte office,623 Industrial Road,,Charlotte,Charlotte,71260,Australia,-4.36163,115.31762,,2022,,,2016-09-22T05:39:44.594Z
16f6cee2-69f8-4edd-9f17-3e15229f4e7c,bf88a555-918c-492c-9f7e-52f3067cd1fa,mining_operation,Harare mining operation,579 Industrial Road,,Harare,Harare,72521,Zimbabwe,-5.34406,47.39226,22245,2024,,,2024-12-15T05:39:44.594Z
e437bf36-cc70-4a66-9f70-d61bf1267428,f94d5403-17e2-4a5f-b88e-cc45d1fcc9fd,mining_operation,Charlotte mining operation,823 Industrial Road,,Charlotte,Charlotte,26610,Chile,-5.48302,5.74565,5592,2011,,,2020-05-07T05:39:44.594Z
3e7f2be1-8769-476b-848e-430d500e3e78,f0c10fd4-4824-48f0-8cf6-69a22c1b43f2,warehouse,Harare warehouse,206 Industrial Road,,Harare,Harare,13106,Namibia,26.16937,106.42354,,2003,,,2016-09-10T05:39:44.594Z
31f4621c-145d-44ea-bb0e-00dc293bf33a,5663ce32-a0ed-4c94-ac7f-ac4a0f9b179c,warehouse,Santiago warehouse,52 Industrial Road,,Santiago,Santiago,53151,Namibia,26.16994,74.82049,,2004,,,2019-02-20T05:39:44.594Z
d5124cd2-c837-4721-bb38-33bdef2e5d5b,58cdc450-a548-4401-8bf2-112ce2b3a84d,r_and_d_center,Perth r and d center,25 Industrial Road,,Perth,Perth,67108,United States,37.88506,-1.84103,,2012,,,2017-12-21T05:39:44.594Z
bae7c245-d918-4812-b0ca-8256c90075df,b76f14c3-32ac-44cf-9716-780bbb7f98f9,warehouse,Harare warehouse,148 Industrial Road,,Harare,Harare,59918,Namibia,-9.56523,122.47871,,2014,,,2016-03-04T05:39:44.594Z
3b476ec1-5260-41c0-b018-e0fcc7d4a465,46aa2e65-5481-48a0-a421-7cb0e2e0a8e9,warehouse,Windhoek warehouse,532 Industrial Road,,Windhoek,Windhoek,59314,United States,-4.31462,-45.56499,,2017,,,2019-02-12T05:39:44.594Z
f49a2ac2-52f7-4e49-8265-70281d6db194,4022a232-e169-44e0-8c38-ebc6e00bb23e,mining_operation,Charlotte mining operation,623 Industrial Road,,Charlotte,Charlotte,55561,Zimbabwe,-2.84722,-72.47832,20749,2008,,,2016-11-24T05:39:44.594Z
9766daf4-91e4-4cd7-bd14-527f58595553,9111d683-0be7-422c-b2d1-c65d47891556,r_and_d_center,Charlotte r and d center,126 Industrial Road,,Charlotte,Charlotte,97650,Argentina,-32.76205,-0.32843,,2018,,,2018-08-10T05:39:44.594Z
1c2c0191-4742-4bcc-93c5-5869435e9767,87519094-b5f3-4ef6-9d9c-8e503fcfed38,r_and_d_center,Santiago r and d center,955 Industrial Road,,Santiago,Santiago,50091,Namibia,-21.86509,-68.82046,,2000,,,2016-02-13T05:39:44.594Z
f26ee77e-e60c-4162-ab7e-aec8c341312f,92e40224-054a-4586-9281-4b7fc2df2278,processing_plant,Santiago processing plant,526 Industrial Road,,Santiago,Santiago,85141,Namibia,7.67692,-92.22765,,2021,,,2016-04-09T05:39:44.594Z
78644466-9a49-490d-b433-575c66d1a6f8,7d9de43b-e552-4a17-b164-3bc041b4bdc9,mining_operation,Buenos Aires mining operation,860 Industrial Road,,Buenos Aires,Buenos Aires,66186,China,27.55892,-68.03539,22722,2022,,,2024-06-29T05:39:44.594Z
be27369d-6e39-4ad9-adc8-ab746251a301,4d60b8b2-a348-477a-a5e2-969415d5b2ad,mining_operation,Charlotte mining operation,237 Industrial Road,,Charlotte,Charlotte,15099,United States,-11.42137,-65.84383,29944,2000,,,2020-03-15T05:39:44.594Z
cd869ede-07fc-4b3a-a1c1-0281e394162d,b69730b6-17d6-4542-aa43-08d7f788dacc,office,Charlotte office,132 Industrial Road,,Charlotte,Charlotte,67189,United States,-22.60189,75.99895,,2018,,,2018-02-04T05:39:44.594Z
6e25c8fc-9a3e-454c-906a-2228b5b28814,cbf172d5-a1ac-4e8a-afc0-e4f5ac9c76ac,r_and_d_center,Santiago r and d center,792 Industrial Road,,Santiago,Santiago,54492,Canada,3.5584,93.63977,,2019,,,2018-06-02T05:39:44.594Z
7f347d40-def8-49ba-989e-18a40db7d2f0,90be6962-3f84-4ae1-b418-fc65256c02d0,processing_plant,Toronto processing plant,2 Industrial Road,,Toronto,Toronto,42920,Zimbabwe,12.56816,122.1026,,2016,,,2022-08-04T05:39:44.594Z
9e44c33b-920d-4966-997d-29785d3c3da4,33341bfa-7a02-4df4-8eb7-e343553bacdd,r_and_d_center,Harare r and d center,114 Industrial Road,,Harare,Harare,44291,Australia,-2.15344,-116.75617,,2019,,,2021-06-08T05:39:44.594Z
770c0a4d-1d99-4e90-8399-222774f4e26b,07d0779a-7ff7-4ee0-b847-3d7249aff3bf,mining_operation,Windhoek mining operation,505 Industrial Road,,Windhoek,Windhoek,15238,Chile,-33.49654,-103.35224,16016,2004,,,2020-01-20T05:39:44.594Z
af016bb9-8ccc-4127-90c8-26e6e4329d4b,58cdc450-a548-4401-8bf2-112ce2b3a84d,office,Toronto office,915 Industrial Road,,Toronto,Toronto,74362,China,14.47871,36.04692,,2022,,,2021-02-10T05:39:44.594Z
7a55b0cf-55be-4c64-bf6b-537abcd3c946,46aa2e65-5481-48a0-a421-7cb0e2e0a8e9,mining_operation,Beijing mining operation,856 Industrial Road,,Beijing,Beijing,15090,Namibia,27.52861,-9.6331,48944,2020,,,2021-02-24T05:39:44.594Z
dc34dacc-2263-4e46-b99e-8c34a95c788c,e73e62f8-b739-4184-9c94-fef86df770a0,warehouse,Windhoek warehouse,391 Industrial Road,,Windhoek,Windhoek,49581,United States,-13.26673,38.72123,,2018,,,2019-02-15T05:39:44.594Z
e4d5dd84-1d28-40f7-bd60-6396e319b499,f790d565-6d60-476b-bad7-8dfeb8211617,processing_plant,Perth processing plant,536 Industrial Road,,Perth,Perth,39373,Chile,1.60863,-11.83446,,2008,,,2023-02-14T05:39:44.594Z
22297263-a11c-47c2-a303-14629b75c36e,526452e8-c64a-4b48-a821-9a65c3d3da45,office,Toronto office,315 Industrial Road,,Toronto,Toronto,87129,Chile,-22.34009,-84.0793,,2015,,,2016-07-17T05:39:44.594Z
549843f4-699d-4c60-ad2f-c719991113ab,a12299a4-2c5b-42a9-ba81-b50ed03324ea,processing_plant,Windhoek processing plant,443 Industrial Road,,Windhoek,Windhoek,57848,United States,13.03254,22.70212,,2000,,,2021-09-24T05:39:44.594Z
24eb8a76-16d3-4633-bd42-78df6542c775,7e6280d4-3563-4ed6-a2b0-1faeda9e2b74,processing_plant,Windhoek processing plant,417 Industrial Road,,Windhoek,Windhoek,88136,Argentina,40.97887,-26.56753,,2024,,,2019-03-31T05:39:44.594Z
673b9bd2-972c-41df-8e33-408ed5717253,d108e80f-d16f-4dbc-b16f-1587d9c2e46e,office,Perth office,250 Industrial Road,,Perth,Perth,94310,United States,-2.74463,-41.32825,,2021,,,2020-08-02T05:39:44.594Z
cb3863a9-9bb1-4561-a227-4778ba507447,4942af99-35dc-4674-8541-92dc7395fa0b,office,Toronto office,842 Industrial Road,,Toronto,Toronto,22546,Chile,-25.13371,-101.63539,,2020,,,2023-12-14T05:39:44.594Z
d618e2e3-facf-46f2-80e7-4ff1e0af3baf,a355b262-f108-4bd3-a667-220684eb08fa,mining_operation,Windhoek mining operation,766 Industrial Road,,Windhoek,Windhoek,70972,Argentina,22.07691,87.18616,40138,2024,,,2024-11-22T05:39:44.594Z
96168bc5-3f9b-4442-afe1-ae3dd28fac05,f16cc7d8-2a7e-4a46-af12-1f1b632bb344,office,Buenos Aires office,776 Industrial Road,,Buenos Aires,Buenos Aires,41747,China,-17.38759,17.48049,,2011,,,2023-03-22T05:39:44.594Z
011b6f37-8d31-44e7-8dc2-d66184654499,bf88a555-918c-492c-9f7e-52f3067cd1fa,warehouse,Perth warehouse,628 Industrial Road,,Perth,Perth,42080,Australia,22.79939,74.35925,,2007,,,2017-12-13T05:39:44.594Z
e8f8ae56-30d7-43a6-a713-5525262a9a06,526452e8-c64a-4b48-a821-9a65c3d3da45,mining_operation,Beijing mining operation,225 Industrial Road,,Beijing,Beijing,62123,China,3.99628,-67.65929,5832,2018,,,2018-08-06T05:39:44.594Z
6f93ded2-8319-4542-a283-a311d261eefc,ede7df30-7bd2-4b90-8cff-36f93936be94,mining_operation,Beijing mining operation,964 Industrial Road,,Beijing,Beijing,14887,Australia,-33.90575,111.41217,31669,2004,,,2021-06-29T05:39:44.594Z
d5e6c656-4639-431c-bca4-469f61eea812,e87d343f-6e94-43b8-adde-6dc72f0bd7a1,mining_operation,Harare mining operation,541 Industrial Road,,Harare,Harare,93955,Namibia,-14.83376,-23.84633,35389,2008,,,2018-10-30T05:39:44.594Z
1095d8ef-042b-4b6b-88d6-2060cfb2bb50,a303100d-a5a2-46ee-8c2a-db05153285be,mining_operation,Harare mining operation,521 Industrial Road,,Harare,Harare,55856,United States,27.93861,43.21318,8681,2022,,,2020-02-16T05:39:44.594Z
353916b6-b913-4d96-9353-a8c40c2a7d4b,46aa2e65-5481-48a0-a421-7cb0e2e0a8e9,mining_operation,Harare mining operation,242 Industrial Road,,Harare,Harare,35570,Argentina,21.62956,52.18787,6977,2013,,,2022-04-24T05:39:44.594Z
82e5cdc7-6f38-49cd-b76e-275b84dc2d2e,2937e4da-c227-4989-8313-267a692ccb74,warehouse,Harare warehouse,521 Industrial Road,,Harare,Harare,40112,Namibia,42.83748,48.57279,,2022,,,2019-09-26T05:39:44.594Z
b581828d-68e4-404c-b9f9-b1570b5a9fab,48064f65-e81f-4fb0-abf6-e1cf4cd9f253,processing_plant,Perth processing plant,250 Industrial Road,,Perth,Perth,26882,Argentina,18.21968,13.23134,,2011,,,2022-05-11T05:39:44.594Z
73f0edaa-4ba8-4eb6-93b8-fe9731fc461f,4de41147-0ced-42bb-9c8d-ca43be6d2b05,warehouse,Beijing warehouse,438 Industrial Road,,Beijing,Beijing,70193,Chile,18.38128,-110.56637,,2008,,,2019-10-17T05:39:44.594Z
935e6d78-bebf-413e-b967-4c9781acee05,5c40cade-c942-4528-8048-02a989eed85d,r_and_d_center,Harare r and d center,920 Industrial Road,,Harare,Harare,72377,Australia,-18.19124,9.58866,,2021,,,2023-09-15T05:39:44.594Z
9713bcd8-c934-4cfd-a185-18c5856d7df9,e25887d0-5884-4785-a22c-af72e2626bd4,r_and_d_center,Beijing r and d center,978 Industrial Road,,Beijing,Beijing,76918,China,-33.98769,6.05599,,2023,,,2022-06-02T05:39:44.594Z
5b767f56-d0f7-4742-9bfe-1fe5b1161466,b69730b6-17d6-4542-aa43-08d7f788dacc,processing_plant,Windhoek processing plant,622 Industrial Road,,Windhoek,Windhoek,19594,China,48.77254,-93.04913,,2014,,,2019-02-17T05:39:44.594Z
5c3c88db-ddfc-4dc2-aa08-4893269350bf,86840899-7fd7-43ef-bb0b-d9662d595c82,processing_plant,Charlotte processing plant,962 Industrial Road,,Charlotte,Charlotte,69578,Australia,-32.1778,38.04786,,2001,,,2020-02-09T05:39:44.594Z
d055bed0-a01d-4a2b-9a2f-2a40fce9482c,2f754c55-e158-45fa-be6b-851496b9ea40,warehouse,Buenos Aires warehouse,797 Industrial Road,,Buenos Aires,Buenos Aires,35898,Australia,6.47262,-29.007,,2024,,,2020-02-03T05:39:44.594Z
d710ce31-4e83-486b-83cf-d4463fa51a9a,41d792b5-41a9-4c17-b696-2ec29efd8321,office,Perth office,187 Industrial Road,,Perth,Perth,13273,Argentina,-3.83346,80.62311,,2001,,,2022-06-01T05:39:44.594Z
80853d66-9842-427c-8e71-b2e547f51312,a8c6fa9f-f909-4d6b-bd41-e31472c2c9fb,warehouse,Santiago warehouse,449 Industrial Road,,Santiago,Santiago,43563,Australia,-21.15536,54.74001,,2005,,,2020-01-31T05:39:44.594Z
e3660e62-a8f3-4495-8a59-18fb99bd09a6,a9f4a45c-896f-4699-bdb5-053a60619f4e,r_and_d_center,Santiago r and d center,626 Industrial Road,,Santiago,Santiago,11619,Chile,-29.44999,116.75495,,2018,,,2018-05-27T05:39:44.594Z
7b6b1cb2-ba7c-485b-9382-50327eb47dcb,2f754c55-e158-45fa-be6b-851496b9ea40,office,Harare office,451 Industrial Road,,Harare,Harare,25607,Australia,-21.10841,-21.14947,,2019,,,2021-04-03T05:39:44.594Z
101b1811-cee2-4871-9095-2075d080ac4c,c0124f38-aa90-4f77-a4d2-4ffebd19ff19,office,Santiago office,947 Industrial Road,,Santiago,Santiago,44449,Australia,-2.08328,-86.59851,,2016,,,2019-08-22T05:39:44.594Z
9ca5774c-01ab-49f1-ba9e-e656f67070bd,9639e31d-91c0-43bd-a926-d55c4211676e,processing_plant,Beijing processing plant,555 Industrial Road,,Beijing,Beijing,31165,China,46.66055,83.68341,,2002,,,2018-05-29T05:39:44.594Z
093a7981-4b4a-4164-89ca-35573df8fd68,c0124f38-aa90-4f77-a4d2-4ffebd19ff19,office,Harare office,259 Industrial Road,,Harare,Harare,95345,Chile,-4.78569,98.91297,,2003,,,2017-05-11T05:39:44.594Z
44493ba6-7744-4039-b4ec-16995def7011,f0c10fd4-4824-48f0-8cf6-69a22c1b43f2,r_and_d_center,Toronto r and d center,606 Industrial Road,,Toronto,Toronto,31207,Zimbabwe,-26.85379,95.40031,,2020,,,2023-01-15T05:39:44.594Z
d34f4d61-a6e3-4236-b4ef-e99c3da0796b,3926362c-b964-4f16-bb68-8c63ae3ee25f,mining_operation,Toronto mining operation,81 Industrial Road,,Toronto,Toronto,99621,Canada,33.37073,-108.63902,31527,2006,,,2019-10-03T05:39:44.594Z
054c4c1e-6a45-4e80-82ba-98b638a32e7b,0208e2ff-4c35-4e75-8fc2-e9999728b4e3,office,Beijing office,602 Industrial Road,,Beijing,Beijing,62863,Chile,18.17759,-35.96918,,2005,,,2022-01-11T05:39:44.594Z
8e9b6ba9-2d26-43ab-8854-888773c70016,a20dbd32-a765-4c3b-bc92-003c072148dc,mining_operation,Buenos Aires mining operation,411 Industrial Road,,Buenos Aires,Buenos Aires,28461,Namibia,21.51805,-104.31028,15544,2012,,,2023-07-04T05:39:44.594Z
5deb19a1-81cf-4f09-9f39-ee07ef642831,7f8fe15b-7d71-48da-8487-0aaa6b197c9b,warehouse,Santiago warehouse,36 Industrial Road,,Santiago,Santiago,81063,Zimbabwe,-17.93003,110.77736,,2014,,,2021-09-16T05:39:44.594Z
9fbdec44-2f14-4a29-bf80-733c9ef79f68,7e6280d4-3563-4ed6-a2b0-1faeda9e2b74,office,Beijing office,130 Industrial Road,,Beijing,Beijing,59147,Australia,10.1729,-101.62299,,2023,,,2021-09-07T05:39:44.595Z
b08a0ef2-5f0b-42d3-b8b0-f28fe0419255,0458e690-7a4d-4c4b-a012-50fdc11f13f9,office,Charlotte office,298 Industrial Road,,Charlotte,Charlotte,67526,Canada,-18.29069,47.80505,,2008,,,2023-02-12T05:39:44.595Z
af7feeaa-2506-483a-824d-9ed9cfcb3812,4b7b5184-e4a5-40a9-8953-c01a40ae7bb1,r_and_d_center,Santiago r and d center,330 Industrial Road,,Santiago,Santiago,54079,China,-19.08252,8.74826,,2023,,,2021-03-15T05:39:44.595Z
1ccf1957-3237-4502-92ad-997bcc7b7395,27fd484d-a62a-4a6b-9724-a3a1ef7169ca,mining_operation,Buenos Aires mining operation,650 Industrial Road,,Buenos Aires,Buenos Aires,98021,United States,23.31473,-34.57725,19580,2020,,,2017-11-24T05:39:44.595Z
13702d88-b7ae-4502-a5e4-b893eecf68ff,0af35e47-626b-47c8-9e0b-9872a03ae8b6,warehouse,Santiago warehouse,462 Industrial Road,,Santiago,Santiago,17208,China,12.16311,107.01436,,2002,,,2018-07-02T05:39:44.595Z
39a6ba50-5484-4bd4-b35f-11073987084f,2da0a606-c888-4caa-8d0c-81d3aed13dba,r_and_d_center,Beijing r and d center,22 Industrial Road,,Beijing,Beijing,35979,Australia,49.20254,-40.11434,,2019,,,2023-04-08T05:39:44.595Z
c6341776-7137-435c-afb0-d9ab2015d63e,58cdc450-a548-4401-8bf2-112ce2b3a84d,mining_operation,Perth mining operation,258 Industrial Road,,Perth,Perth,92901,China,35.23533,-25.67248,46770,2021,,,2023-01-16T05:39:44.595Z
0aa8c0ff-d4ad-4e11-b45b-9ca3e3b7f009,86840899-7fd7-43ef-bb0b-d9662d595c82,processing_plant,Windhoek processing plant,708 Industrial Road,,Windhoek,Windhoek,40813,United States,36.4458,22.08648,,2001,,,2021-05-24T05:39:44.595Z
1502a7d7-5089-47ef-8096-d2ee175f8c7b,03d7c773-07d1-4c54-87fd-e34038901632,processing_plant,Toronto processing plant,681 Industrial Road,,Toronto,Toronto,74769,Chile,-33.78867,68.94507,,2006,,,2017-09-07T05:39:44.595Z
2c0be94f-81b4-4372-836d-f04326649341,85f19c5f-c906-4131-a2e1-c7ee824853e5,warehouse,Charlotte warehouse,826 Industrial Road,,Charlotte,Charlotte,49118,United States,-25.31436,1.51933,,2022,,,2017-10-08T05:39:44.595Z
4f736876-8294-461b-8792-794ff721d84c,e897675f-2cb6-40c7-84a0-7f4b1434e0cd,mining_operation,Windhoek mining operation,947 Industrial Road,,Windhoek,Windhoek,53516,Zimbabwe,-15.16019,-77.04048,9203,2018,,,2023-07-01T05:39:44.595Z
8130ecbc-9fb3-4965-a70c-12b864ff65d7,4ab2dd23-7743-42ea-91be-b20cd0b3d3c5,r_and_d_center,Buenos Aires r and d center,890 Industrial Road,,Buenos Aires,Buenos Aires,39021,China,31.40504,40.72927,,2013,,,2021-01-24T05:39:44.595Z
6cad4161-ef82-4607-bc79-ef4ed00dc669,3969643f-066c-4899-9665-45657442ebf6,mining_operation,Beijing mining operation,237 Industrial Road,,Beijing,Beijing,66851,Australia,-34.00506,-43.99493,28189,2010,,,2016-12-01T05:39:44.595Z
cdd3d6be-5019-4930-9daf-e76448f2568f,8d89e775-abf3-4f31-aa0f-9466b6fecfb4,mining_operation,Windhoek mining operation,392 Industrial Road,,Windhoek,Windhoek,74978,Argentina,23.75159,-116.3853,45889,2014,,,2019-03-30T05:39:44.595Z
f76b3308-1668-4df9-aaa6-36de02d8367a,84eff56b-69e2-4013-a4c7-e08471bda854,r_and_d_center,Buenos Aires r and d center,229 Industrial Road,,Buenos Aires,Buenos Aires,12232,Australia,41.08433,36.96753,,2009,,,2024-10-31T05:39:44.595Z
21aeab88-0deb-478f-a847-394d686db822,5cdac5bc-c951-45be-a3ba-070a1a280fde,mining_operation,Harare mining operation,690 Industrial Road,,Harare,Harare,35214,Chile,13.60039,104.82595,30122,2021,,,2018-02-05T05:39:44.595Z
3f711255-46f7-4763-b5a7-d6bc405f08cc,b81d6b03-e5b8-4775-ae41-f217e25d8d23,mining_operation,Harare mining operation,50 Industrial Road,,Harare,Harare,63753,Zimbabwe,29.61004,-85.96386,32606,2002,,,2022-08-29T05:39:44.595Z
a827386a-d52d-4c79-b449-e19e075ebe55,4de41147-0ced-42bb-9c8d-ca43be6d2b05,warehouse,Windhoek warehouse,263 Industrial Road,,Windhoek,Windhoek,15805,Zimbabwe,-11.93207,-32.50038,,2013,,,2019-01-30T05:39:44.595Z
cf6c80d1-33f7-49ce-a4f7-4d131e10b0c3,e73e62f8-b739-4184-9c94-fef86df770a0,mining_operation,Santiago mining operation,484 Industrial Road,,Santiago,Santiago,37537,Canada,1.96622,64.65869,22097,2021,,,2024-12-27T05:39:44.595Z
ac951d7a-309c-49eb-b727-1772e90491e4,90be6962-3f84-4ae1-b418-fc65256c02d0,r_and_d_center,Windhoek r and d center,209 Industrial Road,,Windhoek,Windhoek,98148,Zimbabwe,-17.58514,-65.41788,,2007,,,2020-09-02T05:39:44.595Z
7718dfde-87cf-4833-bbca-726de6c67a07,bf88a555-918c-492c-9f7e-52f3067cd1fa,processing_plant,Windhoek processing plant,259 Industrial Road,,Windhoek,Windhoek,83336,Zimbabwe,-34.59372,-111.19607,,2000,,,2019-07-01T05:39:44.595Z
93088d8b-2f4e-42d7-b1a2-d93239c960b5,0e47e6d4-bb17-4ac5-a2fa-2e1f2f96443e,mining_operation,Toronto mining operation,122 Industrial Road,,Toronto,Toronto,31856,Australia,9.52343,98.08426,49696,2016,,,2020-01-08T05:39:44.595Z
462f078f-ee99-4cf5-a0f6-82b23102ab21,7e6280d4-3563-4ed6-a2b0-1faeda9e2b74,r_and_d_center,Beijing r and d center,80 Industrial Road,,Beijing,Beijing,70878,Namibia,27.2999,-90.83554,,2001,,,2022-07-07T05:39:44.595Z
a3c559d0-453a-4d5f-8ffa-8d96f165f2bf,b7b17528-c4fd-4a36-a27a-eb178e66ee70,r_and_d_center,Toronto r and d center,363 Industrial Road,,Toronto,Toronto,68612,Argentina,1.65128,-2.48036,,2001,,,2019-06-26T05:39:44.595Z
e7d32f73-3c90-45fd-8150-3b19b031b7c3,4022a232-e169-44e0-8c38-ebc6e00bb23e,processing_plant,Windhoek processing plant,903 Industrial Road,,Windhoek,Windhoek,59491,Zimbabwe,-12.0543,-23.65023,,2000,,,2017-12-21T05:39:44.595Z
5b785f99-d9b9-4a0b-95f6-75e3664b7c69,bf88a555-918c-492c-9f7e-52f3067cd1fa,processing_plant,Perth processing plant,989 Industrial Road,,Perth,Perth,64176,United States,28.24174,86.4577,,2011,,,2024-01-08T05:39:44.595Z
94e2fdcb-4226-4428-8cb4-3ea2bc28f1b8,c0124f38-aa90-4f77-a4d2-4ffebd19ff19,r_and_d_center,Buenos Aires r and d center,376 Industrial Road,,Buenos Aires,Buenos Aires,77216,Namibia,44.8064,96.72799,,2020,,,2018-06-20T05:39:44.595Z
e21efccc-35fc-4750-bfc7-f4f7e1c944c2,e897675f-2cb6-40c7-84a0-7f4b1434e0cd,r_and_d_center,Charlotte r and d center,775 Industrial Road,,Charlotte,Charlotte,49610,China,34.55907,5.50906,,2013,,,2019-03-05T05:39:44.595Z
e2d2d67b-3b88-447e-b91b-5f3fd218e8c9,0458e690-7a4d-4c4b-a012-50fdc11f13f9,warehouse,Beijing warehouse,356 Industrial Road,,Beijing,Beijing,75279,United States,-14.27107,-74.81143,,2013,,,2019-04-30T05:39:44.595Z
220b6628-270e-42d0-9bc4-38c8c30d083b,5c40cade-c942-4528-8048-02a989eed85d,mining_operation,Toronto mining operation,251 Industrial Road,,Toronto,Toronto,31468,Zimbabwe,-22.83054,-38.72349,44077,2010,,,2016-08-10T05:39:44.595Z
9ddbed78-1b36-4e77-be97-9cc825a9ae83,71d2fbdb-0b1f-45df-b294-45de2760278a,office,Beijing office,685 Industrial Road,,Beijing,Beijing,40429,China,-16.85342,-36.74145,,2020,,,2023-07-21T05:39:44.595Z
d5eed74c-f9eb-45f1-b614-ebba2ced7b0d,3325ba7a-77e0-4a21-85bc-6ec7759c8e05,processing_plant,Beijing processing plant,556 Industrial Road,,Beijing,Beijing,21384,Namibia,14.4509,-42.4534,,2008,,,2022-01-17T05:39:44.595Z
bde590f7-0cf5-46c8-a52c-06c18986a915,b773ff39-d507-4e20-9088-7d1b90ef4c59,mining_operation,Perth mining operation,374 Industrial Road,,Perth,Perth,18413,Zimbabwe,-28.94743,63.27143,12443,2006,,,2020-06-03T05:39:44.595Z
2280f164-a41a-49fb-917c-c650d282dba5,2fdb218f-c48f-4de7-ad02-fd395117beb6,warehouse,Toronto warehouse,678 Industrial Road,,Toronto,Toronto,82940,Argentina,29.85422,-117.68022,,2024,,,2017-10-09T05:39:44.595Z
b3be70b9-2dd8-411b-bb32-9bbf3155d433,58cdc450-a548-4401-8bf2-112ce2b3a84d,processing_plant,Harare processing plant,15 Industrial Road,,Harare,Harare,16618,United States,5.82599,57.25968,,2013,,,2022-07-19T05:39:44.595Z
d78c4a58-76f2-4ea6-8721-3393acbed6c9,d108e80f-d16f-4dbc-b16f-1587d9c2e46e,processing_plant,Perth processing plant,468 Industrial Road,,Perth,Perth,94106,United States,27.84668,8.15082,,2008,,,2018-01-28T05:39:44.595Z
c06499ab-25f5-4981-900f-7c9255125b88,f94d5403-17e2-4a5f-b88e-cc45d1fcc9fd,warehouse,Beijing warehouse,840 Industrial Road,,Beijing,Beijing,92564,Zimbabwe,-8.89076,102.42669,,2003,,,2020-10-14T05:39:44.595Z
64bd011c-3850-4af1-a290-28ab901876a2,8e503c29-9cdb-4f53-ae51-aee678085660,office,Charlotte office,831 Industrial Road,,Charlotte,Charlotte,85666,United States,15.72617,-116.85912,,2014,,,2023-02-16T05:39:44.595Z
17f5fd78-8a46-45e2-b9d1-49d8be1460d5,3926362c-b964-4f16-bb68-8c63ae3ee25f,office,Perth office,724 Industrial Road,,Perth,Perth,89741,United States,-8.74021,109.50453,,2007,,,2018-11-02T05:39:44.595Z
f99dce37-4f3e-4f62-8f73-43368f918060,2f754c55-e158-45fa-be6b-851496b9ea40,mining_operation,Beijing mining operation,978 Industrial Road,,Beijing,Beijing,94272,United States,33.2579,-95.30364,38927,2000,,,2021-07-29T05:39:44.595Z
8251eb5d-cfa7-40f1-9f95-c1c7a241c615,0e2b95c5-5b01-4d6e-b925-d07fdbe8ac6b,office,Charlotte office,368 Industrial Road,,Charlotte,Charlotte,55089,China,-21.79687,-69.02305,,2014,,,2022-10-02T05:39:44.595Z
3000c147-bcf5-4561-b4b9-147199bcbc85,6a83ca53-c0a9-42ef-85a8-c6007f6d97b5,r_and_d_center,Perth r and d center,882 Industrial Road,,Perth,Perth,76582,Namibia,0.92569,37.55574,,2005,,,2023-11-01T05:39:44.595Z
a21ef2a0-3142-4618-912a-33e38cc04654,c816b440-d47f-4413-9dd3-2d8098f07ff8,processing_plant,Buenos Aires processing plant,366 Industrial Road,,Buenos Aires,Buenos Aires,50276,Australia,-9.07823,14.39839,,2023,,,2022-04-26T05:39:44.595Z
30ce0f28-f91f-47dd-ada6-1f0b6ab5d365,1084f4f1-4e9b-4266-b782-ae20022825b0,r_and_d_center,Charlotte r and d center,391 Industrial Road,,Charlotte,Charlotte,95916,Chile,-3.3935,-92.08811,,2015,,,2019-06-07T05:39:44.595Z
5f7072d0-1cb9-4a16-9277-31827cd4f2f7,5d5649db-7391-4669-88d9-6673def550de,office,Beijing office,850 Industrial Road,,Beijing,Beijing,46869,Argentina,4.43525,70.48032,,2024,,,2016-02-24T05:39:44.595Z
2c0a5a78-b360-42a1-96a6-141f8b7a86ec,d4507d8e-c7cb-462f-bbb7-77ad981830f8,office,Beijing office,21 Industrial Road,,Beijing,Beijing,32032,Zimbabwe,2.28835,-63.78369,,2011,,,2020-03-31T05:39:44.595Z
49e2d973-13bc-4b97-aec3-f734679b614c,c816b440-d47f-4413-9dd3-2d8098f07ff8,processing_plant,Perth processing plant,341 Industrial Road,,Perth,Perth,99859,Zimbabwe,14.15191,-60.9742,,2002,,,2021-11-08T05:39:44.595Z
0cc2a1d0-e1a1-4d02-9a9b-42e420299c49,69db692c-92e1-4c78-ab13-98260c2b8785,warehouse,Perth warehouse,775 Industrial Road,,Perth,Perth,45481,Australia,18.28546,-110.72043,,2000,,,2022-05-09T05:39:44.595Z
7121aaa5-60fd-4f7f-9cf6-0e843f585367,cae4d6b6-f6a4-4fc0-a3e6-123a72de64fa,mining_operation,Perth mining operation,790 Industrial Road,,Perth,Perth,19711,Canada,-0.33269,49.12365,18279,2003,,,2021-10-26T05:39:44.595Z
382a8954-db61-4d2a-a8b2-2087c1f3752e,c6fd996f-9111-44dd-8a5c-447d9ec855ce,mining_operation,Beijing mining operation,327 Industrial Road,,Beijing,Beijing,87614,Namibia,44.33297,-115.95227,34095,2002,,,2017-11-07T05:39:44.595Z
f8e419c8-dd7c-440d-a9b9-7bbe57e294eb,cbf172d5-a1ac-4e8a-afc0-e4f5ac9c76ac,processing_plant,Buenos Aires processing plant,901 Industrial Road,,Buenos Aires,Buenos Aires,36200,Australia,7.36838,-52.48792,,2022,,,2021-04-17T05:39:44.595Z
f29eee18-09b7-4c15-8e0a-742e7a736802,85f19c5f-c906-4131-a2e1-c7ee824853e5,r_and_d_center,Santiago r and d center,420 Industrial Road,,Santiago,Santiago,15400,China,47.97092,109.7906,,2023,,,2018-09-07T05:39:44.595Z
36af9292-85bb-4b17-ab2b-d06f589d3d46,cae4d6b6-f6a4-4fc0-a3e6-123a72de64fa,office,Windhoek office,885 Industrial Road,,Windhoek,Windhoek,58528,Chile,-22.71385,41.23447,,2023,,,2018-03-25T05:39:44.595Z
2399f50f-3b16-467c-9cd9-e5b454a43de7,4b7b5184-e4a5-40a9-8953-c01a40ae7bb1,r_and_d_center,Toronto r and d center,473 Industrial Road,,Toronto,Toronto,72739,Canada,-26.824,26.59754,,2012,,,2016-05-14T05:39:44.595Z
2294229e-3d35-4a29-b4d2-3fce183f4f99,37fbb935-02c2-4908-8a0d-1767ce72736c,warehouse,Toronto warehouse,699 Industrial Road,,Toronto,Toronto,73634,Argentina,46.51711,123.57989,,2012,,,2022-09-21T05:39:44.595Z
9361f946-62cb-4ed0-b156-a795a92b3c07,4022a232-e169-44e0-8c38-ebc6e00bb23e,warehouse,Beijing warehouse,375 Industrial Road,,Beijing,Beijing,60730,Zimbabwe,-1.79802,-106.72497,,2010,,,2017-06-24T05:39:44.595Z
97c1e64f-7aa4-492f-9868-af9e7d3c2a9e,58dbceb8-d97c-4f7b-86d5-3596474df86c,processing_plant,Windhoek processing plant,868 Industrial Road,,Windhoek,Windhoek,46854,United States,8.34299,99.84568,,2005,,,2016-09-12T05:39:44.595Z
01a1fa81-409d-4809-be9c-2f3ad2dc8ae2,90be6962-3f84-4ae1-b418-fc65256c02d0,warehouse,Windhoek warehouse,208 Industrial Road,,Windhoek,Windhoek,91866,United States,16.80693,49.82621,,2008,,,2018-02-14T05:39:44.595Z
48799b32-1ef0-49e0-971e-d309d17b8284,2ffbea36-6c6d-4cb1-9a23-e1c4fab1634d,office,Windhoek office,307 Industrial Road,,Windhoek,Windhoek,19376,United States,6.23288,66.41087,,2013,,,2017-11-29T05:39:44.595Z
02be03bd-0a0c-444e-bf2e-8166b065b059,f790d565-6d60-476b-bad7-8dfeb8211617,warehouse,Perth warehouse,275 Industrial Road,,Perth,Perth,37467,Australia,8.07858,-114.38653,,2004,,,2021-11-10T05:39:44.595Z
d5e8cd36-30dd-45d2-8017-70ae8fdf2805,580ac6db-d376-43b6-94ac-0b76aeaec003,mining_operation,Harare mining operation,585 Industrial Road,,Harare,Harare,11807,Namibia,48.04037,-48.70612,48825,2001,,,2023-03-04T05:39:44.595Z
30b38a4e-ffc1-44f1-bb2a-8ced1a718f61,0a271ac4-898b-4e9e-b0a8-7dab203ae956,office,Charlotte office,302 Industrial Road,,Charlotte,Charlotte,72479,Australia,45.1266,-101.38713,,2014,,,2020-01-11T05:39:44.595Z
a1715f3e-c9e0-4644-945d-c84550b088e0,420bfee0-8d70-4bca-a8a3-5664e72d8fef,office,Santiago office,164 Industrial Road,,Santiago,Santiago,58770,Chile,-27.90123,98.70063,,2012,,,2021-12-28T05:39:44.595Z
8004f4a1-d9de-42a0-b929-3f7663ec6072,2da0a606-c888-4caa-8d0c-81d3aed13dba,office,Windhoek office,574 Industrial Road,,Windhoek,Windhoek,29018,Argentina,-16.22999,126.4942,,2004,,,2021-06-05T05:39:44.595Z
cefa9992-4e37-48cd-b010-c719941bcf2c,265c448a-aec6-45d7-8da5-7ae53396b777,processing_plant,Perth processing plant,330 Industrial Road,,Perth,Perth,92084,Canada,49.60743,3.55928,,2020,,,2023-01-26T05:39:44.595Z
dc44defb-c615-4bce-a9f6-06b56909d6de,5c40cade-c942-4528-8048-02a989eed85d,r_and_d_center,Beijing r and d center,297 Industrial Road,,Beijing,Beijing,80821,Argentina,-33.88667,-45.22092,,2012,,,2021-08-07T05:39:44.595Z
5c3e2f45-d9ff-480e-84fb-08d41e16d92d,a355b262-f108-4bd3-a667-220684eb08fa,mining_operation,Harare mining operation,136 Industrial Road,,Harare,Harare,58106,Australia,4.31414,124.73581,29149,2002,,,2020-10-17T05:39:44.595Z
a0e2ccbb-3bc1-42ad-b068-68b3af260fc2,277bf9bb-fafe-41f0-903a-c7debfdda64b,office,Windhoek office,692 Industrial Road,,Windhoek,Windhoek,17719,Chile,3.95045,128.14733,,2023,,,2021-09-28T05:39:44.595Z
af135296-0563-4c1f-9684-f1bb2d031a54,f16cc7d8-2a7e-4a46-af12-1f1b632bb344,mining_operation,Windhoek mining operation,53 Industrial Road,,Windhoek,Windhoek,13420,Canada,0.11253,57.01405,31181,2000,,,2018-05-14T05:39:44.595Z
38b010c4-13fe-4de0-bd34-20b6a25ac045,5c014bcc-0c8e-4aa6-913b-023d35351c70,warehouse,Windhoek warehouse,234 Industrial Road,,Windhoek,Windhoek,58343,Canada,27.9151,-48.53557,,2000,,,2023-07-08T05:39:44.595Z
5cafcac3-67e8-475d-9104-312eb43535c2,9229b841-28bc-4c21-ae95-b1580c26e5c4,office,Charlotte office,482 Industrial Road,,Charlotte,Charlotte,49487,Australia,-17.99272,89.12655,,2010,,,2019-12-06T05:39:44.595Z
9b24760f-dd02-41d9-bb94-fbdbb408c21e,2fdb218f-c48f-4de7-ad02-fd395117beb6,processing_plant,Harare processing plant,10 Industrial Road,,Harare,Harare,38776,United States,-1.7072,74.83951,,2007,,,2016-03-31T05:39:44.595Z
5b8fc967-a3fb-4fc8-9ca9-dd195750ae9c,15a2f15e-2b3b-4d6c-95c0-45c55b4da187,office,Toronto office,505 Industrial Road,,Toronto,Toronto,44689,Namibia,17.0336,-23.40499,,2011,,,2020-12-15T05:39:44.595Z
ec72fb20-7627-4b84-912d-afbf1898c2d6,d4507d8e-c7cb-462f-bbb7-77ad981830f8,r_and_d_center,Santiago r and d center,108 Industrial Road,,Santiago,Santiago,98929,United States,38.61713,-75.75008,,2003,,,2020-08-05T05:39:44.595Z
6550b845-f4b6-444c-8f0f-dde0eb985c63,a12299a4-2c5b-42a9-ba81-b50ed03324ea,r_and_d_center,Santiago r and d center,891 Industrial Road,,Santiago,Santiago,26318,Chile,-25.31201,-115.26992,,2014,,,2018-10-10T05:39:44.595Z
4584b52a-9eb4-464e-ba65-7a9e77a969b1,f0c10fd4-4824-48f0-8cf6-69a22c1b43f2,warehouse,Toronto warehouse,480 Industrial Road,,Toronto,Toronto,51536,Australia,-22.1811,74.31626,,2008,,,2018-03-27T05:39:44.595Z
e89d27c6-a47b-44e7-9617-69e60e8c3329,8e503c29-9cdb-4f53-ae51-aee678085660,r_and_d_center,Beijing r and d center,628 Industrial Road,,Beijing,Beijing,74594,United States,29.35972,-28.54009,,2000,,,2020-04-18T05:39:44.595Z
8d1f201c-c9aa-4d8f-a5d7-5796012d9ac4,899e3891-f93f-4d0d-8a05-4f23adaeac21,processing_plant,Toronto processing plant,925 Industrial Road,,Toronto,Toronto,39245,Chile,-7.91927,-63.03345,,2023,,,2017-03-19T05:39:44.595Z
f10cebf5-59c7-4d90-b0ae-6fcfa8fd5bc0,a9f4a45c-896f-4699-bdb5-053a60619f4e,processing_plant,Buenos Aires processing plant,469 Industrial Road,,Buenos Aires,Buenos Aires,97133,Australia,32.29241,-16.46174,,2001,,,2023-08-31T05:39:44.595Z
c82d9628-c28a-458d-8f4a-76dffe1db6ae,e9169f30-30a8-40fb-9a7b-89eb2e2c7e2b,mining_operation,Windhoek mining operation,458 Industrial Road,,Windhoek,Windhoek,61393,Namibia,31.4413,-90.92321,10433,2010,,,2022-09-11T05:39:44.595Z
c3dc831e-8c37-4e0e-817e-b316a2b2d3da,265c448a-aec6-45d7-8da5-7ae53396b777,warehouse,Buenos Aires warehouse,540 Industrial Road,,Buenos Aires,Buenos Aires,62533,Argentina,5.89694,29.28229,,2023,,,2021-07-10T05:39:44.595Z
c27c73a2-33c7-4a2a-a3f8-ad8c650dbfd1,8e503c29-9cdb-4f53-ae51-aee678085660,r_and_d_center,Toronto r and d center,94 Industrial Road,,Toronto,Toronto,78947,Chile,41.04458,-94.14308,,2020,,,2022-05-30T05:39:44.595Z
8258327d-3e50-41c4-a48a-3e70af4651b0,69db692c-92e1-4c78-ab13-98260c2b8785,mining_operation,Perth mining operation,194 Industrial Road,,Perth,Perth,64660,Australia,21.28515,98.12412,14688,2006,,,2019-04-16T05:39:44.595Z
01d0656c-87bb-449d-9989-f250189878f4,e7ab2aab-8519-40c3-beaa-7170563187c1,r_and_d_center,Perth r and d center,193 Industrial Road,,Perth,Perth,32560,United States,45.5616,14.93413,,2005,,,2022-05-26T05:39:44.595Z
8b2c971f-8c0a-463d-bf38-118d2c098819,e73e62f8-b739-4184-9c94-fef86df770a0,processing_plant,Santiago processing plant,571 Industrial Road,,Santiago,Santiago,92906,Zimbabwe,14.70209,-34.06726,,2009,,,2016-12-03T05:39:44.595Z