id,supplier_id,name,description,category,grade,purity_percentage,li2co3_content,lioh_content,li2o_content,particle_size_um,bulk_density,moisture_content,unit,min_order_quantity,lead_time_days,available_quantity,certifications,esg_compliant,conflict_free,specifications,pricing,status,created_at,updated_at
b0b638ea-7709-48a1-b34f-b5abf6035cbd,3969643f-066c-4899-9665-45657442ebf6,Industrial Grade Lithium Hydroxide 99.63%,High-quality industrial grade lithium hydroxide for industrial applications. Reliable quality for manufacturing.,Lithium Hydroxide,Industrial Grade,99.63,,56.93,,,1.06 g/cm³,0.1,MT,238,79,4779,"[""REACH"",""IATF 16949:2016"",""RoHS""]",true,true,"{""Na"":""≤0.0001%"",""Mg"":""≤0.0007%"",""Ca"":""≤0.0018%"",""Fe"":""≤0.0002%""}","{""base_price"":6091,""currency"":""USD"",""unit"":""MT"",""incoterms"":""FOB""}",out_of_stock,2024-09-11T05:38:30.413Z,2025-12-18T05:38:30.413Z
cd5af369-2696-4fca-a94f-01f701fd6464,3969643f-066c-4899-9665-45657442ebf6,Industrial Grade Lithium Chloride 98.7%,High-quality industrial grade lithium chloride for industrial applications. Reliable quality for manufacturing.,Lithium Chloride,Industrial Grade,98.66,,,,,0.98 g/cm³,0.04,MT,193,56,6760,"[""IATF 16949:2016"",""RoHS"",""REACH""]",true,true,"{""Na"":""≤0.0008%"",""Mg"":""≤0.0002%"",""Ca"":""≤0.0012%"",""Fe"":""≤0.0001%""}","{""base_price"":7266,""currency"":""USD"",""unit"":""MT"",""incoterms"":""FOB""}",active,2024-02-17T05:38:30.413Z,2025-12-30T05:38:30.413Z
6293d89b-f130-4d0a-b9f6-1c2b89b699af,3969643f-066c-4899-9665-45657442ebf6,Battery Grade Recycled Lithium 98.3%,High-quality battery grade recycled lithium for EV battery applications. Meets strict automotive specifications.,Recycled Lithium,Battery Grade,98.32,,,,D50: 53μm,1.04 g/cm³,0.06,MT,14,55,3993,"[""ISO 14001:2015"",""ISO 9001:2015""]",true,true,"{""Na"":""≤0.0007%"",""Mg"":""≤0.001%"",""Ca"":""≤0.0003%"",""Fe"":""≤0.0005%""}","{""base_price"":1039,""currency"":""USD"",""unit"":""MT"",""incoterms"":""FOB""}",active,2024-01-22T05:38:30.413Z,2025-12-14T05:38:30.413Z
d527cc79-7902-4210-b291-99d29b52d60e,3969643f-066c-4899-9665-45657442ebf6,Technical Grade Other 98.2%,High-quality technical grade other for industrial applications. Reliable quality for manufacturing.,Other,Technical Grade,98.16,,,,,1.33 g/cm³,0.05,MT,243,65,9810,"[""REACH"",""ISO 14001:2015""]",true,true,"{""Na"":""≤0.0003%"",""Mg"":""≤0.0003%"",""Ca"":""≤0.0001%"",""Fe"":""≤0.0003%""}","{""base_price"":7603,""currency"":""USD"",""unit"":""MT"",""incoterms"":""CIF""}",active,2024-04-26T05:38:30.413Z,2025-12-22T05:38:30.413Z
bbfde3e9-0a3c-4a41-ba29-885ef7682185,3969643f-066c-4899-9665-45657442ebf6,Pharmaceutical Grade Other 98.7%,High-quality pharmaceutical grade other for industrial applications. Reliable quality for manufacturing.,Other,Pharmaceutical Grade,98.71,,,,,1.08 g/cm³,0.13,MT,468,86,9463,"[""REACH"",""ISO 9001:2015""]",true,true,"{""Na"":""≤0.0004%"",""Mg"":""≤0.0005%"",""Ca"":""≤0.0004%"",""Fe"":""≤0.0003%""}","{""base_price"":8029,""currency"":""USD"",""unit"":""MT"",""incoterms"":""FOB""}",active,2025-05-23T05:38:30.413Z,2025-12-07T05:38:30.413Z
5bbece3a-5111-4279-aea6-229e92b57e58,3969643f-066c-4899-9665-45657442ebf6,Pharmaceutical Grade Other 98.8%,High-quality pharmaceutical grade other for industrial applications. Reliable quality for manufacturing.,Other,Pharmaceutical Grade,98.78,,,,,1.11 g/cm³,0.08,MT,281,44,8613,"[""ISO 9001:2015"",""RoHS""]",true,true,"{""Na"":""≤0.0008%"",""Mg"":""≤0.0004%"",""Ca"":""≤0.0017%"",""Fe"":""≤0.0001%""}","{""base_price"":7709,""currency"":""USD"",""unit"":""MT"",""incoterms"":""EXW""}",active,2025-04-07T05:38:30.414Z,2025-12-14T05:38:30.414Z
fd0704ca-6f11-4895-ab6e-6900f944db03,3969643f-066c-4899-9665-45657442ebf6,Pharmaceutical Grade Lithium Chloride 98.6%,High-quality pharmaceutical grade lithium chloride for industrial applications. Reliable quality for manufacturing.,Lithium Chloride,Pharmaceutical Grade,98.64,,,,,1.13 g/cm³,0.05,MT,365,31,2629,"[""REACH"",""ISO 14001:2015"",""ISO 9001:2015"",""IATF 16949:2016""]",true,true,"{""Na"":""≤0.0003%"",""Mg"":""≤0.0002%"",""Ca"":""≤0.0001%"",""Fe"":""≤0.0004%""}","{""base_price"":9398,""currency"":""USD"",""unit"":""MT"",""incoterms"":""FOB""}",active,2024-10-30T05:38:30.414Z,2025-12-31T05:38:30.414Z
0106a0f4-69b1-418a-afc1-fc24761c8658,3969643f-066c-4899-9665-45657442ebf6,Technical Grade Lithium Spodumene,High-quality technical grade lithium spodumene for industrial applications. Reliable quality for manufacturing.,Lithium Spodumene,Technical Grade,,,,5.55,,0.88 g/cm³,0.08,MT,88,80,439,"[""RoHS"",""IATF 16949:2016""]",true,true,"{""Na"":""≤0.0008%"",""Mg"":""≤0.0005%"",""Ca"":""≤0.0015%"",""Fe"":""≤0.0005%""}","{""base_price"":7748,""currency"":""USD"",""unit"":""MT"",""incoterms"":""FOB""}",active,2024-11-18T05:38:30.414Z,2025-12-27T05:38:30.414Z
e0aae815-b9f1-41db-b75e-177e2be6e096,3969643f-066c-4899-9665-45657442ebf6,Technical Grade Lithium Carbonate 99.76%,High-quality technical grade lithium carbonate for industrial applications. Reliable quality for manufacturing.,Lithium Carbonate,Technical Grade,99.76,99.76,,,,1.16 g/cm³,0.1,MT,51,54,5064,"[""RoHS"",""REACH"",""IATF 16949:2016""]",true,true,"{""Na"":""≤0.0001%"",""Mg"":""≤0.0003%"",""Ca"":""≤0.0013%"",""Fe"":""≤0.0005%""}","{""base_price"":6144,""currency"":""USD"",""unit"":""MT"",""incoterms"":""FOB""}",active,2024-06-22T05:38:30.414Z,2025-12-26T05:38:30.414Z
149749f4-a1a3-44d1-bc87-af5412f6f4c4,3969643f-066c-4899-9665-45657442ebf6,Industrial Grade Recycled Lithium 98.7%,High-quality industrial grade recycled lithium for industrial applications. Reliable quality for manufacturing.,Recycled Lithium,Industrial Grade,98.68,,,,,1.23 g/cm³,0.02,MT,347,84,5139,"[""ISO 9001:2015"",""ISO 14001:2015"",""IATF 16949:2016"",""REACH""]",true,true,"{""Na"":""≤0.0006%"",""Mg"":""≤0.0007%"",""Ca"":""≤0.0008%"",""Fe"":""≤0.0001%""}","{""base_price"":8570,""currency"":""USD"",""unit"":""MT"",""incoterms"":""FOB""}",active,2025-04-18T05:38:30.414Z,2025-12-29T05:38:30.414Z
7bf22868-73ce-4352-a492-5ab88d2593d7,3969643f-066c-4899-9665-45657442ebf6,Technical Grade Recycled Lithium 98.2%,High-quality technical grade recycled lithium for industrial applications. Reliable quality for manufacturing.,Recycled Lithium,Technical Grade,98.24,,,,,1.35 g/cm³,0.06,MT,180,84,9176,"[""ISO 9001:2015"",""ISO 14001:2015"",""IATF 16949:2016"",""REACH""]",true,true,"{""Na"":""≤0.0008%"",""Mg"":""≤0.0005%"",""Ca"":""≤0.0013%"",""Fe"":""≤0.0005%""}","{""base_price"":8012,""currency"":""USD"",""unit"":""MT"",""incoterms"":""FOB""}",active,2024-12-06T05:38:30.414Z,2025-12-05T05:38:30.414Z
08514234-4a45-495d-bae2-984b976490e8,3969643f-066c-4899-9665-45657442ebf6,Battery Grade Lithium Spodumene,High-quality battery grade lithium spodumene for EV battery applications. Meets strict automotive specifications.,Lithium Spodumene,Battery Grade,,,,6.08,D50: 16μm,0.91 g/cm³,0.05,MT,31,50,6770,"[""ISO 14001:2015"",""REACH"",""RoHS""]",true,true,"{""Na"":""≤0.0002%"",""Mg"":""≤0.0001%"",""Ca"":""≤0.0002%"",""Fe"":""≤0.0003%""}","{""base_price"":953,""currency"":""USD"",""unit"":""MT"",""incoterms"":""FOB""}",active,2024-01-07T05:38:30.414Z,2025-12-21T05:38:30.414Z
20bcc7ec-aa1a-4613-a3e8-6ea549709de7,3926362c-b964-4f16-bb68-8c63ae3ee25f,Industrial Grade Other 98.4%,High-quality industrial grade other for industrial applications. Reliable quality for manufacturing.,Other,Industrial Grade,98.38,,,,,1.04 g/cm³,0.13,MT,266,76,5004,"[""IATF 16949:2016"",""REACH"",""ISO 9001:2015"",""RoHS""]",true,true,"{""Na"":""≤0.0007%"",""Mg"":""≤0.0002%"",""Ca"":""≤0.0011%"",""Fe"":""≤0.0004%""}","{""base_price"":5638,""currency"":""USD"",""unit"":""MT"",""incoterms"":""EXW""}",active,2024-10-03T05:38:30.414Z,2025-12-22T05:38:30.414Z
79e62f77-ba26-4f70-96f5-f25311900445,3926362c-b964-4f16-bb68-8c63ae3ee25f,Battery Grade Lithium Hydroxide 99.80%,High-quality battery grade lithium hydroxide for EV battery applications. Meets strict automotive specifications.,Lithium Hydroxide,Battery Grade,99.8,,56.55,,D50: 60μm,0.92 g/cm³,0.14,MT,35,90,9623,"[""ISO 9001:2015"",""ISO 14001:2015"",""IATF 16949:2016"",""RoHS""]",true,true,"{""Na"":""≤0.0003%"",""Mg"":""≤0.0004%"",""Ca"":""≤0.0007%"",""Fe"":""≤0.0003%""}","{""base_price"":15278,""currency"":""USD"",""unit"":""MT"",""incoterms"":""CIF""}",active,2024-06-20T05:38:30.414Z,2026-01-01T05:38:30.414Z
d5a7dc52-176c-492b-a2a8-b41339591972,3926362c-b964-4f16-bb68-8c63ae3ee25f,Industrial Grade Other 98.4%,High-quality industrial grade other for industrial applications. Reliable quality for manufacturing.,Other,Industrial Grade,98.41,,,,,1.16 g/cm³,0.13,MT,180,55,6350,"[""ISO 9001:2015"",""ISO 14001:2015"",""IATF 16949:2016""]",true,true,"{""Na"":""≤0.0002%"",""Mg"":""≤0.0005%"",""Ca"":""≤0.001%"",""Fe"":""≤0.0005%""}","{""base_price"":9728,""currency"":""USD"",""unit"":""MT"",""incoterms"":""EXW""}",active,2024-06-03T05:38:30.414Z,2025-12-23T05:38:30.414Z
e4f1311c-94a4-4721-af51-8dc640502739,3926362c-b964-4f16-bb68-8c63ae3ee25f,Pharmaceutical Grade Lithium Carbonate 99.3%,High-quality pharmaceutical grade lithium carbonate for industrial applications. Reliable quality for manufacturing.,Lithium Carbonate,Pharmaceutical Grade,99.34,99.34,,,,0.8 g/cm³,0.01,MT,285,58,3898,"[""IATF 16949:2016"",""ISO 14001:2015"",""RoHS"",""ISO 9001:2015""]",true,true,"{""Na"":""≤0.0005%"",""Mg"":""≤0.0003%"",""Ca"":""≤0.0006%"",""Fe"":""≤0.0003%""}","{""base_price"":7192,""currency"":""USD"",""unit"":""MT"",""incoterms"":""CIF""}",active,2024-06-04T05:38:30.414Z,2025-12-17T05:38:30.414Z
a15c6337-ca79-44a2-9d5e-380ed9310fc2,3926362c-b964-4f16-bb68-8c63ae3ee25f,Pharmaceutical Grade Other 99.2%,High-quality pharmaceutical grade other for industrial applications. Reliable quality for manufacturing.,Other,Pharmaceutical Grade,99.15,,,,,1.24 g/cm³,0.1,MT,229,61,353,"[""REACH"",""ISO 14001:2015"",""RoHS"",""ISO 9001:2015""]",true,true,"{""Na"":""≤0.0005%"",""Mg"":""≤0.0009%"",""Ca"":""≤0.0002%"",""Fe"":""≤0.0004%""}","{""base_price"":8860,""currency"":""USD"",""unit"":""MT"",""incoterms"":""CIF""}",active,2024-11-26T05:38:30.414Z,2025-12-29T05:38:30.414Z
4c0aaebd-3c3f-4a9f-8d3e-17de13820b23,3926362c-b964-4f16-bb68-8c63ae3ee25f,Technical Grade Lithium Spodumene,High-quality technical grade lithium spodumene for industrial applications. Reliable quality for manufacturing.,Lithium Spodumene,Technical Grade,,,,6.05,,1.16 g/cm³,0.11,MT,87,49,5377,"[""IATF 16949:2016"",""ISO 14001:2015""]",true,true,"{""Na"":""≤0.0003%"",""Mg"":""≤0.0008%"",""Ca"":""≤0.0013%"",""Fe"":""≤0.0003%""}","{""base_price"":8686,""currency"":""USD"",""unit"":""MT"",""incoterms"":""CIF""}",active,2025-02-11T05:38:30.414Z,2025-12-20T05:38:30.414Z
93033c7a-e819-4529-9439-79b794c79454,3926362c-b964-4f16-bb68-8c63ae3ee25f,Battery Grade Lithium Chloride 99.3%,High-quality battery grade lithium chloride for EV battery applications. Meets strict automotive specifications.,Lithium Chloride,Battery Grade,99.31,,,,D50: 17μm,1.15 g/cm³,0.07,MT,18,46,6770,"[""ISO 9001:2015"",""ISO 14001:2015"",""IATF 16949:2016""]",true,true,"{""Na"":""≤0.0005%"",""Mg"":""≤0.0002%"",""Ca"":""≤0.0017%"",""Fe"":""≤0.0002%""}","{""base_price"":1173,""currency"":""USD"",""unit"":""MT"",""incoterms"":""FOB""}",active,2024-02-02T05:38:30.414Z,2025-12-26T05:38:30.414Z
e2abcec5-6b89-4e3b-82ed-dcdfa6240706,3926362c-b964-4f16-bb68-8c63ae3ee25f,Battery Grade Other 98.9%,High-quality battery grade other for EV battery applications. Meets strict automotive specifications.,Other,Battery Grade,98.87,,,,D50: 11μm,0.86 g/cm³,0.1,MT,21,49,9411,"[""ISO 9001:2015"",""ISO 14001:2015""]",true,true,"{""Na"":""≤0.0007%"",""Mg"":""≤0.0008%"",""Ca"":""≤0.0007%"",""Fe"":""≤0.0003%""}","{""base_price"":1164,""currency"":""USD"",""unit"":""MT"",""incoterms"":""CIF""}",active,2025-05-27T05:38:30.414Z,2025-12-28T05:38:30.414Z
7938310e-b3fc-4738-a54a-17acccbd4ead,3926362c-b964-4f16-bb68-8c63ae3ee25f,Battery Grade Lithium Spodumene,High-quality battery grade lithium spodumene for EV battery applications. Meets strict automotive specifications.,Lithium Spodumene,Battery Grade,,,,5.51,D50: 31μm,0.94 g/cm³,0.1,MT,27,89,5783,"[""REACH"",""IATF 16949:2016"",""ISO 14001:2015""]",true,true,"{""Na"":""≤0.0004%"",""Mg"":""≤0.0003%"",""Ca"":""≤0.0015%"",""Fe"":""≤0.0002%""}","{""base_price"":1155,""currency"":""USD"",""unit"":""MT"",""incoterms"":""FOB""}",active,2025-04-21T05:38:30.414Z,2025-12-14T05:38:30.414Z
7d7bc798-f26a-4e67-9d4a-517596ff461c,3926362c-b964-4f16-bb68-8c63ae3ee25f,Pharmaceutical Grade Lithium Hydroxide 99.53%,High-quality pharmaceutical grade lithium hydroxide for industrial applications. Reliable quality for manufacturing.,Lithium Hydroxide,Pharmaceutical Grade,99.53,,56.19,,,0.9 g/cm³,0.08,MT,70,85,5561,"[""REACH"",""IATF 16949:2016""]",true,true,"{""Na"":""≤0.0009%"",""Mg"":""≤0.0002%"",""Ca"":""≤0.0014%"",""Fe"":""≤0.0002%""}","{""base_price"":6336,""currency"":""USD"",""unit"":""MT"",""incoterms"":""EXW""}",active,2025-06-04T05:38:30.414Z,2025-12-22T05:38:30.414Z
0d54bb61-36b3-46e7-a258-a4a45c60fbbe,3926362c-b964-4f16-bb68-8c63ae3ee25f,Pharmaceutical Grade Lithium Carbonate 99.72%,High-quality pharmaceutical grade lithium carbonate for industrial applications. Reliable quality for manufacturing.,Lithium Carbonate,Pharmaceutical Grade,99.72,99.72,,,,1.2 g/cm³,0.13,MT,360,83,8609,"[""ISO 9001:2015"",""ISO 14001:2015"",""IATF 16949:2016""]",true,true,"{""Na"":""≤0.0009%"",""Mg"":""≤0.0005%"",""Ca"":""≤0.0008%"",""Fe"":""≤0.0001%""}","{""base_price"":7699,""currency"":""USD"",""unit"":""MT"",""incoterms"":""FOB""}",active,2024-09-20T05:38:30.414Z,2025-12-03T05:38:30.414Z
85279518-b605-4855-a5f1-8c391bf3ed0c,3926362c-b964-4f16-bb68-8c63ae3ee25f,Industrial Grade Lithium Chloride 98.9%,High-quality industrial grade lithium chloride for industrial applications. Reliable quality for manufacturing.,Lithium Chloride,Industrial Grade,98.87,,,,,1.34 g/cm³,0.14,MT,90,82,3027,"[""REACH"",""IATF 16949:2016"",""ISO 9001:2015"",""RoHS""]",true,true,"{""Na"":""≤0.0003%"",""Mg"":""≤0.0009%"",""Ca"":""≤0.0006%"",""Fe"":""≤0.0003%""}","{""base_price"":7283,""currency"":""USD"",""unit"":""MT"",""incoterms"":""FOB""}",active,2025-09-25T05:38:30.414Z,2025-12-16T05:38:30.414Z
bc65939b-8f2c-4c4c-909f-3950c0dd09df,e9169f30-30a8-40fb-9a7b-89eb2e2c7e2b,Industrial Grade Other 98.7%,High-quality industrial grade other for industrial applications. Reliable quality for manufacturing.,Other,Industrial Grade,98.66,,,,,1.22 g/cm³,0.02,MT,275,76,8852,"[""IATF 16949:2016"",""ISO 14001:2015"",""RoHS"",""REACH""]",true,true,"{""Na"":""≤0.0003%"",""Mg"":""≤0.001%"",""Ca"":""≤0.0015%"",""Fe"":""≤0.0001%""}","{""base_price"":6331,""currency"":""USD"",""unit"":""MT"",""incoterms"":""FOB""}",active,2024-10-21T05:38:30.414Z,2025-12-12T05:38:30.414Z
ce501640-d165-4efb-81ce-a723d1fc4ed7,e9169f30-30a8-40fb-9a7b-89eb2e2c7e2b,Battery Grade Lithium Carbonate 99.4%,High-quality battery grade lithium carbonate for EV battery applications. Meets strict automotive specifications.,Lithium Carbonate,Battery Grade,99.4,99.4,,,D50: 51μm,1.36 g/cm³,0.03,MT,26,54,5560,"[""REACH"",""RoHS"",""IATF 16949:2016"",""ISO 14001:2015""]",true,true,"{""Na"":""≤0.001%"",""Mg"":""≤0.0007%"",""Ca"":""≤0.0011%"",""Fe"":""≤0.0005%""}","{""base_price"":14238,""currency"":""USD"",""unit"":""MT"",""incoterms"":""FOB""}",active,2025-09-09T05:38:30.414Z,2025-12-28T05:38:30.414Z
fda35e35-aa42-4289-a5db-35ef1f02e9ca,e9169f30-30a8-40fb-9a7b-89eb2e2c7e2b,Technical Grade Lithium Chloride 98.3%,High-quality technical grade lithium chloride for industrial applications. Reliable quality for manufacturing.,Lithium Chloride,Technical Grade,98.3,,,,,1 g/cm³,0.13,MT,279,83,2218,"[""ISO 9001:2015"",""RoHS"",""REACH""]",true,true,"{""Na"":""≤0.0006%"",""Mg"":""≤0.0005%"",""Ca"":""≤0.0012%"",""Fe"":""≤0.0004%""}","{""base_price"":8837,""currency"":""USD"",""unit"":""MT"",""incoterms"":""EXW""}",active,2025-03-10T05:38:30.414Z,2025-12-15T05:38:30.414Z
d7571f20-10d9-437a-b52b-c837f88b231d,e9169f30-30a8-40fb-9a7b-89eb2e2c7e2b,Pharmaceutical Grade Lithium Hydroxide 99.86%,High-quality pharmaceutical grade lithium hydroxide for industrial applications. Reliable quality for manufacturing.,Lithium Hydroxide,Pharmaceutical Grade,99.86,,56.68,,,1.21 g/cm³,0.13,MT,256,74,579,"[""ISO 14001:2015"",""ISO 9001:2015"",""RoHS""]",true,true,"{""Na"":""≤0.0005%"",""Mg"":""≤0.0004%"",""Ca"":""≤0.001%"",""Fe"":""≤0.0004%""}","{""base_price"":8064,""currency"":""USD"",""unit"":""MT"",""incoterms"":""EXW""}",active,2025-04-11T05:38:30.414Z,2025-12-03T05:38:30.414Z
8788b174-62fa-42fe-b367-ff56a3abf2c5,e9169f30-30a8-40fb-9a7b-89eb2e2c7e2b,Pharmaceutical Grade Other 99.1%,High-quality pharmaceutical grade other for industrial applications. Reliable quality for manufacturing.,Other,Pharmaceutical Grade,99.06,,,,,1.04 g/cm³,0.04,MT,478,49,5274,"[""IATF 16949:2016"",""RoHS""]",true,true,"{""Na"":""≤0.0003%"",""Mg"":""≤0.0004%"",""Ca"":""≤0.0001%"",""Fe"":""≤0.0002%""}","{""base_price"":5584,""currency"":""USD"",""unit"":""MT"",""incoterms"":""EXW""}",active,2025-06-02T05:38:30.414Z,2025-12-12T05:38:30.414Z
bf3635ab-cdf5-4be2-b088-556c711f0028,e9169f30-30a8-40fb-9a7b-89eb2e2c7e2b,Battery Grade Recycled Lithium 98.8%,High-quality battery grade recycled lithium for EV battery applications. Meets strict automotive specifications.,Recycled Lithium,Battery Grade,98.77,,,,D50: 38μm,1.32 g/cm³,0.13,MT,28,35,2897,"[""ISO 9001:2015"",""RoHS"",""ISO 14001:2015""]",true,true,"{""Na"":""≤0.0002%"",""Mg"":""≤0.0005%"",""Ca"":""≤0.0012%"",""Fe"":""≤0.0003%""}","{""base_price"":1121,""currency"":""USD"",""unit"":""MT"",""incoterms"":""CIF""}",active,2024-04-06T05:38:30.414Z,2025-12-30T05:38:30.414Z
10b0260d-eb6c-486a-a130-8dda008aa4a5,e9169f30-30a8-40fb-9a7b-89eb2e2c7e2b,Technical Grade Lithium Carbonate 99.70%,High-quality technical grade lithium carbonate for industrial applications. Reliable quality for manufacturing.,Lithium Carbonate,Technical Grade,99.7,99.7,,,,1.19 g/cm³,0.07,MT,490,77,6776,"[""ISO 9001:2015"",""ISO 14001:2015"",""RoHS""]",true,true,"{""Na"":""≤0.0004%"",""Mg"":""≤0.0008%"",""Ca"":""≤0.0017%"",""Fe"":""≤0.0004%""}","{""base_price"":9938,""currency"":""USD"",""unit"":""MT"",""incoterms"":""EXW""}",active,2025-04-01T05:38:30.414Z,2025-12-22T05:38:30.414Z
289bfa28-eb15-4f2f-9d13-d856b97775d7,e9169f30-30a8-40fb-9a7b-89eb2e2c7e2b,Battery Grade Lithium Chloride 98.8%,High-quality battery grade lithium chloride for EV battery applications. Meets strict automotive specifications.,Lithium Chloride,Battery Grade,98.83,,,,D50: 37μm,1.32 g/cm³,0.09,MT,49,90,5035,"[""REACH"",""IATF 16949:2016"",""ISO 14001:2015"",""ISO 9001:2015""]",true,true,"{""Na"":""≤0.0006%"",""Mg"":""≤0.0001%"",""Ca"":""≤0.0012%"",""Fe"":""≤0.0004%""}","{""base_price"":854,""currency"":""USD"",""unit"":""MT"",""incoterms"":""EXW""}",active,2024-09-07T05:38:30.414Z,2025-12-13T05:38:30.414Z
9135cfc6-ea63-4c0a-870f-49abaaed2d72,e9169f30-30a8-40fb-9a7b-89eb2e2c7e2b,Industrial Grade Lithium Spodumene,High-quality industrial grade lithium spodumene for industrial applications. Reliable quality for manufacturing.,Lithium Spodumene,Industrial Grade,,,,5.5,,1.15 g/cm³,0.13,MT,291,76,4405,"[""IATF 16949:2016"",""ISO 9001:2015""]",true,true,"{""Na"":""≤0.0004%"",""Mg"":""≤0.001%"",""Ca"":""≤0.0016%"",""Fe"":""≤0.0004%""}","{""base_price"":6689,""currency"":""USD"",""unit"":""MT"",""incoterms"":""CIF""}",out_of_stock,2024-11-27T05:38:30.414Z,2025-12-09T05:38:30.414Z
72ef436c-0c2c-4c0d-99bc-1c47e32f8215,e9169f30-30a8-40fb-9a7b-89eb2e2c7e2b,Industrial Grade Recycled Lithium 98.6%,High-quality industrial grade recycled lithium for industrial applications. Reliable quality for manufacturing.,Recycled Lithium,Industrial Grade,98.61,,,,,1.08 g/cm³,0.03,MT,372,55,9981,"[""REACH"",""IATF 16949:2016"",""ISO 14001:2015""]",true,true,"{""Na"":""≤0.0007%"",""Mg"":""≤0.0004%"",""Ca"":""≤0.0011%"",""Fe"":""≤0.0005%""}","{""base_price"":7933,""currency"":""USD"",""unit"":""MT"",""incoterms"":""EXW""}",active,2024-08-20T05:38:30.414Z,2025-12-07T05:38:30.414Z
3a58b029-9147-4532-9381-17b3523c883d,e9169f30-30a8-40fb-9a7b-89eb2e2c7e2b,Technical Grade Lithium Hydroxide 99.63%,High-quality technical grade lithium hydroxide for industrial applications. Reliable quality for manufacturing.,Lithium Hydroxide,Technical Grade,99.63,,56.51,,,0.98 g/cm³,0.02,MT,238,88,4696,"[""ISO 14001:2015"",""ISO 9001:2015"",""REACH""]",true,true,"{""Na"":""≤0.0008%"",""Mg"":""≤0.0009%"",""Ca"":""≤0.0013%"",""Fe"":""≤0.0003%""}","{""base_price"":6716,""currency"":""USD"",""unit"":""MT"",""incoterms"":""EXW""}",active,2025-07-23T05:38:30.414Z,2026-01-02T05:38:30.414Z
a4045a71-a91c-4c35-a0a8-a38e9fbd96c6,15a2f15e-2b3b-4d6c-95c0-45c55b4da187,Battery Grade Lithium Chloride 98.8%,High-quality battery grade lithium chloride for EV battery applications. Meets strict automotive specifications.,Lithium Chloride,Battery Grade,98.79,,,,D50: 46μm,1.23 g/cm³,0.07,MT,40,38,1391,"[""ISO 9001:2015"",""RoHS""]",true,true,"{""Na"":""≤0.0005%"",""Mg"":""≤0.0003%"",""Ca"":""≤0.0018%"",""Fe"":""≤0.0003%""}","{""base_price"":922,""currency"":""USD"",""unit"":""MT"",""incoterms"":""EXW""}",active,2024-01-22T05:38:30.414Z,2025-12-14T05:38:30.414Z
ec29657f-2a6e-4019-a514-e5cfa2235d80,15a2f15e-2b3b-4d6c-95c0-45c55b4da187,Pharmaceutical Grade Lithium Spodumene,High-quality pharmaceutical grade lithium spodumene for industrial applications. Reliable quality for manufacturing.,Lithium Spodumene,Pharmaceutical Grade,,,,5.66,,1.28 g/cm³,0.07,MT,459,87,3147,"[""ISO 9001:2015"",""ISO 14001:2015"",""IATF 16949:2016"",""REACH""]",true,true,"{""Na"":""≤0.0006%"",""Mg"":""≤0.0009%"",""Ca"":""≤0.001%"",""Fe"":""≤0.0005%""}","{""base_price"":8476,""currency"":""USD"",""unit"":""MT"",""incoterms"":""CIF""}",active,2024-08-11T05:38:30.414Z,2025-12-31T05:38:30.414Z
21d61146-7d3b-47ab-b4cb-fda0cde90871,15a2f15e-2b3b-4d6c-95c0-45c55b4da187,Pharmaceutical Grade Recycled Lithium 99.1%,High-quality pharmaceutical grade recycled lithium for industrial applications. Reliable quality for manufacturing.,Recycled Lithium,Pharmaceutical Grade,99.12,,,,,1.01 g/cm³,0.11,MT,293,56,4330,"[""REACH"",""IATF 16949:2016"",""RoHS"",""ISO 14001:2015""]",true,true,"{""Na"":""≤0.0005%"",""Mg"":""≤0.0003%"",""Ca"":""≤0.0008%"",""Fe"":""≤0.0004%""}","{""base_price"":8117,""currency"":""USD"",""unit"":""MT"",""incoterms"":""EXW""}",active,2025-05-16T05:38:30.414Z,2025-12-10T05:38:30.414Z
8a690c43-12d4-4519-8321-f2c2c9421a6d,15a2f15e-2b3b-4d6c-95c0-45c55b4da187,Pharmaceutical Grade Lithium Spodumene,High-quality pharmaceutical grade lithium spodumene for industrial applications. Reliable quality for manufacturing.,Lithium Spodumene,Pharmaceutical Grade,,,,5.53,,1.25 g/cm³,0.12,MT,62,67,6572,"[""REACH"",""IATF 16949:2016""]",true,true,"{""Na"":""≤0.0009%"",""Mg"":""≤0.0006%"",""Ca"":""≤0.0007%"",""Fe"":""≤0.0002%""}","{""base_price"":7103,""currency"":""USD"",""unit"":""MT"",""incoterms"":""FOB""}",out_of_stock,2024-07-25T05:38:30.414Z,2025-12-30T05:38:30.414Z
ba97952e-ed3e-4f53-b050-560cdeb2125e,15a2f15e-2b3b-4d6c-95c0-45c55b4da187,Industrial Grade Lithium Chloride 98.6%,High-quality industrial grade lithium chloride for industrial applications. Reliable quality for manufacturing.,Lithium Chloride,Industrial Grade,98.62,,,,,1.35 g/cm³,0.03,MT,127,36,1649,"[""ISO 9001:2015"",""ISO 14001:2015"",""IATF 16949:2016"",""RoHS""]",true,true,"{""Na"":""≤0.0002%"",""Mg"":""≤0.0007%"",""Ca"":""≤0.0009%"",""Fe"":""≤0.0001%""}","{""base_price"":7245,""currency"":""USD"",""unit"":""MT"",""incoterms"":""FOB""}",active,2025-06-07T05:38:30.414Z,2025-12-29T05:38:30.414Z
314911cd-16b3-4b23-b4b6-f13992ae8967,15a2f15e-2b3b-4d6c-95c0-45c55b4da187,Battery Grade Recycled Lithium 99.3%,High-quality battery grade recycled lithium for EV battery applications. Meets strict automotive specifications.,Recycled Lithium,Battery Grade,99.29,,,,D50: 39μm,0.94 g/cm³,0.11,MT,26,86,1093,"[""ISO 9001:2015"",""RoHS"",""ISO 14001:2015""]",true,true,"{""Na"":""≤0.0009%"",""Mg"":""≤0.0004%"",""Ca"":""≤0.0016%"",""Fe"":""≤0.0004%""}","{""base_price"":919,""currency"":""USD"",""unit"":""MT"",""incoterms"":""EXW""}",active,2024-08-29T05:38:30.414Z,2025-12-11T05:38:30.414Z
5ddfde3e-4866-4b28-b769-280c8667978d,15a2f15e-2b3b-4d6c-95c0-45c55b4da187,Battery Grade Lithium Spodumene,High-quality battery grade lithium spodumene for EV battery applications. Meets strict automotive specifications.,Lithium Spodumene,Battery Grade,,,,6.34,D50: 35μm,0.86 g/cm³,0.07,MT,48,73,3679,"[""REACH"",""IATF 16949:2016"",""ISO 14001:2015"",""ISO 9001:2015""]",true,true,"{""Na"":""≤0.0003%"",""Mg"":""≤0.0002%"",""Ca"":""≤0.0005%"",""Fe"":""≤0.0001%""}","{""base_price"":1060,""currency"":""USD"",""unit"":""MT"",""incoterms"":""EXW""}",active,2025-10-09T05:38:30.414Z,2025-12-17T05:38:30.414Z
8fbeeb99-f475-4316-8d6b-047b8d3fee06,0458e690-7a4d-4c4b-a012-50fdc11f13f9,Technical Grade Lithium Carbonate 99.84%,High-quality technical grade lithium carbonate for industrial applications. Reliable quality for manufacturing.,Lithium Carbonate,Technical Grade,99.84,99.84,,,,0.9 g/cm³,0.02,MT,373,31,5188,"[""ISO 9001:2015"",""ISO 14001:2015"",""RoHS""]",true,true,"{""Na"":""≤0.0001%"",""Mg"":""≤0.0002%"",""Ca"":""≤0.0002%"",""Fe"":""≤0.0003%""}","{""base_price"":8208,""currency"":""USD"",""unit"":""MT"",""incoterms"":""CIF""}",active,2024-08-21T05:38:30.414Z,2025-12-05T05:38:30.414Z
64cd54da-7923-4358-ac27-aa4dd8b2ccd0,0458e690-7a4d-4c4b-a012-50fdc11f13f9,Battery Grade Other 99.2%,High-quality battery grade other for EV battery applications. Meets strict automotive specifications.,Other,Battery Grade,99.21,,,,D50: 53μm,1.3 g/cm³,0.04,MT,43,49,7423,"[""ISO 9001:2015"",""ISO 14001:2015""]",true,true,"{""Na"":""≤0.0008%"",""Mg"":""≤0.0003%"",""Ca"":""≤0.0017%"",""Fe"":""≤0.0004%""}","{""base_price"":1003,""currency"":""USD"",""unit"":""MT"",""incoterms"":""EXW""}",active,2025-03-19T05:38:30.414Z,2025-12-16T05:38:30.414Z
a7dd9766-3fd4-411e-918d-341dc4b804e5,0458e690-7a4d-4c4b-a012-50fdc11f13f9,Pharmaceutical Grade Lithium Carbonate 99.3%,High-quality pharmaceutical grade lithium carbonate for industrial applications. Reliable quality for manufacturing.,Lithium Carbonate,Pharmaceutical Grade,99.33,99.33,,,,0.94 g/cm³,0.05,MT,57,31,5277,"[""ISO 14001:2015"",""REACH"",""ISO 9001:2015"",""RoHS""]",true,true,"{""Na"":""≤0.0007%"",""Mg"":""≤0.0004%"",""Ca"":""≤0.0007%"",""Fe"":""≤0.0005%""}","{""base_price"":5616,""currency"":""USD"",""unit"":""MT"",""incoterms"":""EXW""}",active,2024-06-25T05:38:30.414Z,2025-12-23T05:38:30.414Z
61a94e49-7f24-473d-ac2c-e46782e65af6,0458e690-7a4d-4c4b-a012-50fdc11f13f9,Technical Grade Lithium Carbonate 99.66%,High-quality technical grade lithium carbonate for industrial applications. Reliable quality for manufacturing.,Lithium Carbonate,Technical Grade,99.66,99.66,,,,1.09 g/cm³,0.15,MT,401,78,3300,"[""ISO 9001:2015"",""REACH"",""ISO 14001:2015"",""IATF 16949:2016""]",true,true,"{""Na"":""≤0.0006%"",""Mg"":""≤0.0003%"",""Ca"":""≤0.0002%"",""Fe"":""≤0.0002%""}","{""base_price"":8011,""currency"":""USD"",""unit"":""MT"",""incoterms"":""CIF""}",active,2024-07-11T05:38:30.414Z,2025-12-25T05:38:30.414Z
1e3ce796-66e9-48f0-bc08-33e98614cfa0,0458e690-7a4d-4c4b-a012-50fdc11f13f9,Battery Grade Lithium Chloride 98.9%,High-quality battery grade lithium chloride for EV battery applications. Meets strict automotive specifications.,Lithium Chloride,Battery Grade,98.87,,,,D50: 39μm,1.18 g/cm³,0.08,MT,23,53,8776,"[""IATF 16949:2016"",""RoHS""]",true,true,"{""Na"":""≤0.0004%"",""Mg"":""≤0.0005%"",""Ca"":""≤0.0016%"",""Fe"":""≤0.0004%""}","{""base_price"":1072,""currency"":""USD"",""unit"":""MT"",""incoterms"":""EXW""}",active,2025-06-29T05:38:30.414Z,2025-12-16T05:38:30.414Z
e492bd7c-e7a4-4bb8-89a8-62072df71e4b,0458e690-7a4d-4c4b-a012-50fdc11f13f9,Battery Grade Lithium Carbonate 99.60%,High-quality battery grade lithium carbonate for EV battery applications. Meets strict automotive specifications.,Lithium Carbonate,Battery Grade,99.6,99.6,,,D50: 13μm,1.34 g/cm³,0.11,MT,43,64,5175,"[""REACH"",""IATF 16949:2016""]",true,true,"{""Na"":""≤0.0006%"",""Mg"":""≤0.0007%"",""Ca"":""≤0.0004%"",""Fe"":""≤0.0003%""}","{""base_price"":11448,""currency"":""USD"",""unit"":""MT"",""incoterms"":""CIF""}",active,2024-08-21T05:38:30.414Z,2025-12-19T05:38:30.414Z
d41c4928-3185-4ba4-8205-5b2f813c7cfd,0458e690-7a4d-4c4b-a012-50fdc11f13f9,Pharmaceutical Grade Other 99.1%,High-quality pharmaceutical grade other for industrial applications. Reliable quality for manufacturing.,Other,Pharmaceutical Grade,99.09,,,,,1.37 g/cm³,0.01,MT,253,31,4833,"[""ISO 9001:2015"",""REACH""]",true,true,"{""Na"":""≤0.0007%"",""Mg"":""≤0.0001%"",""Ca"":""≤0.0014%"",""Fe"":""≤0.0005%""}","{""base_price"":6483,""currency"":""USD"",""unit"":""MT"",""incoterms"":""CIF""}",active,2024-10-18T05:38:30.414Z,2025-12-31T05:38:30.414Z
e86eb065-f823-454f-ac14-7402ab123076,0458e690-7a4d-4c4b-a012-50fdc11f13f9,Technical Grade Lithium Carbonate 99.3%,High-quality technical grade lithium carbonate for industrial applications. Reliable quality for manufacturing.,Lithium Carbonate,Technical Grade,99.34,99.34,,,,1.35 g/cm³,0.03,MT,54,74,8804,"[""REACH"",""IATF 16949:2016"",""ISO 14001:2015"",""RoHS""]",true,true,"{""Na"":""≤0.0005%"",""Mg"":""≤0.0003%"",""Ca"":""≤0.0007%"",""Fe"":""≤0.0003%""}","{""base_price"":5892,""currency"":""USD"",""unit"":""MT"",""incoterms"":""EXW""}",active,2025-06-28T05:38:30.414Z,2025-12-16T05:38:30.414Z
9a3adb65-b577-4ab1-83d0-359004c6327c,0458e690-7a4d-4c4b-a012-50fdc11f13f9,Battery Grade Lithium Carbonate 99.5%,High-quality battery grade lithium carbonate for EV battery applications. Meets strict automotive specifications.,Lithium Carbonate,Battery Grade,99.47,99.47,,,D50: 19μm,0.9 g/cm³,0.09,MT,28,67,6572,"[""ISO 9001:2015"",""ISO 14001:2015"",""IATF 16949:2016"",""REACH""]",true,true,"{""Na"":""≤0.0003%"",""Mg"":""≤0.0005%"",""Ca"":""≤0.0019%"",""Fe"":""≤0.0005%""}","{""base_price"":13001,""currency"":""USD"",""unit"":""MT"",""incoterms"":""EXW""}",active,2025-08-20T05:38:30.414Z,2025-12-08T05:38:30.414Z
e7905842-b268-45b1-a3b4-fba0905866ac,0458e690-7a4d-4c4b-a012-50fdc11f13f9,Pharmaceutical Grade Recycled Lithium 98.5%,High-quality pharmaceutical grade recycled lithium for industrial applications. Reliable quality for manufacturing.,Recycled Lithium,Pharmaceutical Grade,98.5,,,,,0.85 g/cm³,0.07,MT,495,73,8689,"[""ISO 14001:2015"",""RoHS"",""IATF 16949:2016"",""REACH""]",true,true,"{""Na"":""≤0.0008%"",""Mg"":""≤0.0005%"",""Ca"":""≤0.0018%"",""Fe"":""≤0.0003%""}","{""base_price"":7634,""currency"":""USD"",""unit"":""MT"",""incoterms"":""EXW""}",active,2025-07-26T05:38:30.414Z,2025-12-07T05:38:30.414Z
dfd03ffb-58f4-4dcc-b64a-d8c44a532c20,0971e222-5719-489b-af2c-7a9d9a5a1651,Technical Grade Lithium Hydroxide 99.80%,High-quality technical grade lithium hydroxide for industrial applications. Reliable quality for manufacturing.,Lithium Hydroxide,Technical Grade,99.8,,56.52,,,1.32 g/cm³,0.03,MT,249,73,1520,"[""ISO 9001:2015"",""ISO 14001:2015"",""IATF 16949:2016"",""REACH""]",true,true,"{""Na"":""≤0.0008%"",""Mg"":""≤0.0001%"",""Ca"":""≤0.0014%"",""Fe"":""≤0.0001%""}","{""base_price"":6216,""currency"":""USD"",""unit"":""MT"",""incoterms"":""EXW""}",active,2025-11-09T05:38:30.414Z,2025-12-08T05:38:30.414Z
5187ebc2-beaf-4605-813f-311be7649524,0971e222-5719-489b-af2c-7a9d9a5a1651,Industrial Grade Lithium Hydroxide 99.89%,High-quality industrial grade lithium hydroxide for industrial applications. Reliable quality for manufacturing.,Lithium Hydroxide,Industrial Grade,99.89,,56.34,,,1.12 g/cm³,0.04,MT,368,71,3799,"[""RoHS"",""REACH""]",true,true,"{""Na"":""≤0.001%"",""Mg"":""≤0.0006%"",""Ca"":""≤0.0014%"",""Fe"":""≤0.0005%""}","{""base_price"":9638,""currency"":""USD"",""unit"":""MT"",""incoterms"":""FOB""}",active,2025-04-13T05:38:30.414Z,2025-12-15T05:38:30.414Z
3a999673-a5ff-4da4-9354-61aa45d2f9ec,0971e222-5719-489b-af2c-7a9d9a5a1651,Technical Grade Lithium Spodumene,High-quality technical grade lithium spodumene for industrial applications. Reliable quality for manufacturing.,Lithium Spodumene,Technical Grade,,,,5.71,,1.01 g/cm³,0.15,MT,196,49,3072,"[""ISO 9001:2015"",""ISO 14001:2015"",""IATF 16949:2016"",""REACH""]",true,true,"{""Na"":""≤0.001%"",""Mg"":""≤0.0005%"",""Ca"":""≤0.0009%"",""Fe"":""≤0.0004%""}","{""base_price"":7165,""currency"":""USD"",""unit"":""MT"",""incoterms"":""FOB""}",active,2025-03-09T05:38:30.414Z,2025-12-08T05:38:30.414Z
7d6270e2-c989-494c-9cd6-5afbaffe9257,0971e222-5719-489b-af2c-7a9d9a5a1651,Battery Grade Lithium Chloride 98.1%,High-quality battery grade lithium chloride for EV battery applications. Meets strict automotive specifications.,Lithium Chloride,Battery Grade,98.07,,,,D50: 46μm,1.29 g/cm³,0.04,MT,23,74,2597,"[""RoHS"",""REACH"",""IATF 16949:2016"",""ISO 14001:2015""]",true,true,"{""Na"":""≤0.0005%"",""Mg"":""≤0.0006%"",""Ca"":""≤0.0011%"",""Fe"":""≤0.0003%""}","{""base_price"":865,""currency"":""USD"",""unit"":""MT"",""incoterms"":""CIF""}",active,2025-11-28T05:38:30.414Z,2025-12-27T05:38:30.414Z
f9cbf937-4cbb-430c-92f3-6530ab56002b,0971e222-5719-489b-af2c-7a9d9a5a1651,Industrial Grade Lithium Hydroxide 99.74%,High-quality industrial grade lithium hydroxide for industrial applications. Reliable quality for manufacturing.,Lithium Hydroxide,Industrial Grade,99.74,,56.43,,,0.9 g/cm³,0.09,MT,168,80,3600,"[""REACH"",""ISO 9001:2015"",""IATF 16949:2016"",""RoHS""]",true,true,"{""Na"":""≤0.0002%"",""Mg"":""≤0.0002%"",""Ca"":""≤0.0017%"",""Fe"":""≤0.0002%""}","{""base_price"":8332,""currency"":""USD"",""unit"":""MT"",""incoterms"":""FOB""}",active,2025-03-02T05:38:30.414Z,2025-12-22T05:38:30.414Z
68808a31-ebe6-4045-b1c0-2e31cfd9f07c,0971e222-5719-489b-af2c-7a9d9a5a1651,Technical Grade Recycled Lithium 99.3%,High-quality technical grade recycled lithium for industrial applications. Reliable quality for manufacturing.,Recycled Lithium,Technical Grade,99.3,,,,,1.36 g/cm³,0.04,MT,136,78,1432,"[""REACH"",""IATF 16949:2016"",""ISO 14001:2015"",""ISO 9001:2015""]",true,true,"{""Na"":""≤0.0002%"",""Mg"":""≤0.0006%"",""Ca"":""≤0.0017%"",""Fe"":""≤0.0002%""}","{""base_price"":9759,""currency"":""USD"",""unit"":""MT"",""incoterms"":""EXW""}",active,2024-12-03T05:38:30.414Z,2025-12-07T05:38:30.414Z
de8a746c-9de6-4135-8d0c-f4cdc0169139,0971e222-5719-489b-af2c-7a9d9a5a1651,Technical Grade Lithium Hydroxide 99.60%,High-quality technical grade lithium hydroxide for industrial applications. Reliable quality for manufacturing.,Lithium Hydroxide,Technical Grade,99.6,,56.16,,,1.25 g/cm³,0.13,MT,124,61,1197,"[""IATF 16949:2016"",""ISO 14001:2015"",""ISO 9001:2015""]",true,true,"{""Na"":""≤0.0007%"",""Mg"":""≤0.001%"",""Ca"":""≤0.0012%"",""Fe"":""≤0.0001%""}","{""base_price"":8661,""currency"":""USD"",""unit"":""MT"",""incoterms"":""EXW""}",active,2025-05-12T05:38:30.414Z,2025-12-30T05:38:30.414Z
8f4aeb45-8e18-45b2-8302-4be619d9f567,0971e222-5719-489b-af2c-7a9d9a5a1651,Technical Grade Lithium Spodumene,High-quality technical grade lithium spodumene for industrial applications. Reliable quality for manufacturing.,Lithium Spodumene,Technical Grade,,,,6.78,,1.35 g/cm³,0.07,MT,319,77,480,"[""ISO 9001:2015"",""ISO 14001:2015"",""IATF 16949:2016"",""REACH""]",true,true,"{""Na"":""≤0.0006%"",""Mg"":""≤0.0005%"",""Ca"":""≤0.0001%"",""Fe"":""≤0.0001%""}","{""base_price"":6241,""currency"":""USD"",""unit"":""MT"",""incoterms"":""EXW""}",out_of_stock,2025-01-23T05:38:30.414Z,2025-12-18T05:38:30.414Z
321842b1-07ad-4699-b8f0-78e1de2e0fbc,0971e222-5719-489b-af2c-7a9d9a5a1651,Industrial Grade Lithium Carbonate 99.61%,High-quality industrial grade lithium carbonate for industrial applications. Reliable quality for manufacturing.,Lithium Carbonate,Industrial Grade,99.61,99.61,,,,1.05 g/cm³,0.09,MT,448,41,9395,"[""RoHS"",""REACH"",""IATF 16949:2016"",""ISO 14001:2015""]",true,true,"{""Na"":""≤0.0007%"",""Mg"":""≤0.0005%"",""Ca"":""≤0.0004%"",""Fe"":""≤0.0004%""}","{""base_price"":8508,""currency"":""USD"",""unit"":""MT"",""incoterms"":""FOB""}",active,2024-12-24T05:38:30.414Z,2025-12-27T05:38:30.414Z
7258bc3f-5a4d-47ac-8d01-a8b32dc662e2,5663ce32-a0ed-4c94-ac7f-ac4a0f9b179c,Industrial Grade Recycled Lithium 98.9%,High-quality industrial grade recycled lithium for industrial applications. Reliable quality for manufacturing.,Recycled Lithium,Industrial Grade,98.92,,,,,0.89 g/cm³,0.13,MT,99,74,2537,"[""ISO 9001:2015"",""REACH"",""ISO 14001:2015""]",true,true,"{""Na"":""≤0.0006%"",""Mg"":""≤0.001%"",""Ca"":""≤0.0015%"",""Fe"":""≤0.0005%""}","{""base_price"":5109,""currency"":""USD"",""unit"":""MT"",""incoterms"":""EXW""}",active,2025-08-19T05:38:30.414Z,2025-12-25T05:38:30.414Z
204a4993-f51d-4872-ab11-5b754b8f0e4e,5663ce32-a0ed-4c94-ac7f-ac4a0f9b179c,Pharmaceutical Grade Lithium Spodumene,High-quality pharmaceutical grade lithium spodumene for industrial applications. Reliable quality for manufacturing.,Lithium Spodumene,Pharmaceutical Grade,,,,6.67,,0.86 g/cm³,0.1,MT,383,59,7311,"[""REACH"",""ISO 9001:2015""]",true,true,"{""Na"":""≤0.0006%"",""Mg"":""≤0.0009%"",""Ca"":""≤0.0007%"",""Fe"":""≤0.0002%""}","{""base_price"":8416,""currency"":""USD"",""unit"":""MT"",""incoterms"":""FOB""}",out_of_stock,2025-03-14T05:38:30.414Z,2025-12-27T05:38:30.414Z
e40ab371-75b0-4227-ab1b-1ce8b154d1b0,5663ce32-a0ed-4c94-ac7f-ac4a0f9b179c,Technical Grade Lithium Spodumene,High-quality technical grade lithium spodumene for industrial applications. Reliable quality for manufacturing.,Lithium Spodumene,Technical Grade,,,,6.44,,1.29 g/cm³,0.09,MT,481,68,3572,"[""ISO 9001:2015"",""ISO 14001:2015"",""REACH"",""IATF 16949:2016""]",true,true,"{""Na"":""≤0.0005%"",""Mg"":""≤0.0005%"",""Ca"":""≤0.0004%"",""Fe"":""≤0.0001%""}","{""base_price"":9713,""currency"":""USD"",""unit"":""MT"",""incoterms"":""EXW""}",active,2025-03-04T05:38:30.414Z,2025-12-21T05:38:30.414Z
be8dc345-be80-4fab-82e3-f65f521e4d9e,5663ce32-a0ed-4c94-ac7f-ac4a0f9b179c,Pharmaceutical Grade Recycled Lithium 99.4%,High-quality pharmaceutical grade recycled lithium for industrial applications. Reliable quality for manufacturing.,Recycled Lithium,Pharmaceutical Grade,99.41,,,,,0.85 g/cm³,0.05,MT,178,77,9145,"[""RoHS"",""REACH"",""IATF 16949:2016""]",true,true,"{""Na"":""≤0.0001%"",""Mg"":""≤0.0007%"",""Ca"":""≤0.002%"",""Fe"":""≤0.0002%""}","{""base_price"":7126,""currency"":""USD"",""unit"":""MT"",""incoterms"":""CIF""}",active,2025-06-18T05:38:30.414Z,2025-12-04T05:38:30.414Z
204087f6-f18c-4fc4-a049-dc1e1908dd55,5663ce32-a0ed-4c94-ac7f-ac4a0f9b179c,Pharmaceutical Grade Lithium Carbonate 99.3%,High-quality pharmaceutical grade lithium carbonate for industrial applications. Reliable quality for manufacturing.,Lithium Carbonate,Pharmaceutical Grade,99.35,99.35,,,,0.91 g/cm³,0.09,MT,215,59,4215,"[""ISO 9001:2015"",""IATF 16949:2016""]",true,true,"{""Na"":""≤0.0002%"",""Mg"":""≤0.0003%"",""Ca"":""≤0.0001%"",""Fe"":""≤0.0003%""}","{""base_price"":5378,""currency"":""USD"",""unit"":""MT"",""incoterms"":""FOB""}",active,2025-10-13T05:38:30.414Z,2025-12-24T05:38:30.414Z
f6db81a1-7645-41f2-a962-aeae7b3db1cd,5663ce32-a0ed-4c94-ac7f-ac4a0f9b179c,Technical Grade Lithium Chloride 99.5%,High-quality technical grade lithium chloride for industrial applications. Reliable quality for manufacturing.,Lithium Chloride,Technical Grade,99.49,,,,,0.92 g/cm³,0.1,MT,227,72,5991,"[""ISO 9001:2015"",""IATF 16949:2016"",""ISO 14001:2015""]",true,true,"{""Na"":""≤0.0004%"",""Mg"":""≤0.0009%"",""Ca"":""≤0.0006%"",""Fe"":""≤0.0001%""}","{""base_price"":7949,""currency"":""USD"",""unit"":""MT"",""incoterms"":""CIF""}",active,2024-07-07T05:38:30.414Z,2025-12-05T05:38:30.414Z
1df7d4f5-9d91-49b1-b29a-9f7c3a8d47b6,5663ce32-a0ed-4c94-ac7f-ac4a0f9b179c,Technical Grade Lithium Carbonate 99.5%,High-quality technical grade lithium carbonate for industrial applications. Reliable quality for manufacturing.,Lithium Carbonate,Technical Grade,99.46,99.46,,,,1.19 g/cm³,0.03,MT,201,69,5250,"[""ISO 14001:2015"",""REACH"",""RoHS""]",true,true,"{""Na"":""≤0.0002%"",""Mg"":""≤0.0002%"",""Ca"":""≤0.0002%"",""Fe"":""≤0.0004%""}","{""base_price"":9526,""currency"":""USD"",""unit"":""MT"",""incoterms"":""FOB""}",active,2024-05-09T05:38:30.414Z,2026-01-02T05:38:30.414Z
6121d0f1-8976-440b-9703-b493ad96b897,4022a232-e169-44e0-8c38-ebc6e00bb23e,Industrial Grade Lithium Carbonate 99.87%,High-quality industrial grade lithium carbonate for industrial applications. Reliable quality for manufacturing.,Lithium Carbonate,Industrial Grade,99.87,99.87,,,,1.02 g/cm³,0.08,MT,451,67,2658,"[""IATF 16949:2016"",""ISO 9001:2015""]",true,true,"{""Na"":""≤0.0009%"",""Mg"":""≤0.0002%"",""Ca"":""≤0.0013%"",""Fe"":""≤0.0001%""}","{""base_price"":7023,""currency"":""USD"",""unit"":""MT"",""incoterms"":""EXW""}",active,2025-08-28T05:38:30.414Z,2025-12-29T05:38:30.414Z
dffb53ba-d284-4fc5-8996-2f0214e45579,4022a232-e169-44e0-8c38-ebc6e00bb23e,Technical Grade Lithium Hydroxide 99.78%,High-quality technical grade lithium hydroxide for industrial applications. Reliable quality for manufacturing.,Lithium Hydroxide,Technical Grade,99.78,,56.06,,,1.1 g/cm³,0.02,MT,243,32,7667,"[""IATF 16949:2016"",""ISO 9001:2015"",""ISO 14001:2015""]",true,true,"{""Na"":""≤0.0002%"",""Mg"":""≤0.0008%"",""Ca"":""≤0.0011%"",""Fe"":""≤0.0002%""}","{""base_price"":8633,""currency"":""USD"",""unit"":""MT"",""incoterms"":""EXW""}",active,2025-10-01T05:38:30.414Z,2025-12-30T05:38:30.414Z
181ff82d-09e7-465a-ab18-7c62c452ee45,4022a232-e169-44e0-8c38-ebc6e00bb23e,Industrial Grade Recycled Lithium 98.2%,High-quality industrial grade recycled lithium for industrial applications. Reliable quality for manufacturing.,Recycled Lithium,Industrial Grade,98.23,,,,,0.84 g/cm³,0.09,MT,53,34,5628,"[""REACH"",""IATF 16949:2016""]",true,true,"{""Na"":""≤0.0006%"",""Mg"":""≤0.0009%"",""Ca"":""≤0.0009%"",""Fe"":""≤0.0005%""}","{""base_price"":9221,""currency"":""USD"",""unit"":""MT"",""incoterms"":""FOB""}",active,2025-04-29T05:38:30.414Z,2025-12-25T05:38:30.414Z
88c20166-3eef-4690-9ff9-2b949bc9fa22,4022a232-e169-44e0-8c38-ebc6e00bb23e,Battery Grade Lithium Spodumene,High-quality battery grade lithium spodumene for EV battery applications. Meets strict automotive specifications.,Lithium Spodumene,Battery Grade,,,,5.69,D50: 27μm,0.82 g/cm³,0.08,MT,31,69,3523,"[""RoHS"",""REACH""]",true,true,"{""Na"":""≤0.0002%"",""Mg"":""≤0.0002%"",""Ca"":""≤0.0011%"",""Fe"":""≤0.0004%""}","{""base_price"":1068,""currency"":""USD"",""unit"":""MT"",""incoterms"":""FOB""}",active,2024-03-02T05:38:30.414Z,2025-12-10T05:38:30.414Z
5f8c7e11-6877-48dc-86fe-db9272b0390e,4022a232-e169-44e0-8c38-ebc6e00bb23e,Technical Grade Lithium Carbonate 99.3%,High-quality technical grade lithium carbonate for industrial applications. Reliable quality for manufacturing.,Lithium Carbonate,Technical Grade,99.34,99.34,,,,1.33 g/cm³,0.09,MT,443,74,8438,"[""ISO 9001:2015"",""RoHS""]",true,true,"{""Na"":""≤0.001%"",""Mg"":""≤0.0009%"",""Ca"":""≤0.001%"",""Fe"":""≤0.0004%""}","{""base_price"":6147,""currency"":""USD"",""unit"":""MT"",""incoterms"":""FOB""}",active,2024-03-08T05:38:30.414Z,2025-12-24T05:38:30.414Z
8ff8f14e-8bb2-453a-8b87-222fde195e11,4022a232-e169-44e0-8c38-ebc6e00bb23e,Battery Grade Lithium Chloride 99.2%,High-quality battery grade lithium chloride for EV battery applications. Meets strict automotive specifications.,Lithium Chloride,Battery Grade,99.22,,,,D50: 52μm,1.37 g/cm³,0.02,MT,49,89,7218,"[""REACH"",""ISO 9001:2015"",""ISO 14001:2015"",""RoHS""]",true,true,"{""Na"":""≤0.0006%"",""Mg"":""≤0.0003%"",""Ca"":""≤0.0004%"",""Fe"":""≤0.0003%""}","{""base_price"":884,""currency"":""USD"",""unit"":""MT"",""incoterms"":""FOB""}",active,2024-07-21T05:38:30.414Z,2025-12-22T05:38:30.414Z
811bcac4-f8dc-44bd-928f-6730ef592aeb,4022a232-e169-44e0-8c38-ebc6e00bb23e,Battery Grade Lithium Chloride 98.7%,High-quality battery grade lithium chloride for EV battery applications. Meets strict automotive specifications.,Lithium Chloride,Battery Grade,98.68,,,,D50: 57μm,1.4 g/cm³,0.15,MT,34,57,770,"[""REACH"",""IATF 16949:2016"",""ISO 14001:2015"",""RoHS""]",true,true,"{""Na"":""≤0.0001%"",""Mg"":""≤0.0003%"",""Ca"":""≤0.0003%"",""Fe"":""≤0.0002%""}","{""base_price"":1028,""currency"":""USD"",""unit"":""MT"",""incoterms"":""EXW""}",active,2024-05-31T05:38:30.414Z,2025-12-15T05:38:30.414Z
26fa5f89-a0bb-46dd-a34b-1567076791fa,4022a232-e169-44e0-8c38-ebc6e00bb23e,Technical Grade Lithium Hydroxide 99.95%,High-quality technical grade lithium hydroxide for industrial applications. Reliable quality for manufacturing.,Lithium Hydroxide,Technical Grade,99.95,,56.2,,,0.83 g/cm³,0.07,MT,438,42,3944,"[""ISO 9001:2015"",""ISO 14001:2015"",""IATF 16949:2016"",""RoHS""]",true,true,"{""Na"":""≤0.0007%"",""Mg"":""≤0.0008%"",""Ca"":""≤0.0008%"",""Fe"":""≤0.0004%""}","{""base_price"":7793,""currency"":""USD"",""unit"":""MT"",""incoterms"":""CIF""}",active,2025-03-21T05:38:30.415Z,2025-12-19T05:38:30.415Z
a24ed0c7-e387-47fc-9707-71ef174953b1,4022a232-e169-44e0-8c38-ebc6e00bb23e,Battery Grade Lithium Chloride 99.3%,High-quality battery grade lithium chloride for EV battery applications. Meets strict automotive specifications.,Lithium Chloride,Battery Grade,99.29,,,,D50: 44μm,1.12 g/cm³,0.02,MT,44,46,2583,"[""IATF 16949:2016"",""REACH""]",true,true,"{""Na"":""≤0.0004%"",""Mg"":""≤0.0004%"",""Ca"":""≤0.0006%"",""Fe"":""≤0.0001%""}","{""base_price"":1053,""currency"":""USD"",""unit"":""MT"",""incoterms"":""EXW""}",active,2024-03-05T05:38:30.415Z,2025-12-12T05:38:30.415Z
330c561b-b222-4807-b3ef-153874f3e632,4022a232-e169-44e0-8c38-ebc6e00bb23e,Pharmaceutical Grade Lithium Spodumene,High-quality pharmaceutical grade lithium spodumene for industrial applications. Reliable quality for manufacturing.,Lithium Spodumene,Pharmaceutical Grade,,,,6.79,,1.36 g/cm³,0.03,MT,270,78,614,"[""ISO 9001:2015"",""ISO 14001:2015""]",true,true,"{""Na"":""≤0.0007%"",""Mg"":""≤0.0002%"",""Ca"":""≤0.0008%"",""Fe"":""≤0.0001%""}","{""base_price"":7363,""currency"":""USD"",""unit"":""MT"",""incoterms"":""EXW""}",active,2024-01-07T05:38:30.415Z,2025-12-24T05:38:30.415Z
794c3043-be46-42ff-b01c-8dab2f2a9020,4022a232-e169-44e0-8c38-ebc6e00bb23e,Pharmaceutical Grade Lithium Hydroxide 99.64%,High-quality pharmaceutical grade lithium hydroxide for industrial applications. Reliable quality for manufacturing.,Lithium Hydroxide,Pharmaceutical Grade,99.64,,56.37,,,1.22 g/cm³,0.14,MT,438,59,5321,"[""ISO 14001:2015"",""REACH""]",true,true,"{""Na"":""≤0.0006%"",""Mg"":""≤0.001%"",""Ca"":""≤0.0014%"",""Fe"":""≤0.0002%""}","{""base_price"":7829,""currency"":""USD"",""unit"":""MT"",""incoterms"":""CIF""}",active,2025-09-17T05:38:30.415Z,2025-12-27T05:38:30.415Z
43cb09c5-5d45-4514-a559-c2518ffaf9fa,a303100d-a5a2-46ee-8c2a-db05153285be,Industrial Grade Lithium Spodumene,High-quality industrial grade lithium spodumene for industrial applications. Reliable quality for manufacturing.,Lithium Spodumene,Industrial Grade,,,,5.64,,0.89 g/cm³,0.02,MT,327,77,6720,"[""REACH"",""IATF 16949:2016"",""RoHS""]",true,true,"{""Na"":""≤0.0007%"",""Mg"":""≤0.001%"",""Ca"":""≤0.0005%"",""Fe"":""≤0.0001%""}","{""base_price"":6054,""currency"":""USD"",""unit"":""MT"",""incoterms"":""FOB""}",active,2024-07-20T05:38:30.415Z,2025-12-17T05:38:30.415Z
19f9604e-a054-4040-a6f8-3eeef9cd4acf,a303100d-a5a2-46ee-8c2a-db05153285be,Pharmaceutical Grade Lithium Chloride 99.4%,High-quality pharmaceutical grade lithium chloride for industrial applications. Reliable quality for manufacturing.,Lithium Chloride,Pharmaceutical Grade,99.4,,,,,0.99 g/cm³,0.06,MT,403,46,441,"[""REACH"",""ISO 9001:2015""]",true,true,"{""Na"":""≤0.0004%"",""Mg"":""≤0.0009%"",""Ca"":""≤0.0013%"",""Fe"":""≤0.0003%""}","{""base_price"":6982,""currency"":""USD"",""unit"":""MT"",""incoterms"":""EXW""}",active,2025-01-09T05:38:30.415Z,2025-12-09T05:38:30.415Z
8460eec5-7ab3-41c5-9dd3-6c25cf5048bc,a303100d-a5a2-46ee-8c2a-db05153285be,Industrial Grade Recycled Lithium 99.5%,High-quality industrial grade recycled lithium for industrial applications. Reliable quality for manufacturing.,Recycled Lithium,Industrial Grade,99.45,,,,,0.88 g/cm³,0.09,MT,343,77,9729,"[""ISO 9001:2015"",""ISO 14001:2015""]",true,true,"{""Na"":""≤0.0002%"",""Mg"":""≤0.0009%"",""Ca"":""≤0.0006%"",""Fe"":""≤0.0001%""}","{""base_price"":9652,""currency"":""USD"",""unit"":""MT"",""incoterms"":""EXW""}",active,2024-10-26T05:38:30.415Z,2025-12-07T05:38:30.415Z
0b8c6fa1-a166-4b98-a811-2084cc284fea,a303100d-a5a2-46ee-8c2a-db05153285be,Battery Grade Lithium Hydroxide 99.95%,High-quality battery grade lithium hydroxide for EV battery applications. Meets strict automotive specifications.,Lithium Hydroxide,Battery Grade,99.95,,56.64,,D50: 30μm,1.31 g/cm³,0.03,MT,50,70,9447,"[""IATF 16949:2016"",""ISO 14001:2015"",""RoHS""]",true,true,"{""Na"":""≤0.0003%"",""Mg"":""≤0.0002%"",""Ca"":""≤0.0003%"",""Fe"":""≤0.0002%""}","{""base_price"":17493,""currency"":""USD"",""unit"":""MT"",""incoterms"":""EXW""}",active,2024-11-22T05:38:30.415Z,2025-12-18T05:38:30.415Z
d3a6ff23-f579-48c0-b14b-36f0a9ff03d4,a303100d-a5a2-46ee-8c2a-db05153285be,Industrial Grade Lithium Chloride 98.5%,High-quality industrial grade lithium chloride for industrial applications. Reliable quality for manufacturing.,Lithium Chloride,Industrial Grade,98.55,,,,,0.85 g/cm³,0.01,MT,315,65,6592,"[""RoHS"",""ISO 9001:2015""]",true,true,"{""Na"":""≤0.0002%"",""Mg"":""≤0.0008%"",""Ca"":""≤0.0002%"",""Fe"":""≤0.0002%""}","{""base_price"":6847,""currency"":""USD"",""unit"":""MT"",""incoterms"":""EXW""}",active,2024-06-11T05:38:30.415Z,2025-12-31T05:38:30.415Z
cf554f9f-e702-471f-8532-e7c48f88deac,a303100d-a5a2-46ee-8c2a-db05153285be,Industrial Grade Recycled Lithium 98.2%,High-quality industrial grade recycled lithium for industrial applications. Reliable quality for manufacturing.,Recycled Lithium,Industrial Grade,98.15,,,,,1.32 g/cm³,0.12,MT,154,77,7350,"[""IATF 16949:2016"",""ISO 14001:2015""]",true,true,"{""Na"":""≤0.0006%"",""Mg"":""≤0.0002%"",""Ca"":""≤0.0018%"",""Fe"":""≤0.0004%""}","{""base_price"":5969,""currency"":""USD"",""unit"":""MT"",""incoterms"":""CIF""}",active,2025-04-17T05:38:30.415Z,2025-12-24T05:38:30.415Z
ac8afe5e-da6a-4edf-98ca-85834f77f381,a303100d-a5a2-46ee-8c2a-db05153285be,Industrial Grade Lithium Spodumene,High-quality industrial grade lithium spodumene for industrial applications. Reliable quality for manufacturing.,Lithium Spodumene,Industrial Grade,,,,6.16,,1.36 g/cm³,0.1,MT,160,50,6539,"[""REACH"",""ISO 14001:2015"",""ISO 9001:2015"",""RoHS""]",true,true,"{""Na"":""≤0.0009%"",""Mg"":""≤0.0001%"",""Ca"":""≤0.0013%"",""Fe"":""≤0.0003%""}","{""base_price"":8023,""currency"":""USD"",""unit"":""MT"",""incoterms"":""EXW""}",active,2025-02-26T05:38:30.415Z,2025-12-27T05:38:30.415Z
f8b288b2-4832-495f-867c-3095ba99471c,a303100d-a5a2-46ee-8c2a-db05153285be,Technical Grade Lithium Hydroxide 99.76%,High-quality technical grade lithium hydroxide for industrial applications. Reliable quality for manufacturing.,Lithium Hydroxide,Technical Grade,99.76,,56.86,,,0.83 g/cm³,0.04,MT,185,79,7201,"[""REACH"",""IATF 16949:2016"",""ISO 14001:2015"",""RoHS""]",true,true,"{""Na"":""≤0.0003%"",""Mg"":""≤0.0003%"",""Ca"":""≤0.0013%"",""Fe"":""≤0.0003%""}","{""base_price"":7081,""currency"":""USD"",""unit"":""MT"",""incoterms"":""EXW""}",active,2025-04-03T05:38:30.415Z,2025-12-30T05:38:30.415Z
b3bdce5c-9524-459c-b3c7-983e7b80b90c,a303100d-a5a2-46ee-8c2a-db05153285be,Battery Grade Lithium Carbonate 99.70%,High-quality battery grade lithium carbonate for EV battery applications. Meets strict automotive specifications.,Lithium Carbonate,Battery Grade,99.7,99.7,,,D50: 25μm,0.87 g/cm³,0.12,MT,26,35,5125,"[""ISO 9001:2015"",""ISO 14001:2015"",""IATF 16949:2016"",""RoHS""]",true,true,"{""Na"":""≤0.0007%"",""Mg"":""≤0.001%"",""Ca"":""≤0.0008%"",""Fe"":""≤0.0003%""}","{""base_price"":13473,""currency"":""USD"",""unit"":""MT"",""incoterms"":""FOB""}",active,2025-04-19T05:38:30.415Z,2025-12-08T05:38:30.415Z
6a6dfb89-8eb1-4c3a-a38e-3b1037d73e1b,a303100d-a5a2-46ee-8c2a-db05153285be,Industrial Grade Lithium Chloride 98.6%,High-quality industrial grade lithium chloride for industrial applications. Reliable quality for manufacturing.,Lithium Chloride,Industrial Grade,98.57,,,,,1.36 g/cm³,0.11,MT,293,45,6838,"[""REACH"",""IATF 16949:2016"",""RoHS"",""ISO 9001:2015""]",true,true,"{""Na"":""≤0.0003%"",""Mg"":""≤0.0001%"",""Ca"":""≤0.001%"",""Fe"":""≤0.0002%""}","{""base_price"":9939,""currency"":""USD"",""unit"":""MT"",""incoterms"":""EXW""}",active,2025-01-26T05:38:30.415Z,2025-12-27T05:38:30.415Z
59006b38-bcd9-4fb0-bcb4-aa101f6a2278,0993ef4e-0912-4214-88b5-f09012b23d4a,Industrial Grade Lithium Spodumene,High-quality industrial grade lithium spodumene for industrial applications. Reliable quality for manufacturing.,Lithium Spodumene,Industrial Grade,,,,6.14,,1.08 g/cm³,0.03,MT,353,60,4373,"[""ISO 14001:2015"",""ISO 9001:2015"",""REACH""]",true,true,"{""Na"":""≤0.0008%"",""Mg"":""≤0.0004%"",""Ca"":""≤0.0011%"",""Fe"":""≤0.0002%""}","{""base_price"":9418,""currency"":""USD"",""unit"":""MT"",""incoterms"":""FOB""}",active,2024-08-10T05:38:30.415Z,2025-12-19T05:38:30.415Z
0cde009e-a767-4336-af32-0d88e5c368f7,0993ef4e-0912-4214-88b5-f09012b23d4a,Industrial Grade Lithium Chloride 99.2%,High-quality industrial grade lithium chloride for industrial applications. Reliable quality for manufacturing.,Lithium Chloride,Industrial Grade,99.19,,,,,0.88 g/cm³,0.08,MT,109,68,4903,"[""ISO 9001:2015"",""ISO 14001:2015"",""RoHS"",""IATF 16949:2016""]",true,true,"{""Na"":""≤0.0005%"",""Mg"":""≤0.001%"",""Ca"":""≤0.0006%"",""Fe"":""≤0.0003%""}","{""base_price"":9157,""currency"":""USD"",""unit"":""MT"",""incoterms"":""CIF""}",active,2025-02-02T05:38:30.415Z,2025-12-09T05:38:30.415Z
5654718d-5b15-4504-8f55-1d19c2de7545,0993ef4e-0912-4214-88b5-f09012b23d4a,Battery Grade Lithium Carbonate 99.82%,High-quality battery grade lithium carbonate for EV battery applications. Meets strict automotive specifications.,Lithium Carbonate,Battery Grade,99.82,99.82,,,D50: 60μm,1.27 g/cm³,0.13,MT,16,37,6173,"[""IATF 16949:2016"",""ISO 14001:2015""]",true,true,"{""Na"":""≤0.0004%"",""Mg"":""≤0.0002%"",""Ca"":""≤0.0004%"",""Fe"":""≤0.0004%""}","{""base_price"":11212,""currency"":""USD"",""unit"":""MT"",""incoterms"":""FOB""}",active,2024-11-11T05:38:30.415Z,2025-12-30T05:38:30.415Z
1c7db1f2-20a2-4052-88aa-a3d0631a36f2,0993ef4e-0912-4214-88b5-f09012b23d4a,Pharmaceutical Grade Lithium Hydroxide 99.56%,High-quality pharmaceutical grade lithium hydroxide for industrial applications. Reliable quality for manufacturing.,Lithium Hydroxide,Pharmaceutical Grade,99.56,,56.67,,,1.02 g/cm³,0.11,MT,111,60,1865,"[""ISO 14001:2015"",""REACH"",""IATF 16949:2016"",""RoHS""]",true,true,"{""Na"":""≤0.0002%"",""Mg"":""≤0.0005%"",""Ca"":""≤0.0005%"",""Fe"":""≤0.0004%""}","{""base_price"":7293,""currency"":""USD"",""unit"":""MT"",""incoterms"":""EXW""}",active,2025-02-07T05:38:30.415Z,2025-12-24T05:38:30.415Z
8fe04cd2-360c-448b-a13e-e3ca59cff234,0993ef4e-0912-4214-88b5-f09012b23d4a,Industrial Grade Lithium Chloride 99.0%,High-quality industrial grade lithium chloride for industrial applications. Reliable quality for manufacturing.,Lithium Chloride,Industrial Grade,99,,,,,1.29 g/cm³,0.1,MT,87,57,7910,"[""ISO 9001:2015"",""ISO 14001:2015"",""IATF 16949:2016"",""REACH""]",true,true,"{""Na"":""≤0.0007%"",""Mg"":""≤0.0003%"",""Ca"":""≤0.0018%"",""Fe"":""≤0.0002%""}","{""base_price"":5020,""currency"":""USD"",""unit"":""MT"",""incoterms"":""CIF""}",active,2025-03-08T05:38:30.415Z,2025-12-09T05:38:30.415Z
9f34cdd0-4dc7-4983-900b-609dd99fb4c2,0993ef4e-0912-4214-88b5-f09012b23d4a,Pharmaceutical Grade Other 98.8%,High-quality pharmaceutical grade other for industrial applications. Reliable quality for manufacturing.,Other,Pharmaceutical Grade,98.81,,,,,0.93 g/cm³,0.12,MT,123,35,1925,"[""ISO 9001:2015"",""REACH""]",true,true,"{""Na"":""≤0.0006%"",""Mg"":""≤0.0006%"",""Ca"":""≤0.0011%"",""Fe"":""≤0.0001%""}","{""base_price"":9209,""currency"":""USD"",""unit"":""MT"",""incoterms"":""EXW""}",active,2024-09-23T05:38:30.415Z,2025-12-21T05:38:30.415Z
b2f8e350-a3fc-4d38-909a-178c7abb923a,0993ef4e-0912-4214-88b5-f09012b23d4a,Industrial Grade Lithium Spodumene,High-quality industrial grade lithium spodumene for industrial applications. Reliable quality for manufacturing.,Lithium Spodumene,Industrial Grade,,,,6.29,,0.82 g/cm³,0.02,MT,280,49,9271,"[""REACH"",""IATF 16949:2016""]",true,true,"{""Na"":""≤0.0003%"",""Mg"":""≤0.0007%"",""Ca"":""≤0.0002%"",""Fe"":""≤0.0003%""}","{""base_price"":7254,""currency"":""USD"",""unit"":""MT"",""incoterms"":""EXW""}",active,2024-08-13T05:38:30.415Z,2025-12-09T05:38:30.415Z
95df5342-735d-48d4-aed0-13110fb8e980,0993ef4e-0912-4214-88b5-f09012b23d4a,Battery Grade Lithium Spodumene,High-quality battery grade lithium spodumene for EV battery applications. Meets strict automotive specifications.,Lithium Spodumene,Battery Grade,,,,6.41,D50: 20μm,1.16 g/cm³,0.09,MT,46,68,832,"[""REACH"",""IATF 16949:2016"",""ISO 14001:2015""]",true,true,"{""Na"":""≤0.0009%"",""Mg"":""≤0.0001%"",""Ca"":""≤0.0009%"",""Fe"":""≤0.0001%""}","{""base_price"":1160,""currency"":""USD"",""unit"":""MT"",""incoterms"":""FOB""}",active,2025-11-07T05:38:30.415Z,2025-12-27T05:38:30.415Z
050cef31-a6c1-4436-b5cf-0b2aeba25e3f,0993ef4e-0912-4214-88b5-f09012b23d4a,Pharmaceutical Grade Lithium Carbonate 99.4%,High-quality pharmaceutical grade lithium carbonate for industrial applications. Reliable quality for manufacturing.,Lithium Carbonate,Pharmaceutical Grade,99.39,99.39,,,,0.89 g/cm³,0.11,MT,312,40,2064,"[""ISO 9001:2015"",""REACH""]",true,true,"{""Na"":""≤0.0004%"",""Mg"":""≤0.0002%"",""Ca"":""≤0.0012%"",""Fe"":""≤0.0001%""}","{""base_price"":8783,""currency"":""USD"",""unit"":""MT"",""incoterms"":""EXW""}",active,2025-04-10T05:38:30.415Z,2025-12-13T05:38:30.415Z
92716dd7-0750-4e24-9f93-121deb31bc68,0993ef4e-0912-4214-88b5-f09012b23d4a,Pharmaceutical Grade Lithium Hydroxide 99.56%,High-quality pharmaceutical grade lithium hydroxide for industrial applications. Reliable quality for manufacturing.,Lithium Hydroxide,Pharmaceutical Grade,99.56,,56.39,,,0.9 g/cm³,0.04,MT,75,84,6964,"[""IATF 16949:2016"",""REACH"",""ISO 14001:2015""]",true,true,"{""Na"":""≤0.001%"",""Mg"":""≤0.0005%"",""Ca"":""≤0.0008%"",""Fe"":""≤0.0003%""}","{""base_price"":6076,""currency"":""USD"",""unit"":""MT"",""incoterms"":""EXW""}",active,2025-07-18T05:38:30.415Z,2025-12-26T05:38:30.415Z
0d3ea80c-bcb7-4f1c-ad8f-e20553486164,e7ab2aab-8519-40c3-beaa-7170563187c1,Pharmaceutical Grade Lithium Chloride 99.1%,High-quality pharmaceutical grade lithium chloride for industrial applications. Reliable quality for manufacturing.,Lithium Chloride,Pharmaceutical Grade,99.11,,,,,1.27 g/cm³,0.06,MT,95,33,6473,"[""ISO 14001:2015"",""REACH"",""ISO 9001:2015"",""RoHS""]",true,true,"{""Na"":""≤0.0002%"",""Mg"":""≤0.0002%"",""Ca"":""≤0.0008%"",""Fe"":""≤0.0004%""}","{""base_price"":5292,""currency"":""USD"",""unit"":""MT"",""incoterms"":""FOB""}",active,2024-11-24T05:38:30.415Z,2025-12-13T05:38:30.415Z
29f2bc8a-76fc-4d7a-8832-2ce543814a37,e7ab2aab-8519-40c3-beaa-7170563187c1,Battery Grade Lithium Carbonate 99.78%,High-quality battery grade lithium carbonate for EV battery applications. Meets strict automotive specifications.,Lithium Carbonate,Battery Grade,99.78,99.78,,,D50: 36μm,0.98 g/cm³,0.14,MT,38,36,8460,"[""REACH"",""IATF 16949:2016"",""ISO 14001:2015""]",true,true,"{""Na"":""≤0.0003%"",""Mg"":""≤0.0009%"",""Ca"":""≤0.0018%"",""Fe"":""≤0.0004%""}","{""base_price"":13639,""currency"":""USD"",""unit"":""MT"",""incoterms"":""EXW""}",active,2025-03-07T05:38:30.415Z,2025-12-05T05:38:30.415Z
0ee1333a-da4a-4a1b-b9ba-c586e859ed8f,e7ab2aab-8519-40c3-beaa-7170563187c1,Battery Grade Lithium Chloride 99.1%,High-quality battery grade lithium chloride for EV battery applications. Meets strict automotive specifications.,Lithium Chloride,Battery Grade,99.08,,,,D50: 38μm,1.25 g/cm³,0.07,MT,48,60,4224,"[""RoHS"",""IATF 16949:2016"",""ISO 9001:2015"",""ISO 14001:2015""]",true,true,"{""Na"":""≤0.0001%"",""Mg"":""≤0.0002%"",""Ca"":""≤0.0005%"",""Fe"":""≤0.0004%""}","{""base_price"":1197,""currency"":""USD"",""unit"":""MT"",""incoterms"":""FOB""}",active,2024-11-28T05:38:30.415Z,2025-12-09T05:38:30.415Z
d93d4368-aa97-4a4b-8f5b-09ec6eff90c1,e7ab2aab-8519-40c3-beaa-7170563187c1,Battery Grade Lithium Hydroxide 99.62%,High-quality battery grade lithium hydroxide for EV battery applications. Meets strict automotive specifications.,Lithium Hydroxide,Battery Grade,99.62,,56.69,,D50: 39μm,1.24 g/cm³,0.09,MT,45,36,5016,"[""IATF 16949:2016"",""REACH"",""ISO 14001:2015"",""ISO 9001:2015""]",true,true,"{""Na"":""≤0.0006%"",""Mg"":""≤0.0006%"",""Ca"":""≤0.0008%"",""Fe"":""≤0.0004%""}","{""base_price"":14797,""currency"":""USD"",""unit"":""MT"",""incoterms"":""FOB""}",out_of_stock,2024-04-08T05:38:30.415Z,2025-12-16T05:38:30.415Z
208135d3-266e-493f-a326-120c812bb432,e7ab2aab-8519-40c3-beaa-7170563187c1,Industrial Grade Other 98.5%,High-quality industrial grade other for industrial applications. Reliable quality for manufacturing.,Other,Industrial Grade,98.47,,,,,0.96 g/cm³,0.08,MT,467,55,9491,"[""IATF 16949:2016"",""RoHS""]",true,true,"{""Na"":""≤0.0007%"",""Mg"":""≤0.0003%"",""Ca"":""≤0.0007%"",""Fe"":""≤0.0003%""}","{""base_price"":5297,""currency"":""USD"",""unit"":""MT"",""incoterms"":""CIF""}",active,2024-04-02T05:38:30.415Z,2025-12-07T05:38:30.415Z
16f309b1-bcd2-4157-9b19-15f075595653,e7ab2aab-8519-40c3-beaa-7170563187c1,Industrial Grade Lithium Carbonate 99.61%,High-quality industrial grade lithium carbonate for industrial applications. Reliable quality for manufacturing.,Lithium Carbonate,Industrial Grade,99.61,99.61,,,,0.96 g/cm³,0.07,MT,369,37,7477,"[""IATF 16949:2016"",""RoHS""]",true,true,"{""Na"":""≤0.0008%"",""Mg"":""≤0.0005%"",""Ca"":""≤0.0015%"",""Fe"":""≤0.0005%""}","{""base_price"":9331,""currency"":""USD"",""unit"":""MT"",""incoterms"":""EXW""}",active,2025-04-21T05:38:30.415Z,2025-12-09T05:38:30.415Z
7fd2b0ef-64e7-4e1a-89b3-b0ccc2e6131e,e7ab2aab-8519-40c3-beaa-7170563187c1,Technical Grade Recycled Lithium 98.1%,High-quality technical grade recycled lithium for industrial applications. Reliable quality for manufacturing.,Recycled Lithium,Technical Grade,98.11,,,,,1.23 g/cm³,0.07,MT,149,84,4967,"[""ISO 14001:2015"",""REACH"",""IATF 16949:2016""]",true,true,"{""Na"":""≤0.0009%"",""Mg"":""≤0.0003%"",""Ca"":""≤0.0018%"",""Fe"":""≤0.0001%""}","{""base_price"":7032,""currency"":""USD"",""unit"":""MT"",""incoterms"":""EXW""}",active,2024-01-12T05:38:30.415Z,2025-12-20T05:38:30.415Z
2b2348f9-8137-403a-8dfe-a675e3b6c793,e7ab2aab-8519-40c3-beaa-7170563187c1,Technical Grade Lithium Carbonate 99.5%,High-quality technical grade lithium carbonate for industrial applications. Reliable quality for manufacturing.,Lithium Carbonate,Technical Grade,99.45,99.45,,,,0.91 g/cm³,0.01,MT,338,55,4798,"[""ISO 9001:2015"",""ISO 14001:2015""]",true,true,"{""Na"":""≤0.0008%"",""Mg"":""≤0.0002%"",""Ca"":""≤0.0007%"",""Fe"":""≤0.0002%""}","{""base_price"":7963,""currency"":""USD"",""unit"":""MT"",""incoterms"":""CIF""}",active,2024-12-07T05:38:30.415Z,2025-12-10T05:38:30.415Z
552b091a-3146-4388-9732-93aaded9d0fc,e7ab2aab-8519-40c3-beaa-7170563187c1,Battery Grade Lithium Carbonate 99.5%,High-quality battery grade lithium carbonate for EV battery applications. Meets strict automotive specifications.,Lithium Carbonate,Battery Grade,99.45,99.45,,,D50: 24μm,0.96 g/cm³,0.09,MT,26,68,9680,"[""ISO 9001:2015"",""ISO 14001:2015"",""RoHS"",""REACH""]",true,true,"{""Na"":""≤0.001%"",""Mg"":""≤0.0008%"",""Ca"":""≤0.0019%"",""Fe"":""≤0.0003%""}","{""base_price"":12880,""currency"":""USD"",""unit"":""MT"",""incoterms"":""FOB""}",active,2025-11-04T05:38:30.415Z,2025-12-08T05:38:30.415Z
4867e038-5e54-43a3-823f-ff766f45586c,e7ab2aab-8519-40c3-beaa-7170563187c1,Battery Grade Lithium Hydroxide 99.60%,High-quality battery grade lithium hydroxide for EV battery applications. Meets strict automotive specifications.,Lithium Hydroxide,Battery Grade,99.6,,56.37,,D50: 31μm,1.2 g/cm³,0.11,MT,19,38,6294,"[""IATF 16949:2016"",""REACH"",""ISO 9001:2015""]",true,true,"{""Na"":""≤0.0008%"",""Mg"":""≤0.0008%"",""Ca"":""≤0.0018%"",""Fe"":""≤0.0004%""}","{""base_price"":17988,""currency"":""USD"",""unit"":""MT"",""incoterms"":""EXW""}",active,2025-11-01T05:38:30.415Z,2025-12-18T05:38:30.415Z
fa008605-1e01-4914-beef-f741fc27c7a3,e7ab2aab-8519-40c3-beaa-7170563187c1,Industrial Grade Lithium Chloride 98.5%,High-quality industrial grade lithium chloride for industrial applications. Reliable quality for manufacturing.,Lithium Chloride,Industrial Grade,98.51,,,,,1.22 g/cm³,0.06,MT,59,57,4278,"[""ISO 9001:2015"",""IATF 16949:2016"",""ISO 14001:2015"",""REACH""]",true,true,"{""Na"":""≤0.001%"",""Mg"":""≤0.0002%"",""Ca"":""≤0.0012%"",""Fe"":""≤0.0002%""}","{""base_price"":7837,""currency"":""USD"",""unit"":""MT"",""incoterms"":""CIF""}",active,2025-04-01T05:38:30.415Z,2025-12-07T05:38:30.415Z
72be9cf0-173b-4b71-8208-334720e1e1e0,e7ab2aab-8519-40c3-beaa-7170563187c1,Pharmaceutical Grade Recycled Lithium 98.9%,High-quality pharmaceutical grade recycled lithium for industrial applications. Reliable quality for manufacturing.,Recycled Lithium,Pharmaceutical Grade,98.88,,,,,1.32 g/cm³,0.06,MT,383,42,1080,"[""RoHS"",""ISO 9001:2015""]",true,true,"{""Na"":""≤0.001%"",""Mg"":""≤0.0009%"",""Ca"":""≤0.0002%"",""Fe"":""≤0.0002%""}","{""base_price"":7205,""currency"":""USD"",""unit"":""MT"",""incoterms"":""CIF""}",active,2024-08-03T05:38:30.415Z,2025-12-19T05:38:30.415Z
432c4df1-ce7a-4026-856f-e29b244ece5e,f94d5403-17e2-4a5f-b88e-cc45d1fcc9fd,Pharmaceutical Grade Lithium Spodumene,High-quality pharmaceutical grade lithium spodumene for industrial applications. Reliable quality for manufacturing.,Lithium Spodumene,Pharmaceutical Grade,,,,6.58,,1.17 g/cm³,0.1,MT,338,55,5688,"[""REACH"",""ISO 9001:2015""]",true,true,"{""Na"":""≤0.0008%"",""Mg"":""≤0.0007%"",""Ca"":""≤0.0002%"",""Fe"":""≤0.0005%""}","{""base_price"":6421,""currency"":""USD"",""unit"":""MT"",""incoterms"":""FOB""}",active,2025-06-21T05:38:30.415Z,2025-12-09T05:38:30.415Z
35023f6c-4317-4dcc-8595-de3ba85a23cd,f94d5403-17e2-4a5f-b88e-cc45d1fcc9fd,Industrial Grade Other 98.6%,High-quality industrial grade other for industrial applications. Reliable quality for manufacturing.,Other,Industrial Grade,98.57,,,,,0.99 g/cm³,0.12,MT,326,41,4296,"[""ISO 9001:2015"",""ISO 14001:2015"",""IATF 16949:2016""]",true,true,"{""Na"":""≤0.001%"",""Mg"":""≤0.0003%"",""Ca"":""≤0.0008%"",""Fe"":""≤0.0001%""}","{""base_price"":9091,""currency"":""USD"",""unit"":""MT"",""incoterms"":""FOB""}",active,2025-08-26T05:38:30.415Z,2025-12-06T05:38:30.415Z
8de054f2-79f5-44e2-aae5-4657eddca596,f94d5403-17e2-4a5f-b88e-cc45d1fcc9fd,Technical Grade Lithium Chloride 99.5%,High-quality technical grade lithium chloride for industrial applications. Reliable quality for manufacturing.,Lithium Chloride,Technical Grade,99.45,,,,,0.94 g/cm³,0.09,MT,152,73,6363,"[""ISO 9001:2015"",""ISO 14001:2015"",""IATF 16949:2016""]",true,true,"{""Na"":""≤0.0003%"",""Mg"":""≤0.0009%"",""Ca"":""≤0.0008%"",""Fe"":""≤0.0005%""}","{""base_price"":8354,""currency"":""USD"",""unit"":""MT"",""incoterms"":""FOB""}",active,2024-02-12T05:38:30.415Z,2025-12-10T05:38:30.415Z
eccf9548-1764-44d1-b64c-770885fbf7f8,f94d5403-17e2-4a5f-b88e-cc45d1fcc9fd,Pharmaceutical Grade Lithium Spodumene,High-quality pharmaceutical grade lithium spodumene for industrial applications. Reliable quality for manufacturing.,Lithium Spodumene,Pharmaceutical Grade,,,,5.67,,1.06 g/cm³,0.11,MT,230,37,4126,"[""REACH"",""IATF 16949:2016""]",true,true,"{""Na"":""≤0.0007%"",""Mg"":""≤0.0009%"",""Ca"":""≤0.0005%"",""Fe"":""≤0.0003%""}","{""base_price"":9084,""currency"":""USD"",""unit"":""MT"",""incoterms"":""EXW""}",active,2024-03-27T05:38:30.415Z,2025-12-09T05:38:30.415Z
f6cd8050-4cd4-435f-93b4-612d07b74ad4,f94d5403-17e2-4a5f-b88e-cc45d1fcc9fd,Technical Grade Lithium Spodumene,High-quality technical grade lithium spodumene for industrial applications. Reliable quality for manufacturing.,Lithium Spodumene,Technical Grade,,,,6.66,,1.25 g/cm³,0.02,MT,460,87,5012,"[""ISO 9001:2015"",""REACH"",""ISO 14001:2015"",""IATF 16949:2016""]",true,true,"{""Na"":""≤0.0002%"",""Mg"":""≤0.0006%"",""Ca"":""≤0.0016%"",""Fe"":""≤0.0004%""}","{""base_price"":8896,""currency"":""USD"",""unit"":""MT"",""incoterms"":""EXW""}",active,2025-10-17T05:38:30.415Z,2025-12-18T05:38:30.415Z
7b8a1789-6508-443e-a8a7-a2fbe00e8f65,f94d5403-17e2-4a5f-b88e-cc45d1fcc9fd,Industrial Grade Lithium Spodumene,High-quality industrial grade lithium spodumene for industrial applications. Reliable quality for manufacturing.,Lithium Spodumene,Industrial Grade,,,,6.15,,0.98 g/cm³,0.04,MT,277,86,4019,"[""ISO 9001:2015"",""ISO 14001:2015""]",true,true,"{""Na"":""≤0.0003%"",""Mg"":""≤0.0008%"",""Ca"":""≤0.0008%"",""Fe"":""≤0.0004%""}","{""base_price"":8170,""currency"":""USD"",""unit"":""MT"",""incoterms"":""CIF""}",active,2024-03-30T05:38:30.415Z,2025-12-12T05:38:30.415Z
4c3d8a23-789b-40fc-931f-ba5946b925f0,f94d5403-17e2-4a5f-b88e-cc45d1fcc9fd,Battery Grade Other 98.8%,High-quality battery grade other for EV battery applications. Meets strict automotive specifications.,Other,Battery Grade,98.81,,,,D50: 55μm,1.26 g/cm³,0.04,MT,39,30,3741,"[""RoHS"",""ISO 9001:2015"",""ISO 14001:2015""]",true,true,"{""Na"":""≤0.0004%"",""Mg"":""≤0.0004%"",""Ca"":""≤0.0018%"",""Fe"":""≤0.0002%""}","{""base_price"":947,""currency"":""USD"",""unit"":""MT"",""incoterms"":""CIF""}",active,2025-01-25T05:38:30.415Z,2025-12-18T05:38:30.415Z
d8cbdee9-2df0-4e26-b18d-297ffe11228c,88289413-90bf-42b4-846c-304a5a4a56fc,Industrial Grade Recycled Lithium 99.2%,High-quality industrial grade recycled lithium for industrial applications. Reliable quality for manufacturing.,Recycled Lithium,Industrial Grade,99.24,,,,,0.93 g/cm³,0.13,MT,191,45,3260,"[""ISO 14001:2015"",""RoHS"",""ISO 9001:2015"",""REACH""]",true,true,"{""Na"":""≤0.0005%"",""Mg"":""≤0.0002%"",""Ca"":""≤0.001%"",""Fe"":""≤0.0004%""}","{""base_price"":6468,""currency"":""USD"",""unit"":""MT"",""incoterms"":""EXW""}",active,2025-10-27T05:38:30.415Z,2025-12-14T05:38:30.415Z
789bb9c4-4dd6-4e2b-afc5-1d0f424748b9,88289413-90bf-42b4-846c-304a5a4a56fc,Industrial Grade Lithium Hydroxide 99.69%,High-quality industrial grade lithium hydroxide for industrial applications. Reliable quality for manufacturing.,Lithium Hydroxide,Industrial Grade,99.69,,56.73,,,1.2 g/cm³,0.02,MT,283,79,7793,"[""RoHS"",""ISO 9001:2015"",""REACH"",""ISO 14001:2015""]",true,true,"{""Na"":""≤0.0002%"",""Mg"":""≤0.0003%"",""Ca"":""≤0.0006%"",""Fe"":""≤0.0004%""}","{""base_price"":5936,""currency"":""USD"",""unit"":""MT"",""incoterms"":""EXW""}",active,2024-02-20T05:38:30.415Z,2025-12-07T05:38:30.415Z
05a9e0fd-ffa3-4be8-b122-79a42dd1fa2e,88289413-90bf-42b4-846c-304a5a4a56fc,Industrial Grade Lithium Spodumene,High-quality industrial grade lithium spodumene for industrial applications. Reliable quality for manufacturing.,Lithium Spodumene,Industrial Grade,,,,6.73,,0.83 g/cm³,0.02,MT,351,31,936,"[""REACH"",""ISO 9001:2015"",""ISO 14001:2015"",""RoHS""]",true,true,"{""Na"":""≤0.001%"",""Mg"":""≤0.0008%"",""Ca"":""≤0.0019%"",""Fe"":""≤0.0004%""}","{""base_price"":5903,""currency"":""USD"",""unit"":""MT"",""incoterms"":""CIF""}",active,2024-06-20T05:38:30.415Z,2025-12-22T05:38:30.415Z
91696edb-4e0b-48be-9431-17e56e5eaf1a,88289413-90bf-42b4-846c-304a5a4a56fc,Technical Grade Lithium Hydroxide 99.73%,High-quality technical grade lithium hydroxide for industrial applications. Reliable quality for manufacturing.,Lithium Hydroxide,Technical Grade,99.73,,56.18,,,1.32 g/cm³,0.14,MT,346,89,8352,"[""ISO 14001:2015"",""REACH"",""ISO 9001:2015"",""IATF 16949:2016""]",true,true,"{""Na"":""≤0.0003%"",""Mg"":""≤0.0008%"",""Ca"":""≤0.0008%"",""Fe"":""≤0.0001%""}","{""base_price"":6251,""currency"":""USD"",""unit"":""MT"",""incoterms"":""EXW""}",active,2024-04-14T05:38:30.415Z,2025-12-19T05:38:30.415Z
9293a43c-4f20-43d1-9136-5e43be5f7162,88289413-90bf-42b4-846c-304a5a4a56fc,Technical Grade Recycled Lithium 98.8%,High-quality technical grade recycled lithium for industrial applications. Reliable quality for manufacturing.,Recycled Lithium,Technical Grade,98.78,,,,,1.14 g/cm³,0.01,MT,277,40,4840,"[""REACH"",""RoHS"",""ISO 9001:2015""]",true,true,"{""Na"":""≤0.0003%"",""Mg"":""≤0.0006%"",""Ca"":""≤0.0001%"",""Fe"":""≤0.0005%""}","{""base_price"":7613,""currency"":""USD"",""unit"":""MT"",""incoterms"":""EXW""}",active,2025-02-03T05:38:30.415Z,2025-12-05T05:38:30.415Z
d7602169-54cb-49d5-9b23-33f57ce89677,88289413-90bf-42b4-846c-304a5a4a56fc,Battery Grade Recycled Lithium 99.1%,High-quality battery grade recycled lithium for EV battery applications. Meets strict automotive specifications.,Recycled Lithium,Battery Grade,99.14,,,,D50: 53μm,1.09 g/cm³,0.02,MT,35,67,3473,"[""ISO 14001:2015"",""IATF 16949:2016"",""ISO 9001:2015"",""RoHS""]",true,true,"{""Na"":""≤0.0009%"",""Mg"":""≤0.0005%"",""Ca"":""≤0.0003%"",""Fe"":""≤0.0002%""}","{""base_price"":886,""currency"":""USD"",""unit"":""MT"",""incoterms"":""CIF""}",active,2024-03-19T05:38:30.415Z,2025-12-23T05:38:30.415Z
0b1f8c4e-2a4e-46da-b1b0-db1cd664ff30,88289413-90bf-42b4-846c-304a5a4a56fc,Battery Grade Recycled Lithium 98.7%,High-quality battery grade recycled lithium for EV battery applications. Meets strict automotive specifications.,Recycled Lithium,Battery Grade,98.7,,,,D50: 40μm,0.85 g/cm³,0.12,MT,15,75,5540,"[""ISO 9001:2015"",""RoHS"",""REACH""]",true,true,"{""Na"":""≤0.0006%"",""Mg"":""≤0.0005%"",""Ca"":""≤0.0014%"",""Fe"":""≤0.0002%""}","{""base_price"":1155,""currency"":""USD"",""unit"":""MT"",""incoterms"":""EXW""}",active,2025-09-22T05:38:30.415Z,2025-12-10T05:38:30.415Z
37950efb-4bbe-44a1-b975-fbe3113b3902,0e47e6d4-bb17-4ac5-a2fa-2e1f2f96443e,Pharmaceutical Grade Lithium Carbonate 99.84%,High-quality pharmaceutical grade lithium carbonate for industrial applications. Reliable quality for manufacturing.,Lithium Carbonate,Pharmaceutical Grade,99.84,99.84,,,,0.88 g/cm³,0.02,MT,329,40,5964,"[""ISO 9001:2015"",""REACH"",""ISO 14001:2015""]",true,true,"{""Na"":""≤0.0009%"",""Mg"":""≤0.0007%"",""Ca"":""≤0.0018%"",""Fe"":""≤0.0003%""}","{""base_price"":9992,""currency"":""USD"",""unit"":""MT"",""incoterms"":""FOB""}",active,2024-03-28T05:38:30.415Z,2025-12-15T05:38:30.415Z
948fa382-865d-4f19-b680-5f7b713bf0c0,0e47e6d4-bb17-4ac5-a2fa-2e1f2f96443e,Industrial Grade Lithium Spodumene,High-quality industrial grade lithium spodumene for industrial applications. Reliable quality for manufacturing.,Lithium Spodumene,Industrial Grade,,,,6.4,,1.34 g/cm³,0.08,MT,176,61,4834,"[""ISO 9001:2015"",""ISO 14001:2015""]",true,true,"{""Na"":""≤0.0006%"",""Mg"":""≤0.0006%"",""Ca"":""≤0.0017%"",""Fe"":""≤0.0005%""}","{""base_price"":8975,""currency"":""USD"",""unit"":""MT"",""incoterms"":""EXW""}",active,2024-04-21T05:38:30.415Z,2025-12-21T05:38:30.415Z
54c5b578-5d48-40a1-807c-5e0422709fb2,0e47e6d4-bb17-4ac5-a2fa-2e1f2f96443e,Battery Grade Lithium Hydroxide 99.92%,High-quality battery grade lithium hydroxide for EV battery applications. Meets strict automotive specifications.,Lithium Hydroxide,Battery Grade,99.92,,56.5,,D50: 19μm,1.34 g/cm³,0.06,MT,33,88,528,"[""IATF 16949:2016"",""ISO 14001:2015"",""RoHS""]",true,true,"{""Na"":""≤0.0004%"",""Mg"":""≤0.0008%"",""Ca"":""≤0.0017%"",""Fe"":""≤0.0004%""}","{""base_price"":15761,""currency"":""USD"",""unit"":""MT"",""incoterms"":""FOB""}",active,2024-08-09T05:38:30.415Z,2025-12-24T05:38:30.415Z
200c556c-00d9-4ed6-93a6-0f6f92408cb2,0e47e6d4-bb17-4ac5-a2fa-2e1f2f96443e,Technical Grade Recycled Lithium 99.3%,High-quality technical grade recycled lithium for industrial applications. Reliable quality for manufacturing.,Recycled Lithium,Technical Grade,99.35,,,,,1.09 g/cm³,0.1,MT,293,81,7543,"[""IATF 16949:2016"",""ISO 9001:2015"",""RoHS""]",true,true,"{""Na"":""≤0.0009%"",""Mg"":""≤0.0007%"",""Ca"":""≤0.0012%"",""Fe"":""≤0.0004%""}","{""base_price"":9627,""currency"":""USD"",""unit"":""MT"",""incoterms"":""FOB""}",active,2024-08-03T05:38:30.415Z,2025-12-19T05:38:30.415Z
3edefd93-4a6c-4cac-8207-915bfce6a641,0e47e6d4-bb17-4ac5-a2fa-2e1f2f96443e,Industrial Grade Lithium Carbonate 99.4%,High-quality industrial grade lithium carbonate for industrial applications. Reliable quality for manufacturing.,Lithium Carbonate,Industrial Grade,99.44,99.44,,,,1.28 g/cm³,0.13,MT,233,30,9447,"[""ISO 9001:2015"",""ISO 14001:2015""]",true,true,"{""Na"":""≤0.0005%"",""Mg"":""≤0.0004%"",""Ca"":""≤0.0017%"",""Fe"":""≤0.0003%""}","{""base_price"":8103,""currency"":""USD"",""unit"":""MT"",""incoterms"":""CIF""}",active,2024-09-15T05:38:30.415Z,2025-12-29T05:38:30.415Z
d1d450d0-20c9-4156-9793-382692e450fb,0e47e6d4-bb17-4ac5-a2fa-2e1f2f96443e,Technical Grade Lithium Chloride 98.4%,High-quality technical grade lithium chloride for industrial applications. Reliable quality for manufacturing.,Lithium Chloride,Technical Grade,98.4,,,,,1.28 g/cm³,0.12,MT,220,80,9701,"[""IATF 16949:2016"",""ISO 14001:2015"",""ISO 9001:2015"",""RoHS""]",true,true,"{""Na"":""≤0.0002%"",""Mg"":""≤0.0003%"",""Ca"":""≤0.0006%"",""Fe"":""≤0.0004%""}","{""base_price"":5915,""currency"":""USD"",""unit"":""MT"",""incoterms"":""CIF""}",active,2025-06-16T05:38:30.415Z,2025-12-06T05:38:30.415Z
81fb778a-571f-4fc8-9dae-63f5361eb7c2,0e47e6d4-bb17-4ac5-a2fa-2e1f2f96443e,Battery Grade Lithium Spodumene,High-quality battery grade lithium spodumene for EV battery applications. Meets strict automotive specifications.,Lithium Spodumene,Battery Grade,,,,6.97,D50: 33μm,0.88 g/cm³,0.04,MT,43,61,5943,"[""ISO 14001:2015"",""ISO 9001:2015"",""REACH""]",true,true,"{""Na"":""≤0.0006%"",""Mg"":""≤0.0009%"",""Ca"":""≤0.0004%"",""Fe"":""≤0.0002%""}","{""base_price"":1175,""currency"":""USD"",""unit"":""MT"",""incoterms"":""CIF""}",active,2025-06-10T05:38:30.415Z,2025-12-14T05:38:30.415Z
ba6c270e-fbff-4661-ad95-db8586fdbb3f,0e47e6d4-bb17-4ac5-a2fa-2e1f2f96443e,Pharmaceutical Grade Lithium Hydroxide 99.63%,High-quality pharmaceutical grade lithium hydroxide for industrial applications. Reliable quality for manufacturing.,Lithium Hydroxide,Pharmaceutical Grade,99.63,,56.22,,,0.95 g/cm³,0.05,MT,307,70,6933,"[""ISO 9001:2015"",""REACH"",""RoHS"",""IATF 16949:2016""]",true,true,"{""Na"":""≤0.0006%"",""Mg"":""≤0.0006%"",""Ca"":""≤0.0006%"",""Fe"":""≤0.0004%""}","{""base_price"":7985,""currency"":""USD"",""unit"":""MT"",""incoterms"":""CIF""}",active,2025-05-19T05:38:30.415Z,2025-12-26T05:38:30.415Z
6262f9d5-1e8e-462c-9978-77deaf628ef6,0e47e6d4-bb17-4ac5-a2fa-2e1f2f96443e,Industrial Grade Lithium Carbonate 99.4%,High-quality industrial grade lithium carbonate for industrial applications. Reliable quality for manufacturing.,Lithium Carbonate,Industrial Grade,99.44,99.44,,,,1.15 g/cm³,0.13,MT,271,34,718,"[""ISO 9001:2015"",""ISO 14001:2015""]",true,true,"{""Na"":""≤0.0006%"",""Mg"":""≤0.0003%"",""Ca"":""≤0.002%"",""Fe"":""≤0.0002%""}","{""base_price"":9634,""currency"":""USD"",""unit"":""MT"",""incoterms"":""EXW""}",active,2024-11-26T05:38:30.415Z,2025-12-15T05:38:30.415Z
d14d9f81-c791-476b-a9b5-86ec0244878a,0e47e6d4-bb17-4ac5-a2fa-2e1f2f96443e,Industrial Grade Lithium Hydroxide 99.70%,High-quality industrial grade lithium hydroxide for industrial applications. Reliable quality for manufacturing.,Lithium Hydroxide,Industrial Grade,99.7,,56.89,,,0.84 g/cm³,0.12,MT,466,61,3989,"[""RoHS"",""REACH""]",true,true,"{""Na"":""≤0.0002%"",""Mg"":""≤0.0004%"",""Ca"":""≤0.0011%"",""Fe"":""≤0.0005%""}","{""base_price"":5094,""currency"":""USD"",""unit"":""MT"",""incoterms"":""CIF""}",active,2025-07-17T05:38:30.415Z,2025-12-19T05:38:30.415Z
eda49ec0-3bf3-41fa-b4f6-e1077bfb09c3,0e47e6d4-bb17-4ac5-a2fa-2e1f2f96443e,Industrial Grade Lithium Hydroxide 99.94%,High-quality industrial grade lithium hydroxide for industrial applications. Reliable quality for manufacturing.,Lithium Hydroxide,Industrial Grade,99.94,,56.1,,,1.06 g/cm³,0.12,MT,213,58,4334,"[""REACH"",""IATF 16949:2016"",""ISO 14001:2015""]",true,true,"{""Na"":""≤0.0001%"",""Mg"":""≤0.0003%"",""Ca"":""≤0.0009%"",""Fe"":""≤0.0002%""}","{""base_price"":9902,""currency"":""USD"",""unit"":""MT"",""incoterms"":""CIF""}",active,2024-07-02T05:38:30.415Z,2025-12-23T05:38:30.415Z
0859de47-a8ee-466f-8021-91498cf9ca3a,0e47e6d4-bb17-4ac5-a2fa-2e1f2f96443e,Industrial Grade Lithium Carbonate 99.53%,High-quality industrial grade lithium carbonate for industrial applications. Reliable quality for manufacturing.,Lithium Carbonate,Industrial Grade,99.53,99.53,,,,1.16 g/cm³,0.06,MT,200,46,7926,"[""REACH"",""IATF 16949:2016"",""ISO 14001:2015"",""ISO 9001:2015""]",true,true,"{""Na"":""≤0.0007%"",""Mg"":""≤0.0009%"",""Ca"":""≤0.001%"",""Fe"":""≤0.0002%""}","{""base_price"":5618,""currency"":""USD"",""unit"":""MT"",""incoterms"":""EXW""}",active,2024-06-27T05:38:30.415Z,2025-12-13T05:38:30.415Z
a74c52bb-fe9a-4d22-b0c6-c29ae97346fc,0e47e6d4-bb17-4ac5-a2fa-2e1f2f96443e,Pharmaceutical Grade Lithium Hydroxide 99.63%,High-quality pharmaceutical grade lithium hydroxide for industrial applications. Reliable quality for manufacturing.,Lithium Hydroxide,Pharmaceutical Grade,99.63,,56.03,,,1.29 g/cm³,0.12,MT,445,50,4211,"[""ISO 9001:2015"",""ISO 14001:2015""]",true,true,"{""Na"":""≤0.0001%"",""Mg"":""≤0.0002%"",""Ca"":""≤0.0014%"",""Fe"":""≤0.0002%""}","{""base_price"":7180,""currency"":""USD"",""unit"":""MT"",""incoterms"":""EXW""}",active,2025-01-16T05:38:30.415Z,2025-12-06T05:38:30.415Z
c3e3a4ff-05c9-4c70-892d-f340ee13862d,f790d565-6d60-476b-bad7-8dfeb8211617,Battery Grade Lithium Spodumene,High-quality battery grade lithium spodumene for EV battery applications. Meets strict automotive specifications.,Lithium Spodumene,Battery Grade,,,,5.72,D50: 47μm,0.97 g/cm³,0.05,MT,22,65,9282,"[""IATF 16949:2016"",""RoHS"",""ISO 14001:2015""]",false,true,"{""Na"":""≤0.0002%"",""Mg"":""≤0.0004%"",""Ca"":""≤0.0015%"",""Fe"":""≤0.0003%""}","{""base_price"":1064,""currency"":""USD"",""unit"":""MT"",""incoterms"":""CIF""}",active,2024-09-19T05:38:30.415Z,2025-12-28T05:38:30.415Z
cf2ba85e-ae24-45b0-8671-b7990414eb7e,f790d565-6d60-476b-bad7-8dfeb8211617,Technical Grade Recycled Lithium 98.8%,High-quality technical grade recycled lithium for industrial applications. Reliable quality for manufacturing.,Recycled Lithium,Technical Grade,98.81,,,,,1.38 g/cm³,0.08,MT,218,81,5278,"[""ISO 9001:2015"",""REACH"",""ISO 14001:2015"",""IATF 16949:2016""]",false,true,"{""Na"":""≤0.0008%"",""Mg"":""≤0.0009%"",""Ca"":""≤0.0019%"",""Fe"":""≤0.0001%""}","{""base_price"":8111,""currency"":""USD"",""unit"":""MT"",""incoterms"":""EXW""}",active,2024-10-10T05:38:30.415Z,2025-12-24T05:38:30.415Z
267de0c7-d36e-49d6-bf00-c15886218871,f790d565-6d60-476b-bad7-8dfeb8211617,Pharmaceutical Grade Lithium Hydroxide 99.83%,High-quality pharmaceutical grade lithium hydroxide for industrial applications. Reliable quality for manufacturing.,Lithium Hydroxide,Pharmaceutical Grade,99.83,,56.36,,,1.14 g/cm³,0.05,MT,414,60,9346,"[""ISO 9001:2015"",""REACH"",""ISO 14001:2015""]",false,true,"{""Na"":""≤0.0004%"",""Mg"":""≤0.0007%"",""Ca"":""≤0.0006%"",""Fe"":""≤0.0003%""}","{""base_price"":5277,""currency"":""USD"",""unit"":""MT"",""incoterms"":""CIF""}",active,2024-08-11T05:38:30.415Z,2025-12-16T05:38:30.415Z
afeb6bdd-f7f1-4484-8f04-cea230286412,f790d565-6d60-476b-bad7-8dfeb8211617,Industrial Grade Recycled Lithium 98.4%,High-quality industrial grade recycled lithium for industrial applications. Reliable quality for manufacturing.,Recycled Lithium,Industrial Grade,98.36,,,,,1.07 g/cm³,0.03,MT,64,71,6241,"[""ISO 9001:2015"",""IATF 16949:2016""]",false,true,"{""Na"":""≤0.0007%"",""Mg"":""≤0.0004%"",""Ca"":""≤0.0016%"",""Fe"":""≤0.0002%""}","{""base_price"":9423,""currency"":""USD"",""unit"":""MT"",""incoterms"":""FOB""}",active,2025-01-21T05:38:30.415Z,2025-12-09T05:38:30.415Z
3897fba7-c7fe-491b-9106-18ce05fbd8f6,f790d565-6d60-476b-bad7-8dfeb8211617,Pharmaceutical Grade Other 99.1%,High-quality pharmaceutical grade other for industrial applications. Reliable quality for manufacturing.,Other,Pharmaceutical Grade,99.07,,,,,1.4 g/cm³,0.08,MT,57,49,4238,"[""ISO 9001:2015"",""RoHS""]",false,true,"{""Na"":""≤0.0008%"",""Mg"":""≤0.0004%"",""Ca"":""≤0.0003%"",""Fe"":""≤0.0002%""}","{""base_price"":8077,""currency"":""USD"",""unit"":""MT"",""incoterms"":""CIF""}",active,2025-07-02T05:38:30.415Z,2025-12-25T05:38:30.415Z
c22491d4-6834-4c7c-9d41-3d14d1cb42d0,f790d565-6d60-476b-bad7-8dfeb8211617,Pharmaceutical Grade Lithium Chloride 98.5%,High-quality pharmaceutical grade lithium chloride for industrial applications. Reliable quality for manufacturing.,Lithium Chloride,Pharmaceutical Grade,98.45,,,,,0.82 g/cm³,0.02,MT,122,72,3151,"[""REACH"",""RoHS""]",false,true,"{""Na"":""≤0.0007%"",""Mg"":""≤0.0002%"",""Ca"":""≤0.0007%"",""Fe"":""≤0.0001%""}","{""base_price"":6312,""currency"":""USD"",""unit"":""MT"",""incoterms"":""CIF""}",active,2024-07-14T05:38:30.415Z,2025-12-17T05:38:30.415Z
83c64d13-f4bb-40fb-81dd-f817f0662024,f790d565-6d60-476b-bad7-8dfeb8211617,Technical Grade Recycled Lithium 98.5%,High-quality technical grade recycled lithium for industrial applications. Reliable quality for manufacturing.,Recycled Lithium,Technical Grade,98.45,,,,,1.15 g/cm³,0.14,MT,406,48,3831,"[""IATF 16949:2016"",""REACH"",""RoHS"",""ISO 14001:2015""]",false,true,"{""Na"":""≤0.001%"",""Mg"":""≤0.0002%"",""Ca"":""≤0.0008%"",""Fe"":""≤0.0001%""}","{""base_price"":7294,""currency"":""USD"",""unit"":""MT"",""incoterms"":""EXW""}",active,2024-05-08T05:38:30.415Z,2025-12-27T05:38:30.415Z
dfb34d3e-92d0-4df9-8b75-f4950ce72704,f790d565-6d60-476b-bad7-8dfeb8211617,Technical Grade Recycled Lithium 98.5%,High-quality technical grade recycled lithium for industrial applications. Reliable quality for manufacturing.,Recycled Lithium,Technical Grade,98.47,,,,,0.92 g/cm³,0.15,MT,73,47,5686,"[""ISO 14001:2015"",""ISO 9001:2015""]",false,true,"{""Na"":""≤0.0004%"",""Mg"":""≤0.0009%"",""Ca"":""≤0.0009%"",""Fe"":""≤0.0004%""}","{""base_price"":6445,""currency"":""USD"",""unit"":""MT"",""incoterms"":""FOB""}",active,2024-09-24T05:38:30.415Z,2025-12-27T05:38:30.415Z
4e85144e-9b0c-4353-9536-8b491216b262,f790d565-6d60-476b-bad7-8dfeb8211617,Technical Grade Lithium Chloride 98.0%,High-quality technical grade lithium chloride for industrial applications. Reliable quality for manufacturing.,Lithium Chloride,Technical Grade,98.02,,,,,1.03 g/cm³,0.07,MT,111,36,2987,"[""IATF 16949:2016"",""ISO 9001:2015"",""REACH""]",false,true,"{""Na"":""≤0.0003%"",""Mg"":""≤0.001%"",""Ca"":""≤0.0002%"",""Fe"":""≤0.0002%""}","{""base_price"":7767,""currency"":""USD"",""unit"":""MT"",""incoterms"":""CIF""}",active,2024-02-10T05:38:30.415Z,2025-12-24T05:38:30.415Z
c8337f7b-48f6-4a49-8706-f840940bcda7,f790d565-6d60-476b-bad7-8dfeb8211617,Pharmaceutical Grade Other 98.9%,High-quality pharmaceutical grade other for industrial applications. Reliable quality for manufacturing.,Other,Pharmaceutical Grade,98.86,,,,,1.24 g/cm³,0.1,MT,93,86,4680,"[""RoHS"",""REACH"",""ISO 14001:2015""]",false,true,"{""Na"":""≤0.001%"",""Mg"":""≤0.0008%"",""Ca"":""≤0.0003%"",""Fe"":""≤0.0002%""}","{""base_price"":5803,""currency"":""USD"",""unit"":""MT"",""incoterms"":""FOB""}",active,2025-08-31T05:38:30.415Z,2025-12-12T05:38:30.415Z
ded89ff4-25ae-409f-bf62-9e246b571c2f,1b34a295-7e7d-46ef-91e6-ed739cb9d235,Technical Grade Lithium Hydroxide 99.55%,High-quality technical grade lithium hydroxide for industrial applications. Reliable quality for manufacturing.,Lithium Hydroxide,Technical Grade,99.55,,56.28,,,1.08 g/cm³,0.04,MT,108,70,956,"[""ISO 9001:2015"",""ISO 14001:2015"",""IATF 16949:2016"",""RoHS""]",true,true,"{""Na"":""≤0.0002%"",""Mg"":""≤0.0009%"",""Ca"":""≤0.0012%"",""Fe"":""≤0.0003%""}","{""base_price"":5456,""currency"":""USD"",""unit"":""MT"",""incoterms"":""EXW""}",active,2025-03-18T05:38:30.415Z,2025-12-06T05:38:30.415Z
fd11635a-a3cc-46fa-8d89-6ffd53fc0ef0,1b34a295-7e7d-46ef-91e6-ed739cb9d235,Pharmaceutical Grade Lithium Chloride 98.6%,High-quality pharmaceutical grade lithium chloride for industrial applications. Reliable quality for manufacturing.,Lithium Chloride,Pharmaceutical Grade,98.56,,,,,1.37 g/cm³,0.15,MT,424,69,6561,"[""RoHS"",""ISO 9001:2015""]",true,true,"{""Na"":""≤0.0008%"",""Mg"":""≤0.0008%"",""Ca"":""≤0.0019%"",""Fe"":""≤0.0002%""}","{""base_price"":5201,""currency"":""USD"",""unit"":""MT"",""incoterms"":""FOB""}",active,2025-08-04T05:38:30.415Z,2025-12-20T05:38:30.415Z
bd252b9e-f837-49e5-834d-e04bb171b572,1b34a295-7e7d-46ef-91e6-ed739cb9d235,Technical Grade Lithium Chloride 98.3%,High-quality technical grade lithium chloride for industrial applications. Reliable quality for manufacturing.,Lithium Chloride,Technical Grade,98.33,,,,,1.2 g/cm³,0.11,MT,195,53,6024,"[""ISO 14001:2015"",""ISO 9001:2015""]",true,true,"{""Na"":""≤0.0006%"",""Mg"":""≤0.0009%"",""Ca"":""≤0.0019%"",""Fe"":""≤0.0001%""}","{""base_price"":7475,""currency"":""USD"",""unit"":""MT"",""incoterms"":""CIF""}",active,2025-11-02T05:38:30.416Z,2025-12-26T05:38:30.416Z
2161f9af-14fc-4395-9e6b-661199fbcb58,1b34a295-7e7d-46ef-91e6-ed739cb9d235,Technical Grade Lithium Chloride 98.2%,High-quality technical grade lithium chloride for industrial applications. Reliable quality for manufacturing.,Lithium Chloride,Technical Grade,98.19,,,,,1.09 g/cm³,0.08,MT,151,37,1419,"[""RoHS"",""ISO 9001:2015"",""IATF 16949:2016"",""REACH""]",true,true,"{""Na"":""≤0.0007%"",""Mg"":""≤0.0005%"",""Ca"":""≤0.0003%"",""Fe"":""≤0.0003%""}","{""base_price"":7340,""currency"":""USD"",""unit"":""MT"",""incoterms"":""EXW""}",active,2025-05-27T05:38:30.416Z,2025-12-04T05:38:30.416Z
a690e15c-159e-4c25-9d02-971cde967706,1b34a295-7e7d-46ef-91e6-ed739cb9d235,Battery Grade Lithium Spodumene,High-quality battery grade lithium spodumene for EV battery applications. Meets strict automotive specifications.,Lithium Spodumene,Battery Grade,,,,5.76,D50: 12μm,1.36 g/cm³,0.05,MT,47,32,8186,"[""ISO 14001:2015"",""REACH""]",true,true,"{""Na"":""≤0.0002%"",""Mg"":""≤0.0007%"",""Ca"":""≤0.0013%"",""Fe"":""≤0.0001%""}","{""base_price"":939,""currency"":""USD"",""unit"":""MT"",""incoterms"":""FOB""}",active,2024-01-22T05:38:30.416Z,2025-12-04T05:38:30.416Z
f182412b-78d8-4c74-82f2-e81dbe5cc003,1b34a295-7e7d-46ef-91e6-ed739cb9d235,Industrial Grade Recycled Lithium 98.1%,High-quality industrial grade recycled lithium for industrial applications. Reliable quality for manufacturing.,Recycled Lithium,Industrial Grade,98.13,,,,,1.29 g/cm³,0.11,MT,363,49,9718,"[""RoHS"",""REACH""]",true,true,"{""Na"":""≤0.0006%"",""Mg"":""≤0.0004%"",""Ca"":""≤0.0014%"",""Fe"":""≤0.0002%""}","{""base_price"":7183,""currency"":""USD"",""unit"":""MT"",""incoterms"":""CIF""}",active,2024-02-16T05:38:30.416Z,2025-12-06T05:38:30.416Z
f1ea6480-c45c-4492-bc85-a84d3bff28ae,1b34a295-7e7d-46ef-91e6-ed739cb9d235,Battery Grade Lithium Hydroxide 99.87%,High-quality battery grade lithium hydroxide for EV battery applications. Meets strict automotive specifications.,Lithium Hydroxide,Battery Grade,99.87,,56.62,,D50: 23μm,0.84 g/cm³,0.04,MT,28,40,7803,"[""ISO 14001:2015"",""RoHS"",""REACH"",""ISO 9001:2015""]",true,true,"{""Na"":""≤0.0008%"",""Mg"":""≤0.0009%"",""Ca"":""≤0.0006%"",""Fe"":""≤0.0002%""}","{""base_price"":15271,""currency"":""USD"",""unit"":""MT"",""incoterms"":""CIF""}",active,2024-01-15T05:38:30.416Z,2025-12-11T05:38:30.416Z
b10e9449-96a9-48a6-87bc-5fb2642223d7,1b34a295-7e7d-46ef-91e6-ed739cb9d235,Battery Grade Other 98.9%,High-quality battery grade other for EV battery applications. Meets strict automotive specifications.,Other,Battery Grade,98.87,,,,D50: 47μm,1.36 g/cm³,0.03,MT,27,38,1082,"[""ISO 9001:2015"",""REACH"",""ISO 14001:2015""]",true,true,"{""Na"":""≤0.0002%"",""Mg"":""≤0.0008%"",""Ca"":""≤0.0019%"",""Fe"":""≤0.0002%""}","{""base_price"":1097,""currency"":""USD"",""unit"":""MT"",""incoterms"":""FOB""}",active,2025-02-06T05:38:30.416Z,2025-12-06T05:38:30.416Z
2cffeaa8-43b0-488c-ae1d-a63c4a22032e,1b34a295-7e7d-46ef-91e6-ed739cb9d235,Industrial Grade Lithium Carbonate 99.75%,High-quality industrial grade lithium carbonate for industrial applications. Reliable quality for manufacturing.,Lithium Carbonate,Industrial Grade,99.75,99.75,,,,1.15 g/cm³,0.06,MT,381,44,2447,"[""REACH"",""IATF 16949:2016""]",true,true,"{""Na"":""≤0.0006%"",""Mg"":""≤0.0008%"",""Ca"":""≤0.0012%"",""Fe"":""≤0.0005%""}","{""base_price"":8333,""currency"":""USD"",""unit"":""MT"",""incoterms"":""CIF""}",active,2025-06-28T05:38:30.416Z,2025-12-12T05:38:30.416Z
d17f8373-fd9f-4664-a948-a3ea31a86404,1b34a295-7e7d-46ef-91e6-ed739cb9d235,Battery Grade Lithium Chloride 98.0%,High-quality battery grade lithium chloride for EV battery applications. Meets strict automotive specifications.,Lithium Chloride,Battery Grade,98.04,,,,D50: 12μm,1.31 g/cm³,0.14,MT,23,52,3097,"[""RoHS"",""IATF 16949:2016""]",true,true,"{""Na"":""≤0.0003%"",""Mg"":""≤0.0005%"",""Ca"":""≤0.0011%"",""Fe"":""≤0.0002%""}","{""base_price"":1192,""currency"":""USD"",""unit"":""MT"",""incoterms"":""EXW""}",active,2024-06-19T05:38:30.416Z,2025-12-10T05:38:30.416Z
15f3afab-5b5e-4010-be88-0968150361ae,1b34a295-7e7d-46ef-91e6-ed739cb9d235,Technical Grade Recycled Lithium 98.4%,High-quality technical grade recycled lithium for industrial applications. Reliable quality for manufacturing.,Recycled Lithium,Technical Grade,98.37,,,,,0.91 g/cm³,0.04,MT,418,31,6775,"[""IATF 16949:2016"",""RoHS""]",true,true,"{""Na"":""≤0.0009%"",""Mg"":""≤0.0008%"",""Ca"":""≤0.0006%"",""Fe"":""≤0.0002%""}","{""base_price"":9425,""currency"":""USD"",""unit"":""MT"",""incoterms"":""EXW""}",active,2025-01-15T05:38:30.416Z,2025-12-31T05:38:30.416Z
86e44752-b59f-47a6-9f31-ea2c5872187f,1b34a295-7e7d-46ef-91e6-ed739cb9d235,Battery Grade Other 99.2%,High-quality battery grade other for EV battery applications. Meets strict automotive specifications.,Other,Battery Grade,99.21,,,,D50: 51μm,1.29 g/cm³,0.1,MT,41,32,1255,"[""REACH"",""ISO 14001:2015"",""ISO 9001:2015"",""RoHS""]",true,true,"{""Na"":""≤0.0007%"",""Mg"":""≤0.0007%"",""Ca"":""≤0.0009%"",""Fe"":""≤0.0001%""}","{""base_price"":1022,""currency"":""USD"",""unit"":""MT"",""incoterms"":""FOB""}",active,2025-10-25T05:38:30.416Z,2025-12-27T05:38:30.416Z
049a7b50-d164-4ca3-87bc-ef35f5b9691a,4de41147-0ced-42bb-9c8d-ca43be6d2b05,Pharmaceutical Grade Lithium Chloride 98.4%,High-quality pharmaceutical grade lithium chloride for industrial applications. Reliable quality for manufacturing.,Lithium Chloride,Pharmaceutical Grade,98.41,,,,,1.13 g/cm³,0.02,MT,193,87,4849,"[""ISO 9001:2015"",""ISO 14001:2015"",""RoHS""]",true,true,"{""Na"":""≤0.0009%"",""Mg"":""≤0.0001%"",""Ca"":""≤0.0015%"",""Fe"":""≤0.0002%""}","{""base_price"":6115,""currency"":""USD"",""unit"":""MT"",""incoterms"":""FOB""}",out_of_stock,2024-12-16T05:38:30.416Z,2025-12-12T05:38:30.416Z
272a3ff2-79f5-4dd9-8667-347034e31961,4de41147-0ced-42bb-9c8d-ca43be6d2b05,Pharmaceutical Grade Recycled Lithium 98.8%,High-quality pharmaceutical grade recycled lithium for industrial applications. Reliable quality for manufacturing.,Recycled Lithium,Pharmaceutical Grade,98.8,,,,,1.12 g/cm³,0.13,MT,372,59,1215,"[""RoHS"",""ISO 14001:2015"",""IATF 16949:2016""]",true,true,"{""Na"":""≤0.0009%"",""Mg"":""≤0.0008%"",""Ca"":""≤0.0018%"",""Fe"":""≤0.0002%""}","{""base_price"":9680,""currency"":""USD"",""unit"":""MT"",""incoterms"":""EXW""}",active,2024-06-16T05:38:30.416Z,2026-01-02T05:38:30.416Z
ffb98607-a040-4394-a188-2d2a8f10d411,4de41147-0ced-42bb-9c8d-ca43be6d2b05,Industrial Grade Lithium Hydroxide 99.80%,High-quality industrial grade lithium hydroxide for industrial applications. Reliable quality for manufacturing.,Lithium Hydroxide,Industrial Grade,99.8,,56.75,,,1.23 g/cm³,0.08,MT,330,54,8262,"[""ISO 9001:2015"",""RoHS"",""ISO 14001:2015""]",true,true,"{""Na"":""≤0.0005%"",""Mg"":""≤0.0006%"",""Ca"":""≤0.0013%"",""Fe"":""≤0.0004%""}","{""base_price"":8912,""currency"":""USD"",""unit"":""MT"",""incoterms"":""CIF""}",active,2024-06-24T05:38:30.416Z,2025-12-19T05:38:30.416Z
c47f588d-d00b-4b13-8c6f-c933523d1128,4de41147-0ced-42bb-9c8d-ca43be6d2b05,Pharmaceutical Grade Lithium Spodumene,High-quality pharmaceutical grade lithium spodumene for industrial applications. Reliable quality for manufacturing.,Lithium Spodumene,Pharmaceutical Grade,,,,5.54,,0.95 g/cm³,0.03,MT,90,69,8399,"[""REACH"",""ISO 14001:2015"",""RoHS""]",true,true,"{""Na"":""≤0.0003%"",""Mg"":""≤0.0006%"",""Ca"":""≤0.0011%"",""Fe"":""≤0.0001%""}","{""base_price"":9803,""currency"":""USD"",""unit"":""MT"",""incoterms"":""CIF""}",active,2024-07-06T05:38:30.416Z,2025-12-16T05:38:30.416Z
56665d15-d7a4-4aa6-93a4-296164e63348,4de41147-0ced-42bb-9c8d-ca43be6d2b05,Industrial Grade Lithium Carbonate 99.4%,High-quality industrial grade lithium carbonate for industrial applications. Reliable quality for manufacturing.,Lithium Carbonate,Industrial Grade,99.43,99.43,,,,0.85 g/cm³,0.04,MT,474,37,1336,"[""RoHS"",""ISO 14001:2015""]",true,true,"{""Na"":""≤0.0002%"",""Mg"":""≤0.0008%"",""Ca"":""≤0.0006%"",""Fe"":""≤0.0003%""}","{""base_price"":9029,""currency"":""USD"",""unit"":""MT"",""incoterms"":""CIF""}",active,2024-09-18T05:38:30.416Z,2025-12-30T05:38:30.416Z
7eb8324b-1dd6-475c-b660-416d830635bd,4de41147-0ced-42bb-9c8d-ca43be6d2b05,Battery Grade Lithium Chloride 98.5%,High-quality battery grade lithium chloride for EV battery applications. Meets strict automotive specifications.,Lithium Chloride,Battery Grade,98.45,,,,D50: 33μm,0.81 g/cm³,0.08,MT,49,80,5676,"[""IATF 16949:2016"",""REACH"",""ISO 9001:2015"",""RoHS""]",true,true,"{""Na"":""≤0.0009%"",""Mg"":""≤0.0008%"",""Ca"":""≤0.0003%"",""Fe"":""≤0.0002%""}","{""base_price"":1006,""currency"":""USD"",""unit"":""MT"",""incoterms"":""EXW""}",active,2025-11-08T05:38:30.416Z,2025-12-06T05:38:30.416Z
0f4e25ce-5741-411b-83cb-d08165ae766b,4de41147-0ced-42bb-9c8d-ca43be6d2b05,Industrial Grade Lithium Carbonate 99.84%,High-quality industrial grade lithium carbonate for industrial applications. Reliable quality for manufacturing.,Lithium Carbonate,Industrial Grade,99.84,99.84,,,,1.11 g/cm³,0.09,MT,187,66,8361,"[""IATF 16949:2016"",""REACH"",""ISO 9001:2015"",""ISO 14001:2015""]",true,true,"{""Na"":""≤0.0007%"",""Mg"":""≤0.0006%"",""Ca"":""≤0.0005%"",""Fe"":""≤0.0003%""}","{""base_price"":5182,""currency"":""USD"",""unit"":""MT"",""incoterms"":""EXW""}",active,2025-02-01T05:38:30.416Z,2025-12-18T05:38:30.416Z
9bfabdee-05c7-4ce5-8019-5bd4196d5ef6,4de41147-0ced-42bb-9c8d-ca43be6d2b05,Pharmaceutical Grade Lithium Chloride 99.2%,High-quality pharmaceutical grade lithium chloride for industrial applications. Reliable quality for manufacturing.,Lithium Chloride,Pharmaceutical Grade,99.23,,,,,0.87 g/cm³,0.06,MT,221,56,3367,"[""IATF 16949:2016"",""REACH"",""ISO 14001:2015""]",true,true,"{""Na"":""≤0.0005%"",""Mg"":""≤0.0004%"",""Ca"":""≤0.0011%"",""Fe"":""≤0.0004%""}","{""base_price"":7546,""currency"":""USD"",""unit"":""MT"",""incoterms"":""FOB""}",active,2025-06-26T05:38:30.416Z,2026-01-01T05:38:30.416Z
01d23605-31d1-4b92-80bd-bdb69889bc5c,4de41147-0ced-42bb-9c8d-ca43be6d2b05,Battery Grade Lithium Chloride 99.5%,High-quality battery grade lithium chloride for EV battery applications. Meets strict automotive specifications.,Lithium Chloride,Battery Grade,99.46,,,,D50: 25μm,1.25 g/cm³,0.09,MT,19,85,943,"[""RoHS"",""REACH"",""IATF 16949:2016""]",true,true,"{""Na"":""≤0.0001%"",""Mg"":""≤0.0007%"",""Ca"":""≤0.0011%"",""Fe"":""≤0.0002%""}","{""base_price"":894,""currency"":""USD"",""unit"":""MT"",""incoterms"":""EXW""}",active,2024-08-28T05:38:30.416Z,2025-12-28T05:38:30.416Z
5f9340f1-235f-46e4-aaee-d580664e2b7e,4de41147-0ced-42bb-9c8d-ca43be6d2b05,Battery Grade Lithium Hydroxide 99.68%,High-quality battery grade lithium hydroxide for EV battery applications. Meets strict automotive specifications.,Lithium Hydroxide,Battery Grade,99.68,,56,,D50: 42μm,1.28 g/cm³,0.01,MT,30,47,3996,"[""RoHS"",""REACH""]",true,true,"{""Na"":""≤0.0001%"",""Mg"":""≤0.0005%"",""Ca"":""≤0.0009%"",""Fe"":""≤0.0003%""}","{""base_price"":17235,""currency"":""USD"",""unit"":""MT"",""incoterms"":""EXW""}",active,2025-01-15T05:38:30.416Z,2025-12-14T05:38:30.416Z
ed5cddbc-0281-4547-bb58-d96ed99a7172,4de41147-0ced-42bb-9c8d-ca43be6d2b05,Battery Grade Lithium Chloride 98.1%,High-quality battery grade lithium chloride for EV battery applications. Meets strict automotive specifications.,Lithium Chloride,Battery Grade,98.11,,,,D50: 54μm,1.28 g/cm³,0.06,MT,47,78,9698,"[""IATF 16949:2016"",""REACH"",""ISO 14001:2015""]",true,true,"{""Na"":""≤0.0004%"",""Mg"":""≤0.0006%"",""Ca"":""≤0.0008%"",""Fe"":""≤0.0001%""}","{""base_price"":1147,""currency"":""USD"",""unit"":""MT"",""incoterms"":""EXW""}",active,2024-08-16T05:38:30.416Z,2025-12-17T05:38:30.416Z
1c05fbd2-1fd2-4417-a924-68c37fa8153e,4de41147-0ced-42bb-9c8d-ca43be6d2b05,Pharmaceutical Grade Lithium Carbonate 99.86%,High-quality pharmaceutical grade lithium carbonate for industrial applications. Reliable quality for manufacturing.,Lithium Carbonate,Pharmaceutical Grade,99.86,99.86,,,,1.2 g/cm³,0.11,MT,164,49,9510,"[""REACH"",""IATF 16949:2016"",""ISO 14001:2015""]",true,true,"{""Na"":""≤0.0004%"",""Mg"":""≤0.0005%"",""Ca"":""≤0.0003%"",""Fe"":""≤0.0002%""}","{""base_price"":8236,""currency"":""USD"",""unit"":""MT"",""incoterms"":""CIF""}",active,2024-04-14T05:38:30.416Z,2025-12-22T05:38:30.416Z
c4c049d9-8b53-4458-94e5-c0761751164b,a20dbd32-a765-4c3b-bc92-003c072148dc,Pharmaceutical Grade Lithium Chloride 98.3%,High-quality pharmaceutical grade lithium chloride for industrial applications. Reliable quality for manufacturing.,Lithium Chloride,Pharmaceutical Grade,98.33,,,,,0.88 g/cm³,0.14,MT,354,55,4908,"[""RoHS"",""ISO 9001:2015""]",true,true,"{""Na"":""≤0.0007%"",""Mg"":""≤0.0009%"",""Ca"":""≤0.0003%"",""Fe"":""≤0.0003%""}","{""base_price"":9948,""currency"":""USD"",""unit"":""MT"",""incoterms"":""EXW""}",active,2024-07-03T05:38:30.416Z,2025-12-25T05:38:30.416Z
58a457ed-812e-4259-8a24-2cf31d3c3d5f,a20dbd32-a765-4c3b-bc92-003c072148dc,Industrial Grade Lithium Carbonate 99.4%,High-quality industrial grade lithium carbonate for industrial applications. Reliable quality for manufacturing.,Lithium Carbonate,Industrial Grade,99.36,99.36,,,,0.89 g/cm³,0.06,MT,491,40,6320,"[""ISO 9001:2015"",""ISO 14001:2015"",""IATF 16949:2016""]",true,true,"{""Na"":""≤0.0007%"",""Mg"":""≤0.0009%"",""Ca"":""≤0.0009%"",""Fe"":""≤0.0005%""}","{""base_price"":8200,""currency"":""USD"",""unit"":""MT"",""incoterms"":""CIF""}",active,2024-11-21T05:38:30.416Z,2025-12-13T05:38:30.416Z
c576aae8-fa71-42d8-a996-ccd2ca566404,a20dbd32-a765-4c3b-bc92-003c072148dc,Battery Grade Lithium Chloride 98.9%,High-quality battery grade lithium chloride for EV battery applications. Meets strict automotive specifications.,Lithium Chloride,Battery Grade,98.87,,,,D50: 30μm,0.95 g/cm³,0.03,MT,41,50,3604,"[""ISO 9001:2015"",""ISO 14001:2015"",""IATF 16949:2016""]",true,true,"{""Na"":""≤0.0004%"",""Mg"":""≤0.0003%"",""Ca"":""≤0.0008%"",""Fe"":""≤0.0002%""}","{""base_price"":806,""currency"":""USD"",""unit"":""MT"",""incoterms"":""EXW""}",active,2024-05-11T05:38:30.416Z,2025-12-22T05:38:30.416Z
2a4468ff-7ab2-4b6f-b455-b17fb25b2486,a20dbd32-a765-4c3b-bc92-003c072148dc,Pharmaceutical Grade Lithium Hydroxide 99.62%,High-quality pharmaceutical grade lithium hydroxide for industrial applications. Reliable quality for manufacturing.,Lithium Hydroxide,Pharmaceutical Grade,99.62,,56.84,,,1.26 g/cm³,0.04,MT,238,36,4077,"[""IATF 16949:2016"",""ISO 14001:2015"",""ISO 9001:2015"",""REACH""]",true,true,"{""Na"":""≤0.0006%"",""Mg"":""≤0.0001%"",""Ca"":""≤0.0018%"",""Fe"":""≤0.0001%""}","{""base_price"":5159,""currency"":""USD"",""unit"":""MT"",""incoterms"":""EXW""}",active,2025-09-01T05:38:30.416Z,2025-12-23T05:38:30.416Z
ec547867-0037-4d48-8d20-3fab34e1b34e,a20dbd32-a765-4c3b-bc92-003c072148dc,Technical Grade Lithium Carbonate 99.58%,High-quality technical grade lithium carbonate for industrial applications. Reliable quality for manufacturing.,Lithium Carbonate,Technical Grade,99.58,99.58,,,,0.84 g/cm³,0.1,MT,383,55,409,"[""IATF 16949:2016"",""ISO 14001:2015"",""REACH"",""ISO 9001:2015""]",true,true,"{""Na"":""≤0.0005%"",""Mg"":""≤0.0006%"",""Ca"":""≤0.0016%"",""Fe"":""≤0.0003%""}","{""base_price"":8264,""currency"":""USD"",""unit"":""MT"",""incoterms"":""EXW""}",active,2025-09-06T05:38:30.416Z,2025-12-13T05:38:30.416Z
a3ed0fbf-bb39-48d7-8d6d-895f80ba89f7,a20dbd32-a765-4c3b-bc92-003c072148dc,Battery Grade Lithium Spodumene,High-quality battery grade lithium spodumene for EV battery applications. Meets strict automotive specifications.,Lithium Spodumene,Battery Grade,,,,5.65,D50: 30μm,0.8 g/cm³,0.12,MT,39,63,5595,"[""RoHS"",""ISO 9001:2015"",""REACH""]",true,true,"{""Na"":""≤0.0003%"",""Mg"":""≤0.0003%"",""Ca"":""≤0.0007%"",""Fe"":""≤0.0002%""}","{""base_price"":1157,""currency"":""USD"",""unit"":""MT"",""incoterms"":""FOB""}",active,2025-06-15T05:38:30.416Z,2025-12-20T05:38:30.416Z
f94226e1-3bff-4a67-8f9b-3c4fc7052310,a20dbd32-a765-4c3b-bc92-003c072148dc,Technical Grade Lithium Chloride 98.1%,High-quality technical grade lithium chloride for industrial applications. Reliable quality for manufacturing.,Lithium Chloride,Technical Grade,98.09,,,,,1.04 g/cm³,0.05,MT,343,35,6350,"[""IATF 16949:2016"",""ISO 14001:2015"",""RoHS""]",true,true,"{""Na"":""≤0.001%"",""Mg"":""≤0.0007%"",""Ca"":""≤0.0008%"",""Fe"":""≤0.0005%""}","{""base_price"":9975,""currency"":""USD"",""unit"":""MT"",""incoterms"":""CIF""}",active,2024-03-06T05:38:30.416Z,2025-12-11T05:38:30.416Z
9713e10e-8740-4f8b-9f1c-a7dc625d1f0a,a12299a4-2c5b-42a9-ba81-b50ed03324ea,Battery Grade Other 99.4%,High-quality battery grade other for EV battery applications. Meets strict automotive specifications.,Other,Battery Grade,99.36,,,,D50: 57μm,1.14 g/cm³,0.07,MT,38,56,2669,"[""IATF 16949:2016"",""REACH"",""RoHS""]",false,true,"{""Na"":""≤0.0008%"",""Mg"":""≤0.0004%"",""Ca"":""≤0.0002%"",""Fe"":""≤0.0003%""}","{""base_price"":915,""currency"":""USD"",""unit"":""MT"",""incoterms"":""CIF""}",active,2024-10-16T05:38:30.416Z,2025-12-22T05:38:30.416Z
f501f851-6250-4628-b2b3-6137da8ca42a,a12299a4-2c5b-42a9-ba81-b50ed03324ea,Pharmaceutical Grade Other 99.3%,High-quality pharmaceutical grade other for industrial applications. Reliable quality for manufacturing.,Other,Pharmaceutical Grade,99.32,,,,,1.02 g/cm³,0.06,MT,318,90,1155,"[""REACH"",""ISO 9001:2015""]",false,true,"{""Na"":""≤0.0007%"",""Mg"":""≤0.0004%"",""Ca"":""≤0.0014%"",""Fe"":""≤0.0002%""}","{""base_price"":5298,""currency"":""USD"",""unit"":""MT"",""incoterms"":""FOB""}",active,2024-12-23T05:38:30.416Z,2025-12-06T05:38:30.416Z
8a3532aa-1f53-4174-8bff-282934a14548,a12299a4-2c5b-42a9-ba81-b50ed03324ea,Pharmaceutical Grade Lithium Hydroxide 99.95%,High-quality pharmaceutical grade lithium hydroxide for industrial applications. Reliable quality for manufacturing.,Lithium Hydroxide,Pharmaceutical Grade,99.95,,56.68,,,0.82 g/cm³,0.08,MT,337,46,4149,"[""ISO 14001:2015"",""ISO 9001:2015"",""IATF 16949:2016"",""RoHS""]",false,true,"{""Na"":""≤0.0005%"",""Mg"":""≤0.0009%"",""Ca"":""≤0.0016%"",""Fe"":""≤0.0005%""}","{""base_price"":6140,""currency"":""USD"",""unit"":""MT"",""incoterms"":""FOB""}",active,2025-07-03T05:38:30.416Z,2025-12-10T05:38:30.416Z
1f5b63ed-e256-4761-b7cd-da183f864646,a12299a4-2c5b-42a9-ba81-b50ed03324ea,Pharmaceutical Grade Lithium Carbonate 99.86%,High-quality pharmaceutical grade lithium carbonate for industrial applications. Reliable quality for manufacturing.,Lithium Carbonate,Pharmaceutical Grade,99.86,99.86,,,,1.28 g/cm³,0.11,MT,279,85,6467,"[""RoHS"",""ISO 9001:2015"",""ISO 14001:2015"",""REACH""]",false,true,"{""Na"":""≤0.001%"",""Mg"":""≤0.0007%"",""Ca"":""≤0.0009%"",""Fe"":""≤0.0003%""}","{""base_price"":5087,""currency"":""USD"",""unit"":""MT"",""incoterms"":""EXW""}",active,2024-10-22T05:38:30.416Z,2025-12-21T05:38:30.416Z
5c976718-a6f8-4600-98c5-24f96cac9e36,a12299a4-2c5b-42a9-ba81-b50ed03324ea,Battery Grade Recycled Lithium 98.5%,High-quality battery grade recycled lithium for EV battery applications. Meets strict automotive specifications.,Recycled Lithium,Battery Grade,98.5,,,,D50: 38μm,1 g/cm³,0.1,MT,26,65,481,"[""IATF 16949:2016"",""REACH"",""ISO 14001:2015""]",false,true,"{""Na"":""≤0.0006%"",""Mg"":""≤0.0006%"",""Ca"":""≤0.0013%"",""Fe"":""≤0.0003%""}","{""base_price"":1196,""currency"":""USD"",""unit"":""MT"",""incoterms"":""FOB""}",active,2024-12-15T05:38:30.416Z,2025-12-04T05:38:30.416Z
c010c6db-78b8-4a07-acb0-2f40d133166f,a12299a4-2c5b-42a9-ba81-b50ed03324ea,Pharmaceutical Grade Lithium Chloride 99.5%,High-quality pharmaceutical grade lithium chloride for industrial applications. Reliable quality for manufacturing.,Lithium Chloride,Pharmaceutical Grade,99.47,,,,,0.89 g/cm³,0.09,MT,125,65,3685,"[""REACH"",""ISO 9001:2015""]",false,true,"{""Na"":""≤0.0004%"",""Mg"":""≤0.0006%"",""Ca"":""≤0.0013%"",""Fe"":""≤0.0004%""}","{""base_price"":8021,""currency"":""USD"",""unit"":""MT"",""incoterms"":""CIF""}",active,2024-04-06T05:38:30.416Z,2025-12-19T05:38:30.416Z
9dd287dc-ce3f-4447-ba79-3e344660d603,a12299a4-2c5b-42a9-ba81-b50ed03324ea,Industrial Grade Lithium Hydroxide 99.61%,High-quality industrial grade lithium hydroxide for industrial applications. Reliable quality for manufacturing.,Lithium Hydroxide,Industrial Grade,99.61,,56.65,,,1.04 g/cm³,0.1,MT,377,42,4185,"[""IATF 16949:2016"",""ISO 14001:2015"",""ISO 9001:2015"",""RoHS""]",false,true,"{""Na"":""≤0.0006%"",""Mg"":""≤0.0008%"",""Ca"":""≤0.0019%"",""Fe"":""≤0.0001%""}","{""base_price"":7130,""currency"":""USD"",""unit"":""MT"",""incoterms"":""FOB""}",active,2024-07-07T05:38:30.416Z,2026-01-02T05:38:30.416Z
389582e0-ed60-49b3-8289-febdd773df1f,a12299a4-2c5b-42a9-ba81-b50ed03324ea,Battery Grade Lithium Carbonate 99.4%,High-quality battery grade lithium carbonate for EV battery applications. Meets strict automotive specifications.,Lithium Carbonate,Battery Grade,99.41,99.41,,,D50: 26μm,1.12 g/cm³,0.03,MT,22,44,9591,"[""ISO 9001:2015"",""REACH"",""RoHS""]",false,true,"{""Na"":""≤0.0007%"",""Mg"":""≤0.0005%"",""Ca"":""≤0.0013%"",""Fe"":""≤0.0001%""}","{""base_price"":14109,""currency"":""USD"",""unit"":""MT"",""incoterms"":""EXW""}",active,2024-04-19T05:38:30.416Z,2025-12-25T05:38:30.416Z
3a6d8771-e8f3-4188-b824-7364c14decf2,37fbb935-02c2-4908-8a0d-1767ce72736c,Technical Grade Lithium Spodumene,High-quality technical grade lithium spodumene for industrial applications. Reliable quality for manufacturing.,Lithium Spodumene,Technical Grade,,,,6.17,,1.11 g/cm³,0.05,MT,132,81,522,"[""REACH"",""IATF 16949:2016""]",true,true,"{""Na"":""≤0.0002%"",""Mg"":""≤0.0002%"",""Ca"":""≤0.0014%"",""Fe"":""≤0.0004%""}","{""base_price"":7458,""currency"":""USD"",""unit"":""MT"",""incoterms"":""CIF""}",active,2024-01-27T05:38:30.416Z,2025-12-26T05:38:30.416Z
3be3aa77-9490-48e1-8cf7-f4294e6433b4,37fbb935-02c2-4908-8a0d-1767ce72736c,Industrial Grade Lithium Spodumene,High-quality industrial grade lithium spodumene for industrial applications. Reliable quality for manufacturing.,Lithium Spodumene,Industrial Grade,,,,6.4,,1.27 g/cm³,0.11,MT,177,44,5290,"[""REACH"",""IATF 16949:2016"",""ISO 14001:2015""]",true,true,"{""Na"":""≤0.0003%"",""Mg"":""≤0.0005%"",""Ca"":""≤0.0017%"",""Fe"":""≤0.0002%""}","{""base_price"":5717,""currency"":""USD"",""unit"":""MT"",""incoterms"":""EXW""}",active,2025-04-16T05:38:30.416Z,2025-12-03T05:38:30.416Z
5da1eb0e-b8b4-4185-b3e3-537d4683d6e1,37fbb935-02c2-4908-8a0d-1767ce72736c,Pharmaceutical Grade Lithium Carbonate 99.76%,High-quality pharmaceutical grade lithium carbonate for industrial applications. Reliable quality for manufacturing.,Lithium Carbonate,Pharmaceutical Grade,99.76,99.76,,,,1.03 g/cm³,0.06,MT,227,43,5391,"[""IATF 16949:2016"",""ISO 14001:2015"",""REACH"",""ISO 9001:2015""]",true,true,"{""Na"":""≤0.0009%"",""Mg"":""≤0.0002%"",""Ca"":""≤0.0017%"",""Fe"":""≤0.0001%""}","{""base_price"":6126,""currency"":""USD"",""unit"":""MT"",""incoterms"":""FOB""}",active,2025-11-30T05:38:30.416Z,2026-01-02T05:38:30.416Z
5d6822a9-e848-4d4e-ab9c-28fdcb628e0f,37fbb935-02c2-4908-8a0d-1767ce72736c,Pharmaceutical Grade Lithium Carbonate 99.61%,High-quality pharmaceutical grade lithium carbonate for industrial applications. Reliable quality for manufacturing.,Lithium Carbonate,Pharmaceutical Grade,99.61,99.61,,,,1.34 g/cm³,0.14,MT,305,86,6633,"[""ISO 9001:2015"",""ISO 14001:2015""]",true,true,"{""Na"":""≤0.0008%"",""Mg"":""≤0.0006%"",""Ca"":""≤0.0019%"",""Fe"":""≤0.0002%""}","{""base_price"":8880,""currency"":""USD"",""unit"":""MT"",""incoterms"":""FOB""}",active,2024-06-26T05:38:30.416Z,2026-01-02T05:38:30.416Z
dca11dd0-9f61-4cfb-8b55-406cc58f06fa,37fbb935-02c2-4908-8a0d-1767ce72736c,Battery Grade Lithium Hydroxide 99.82%,High-quality battery grade lithium hydroxide for EV battery applications. Meets strict automotive specifications.,Lithium Hydroxide,Battery Grade,99.82,,56.47,,D50: 25μm,0.87 g/cm³,0.11,MT,16,66,932,"[""REACH"",""RoHS"",""IATF 16949:2016""]",true,true,"{""Na"":""≤0.0005%"",""Mg"":""≤0.0006%"",""Ca"":""≤0.0003%"",""Fe"":""≤0.0002%""}","{""base_price"":17396,""currency"":""USD"",""unit"":""MT"",""incoterms"":""FOB""}",active,2025-03-19T05:38:30.416Z,2025-12-26T05:38:30.416Z
dfc28d07-be42-4e5e-9a98-afaf9c589a88,37fbb935-02c2-4908-8a0d-1767ce72736c,Technical Grade Lithium Hydroxide 99.74%,High-quality technical grade lithium hydroxide for industrial applications. Reliable quality for manufacturing.,Lithium Hydroxide,Technical Grade,99.74,,56.28,,,1.33 g/cm³,0.13,MT,377,30,5890,"[""ISO 9001:2015"",""ISO 14001:2015"",""REACH"",""IATF 16949:2016""]",true,true,"{""Na"":""≤0.0009%"",""Mg"":""≤0.0006%"",""Ca"":""≤0.0002%"",""Fe"":""≤0.0005%""}","{""base_price"":6692,""currency"":""USD"",""unit"":""MT"",""incoterms"":""CIF""}",active,2024-06-10T05:38:30.416Z,2025-12-08T05:38:30.416Z
3c9a38a2-e7da-49a4-9a1c-5b8105a321fd,37fbb935-02c2-4908-8a0d-1767ce72736c,Battery Grade Lithium Hydroxide 99.88%,High-quality battery grade lithium hydroxide for EV battery applications. Meets strict automotive specifications.,Lithium Hydroxide,Battery Grade,99.88,,56.29,,D50: 45μm,0.93 g/cm³,0.09,MT,43,42,315,"[""RoHS"",""ISO 9001:2015""]",true,true,"{""Na"":""≤0.0008%"",""Mg"":""≤0.0004%"",""Ca"":""≤0.0006%"",""Fe"":""≤0.0001%""}","{""base_price"":16401,""currency"":""USD"",""unit"":""MT"",""incoterms"":""EXW""}",active,2024-10-09T05:38:30.416Z,2025-12-30T05:38:30.416Z
1d2f4702-13c4-4d0e-8a55-8d49eb5f8520,2ffbea36-6c6d-4cb1-9a23-e1c4fab1634d,Technical Grade Recycled Lithium 98.3%,High-quality technical grade recycled lithium for industrial applications. Reliable quality for manufacturing.,Recycled Lithium,Technical Grade,98.34,,,,,1.24 g/cm³,0.1,MT,445,69,9439,"[""REACH"",""ISO 9001:2015""]",false,true,"{""Na"":""≤0.0007%"",""Mg"":""≤0.0008%"",""Ca"":""≤0.001%"",""Fe"":""≤0.0004%""}","{""base_price"":5154,""currency"":""USD"",""unit"":""MT"",""incoterms"":""CIF""}",active,2025-04-01T05:38:30.416Z,2025-12-27T05:38:30.416Z
6fad91c5-158a-4765-b5ec-35a6f419a405,2ffbea36-6c6d-4cb1-9a23-e1c4fab1634d,Pharmaceutical Grade Other 98.5%,High-quality pharmaceutical grade other for industrial applications. Reliable quality for manufacturing.,Other,Pharmaceutical Grade,98.47,,,,,0.84 g/cm³,0.04,MT,441,76,727,"[""IATF 16949:2016"",""ISO 14001:2015"",""RoHS""]",false,true,"{""Na"":""≤0.0008%"",""Mg"":""≤0.0008%"",""Ca"":""≤0.0008%"",""Fe"":""≤0.0003%""}","{""base_price"":6272,""currency"":""USD"",""unit"":""MT"",""incoterms"":""EXW""}",active,2025-06-26T05:38:30.416Z,2025-12-21T05:38:30.416Z
817def6d-6cde-41d5-aff2-2f148383ac79,2ffbea36-6c6d-4cb1-9a23-e1c4fab1634d,Technical Grade Lithium Chloride 98.3%,High-quality technical grade lithium chloride for industrial applications. Reliable quality for manufacturing.,Lithium Chloride,Technical Grade,98.31,,,,,0.94 g/cm³,0.08,MT,431,80,9922,"[""REACH"",""IATF 16949:2016""]",false,true,"{""Na"":""≤0.0007%"",""Mg"":""≤0.0004%"",""Ca"":""≤0.0003%"",""Fe"":""≤0.0004%""}","{""base_price"":9720,""currency"":""USD"",""unit"":""MT"",""incoterms"":""EXW""}",active,2024-09-11T05:38:30.416Z,2025-12-16T05:38:30.416Z
5234902f-03e6-4479-a393-f7bff57b7ec4,2ffbea36-6c6d-4cb1-9a23-e1c4fab1634d,Industrial Grade Lithium Hydroxide 99.57%,High-quality industrial grade lithium hydroxide for industrial applications. Reliable quality for manufacturing.,Lithium Hydroxide,Industrial Grade,99.57,,56.9,,,1.26 g/cm³,0.06,MT,259,52,2245,"[""ISO 14001:2015"",""ISO 9001:2015"",""REACH"",""RoHS""]",false,true,"{""Na"":""≤0.0008%"",""Mg"":""≤0.0003%"",""Ca"":""≤0.0018%"",""Fe"":""≤0.0002%""}","{""base_price"":8847,""currency"":""USD"",""unit"":""MT"",""incoterms"":""FOB""}",active,2025-08-15T05:38:30.416Z,2025-12-26T05:38:30.416Z
ff2a237d-d3bb-46a7-b920-2c1c7b9d3b02,2ffbea36-6c6d-4cb1-9a23-e1c4fab1634d,Pharmaceutical Grade Recycled Lithium 98.1%,High-quality pharmaceutical grade recycled lithium for industrial applications. Reliable quality for manufacturing.,Recycled Lithium,Pharmaceutical Grade,98.1,,,,,1.28 g/cm³,0.03,MT,305,87,138,"[""REACH"",""IATF 16949:2016""]",false,true,"{""Na"":""≤0.0002%"",""Mg"":""≤0.0007%"",""Ca"":""≤0.0004%"",""Fe"":""≤0.0002%""}","{""base_price"":5618,""currency"":""USD"",""unit"":""MT"",""incoterms"":""EXW""}",out_of_stock,2025-10-26T05:38:30.416Z,2025-12-19T05:38:30.416Z
2b8f4839-9f48-4f57-83c1-a5968cb5d0a4,2ffbea36-6c6d-4cb1-9a23-e1c4fab1634d,Pharmaceutical Grade Lithium Hydroxide 99.65%,High-quality pharmaceutical grade lithium hydroxide for industrial applications. Reliable quality for manufacturing.,Lithium Hydroxide,Pharmaceutical Grade,99.65,,56.9,,,0.88 g/cm³,0.01,MT,312,47,3407,"[""ISO 9001:2015"",""REACH""]",false,true,"{""Na"":""≤0.0006%"",""Mg"":""≤0.0009%"",""Ca"":""≤0.0006%"",""Fe"":""≤0.0005%""}","{""base_price"":5229,""currency"":""USD"",""unit"":""MT"",""incoterms"":""CIF""}",active,2025-11-22T05:38:30.416Z,2025-12-17T05:38:30.416Z
10c30337-4f19-4897-8900-5508d6c319fa,2ffbea36-6c6d-4cb1-9a23-e1c4fab1634d,Battery Grade Lithium Chloride 99.4%,High-quality battery grade lithium chloride for EV battery applications. Meets strict automotive specifications.,Lithium Chloride,Battery Grade,99.42,,,,D50: 42μm,1.38 g/cm³,0.09,MT,50,57,6920,"[""IATF 16949:2016"",""ISO 14001:2015""]",false,true,"{""Na"":""≤0.0001%"",""Mg"":""≤0.0003%"",""Ca"":""≤0.0017%"",""Fe"":""≤0.0004%""}","{""base_price"":861,""currency"":""USD"",""unit"":""MT"",""incoterms"":""FOB""}",active,2024-07-23T05:38:30.416Z,2025-12-12T05:38:30.416Z
97c97c18-9803-4024-b71a-79672a46f127,2ffbea36-6c6d-4cb1-9a23-e1c4fab1634d,Battery Grade Lithium Carbonate 99.70%,High-quality battery grade lithium carbonate for EV battery applications. Meets strict automotive specifications.,Lithium Carbonate,Battery Grade,99.7,99.7,,,D50: 59μm,0.83 g/cm³,0.09,MT,25,71,6567,"[""IATF 16949:2016"",""REACH""]",false,true,"{""Na"":""≤0.001%"",""Mg"":""≤0.0004%"",""Ca"":""≤0.0012%"",""Fe"":""≤0.0004%""}","{""base_price"":13359,""currency"":""USD"",""unit"":""MT"",""incoterms"":""CIF""}",active,2025-08-01T05:38:30.416Z,2025-12-24T05:38:30.416Z
215da787-ac25-4ceb-b137-599e75553047,899e3891-f93f-4d0d-8a05-4f23adaeac21,Pharmaceutical Grade Lithium Spodumene,High-quality pharmaceutical grade lithium spodumene for industrial applications. Reliable quality for manufacturing.,Lithium Spodumene,Pharmaceutical Grade,,,,6.93,,1.17 g/cm³,0.11,MT,102,39,9317,"[""REACH"",""RoHS"",""IATF 16949:2016""]",true,true,"{""Na"":""≤0.0002%"",""Mg"":""≤0.0009%"",""Ca"":""≤0.0003%"",""Fe"":""≤0.0001%""}","{""base_price"":6132,""currency"":""USD"",""unit"":""MT"",""incoterms"":""EXW""}",active,2025-01-06T05:38:30.416Z,2025-12-19T05:38:30.416Z
d0d408fd-6bdd-46d7-af7c-90d124ec2919,899e3891-f93f-4d0d-8a05-4f23adaeac21,Industrial Grade Other 98.5%,High-quality industrial grade other for industrial applications. Reliable quality for manufacturing.,Other,Industrial Grade,98.47,,,,,1.32 g/cm³,0.01,MT,413,45,9618,"[""REACH"",""RoHS"",""ISO 9001:2015""]",true,true,"{""Na"":""≤0.0002%"",""Mg"":""≤0.0003%"",""Ca"":""≤0.0017%"",""Fe"":""≤0.0004%""}","{""base_price"":7956,""currency"":""USD"",""unit"":""MT"",""incoterms"":""CIF""}",active,2024-01-16T05:38:30.416Z,2025-12-24T05:38:30.416Z
cf06d2fc-a87e-4216-833b-9ea8fae7d674,899e3891-f93f-4d0d-8a05-4f23adaeac21,Pharmaceutical Grade Other 99.2%,High-quality pharmaceutical grade other for industrial applications. Reliable quality for manufacturing.,Other,Pharmaceutical Grade,99.21,,,,,0.87 g/cm³,0.15,MT,164,61,9603,"[""ISO 14001:2015"",""ISO 9001:2015"",""IATF 16949:2016"",""RoHS""]",true,true,"{""Na"":""≤0.0003%"",""Mg"":""≤0.0009%"",""Ca"":""≤0.0004%"",""Fe"":""≤0.0003%""}","{""base_price"":5559,""currency"":""USD"",""unit"":""MT"",""incoterms"":""CIF""}",active,2024-12-11T05:38:30.416Z,2026-01-01T05:38:30.416Z
66b791b7-1610-46cb-ae75-69a574aade2c,899e3891-f93f-4d0d-8a05-4f23adaeac21,Battery Grade Lithium Hydroxide 99.88%,High-quality battery grade lithium hydroxide for EV battery applications. Meets strict automotive specifications.,Lithium Hydroxide,Battery Grade,99.88,,56.06,,D50: 21μm,1.36 g/cm³,0.02,MT,15,37,1373,"[""ISO 14001:2015"",""ISO 9001:2015"",""RoHS"",""REACH""]",true,true,"{""Na"":""≤0.0006%"",""Mg"":""≤0.0009%"",""Ca"":""≤0.0003%"",""Fe"":""≤0.0004%""}","{""base_price"":17315,""currency"":""USD"",""unit"":""MT"",""incoterms"":""EXW""}",active,2024-11-28T05:38:30.416Z,2025-12-11T05:38:30.416Z
7738c974-f44a-49e5-a3f8-ce235c738a5f,899e3891-f93f-4d0d-8a05-4f23adaeac21,Pharmaceutical Grade Other 99.1%,High-quality pharmaceutical grade other for industrial applications. Reliable quality for manufacturing.,Other,Pharmaceutical Grade,99.09,,,,,1.38 g/cm³,0.13,MT,237,41,6856,"[""IATF 16949:2016"",""ISO 14001:2015"",""REACH"",""ISO 9001:2015""]",true,true,"{""Na"":""≤0.0006%"",""Mg"":""≤0.0008%"",""Ca"":""≤0.0009%"",""Fe"":""≤0.0002%""}","{""base_price"":5060,""currency"":""USD"",""unit"":""MT"",""incoterms"":""CIF""}",active,2024-09-19T05:38:30.416Z,2025-12-23T05:38:30.416Z
9d373845-f626-4a78-90ba-f1f7356f0a88,899e3891-f93f-4d0d-8a05-4f23adaeac21,Pharmaceutical Grade Other 98.2%,High-quality pharmaceutical grade other for industrial applications. Reliable quality for manufacturing.,Other,Pharmaceutical Grade,98.24,,,,,1.25 g/cm³,0.11,MT,176,80,6411,"[""ISO 9001:2015"",""ISO 14001:2015""]",true,true,"{""Na"":""≤0.0009%"",""Mg"":""≤0.0003%"",""Ca"":""≤0.0009%"",""Fe"":""≤0.0003%""}","{""base_price"":8436,""currency"":""USD"",""unit"":""MT"",""incoterms"":""CIF""}",active,2025-02-20T05:38:30.416Z,2025-12-27T05:38:30.416Z
9f499c8e-3410-4c8f-ba80-1d32de0dd513,899e3891-f93f-4d0d-8a05-4f23adaeac21,Pharmaceutical Grade Recycled Lithium 99.3%,High-quality pharmaceutical grade recycled lithium for industrial applications. Reliable quality for manufacturing.,Recycled Lithium,Pharmaceutical Grade,99.25,,,,,0.99 g/cm³,0.04,MT,120,67,7527,"[""REACH"",""IATF 16949:2016"",""ISO 14001:2015"",""RoHS""]",true,true,"{""Na"":""≤0.0003%"",""Mg"":""≤0.001%"",""Ca"":""≤0.0009%"",""Fe"":""≤0.0003%""}","{""base_price"":7213,""currency"":""USD"",""unit"":""MT"",""incoterms"":""FOB""}",active,2025-07-27T05:38:30.416Z,2025-12-16T05:38:30.416Z
2347c2f7-56c3-46f5-8209-5547797477bc,899e3891-f93f-4d0d-8a05-4f23adaeac21,Industrial Grade Recycled Lithium 99.1%,High-quality industrial grade recycled lithium for industrial applications. Reliable quality for manufacturing.,Recycled Lithium,Industrial Grade,99.06,,,,,1.15 g/cm³,0.07,MT,256,90,3360,"[""ISO 9001:2015"",""REACH""]",true,true,"{""Na"":""≤0.0008%"",""Mg"":""≤0.0009%"",""Ca"":""≤0.0013%"",""Fe"":""≤0.0002%""}","{""base_price"":8940,""currency"":""USD"",""unit"":""MT"",""incoterms"":""EXW""}",active,2025-01-08T05:38:30.416Z,2025-12-22T05:38:30.416Z
c3cc0382-fe88-404f-a959-d6637e0a1a36,899e3891-f93f-4d0d-8a05-4f23adaeac21,Technical Grade Recycled Lithium 98.1%,High-quality technical grade recycled lithium for industrial applications. Reliable quality for manufacturing.,Recycled Lithium,Technical Grade,98.12,,,,,0.89 g/cm³,0.14,MT,159,58,6499,"[""IATF 16949:2016"",""RoHS""]",true,true,"{""Na"":""≤0.0007%"",""Mg"":""≤0.0008%"",""Ca"":""≤0.0016%"",""Fe"":""≤0.0003%""}","{""base_price"":9826,""currency"":""USD"",""unit"":""MT"",""incoterms"":""CIF""}",active,2025-04-01T05:38:30.416Z,2026-01-02T05:38:30.416Z
84c45d02-9590-4790-9930-5b92de5a49c4,899e3891-f93f-4d0d-8a05-4f23adaeac21,Technical Grade Lithium Hydroxide 99.81%,High-quality technical grade lithium hydroxide for industrial applications. Reliable quality for manufacturing.,Lithium Hydroxide,Technical Grade,99.81,,56.06,,,1.23 g/cm³,0.02,MT,251,87,845,"[""REACH"",""IATF 16949:2016"",""RoHS"",""ISO 14001:2015""]",true,true,"{""Na"":""≤0.0005%"",""Mg"":""≤0.0007%"",""Ca"":""≤0.0004%"",""Fe"":""≤0.0005%""}","{""base_price"":6367,""currency"":""USD"",""unit"":""MT"",""incoterms"":""CIF""}",active,2024-02-28T05:38:30.416Z,2025-12-31T05:38:30.416Z
99899b6d-8bbb-4c5e-ba2a-b7fd2c09db64,899e3891-f93f-4d0d-8a05-4f23adaeac21,Technical Grade Recycled Lithium 98.5%,High-quality technical grade recycled lithium for industrial applications. Reliable quality for manufacturing.,Recycled Lithium,Technical Grade,98.47,,,,,1.34 g/cm³,0.04,MT,342,34,7272,"[""ISO 9001:2015"",""ISO 14001:2015"",""IATF 16949:2016""]",true,true,"{""Na"":""≤0.0005%"",""Mg"":""≤0.0005%"",""Ca"":""≤0.0002%"",""Fe"":""≤0.0004%""}","{""base_price"":8224,""currency"":""USD"",""unit"":""MT"",""incoterms"":""FOB""}",active,2025-09-13T05:38:30.416Z,2025-12-20T05:38:30.416Z
9b8e3099-4524-4f82-8ae9-b9975d90ca25,77a43956-c6c9-4ba6-96ea-337574954ed2,Battery Grade Lithium Hydroxide 99.72%,High-quality battery grade lithium hydroxide for EV battery applications. Meets strict automotive specifications.,Lithium Hydroxide,Battery Grade,99.72,,56.93,,D50: 40μm,0.87 g/cm³,0.14,MT,15,39,6802,"[""IATF 16949:2016"",""ISO 14001:2015"",""REACH""]",true,true,"{""Na"":""≤0.0001%"",""Mg"":""≤0.0003%"",""Ca"":""≤0.0004%"",""Fe"":""≤0.0003%""}","{""base_price"":15254,""currency"":""USD"",""unit"":""MT"",""incoterms"":""FOB""}",active,2025-06-21T05:38:30.416Z,2025-12-05T05:38:30.416Z
4917c307-7b02-4ddb-bdf6-d0b88416392c,77a43956-c6c9-4ba6-96ea-337574954ed2,Pharmaceutical Grade Lithium Spodumene,High-quality pharmaceutical grade lithium spodumene for industrial applications. Reliable quality for manufacturing.,Lithium Spodumene,Pharmaceutical Grade,,,,6.35,,0.9 g/cm³,0.06,MT,298,67,743,"[""ISO 14001:2015"",""ISO 9001:2015"",""IATF 16949:2016""]",true,true,"{""Na"":""≤0.0004%"",""Mg"":""≤0.0001%"",""Ca"":""≤0.0007%"",""Fe"":""≤0.0004%""}","{""base_price"":7206,""currency"":""USD"",""unit"":""MT"",""incoterms"":""EXW""}",active,2024-01-27T05:38:30.416Z,2025-12-04T05:38:30.416Z
9d09ea0a-84f1-4bf9-9eb8-3deb46dcbb7d,77a43956-c6c9-4ba6-96ea-337574954ed2,Battery Grade Lithium Carbonate 99.4%,High-quality battery grade lithium carbonate for EV battery applications. Meets strict automotive specifications.,Lithium Carbonate,Battery Grade,99.4,99.4,,,D50: 17μm,1.35 g/cm³,0.08,MT,25,59,8855,"[""RoHS"",""REACH"",""IATF 16949:2016""]",true,true,"{""Na"":""≤0.0001%"",""Mg"":""≤0.0004%"",""Ca"":""≤0.0014%"",""Fe"":""≤0.0004%""}","{""base_price"":11312,""currency"":""USD"",""unit"":""MT"",""incoterms"":""EXW""}",active,2025-08-17T05:38:30.416Z,2025-12-24T05:38:30.416Z
9eaabaaa-f7c5-400a-865d-b732d8c49e5f,77a43956-c6c9-4ba6-96ea-337574954ed2,Industrial Grade Lithium Chloride 98.2%,High-quality industrial grade lithium chloride for industrial applications. Reliable quality for manufacturing.,Lithium Chloride,Industrial Grade,98.23,,,,,1.05 g/cm³,0.07,MT,276,88,8890,"[""REACH"",""ISO 9001:2015"",""IATF 16949:2016"",""ISO 14001:2015""]",true,true,"{""Na"":""≤0.0009%"",""Mg"":""≤0.0003%"",""Ca"":""≤0.0014%"",""Fe"":""≤0.0004%""}","{""base_price"":7702,""currency"":""USD"",""unit"":""MT"",""incoterms"":""EXW""}",active,2024-12-24T05:38:30.416Z,2025-12-28T05:38:30.416Z
02c00809-fdcb-47c9-b7ae-d329f1d9fbbd,77a43956-c6c9-4ba6-96ea-337574954ed2,Industrial Grade Lithium Chloride 99.0%,High-quality industrial grade lithium chloride for industrial applications. Reliable quality for manufacturing.,Lithium Chloride,Industrial Grade,99.01,,,,,0.87 g/cm³,0.11,MT,364,52,7361,"[""ISO 9001:2015"",""ISO 14001:2015""]",true,true,"{""Na"":""≤0.0003%"",""Mg"":""≤0.0007%"",""Ca"":""≤0.0003%"",""Fe"":""≤0.0003%""}","{""base_price"":7680,""currency"":""USD"",""unit"":""MT"",""incoterms"":""FOB""}",active,2025-08-01T05:38:30.416Z,2025-12-29T05:38:30.416Z
4070abf5-7fbe-4ea1-865a-807df8de3c79,77a43956-c6c9-4ba6-96ea-337574954ed2,Battery Grade Lithium Chloride 98.0%,High-quality battery grade lithium chloride for EV battery applications. Meets strict automotive specifications.,Lithium Chloride,Battery Grade,98.03,,,,D50: 44μm,0.98 g/cm³,0.1,MT,45,56,8862,"[""ISO 9001:2015"",""ISO 14001:2015"",""IATF 16949:2016"",""REACH""]",true,true,"{""Na"":""≤0.0008%"",""Mg"":""≤0.001%"",""Ca"":""≤0.0012%"",""Fe"":""≤0.0004%""}","{""base_price"":1180,""currency"":""USD"",""unit"":""MT"",""incoterms"":""FOB""}",active,2025-09-29T05:38:30.416Z,2025-12-06T05:38:30.416Z
a02c481d-1c0d-49ce-a875-f08ad6375a55,77a43956-c6c9-4ba6-96ea-337574954ed2,Pharmaceutical Grade Other 99.0%,High-quality pharmaceutical grade other for industrial applications. Reliable quality for manufacturing.,Other,Pharmaceutical Grade,99.02,,,,,1.01 g/cm³,0.08,MT,419,60,5608,"[""ISO 14001:2015"",""REACH"",""ISO 9001:2015""]",true,true,"{""Na"":""≤0.0005%"",""Mg"":""≤0.0007%"",""Ca"":""≤0.0003%"",""Fe"":""≤0.0002%""}","{""base_price"":5257,""currency"":""USD"",""unit"":""MT"",""incoterms"":""EXW""}",active,2024-07-19T05:38:30.416Z,2026-01-01T05:38:30.417Z
97158f61-b829-4d4f-89aa-86edf0a5b1b9,77a43956-c6c9-4ba6-96ea-337574954ed2,Technical Grade Lithium Chloride 99.2%,High-quality technical grade lithium chloride for industrial applications. Reliable quality for manufacturing.,Lithium Chloride,Technical Grade,99.16,,,,,1.2 g/cm³,0.13,MT,65,83,438,"[""REACH"",""RoHS""]",true,true,"{""Na"":""≤0.0008%"",""Mg"":""≤0.001%"",""Ca"":""≤0.0012%"",""Fe"":""≤0.0002%""}","{""base_price"":7296,""currency"":""USD"",""unit"":""MT"",""incoterms"":""EXW""}",active,2024-11-06T05:38:30.417Z,2026-01-01T05:38:30.417Z
5a1b85f2-52b9-4f28-a0a5-ed8d004fa9c1,77a43956-c6c9-4ba6-96ea-337574954ed2,Battery Grade Lithium Spodumene,High-quality battery grade lithium spodumene for EV battery applications. Meets strict automotive specifications.,Lithium Spodumene,Battery Grade,,,,5.81,D50: 30μm,1 g/cm³,0.07,MT,45,62,6072,"[""ISO 9001:2015"",""REACH"",""RoHS"",""ISO 14001:2015""]",true,true,"{""Na"":""≤0.0002%"",""Mg"":""≤0.0002%"",""Ca"":""≤0.0007%"",""Fe"":""≤0.0002%""}","{""base_price"":1146,""currency"":""USD"",""unit"":""MT"",""incoterms"":""CIF""}",active,2024-09-27T05:38:30.417Z,2025-12-12T05:38:30.417Z
1cdb94fb-62a3-4327-89de-a8d621b777dc,b81d6b03-e5b8-4775-ae41-f217e25d8d23,Battery Grade Lithium Hydroxide 99.56%,High-quality battery grade lithium hydroxide for EV battery applications. Meets strict automotive specifications.,Lithium Hydroxide,Battery Grade,99.56,,56.83,,D50: 47μm,1.06 g/cm³,0.11,MT,32,49,4964,"[""IATF 16949:2016"",""RoHS""]",true,true,"{""Na"":""≤0.0001%"",""Mg"":""≤0.0008%"",""Ca"":""≤0.0004%"",""Fe"":""≤0.0003%""}","{""base_price"":16777,""currency"":""USD"",""unit"":""MT"",""incoterms"":""CIF""}",active,2025-05-23T05:38:30.417Z,2025-12-07T05:38:30.417Z
7787997b-1d6e-4e0e-82c0-0f348308cef5,b81d6b03-e5b8-4775-ae41-f217e25d8d23,Pharmaceutical Grade Recycled Lithium 98.7%,High-quality pharmaceutical grade recycled lithium for industrial applications. Reliable quality for manufacturing.,Recycled Lithium,Pharmaceutical Grade,98.71,,,,,0.9 g/cm³,0.14,MT,148,46,1451,"[""RoHS"",""ISO 9001:2015"",""ISO 14001:2015"",""IATF 16949:2016""]",true,true,"{""Na"":""≤0.0006%"",""Mg"":""≤0.0003%"",""Ca"":""≤0.0015%"",""Fe"":""≤0.0003%""}","{""base_price"":8351,""currency"":""USD"",""unit"":""MT"",""incoterms"":""FOB""}",active,2025-06-02T05:38:30.417Z,2025-12-25T05:38:30.417Z
78b1d03c-97cc-46d4-9587-0fbf59b4a908,b81d6b03-e5b8-4775-ae41-f217e25d8d23,Industrial Grade Lithium Carbonate 99.4%,High-quality industrial grade lithium carbonate for industrial applications. Reliable quality for manufacturing.,Lithium Carbonate,Industrial Grade,99.44,99.44,,,,1.03 g/cm³,0.13,MT,372,73,3014,"[""IATF 16949:2016"",""ISO 14001:2015"",""REACH""]",true,true,"{""Na"":""≤0.0006%"",""Mg"":""≤0.0008%"",""Ca"":""≤0.0014%"",""Fe"":""≤0.0003%""}","{""base_price"":9592,""currency"":""USD"",""unit"":""MT"",""incoterms"":""CIF""}",active,2024-05-06T05:38:30.417Z,2025-12-04T05:38:30.417Z
ec7b9bda-f499-4831-bef0-7f7ac5592e32,b81d6b03-e5b8-4775-ae41-f217e25d8d23,Battery Grade Other 98.2%,High-quality battery grade other for EV battery applications. Meets strict automotive specifications.,Other,Battery Grade,98.16,,,,D50: 41μm,0.92 g/cm³,0.08,MT,41,82,4363,"[""ISO 9001:2015"",""ISO 14001:2015"",""IATF 16949:2016""]",true,true,"{""Na"":""≤0.001%"",""Mg"":""≤0.0007%"",""Ca"":""≤0.0014%"",""Fe"":""≤0.0004%""}","{""base_price"":1182,""currency"":""USD"",""unit"":""MT"",""incoterms"":""FOB""}",active,2025-06-09T05:38:30.417Z,2025-12-15T05:38:30.417Z
1fe6ae31-ff25-460c-b2a8-833290d40dda,b81d6b03-e5b8-4775-ae41-f217e25d8d23,Industrial Grade Lithium Chloride 98.6%,High-quality industrial grade lithium chloride for industrial applications. Reliable quality for manufacturing.,Lithium Chloride,Industrial Grade,98.59,,,,,1.29 g/cm³,0.02,MT,367,58,7321,"[""ISO 9001:2015"",""ISO 14001:2015""]",true,true,"{""Na"":""≤0.0008%"",""Mg"":""≤0.0007%"",""Ca"":""≤0.0004%"",""Fe"":""≤0.0002%""}","{""base_price"":9679,""currency"":""USD"",""unit"":""MT"",""incoterms"":""FOB""}",active,2025-10-01T05:38:30.417Z,2025-12-31T05:38:30.417Z
b14aa664-1c61-4122-a445-b6f964592115,b81d6b03-e5b8-4775-ae41-f217e25d8d23,Technical Grade Recycled Lithium 98.7%,High-quality technical grade recycled lithium for industrial applications. Reliable quality for manufacturing.,Recycled Lithium,Technical Grade,98.66,,,,,1.06 g/cm³,0.15,MT,411,37,1985,"[""REACH"",""IATF 16949:2016"",""ISO 14001:2015""]",true,true,"{""Na"":""≤0.0002%"",""Mg"":""≤0.0003%"",""Ca"":""≤0.0014%"",""Fe"":""≤0.0005%""}","{""base_price"":6289,""currency"":""USD"",""unit"":""MT"",""incoterms"":""EXW""}",active,2024-03-14T05:38:30.417Z,2025-12-24T05:38:30.417Z
b5b24a3e-6f80-4001-a3c6-e77894c6fd22,b81d6b03-e5b8-4775-ae41-f217e25d8d23,Technical Grade Other 98.9%,High-quality technical grade other for industrial applications. Reliable quality for manufacturing.,Other,Technical Grade,98.88,,,,,1.06 g/cm³,0.05,MT,281,83,3760,"[""IATF 16949:2016"",""REACH""]",true,true,"{""Na"":""≤0.0008%"",""Mg"":""≤0.0009%"",""Ca"":""≤0.0008%"",""Fe"":""≤0.0003%""}","{""base_price"":9898,""currency"":""USD"",""unit"":""MT"",""incoterms"":""EXW""}",active,2024-07-30T05:38:30.417Z,2025-12-05T05:38:30.417Z
09d8f9d0-6c42-4412-9919-d95f707f5f1e,b81d6b03-e5b8-4775-ae41-f217e25d8d23,Battery Grade Other 98.9%,High-quality battery grade other for EV battery applications. Meets strict automotive specifications.,Other,Battery Grade,98.94,,,,D50: 36μm,0.97 g/cm³,0.12,MT,19,67,8480,"[""ISO 9001:2015"",""ISO 14001:2015"",""IATF 16949:2016""]",true,true,"{""Na"":""≤0.0004%"",""Mg"":""≤0.0006%"",""Ca"":""≤0.0003%"",""Fe"":""≤0.0005%""}","{""base_price"":876,""currency"":""USD"",""unit"":""MT"",""incoterms"":""FOB""}",active,2024-09-28T05:38:30.417Z,2025-12-09T05:38:30.417Z
1d9f119b-8088-4b1f-9ecf-7da4e1c2354a,b81d6b03-e5b8-4775-ae41-f217e25d8d23,Pharmaceutical Grade Lithium Spodumene,High-quality pharmaceutical grade lithium spodumene for industrial applications. Reliable quality for manufacturing.,Lithium Spodumene,Pharmaceutical Grade,,,,6.02,,1.18 g/cm³,0.03,MT,429,51,5970,"[""REACH"",""ISO 14001:2015"",""ISO 9001:2015"",""RoHS""]",true,true,"{""Na"":""≤0.0001%"",""Mg"":""≤0.0007%"",""Ca"":""≤0.0001%"",""Fe"":""≤0.0002%""}","{""base_price"":9660,""currency"":""USD"",""unit"":""MT"",""incoterms"":""CIF""}",active,2024-06-09T05:38:30.417Z,2025-12-17T05:38:30.417Z
c1b887fc-3aa3-4d02-9778-ed1c9c79ea25,b81d6b03-e5b8-4775-ae41-f217e25d8d23,Technical Grade Recycled Lithium 99.0%,High-quality technical grade recycled lithium for industrial applications. Reliable quality for manufacturing.,Recycled Lithium,Technical Grade,98.99,,,,,0.84 g/cm³,0.11,MT,481,74,5272,"[""RoHS"",""REACH"",""IATF 16949:2016"",""ISO 14001:2015""]",true,true,"{""Na"":""≤0.0005%"",""Mg"":""≤0.0008%"",""Ca"":""≤0.0007%"",""Fe"":""≤0.0001%""}","{""base_price"":6847,""currency"":""USD"",""unit"":""MT"",""incoterms"":""EXW""}",active,2025-01-07T05:38:30.417Z,2025-12-16T05:38:30.417Z
f9f6d173-283e-4a65-a3d7-94f80c30ae2c,b81d6b03-e5b8-4775-ae41-f217e25d8d23,Battery Grade Lithium Carbonate 99.81%,High-quality battery grade lithium carbonate for EV battery applications. Meets strict automotive specifications.,Lithium Carbonate,Battery Grade,99.81,99.81,,,D50: 59μm,1.27 g/cm³,0.1,MT,36,48,6855,"[""ISO 9001:2015"",""REACH""]",true,true,"{""Na"":""≤0.0007%"",""Mg"":""≤0.0005%"",""Ca"":""≤0.0003%"",""Fe"":""≤0.0002%""}","{""base_price"":13335,""currency"":""USD"",""unit"":""MT"",""incoterms"":""FOB""}",active,2025-02-13T05:38:30.417Z,2025-12-14T05:38:30.417Z
8ca68a55-0ff0-4d86-a542-3b6db6187b56,b81d6b03-e5b8-4775-ae41-f217e25d8d23,Battery Grade Lithium Hydroxide 99.74%,High-quality battery grade lithium hydroxide for EV battery applications. Meets strict automotive specifications.,Lithium Hydroxide,Battery Grade,99.74,,56.13,,D50: 26μm,0.85 g/cm³,0.05,MT,31,47,4294,"[""IATF 16949:2016"",""ISO 14001:2015"",""RoHS"",""REACH""]",true,true,"{""Na"":""≤0.0008%"",""Mg"":""≤0.0002%"",""Ca"":""≤0.0004%"",""Fe"":""≤0.0005%""}","{""base_price"":16210,""currency"":""USD"",""unit"":""MT"",""incoterms"":""EXW""}",active,2024-06-18T05:38:30.417Z,2025-12-23T05:38:30.417Z
4a95ee4c-563a-4f97-87c6-5c3ecd55352e,a9f4a45c-896f-4699-bdb5-053a60619f4e,Technical Grade Lithium Hydroxide 99.89%,High-quality technical grade lithium hydroxide for industrial applications. Reliable quality for manufacturing.,Lithium Hydroxide,Technical Grade,99.89,,56.06,,,1.16 g/cm³,0.06,MT,207,73,6158,"[""IATF 16949:2016"",""ISO 14001:2015"",""REACH"",""RoHS""]",true,true,"{""Na"":""≤0.0002%"",""Mg"":""≤0.0009%"",""Ca"":""≤0.0001%"",""Fe"":""≤0.0003%""}","{""base_price"":6690,""currency"":""USD"",""unit"":""MT"",""incoterms"":""EXW""}",active,2024-01-27T05:38:30.417Z,2025-12-10T05:38:30.417Z
6123cf26-4cf7-4bb1-9fda-84d55d0498a6,a9f4a45c-896f-4699-bdb5-053a60619f4e,Battery Grade Other 99.3%,High-quality battery grade other for EV battery applications. Meets strict automotive specifications.,Other,Battery Grade,99.26,,,,D50: 26μm,0.81 g/cm³,0.01,MT,34,36,5118,"[""IATF 16949:2016"",""REACH"",""ISO 14001:2015"",""ISO 9001:2015""]",true,true,"{""Na"":""≤0.0004%"",""Mg"":""≤0.0004%"",""Ca"":""≤0.0001%"",""Fe"":""≤0.0005%""}","{""base_price"":1123,""currency"":""USD"",""unit"":""MT"",""incoterms"":""EXW""}",active,2025-02-11T05:38:30.417Z,2025-12-05T05:38:30.417Z
90a2d9b5-9c9e-4da5-b429-71f78fd97912,a9f4a45c-896f-4699-bdb5-053a60619f4e,Pharmaceutical Grade Lithium Spodumene,High-quality pharmaceutical grade lithium spodumene for industrial applications. Reliable quality for manufacturing.,Lithium Spodumene,Pharmaceutical Grade,,,,5.57,,0.94 g/cm³,0.12,MT,243,50,5790,"[""ISO 9001:2015"",""ISO 14001:2015"",""IATF 16949:2016""]",true,true,"{""Na"":""≤0.0004%"",""Mg"":""≤0.0004%"",""Ca"":""≤0.0002%"",""Fe"":""≤0.0004%""}","{""base_price"":8926,""currency"":""USD"",""unit"":""MT"",""incoterms"":""CIF""}",active,2024-11-01T05:38:30.417Z,2025-12-23T05:38:30.417Z
1685d477-96eb-470c-9251-b46be56becf5,a9f4a45c-896f-4699-bdb5-053a60619f4e,Battery Grade Lithium Spodumene,High-quality battery grade lithium spodumene for EV battery applications. Meets strict automotive specifications.,Lithium Spodumene,Battery Grade,,,,6.95,D50: 42μm,0.82 g/cm³,0.12,MT,38,54,429,"[""REACH"",""IATF 16949:2016""]",true,true,"{""Na"":""≤0.0003%"",""Mg"":""≤0.0001%"",""Ca"":""≤0.0007%"",""Fe"":""≤0.0002%""}","{""base_price"":1046,""currency"":""USD"",""unit"":""MT"",""incoterms"":""FOB""}",active,2025-03-03T05:38:30.417Z,2026-01-01T05:38:30.417Z
f2d6c6c6-263f-4745-ade9-dfc6c0952441,a9f4a45c-896f-4699-bdb5-053a60619f4e,Industrial Grade Lithium Chloride 98.5%,High-quality industrial grade lithium chloride for industrial applications. Reliable quality for manufacturing.,Lithium Chloride,Industrial Grade,98.47,,,,,0.81 g/cm³,0.14,MT,424,54,2159,"[""REACH"",""IATF 16949:2016"",""RoHS""]",true,true,"{""Na"":""≤0.0009%"",""Mg"":""≤0.001%"",""Ca"":""≤0.0017%"",""Fe"":""≤0.0005%""}","{""base_price"":9263,""currency"":""USD"",""unit"":""MT"",""incoterms"":""CIF""}",active,2024-06-27T05:38:30.417Z,2025-12-04T05:38:30.417Z
f34a121f-0a72-413d-8e7b-4a99c9c315ab,a9f4a45c-896f-4699-bdb5-053a60619f4e,Industrial Grade Lithium Spodumene,High-quality industrial grade lithium spodumene for industrial applications. Reliable quality for manufacturing.,Lithium Spodumene,Industrial Grade,,,,6.88,,1.19 g/cm³,0.13,MT,154,51,7655,"[""RoHS"",""REACH""]",true,true,"{""Na"":""≤0.0006%"",""Mg"":""≤0.001%"",""Ca"":""≤0.0004%"",""Fe"":""≤0.0002%""}","{""base_price"":6796,""currency"":""USD"",""unit"":""MT"",""incoterms"":""EXW""}",active,2024-06-27T05:38:30.417Z,2025-12-30T05:38:30.417Z
d1f15d67-1bd2-40e7-adbc-cb839f552420,a9f4a45c-896f-4699-bdb5-053a60619f4e,Industrial Grade Recycled Lithium 99.2%,High-quality industrial grade recycled lithium for industrial applications. Reliable quality for manufacturing.,Recycled Lithium,Industrial Grade,99.24,,,,,1.27 g/cm³,0.14,MT,379,30,3755,"[""REACH"",""IATF 16949:2016"",""ISO 14001:2015""]",true,true,"{""Na"":""≤0.0007%"",""Mg"":""≤0.0003%"",""Ca"":""≤0.001%"",""Fe"":""≤0.0005%""}","{""base_price"":6499,""currency"":""USD"",""unit"":""MT"",""incoterms"":""CIF""}",active,2025-05-18T05:38:30.417Z,2025-12-03T05:38:30.417Z
e9dc935d-f858-4098-a4b6-e3f8be8df484,a9f4a45c-896f-4699-bdb5-053a60619f4e,Industrial Grade Lithium Hydroxide 99.85%,High-quality industrial grade lithium hydroxide for industrial applications. Reliable quality for manufacturing.,Lithium Hydroxide,Industrial Grade,99.85,,56.11,,,0.83 g/cm³,0.1,MT,170,32,1311,"[""IATF 16949:2016"",""ISO 14001:2015""]",true,true,"{""Na"":""≤0.0009%"",""Mg"":""≤0.0007%"",""Ca"":""≤0.002%"",""Fe"":""≤0.0002%""}","{""base_price"":7186,""currency"":""USD"",""unit"":""MT"",""incoterms"":""EXW""}",active,2025-07-08T05:38:30.417Z,2025-12-30T05:38:30.417Z
194a9ade-dbf5-406d-ac04-d5824b8ea318,a9f4a45c-896f-4699-bdb5-053a60619f4e,Industrial Grade Recycled Lithium 99.4%,High-quality industrial grade recycled lithium for industrial applications. Reliable quality for manufacturing.,Recycled Lithium,Industrial Grade,99.39,,,,,1.36 g/cm³,0.14,MT,491,73,2257,"[""IATF 16949:2016"",""REACH"",""ISO 14001:2015"",""ISO 9001:2015""]",true,true,"{""Na"":""≤0.0009%"",""Mg"":""≤0.0005%"",""Ca"":""≤0.0004%"",""Fe"":""≤0.0003%""}","{""base_price"":6534,""currency"":""USD"",""unit"":""MT"",""incoterms"":""CIF""}",active,2024-02-17T05:38:30.417Z,2025-12-18T05:38:30.417Z
3487352f-f7d5-4715-b4cf-65c2c624d9c2,a9f4a45c-896f-4699-bdb5-053a60619f4e,Pharmaceutical Grade Lithium Hydroxide 99.76%,High-quality pharmaceutical grade lithium hydroxide for industrial applications. Reliable quality for manufacturing.,Lithium Hydroxide,Pharmaceutical Grade,99.76,,56.47,,,1.19 g/cm³,0.12,MT,91,41,3521,"[""IATF 16949:2016"",""REACH"",""ISO 9001:2015""]",true,true,"{""Na"":""≤0.0002%"",""Mg"":""≤0.0005%"",""Ca"":""≤0.0018%"",""Fe"":""≤0.0004%""}","{""base_price"":5722,""currency"":""USD"",""unit"":""MT"",""incoterms"":""FOB""}",active,2025-07-22T05:38:30.417Z,2025-12-24T05:38:30.417Z
6bc6ee41-12a5-4a9d-9d3f-caf3dbde0b5a,a9f4a45c-896f-4699-bdb5-053a60619f4e,Technical Grade Recycled Lithium 98.3%,High-quality technical grade recycled lithium for industrial applications. Reliable quality for manufacturing.,Recycled Lithium,Technical Grade,98.34,,,,,1.06 g/cm³,0.02,MT,260,68,9963,"[""IATF 16949:2016"",""RoHS"",""ISO 14001:2015""]",true,true,"{""Na"":""≤0.0003%"",""Mg"":""≤0.0007%"",""Ca"":""≤0.0015%"",""Fe"":""≤0.0003%""}","{""base_price"":6682,""currency"":""USD"",""unit"":""MT"",""incoterms"":""EXW""}",active,2024-02-29T05:38:30.417Z,2025-12-22T05:38:30.417Z
1350a91f-9b6d-4f91-9066-b5292e027074,2ad8b3e1-554c-4068-a664-76129b3d5235,Pharmaceutical Grade Lithium Chloride 98.4%,High-quality pharmaceutical grade lithium chloride for industrial applications. Reliable quality for manufacturing.,Lithium Chloride,Pharmaceutical Grade,98.44,,,,,0.98 g/cm³,0.08,MT,467,90,5326,"[""IATF 16949:2016"",""ISO 14001:2015""]",true,true,"{""Na"":""≤0.0005%"",""Mg"":""≤0.0005%"",""Ca"":""≤0.0013%"",""Fe"":""≤0.0002%""}","{""base_price"":7908,""currency"":""USD"",""unit"":""MT"",""incoterms"":""CIF""}",active,2025-11-15T05:38:30.417Z,2025-12-23T05:38:30.417Z
ea42fb06-0dec-469a-926b-ba29ad790e71,2ad8b3e1-554c-4068-a664-76129b3d5235,Industrial Grade Lithium Carbonate 99.84%,High-quality industrial grade lithium carbonate for industrial applications. Reliable quality for manufacturing.,Lithium Carbonate,Industrial Grade,99.84,99.84,,,,0.98 g/cm³,0.15,MT,280,42,474,"[""REACH"",""ISO 14001:2015"",""IATF 16949:2016""]",true,true,"{""Na"":""≤0.0004%"",""Mg"":""≤0.0001%"",""Ca"":""≤0.0012%"",""Fe"":""≤0.0002%""}","{""base_price"":5349,""currency"":""USD"",""unit"":""MT"",""incoterms"":""FOB""}",active,2025-10-25T05:38:30.417Z,2025-12-16T05:38:30.417Z
33ae9a75-cad9-44cd-874b-5482b5cad050,2ad8b3e1-554c-4068-a664-76129b3d5235,Technical Grade Other 98.9%,High-quality technical grade other for industrial applications. Reliable quality for manufacturing.,Other,Technical Grade,98.86,,,,,0.89 g/cm³,0.13,MT,143,65,5550,"[""ISO 9001:2015"",""REACH""]",true,true,"{""Na"":""≤0.0004%"",""Mg"":""≤0.0009%"",""Ca"":""≤0.0011%"",""Fe"":""≤0.0001%""}","{""base_price"":7167,""currency"":""USD"",""unit"":""MT"",""incoterms"":""FOB""}",active,2024-11-07T05:38:30.417Z,2025-12-30T05:38:30.417Z
1e7d952b-7421-4607-9ed4-776824cfa4ec,2ad8b3e1-554c-4068-a664-76129b3d5235,Battery Grade Other 99.5%,High-quality battery grade other for EV battery applications. Meets strict automotive specifications.,Other,Battery Grade,99.45,,,,D50: 49μm,1.33 g/cm³,0.14,MT,31,89,4923,"[""REACH"",""ISO 9001:2015""]",true,true,"{""Na"":""≤0.0006%"",""Mg"":""≤0.0009%"",""Ca"":""≤0.0014%"",""Fe"":""≤0.0004%""}","{""base_price"":972,""currency"":""USD"",""unit"":""MT"",""incoterms"":""FOB""}",active,2025-04-25T05:38:30.417Z,2025-12-24T05:38:30.417Z
56d39f72-5e62-49c7-bce7-0e95af17da04,2ad8b3e1-554c-4068-a664-76129b3d5235,Industrial Grade Lithium Spodumene,High-quality industrial grade lithium spodumene for industrial applications. Reliable quality for manufacturing.,Lithium Spodumene,Industrial Grade,,,,6.43,,1.16 g/cm³,0.09,MT,297,71,5139,"[""REACH"",""ISO 9001:2015"",""ISO 14001:2015""]",true,true,"{""Na"":""≤0.0001%"",""Mg"":""≤0.0004%"",""Ca"":""≤0.0006%"",""Fe"":""≤0.0002%""}","{""base_price"":9236,""currency"":""USD"",""unit"":""MT"",""incoterms"":""EXW""}",active,2025-08-14T05:38:30.417Z,2025-12-23T05:38:30.417Z
26b37bb0-67cf-4325-a5b9-eb6db55d7299,2ad8b3e1-554c-4068-a664-76129b3d5235,Industrial Grade Lithium Spodumene,High-quality industrial grade lithium spodumene for industrial applications. Reliable quality for manufacturing.,Lithium Spodumene,Industrial Grade,,,,6.08,,1.13 g/cm³,0.08,MT,194,30,3506,"[""ISO 9001:2015"",""REACH"",""ISO 14001:2015"",""RoHS""]",true,true,"{""Na"":""≤0.0008%"",""Mg"":""≤0.0008%"",""Ca"":""≤0.0018%"",""Fe"":""≤0.0002%""}","{""base_price"":8618,""currency"":""USD"",""unit"":""MT"",""incoterms"":""FOB""}",active,2025-05-23T05:38:30.417Z,2025-12-05T05:38:30.417Z
beb6e299-d759-444c-8c55-6ce3b43528b3,2ad8b3e1-554c-4068-a664-76129b3d5235,Technical Grade Lithium Spodumene,High-quality technical grade lithium spodumene for industrial applications. Reliable quality for manufacturing.,Lithium Spodumene,Technical Grade,,,,5.89,,0.86 g/cm³,0.03,MT,485,67,5363,"[""ISO 9001:2015"",""RoHS"",""ISO 14001:2015""]",true,true,"{""Na"":""≤0.0002%"",""Mg"":""≤0.0007%"",""Ca"":""≤0.0007%"",""Fe"":""≤0.0002%""}","{""base_price"":9176,""currency"":""USD"",""unit"":""MT"",""incoterms"":""EXW""}",active,2025-03-10T05:38:30.417Z,2025-12-21T05:38:30.417Z
431c3610-7579-4b13-a8a9-8eb49af7b08b,2ad8b3e1-554c-4068-a664-76129b3d5235,Battery Grade Lithium Spodumene,High-quality battery grade lithium spodumene for EV battery applications. Meets strict automotive specifications.,Lithium Spodumene,Battery Grade,,,,6.83,D50: 52μm,0.85 g/cm³,0.08,MT,14,46,3993,"[""ISO 9001:2015"",""ISO 14001:2015""]",true,true,"{""Na"":""≤0.0008%"",""Mg"":""≤0.0004%"",""Ca"":""≤0.0009%"",""Fe"":""≤0.0003%""}","{""base_price"":844,""currency"":""USD"",""unit"":""MT"",""incoterms"":""FOB""}",active,2024-06-17T05:38:30.417Z,2025-12-04T05:38:30.417Z
b916db8b-525d-4406-a787-91531f889de3,2ad8b3e1-554c-4068-a664-76129b3d5235,Battery Grade Lithium Hydroxide 99.60%,High-quality battery grade lithium hydroxide for EV battery applications. Meets strict automotive specifications.,Lithium Hydroxide,Battery Grade,99.6,,56.24,,D50: 11μm,0.9 g/cm³,0.13,MT,24,56,3269,"[""REACH"",""ISO 9001:2015"",""RoHS"",""IATF 16949:2016""]",true,true,"{""Na"":""≤0.0009%"",""Mg"":""≤0.0006%"",""Ca"":""≤0.0008%"",""Fe"":""≤0.0005%""}","{""base_price"":16476,""currency"":""USD"",""unit"":""MT"",""incoterms"":""EXW""}",active,2024-03-27T05:38:30.417Z,2025-12-09T05:38:30.417Z
cfdae0c0-a358-4db2-b1c7-436855789e7a,2ad8b3e1-554c-4068-a664-76129b3d5235,Battery Grade Lithium Carbonate 99.79%,High-quality battery grade lithium carbonate for EV battery applications. Meets strict automotive specifications.,Lithium Carbonate,Battery Grade,99.79,99.79,,,D50: 42μm,1.26 g/cm³,0.12,MT,47,58,3686,"[""ISO 9001:2015"",""ISO 14001:2015"",""IATF 16949:2016"",""REACH""]",true,true,"{""Na"":""≤0.0002%"",""Mg"":""≤0.0007%"",""Ca"":""≤0.0011%"",""Fe"":""≤0.0001%""}","{""base_price"":12609,""currency"":""USD"",""unit"":""MT"",""incoterms"":""EXW""}",active,2024-08-27T05:38:30.417Z,2025-12-14T05:38:30.417Z
5a2963da-ff1b-4da6-8cf3-87198536a481,bfd89266-65d2-4a19-a83d-6510f05854ea,Technical Grade Lithium Hydroxide 99.83%,High-quality technical grade lithium hydroxide for industrial applications. Reliable quality for manufacturing.,Lithium Hydroxide,Technical Grade,99.83,,56.88,,,1.05 g/cm³,0.04,MT,327,45,5300,"[""ISO 9001:2015"",""REACH"",""RoHS""]",true,true,"{""Na"":""≤0.0008%"",""Mg"":""≤0.0004%"",""Ca"":""≤0.0018%"",""Fe"":""≤0.0004%""}","{""base_price"":9144,""currency"":""USD"",""unit"":""MT"",""incoterms"":""FOB""}",active,2025-05-28T05:38:30.417Z,2025-12-16T05:38:30.417Z
5430e51c-1c62-4c33-8b2e-3b47566e522f,bfd89266-65d2-4a19-a83d-6510f05854ea,Battery Grade Lithium Spodumene,High-quality battery grade lithium spodumene for EV battery applications. Meets strict automotive specifications.,Lithium Spodumene,Battery Grade,,,,6.99,D50: 34μm,1.36 g/cm³,0.09,MT,26,87,8267,"[""ISO 14001:2015"",""IATF 16949:2016"",""RoHS"",""ISO 9001:2015""]",true,true,"{""Na"":""≤0.0006%"",""Mg"":""≤0.0007%"",""Ca"":""≤0.0006%"",""Fe"":""≤0.0005%""}","{""base_price"":1022,""currency"":""USD"",""unit"":""MT"",""incoterms"":""CIF""}",active,2025-03-17T05:38:30.417Z,2025-12-11T05:38:30.417Z
c20ece11-efe2-41d7-9dac-ea465a713c89,bfd89266-65d2-4a19-a83d-6510f05854ea,Pharmaceutical Grade Other 99.1%,High-quality pharmaceutical grade other for industrial applications. Reliable quality for manufacturing.,Other,Pharmaceutical Grade,99.14,,,,,1.32 g/cm³,0.05,MT,275,81,441,"[""ISO 14001:2015"",""REACH""]",true,true,"{""Na"":""≤0.0003%"",""Mg"":""≤0.0004%"",""Ca"":""≤0.0015%"",""Fe"":""≤0.0003%""}","{""base_price"":6773,""currency"":""USD"",""unit"":""MT"",""incoterms"":""CIF""}",active,2025-03-24T05:38:30.417Z,2025-12-06T05:38:30.417Z
27db030e-c409-4399-91e1-f1e35709716a,bfd89266-65d2-4a19-a83d-6510f05854ea,Pharmaceutical Grade Lithium Spodumene,High-quality pharmaceutical grade lithium spodumene for industrial applications. Reliable quality for manufacturing.,Lithium Spodumene,Pharmaceutical Grade,,,,5.98,,1.3 g/cm³,0.11,MT,118,79,6595,"[""ISO 9001:2015"",""ISO 14001:2015"",""IATF 16949:2016""]",true,true,"{""Na"":""≤0.0003%"",""Mg"":""≤0.0006%"",""Ca"":""≤0.0011%"",""Fe"":""≤0.0004%""}","{""base_price"":8647,""currency"":""USD"",""unit"":""MT"",""incoterms"":""EXW""}",active,2025-03-02T05:38:30.417Z,2025-12-29T05:38:30.418Z
20696eea-96fa-49b5-9461-a924ba0fb6c6,bfd89266-65d2-4a19-a83d-6510f05854ea,Industrial Grade Lithium Spodumene,High-quality industrial grade lithium spodumene for industrial applications. Reliable quality for manufacturing.,Lithium Spodumene,Industrial Grade,,,,5.79,,0.94 g/cm³,0.03,MT,221,76,7250,"[""ISO 14001:2015"",""IATF 16949:2016""]",true,true,"{""Na"":""≤0.0002%"",""Mg"":""≤0.0001%"",""Ca"":""≤0.0002%"",""Fe"":""≤0.0001%""}","{""base_price"":7984,""currency"":""USD"",""unit"":""MT"",""incoterms"":""CIF""}",active,2024-07-24T05:38:30.418Z,2025-12-27T05:38:30.418Z
4f27e715-5e79-47d3-933f-aefc556d8825,bfd89266-65d2-4a19-a83d-6510f05854ea,Battery Grade Lithium Spodumene,High-quality battery grade lithium spodumene for EV battery applications. Meets strict automotive specifications.,Lithium Spodumene,Battery Grade,,,,6.32,D50: 16μm,1.37 g/cm³,0.05,MT,17,39,1194,"[""REACH"",""ISO 9001:2015"",""ISO 14001:2015"",""RoHS""]",true,true,"{""Na"":""≤0.0002%"",""Mg"":""≤0.0009%"",""Ca"":""≤0.0005%"",""Fe"":""≤0.0003%""}","{""base_price"":1168,""currency"":""USD"",""unit"":""MT"",""incoterms"":""EXW""}",active,2025-02-12T05:38:30.418Z,2025-12-15T05:38:30.418Z
e11b546a-f7c6-4f75-8faa-4b3cdf94b350,bfd89266-65d2-4a19-a83d-6510f05854ea,Pharmaceutical Grade Lithium Carbonate 99.72%,High-quality pharmaceutical grade lithium carbonate for industrial applications. Reliable quality for manufacturing.,Lithium Carbonate,Pharmaceutical Grade,99.72,99.72,,,,1.16 g/cm³,0.01,MT,298,61,4834,"[""RoHS"",""REACH""]",true,true,"{""Na"":""≤0.0006%"",""Mg"":""≤0.0008%"",""Ca"":""≤0.0007%"",""Fe"":""≤0.0002%""}","{""base_price"":5744,""currency"":""USD"",""unit"":""MT"",""incoterms"":""CIF""}",active,2024-11-03T05:38:30.418Z,2025-12-29T05:38:30.418Z
544796fe-16e7-407c-8946-33eb033ffc80,a17023fb-6086-437b-ab59-0e7cdd24e603,Pharmaceutical Grade Recycled Lithium 99.2%,High-quality pharmaceutical grade recycled lithium for industrial applications. Reliable quality for manufacturing.,Recycled Lithium,Pharmaceutical Grade,99.21,,,,,1.16 g/cm³,0.14,MT,53,85,3657,"[""ISO 9001:2015"",""ISO 14001:2015"",""IATF 16949:2016"",""RoHS""]",false,true,"{""Na"":""≤0.0007%"",""Mg"":""≤0.0005%"",""Ca"":""≤0.0006%"",""Fe"":""≤0.0005%""}","{""base_price"":5253,""currency"":""USD"",""unit"":""MT"",""incoterms"":""EXW""}",active,2024-07-06T05:38:30.418Z,2025-12-05T05:38:30.418Z
99aa8ac0-d141-404e-a982-8ad42270124b,a17023fb-6086-437b-ab59-0e7cdd24e603,Industrial Grade Lithium Hydroxide 99.57%,High-quality industrial grade lithium hydroxide for industrial applications. Reliable quality for manufacturing.,Lithium Hydroxide,Industrial Grade,99.57,,56.32,,,0.97 g/cm³,0.05,MT,337,52,2639,"[""RoHS"",""ISO 14001:2015"",""ISO 9001:2015""]",false,true,"{""Na"":""≤0.001%"",""Mg"":""≤0.0005%"",""Ca"":""≤0.0006%"",""Fe"":""≤0.0005%""}","{""base_price"":7191,""currency"":""USD"",""unit"":""MT"",""incoterms"":""FOB""}",active,2024-01-29T05:38:30.418Z,2025-12-27T05:38:30.418Z
1d90d90a-6613-4e11-bf0f-c5e3a87785d4,a17023fb-6086-437b-ab59-0e7cdd24e603,Industrial Grade Lithium Spodumene,High-quality industrial grade lithium spodumene for industrial applications. Reliable quality for manufacturing.,Lithium Spodumene,Industrial Grade,,,,5.93,,0.86 g/cm³,0.11,MT,352,44,2398,"[""RoHS"",""REACH"",""ISO 9001:2015"",""ISO 14001:2015""]",false,true,"{""Na"":""≤0.0002%"",""Mg"":""≤0.0008%"",""Ca"":""≤0.0007%"",""Fe"":""≤0.0001%""}","{""base_price"":9166,""currency"":""USD"",""unit"":""MT"",""incoterms"":""CIF""}",active,2025-01-26T05:38:30.418Z,2025-12-20T05:38:30.418Z
673bb54e-18fb-4c6c-aed6-c698db3cf7fe,a17023fb-6086-437b-ab59-0e7cdd24e603,Technical Grade Other 98.8%,High-quality technical grade other for industrial applications. Reliable quality for manufacturing.,Other,Technical Grade,98.79,,,,,1.39 g/cm³,0.05,MT,488,82,1480,"[""RoHS"",""REACH"",""IATF 16949:2016"",""ISO 14001:2015""]",false,true,"{""Na"":""≤0.0005%"",""Mg"":""≤0.0005%"",""Ca"":""≤0.0002%"",""Fe"":""≤0.0005%""}","{""base_price"":8718,""currency"":""USD"",""unit"":""MT"",""incoterms"":""FOB""}",active,2024-05-07T05:38:30.418Z,2025-12-05T05:38:30.418Z
8eca6594-c3c1-4cdd-83ee-4de1090ce03d,a17023fb-6086-437b-ab59-0e7cdd24e603,Technical Grade Lithium Carbonate 99.68%,High-quality technical grade lithium carbonate for industrial applications. Reliable quality for manufacturing.,Lithium Carbonate,Technical Grade,99.68,99.68,,,,1.03 g/cm³,0.07,MT,299,46,5762,"[""ISO 14001:2015"",""RoHS""]",false,true,"{""Na"":""≤0.0001%"",""Mg"":""≤0.0008%"",""Ca"":""≤0.0005%"",""Fe"":""≤0.0003%""}","{""base_price"":9485,""currency"":""USD"",""unit"":""MT"",""incoterms"":""FOB""}",out_of_stock,2024-02-10T05:38:30.418Z,2025-12-20T05:38:30.418Z
554290b5-b71a-4cd9-b56d-7668fc082e01,a17023fb-6086-437b-ab59-0e7cdd24e603,Pharmaceutical Grade Lithium Spodumene,High-quality pharmaceutical grade lithium spodumene for industrial applications. Reliable quality for manufacturing.,Lithium Spodumene,Pharmaceutical Grade,,,,6.62,,1.17 g/cm³,0.04,MT,475,73,4010,"[""ISO 14001:2015"",""IATF 16949:2016""]",false,true,"{""Na"":""≤0.0001%"",""Mg"":""≤0.0006%"",""Ca"":""≤0.0001%"",""Fe"":""≤0.0004%""}","{""base_price"":7752,""currency"":""USD"",""unit"":""MT"",""incoterms"":""FOB""}",active,2025-10-31T05:38:30.418Z,2025-12-03T05:38:30.418Z
0ec6e809-9bf7-44e8-b435-9c76ef63a971,a17023fb-6086-437b-ab59-0e7cdd24e603,Industrial Grade Lithium Hydroxide 99.90%,High-quality industrial grade lithium hydroxide for industrial applications. Reliable quality for manufacturing.,Lithium Hydroxide,Industrial Grade,99.9,,56.05,,,0.94 g/cm³,0.05,MT,473,71,5117,"[""ISO 9001:2015"",""ISO 14001:2015"",""IATF 16949:2016""]",false,true,"{""Na"":""≤0.0001%"",""Mg"":""≤0.0002%"",""Ca"":""≤0.0016%"",""Fe"":""≤0.0003%""}","{""base_price"":8850,""currency"":""USD"",""unit"":""MT"",""incoterms"":""CIF""}",active,2025-05-25T05:38:30.418Z,2025-12-24T05:38:30.418Z
c76f6b11-33b7-45de-b2f7-5e4b26f1abc4,a17023fb-6086-437b-ab59-0e7cdd24e603,Pharmaceutical Grade Other 98.0%,High-quality pharmaceutical grade other for industrial applications. Reliable quality for manufacturing.,Other,Pharmaceutical Grade,98.02,,,,,1.16 g/cm³,0.06,MT,198,86,4346,"[""ISO 9001:2015"",""ISO 14001:2015"",""IATF 16949:2016"",""REACH""]",false,true,"{""Na"":""≤0.0004%"",""Mg"":""≤0.0005%"",""Ca"":""≤0.0012%"",""Fe"":""≤0.0003%""}","{""base_price"":5972,""currency"":""USD"",""unit"":""MT"",""incoterms"":""EXW""}",active,2024-02-02T05:38:30.418Z,2025-12-19T05:38:30.418Z
bd73bbaf-382c-4ce9-8be4-309729fddf43,a17023fb-6086-437b-ab59-0e7cdd24e603,Technical Grade Recycled Lithium 98.6%,High-quality technical grade recycled lithium for industrial applications. Reliable quality for manufacturing.,Recycled Lithium,Technical Grade,98.58,,,,,0.8 g/cm³,0.09,MT,364,83,6433,"[""REACH"",""ISO 14001:2015"",""RoHS""]",false,true,"{""Na"":""≤0.0008%"",""Mg"":""≤0.0009%"",""Ca"":""≤0.0001%"",""Fe"":""≤0.0004%""}","{""base_price"":8256,""currency"":""USD"",""unit"":""MT"",""incoterms"":""CIF""}",active,2024-08-12T05:38:30.418Z,2025-12-23T05:38:30.418Z
b5afa737-ea9f-40cb-ab9a-0ddd5d4ff8fc,a17023fb-6086-437b-ab59-0e7cdd24e603,Battery Grade Lithium Carbonate 99.4%,High-quality battery grade lithium carbonate for EV battery applications. Meets strict automotive specifications.,Lithium Carbonate,Battery Grade,99.38,99.38,,,D50: 27μm,0.98 g/cm³,0.07,MT,29,56,6837,"[""ISO 9001:2015"",""IATF 16949:2016""]",false,true,"{""Na"":""≤0.0005%"",""Mg"":""≤0.0006%"",""Ca"":""≤0.0004%"",""Fe"":""≤0.0003%""}","{""base_price"":12793,""currency"":""USD"",""unit"":""MT"",""incoterms"":""FOB""}",active,2025-11-26T05:38:30.418Z,2025-12-16T05:38:30.418Z
6bcebfa6-2f6a-4dfb-a7e0-ab9cd8f2d9e1,a17023fb-6086-437b-ab59-0e7cdd24e603,Battery Grade Lithium Carbonate 99.66%,High-quality battery grade lithium carbonate for EV battery applications. Meets strict automotive specifications.,Lithium Carbonate,Battery Grade,99.66,99.66,,,D50: 22μm,1.01 g/cm³,0.1,MT,19,71,4860,"[""ISO 9001:2015"",""REACH"",""ISO 14001:2015"",""RoHS""]",false,true,"{""Na"":""≤0.0002%"",""Mg"":""≤0.0009%"",""Ca"":""≤0.0007%"",""Fe"":""≤0.0004%""}","{""base_price"":11605,""currency"":""USD"",""unit"":""MT"",""incoterms"":""CIF""}",out_of_stock,2024-08-28T05:38:30.418Z,2025-12-14T05:38:30.418Z
b999d6c6-974c-4d4b-80c6-b428ae545d33,a17023fb-6086-437b-ab59-0e7cdd24e603,Battery Grade Lithium Hydroxide 99.69%,High-quality battery grade lithium hydroxide for EV battery applications. Meets strict automotive specifications.,Lithium Hydroxide,Battery Grade,99.69,,56.97,,D50: 39μm,0.93 g/cm³,0.1,MT,15,46,6670,"[""REACH"",""IATF 16949:2016"",""RoHS""]",false,true,"{""Na"":""≤0.0009%"",""Mg"":""≤0.0009%"",""Ca"":""≤0.0015%"",""Fe"":""≤0.0002%""}","{""base_price"":14407,""currency"":""USD"",""unit"":""MT"",""incoterms"":""CIF""}",out_of_stock,2025-11-05T05:38:30.418Z,2025-12-05T05:38:30.418Z
edcb5601-2481-40cf-8b78-5433d24ada92,87519094-b5f3-4ef6-9d9c-8e503fcfed38,Industrial Grade Recycled Lithium 99.3%,High-quality industrial grade recycled lithium for industrial applications. Reliable quality for manufacturing.,Recycled Lithium,Industrial Grade,99.3,,,,,0.88 g/cm³,0.08,MT,348,61,9898,"[""RoHS"",""ISO 9001:2015"",""REACH"",""ISO 14001:2015""]",true,true,"{""Na"":""≤0.0009%"",""Mg"":""≤0.0001%"",""Ca"":""≤0.0013%"",""Fe"":""≤0.0002%""}","{""base_price"":8340,""currency"":""USD"",""unit"":""MT"",""incoterms"":""CIF""}",active,2025-05-22T05:38:30.418Z,2025-12-17T05:38:30.418Z
0bec9430-23d2-420b-9e03-baaed5edb593,87519094-b5f3-4ef6-9d9c-8e503fcfed38,Battery Grade Lithium Chloride 99.0%,High-quality battery grade lithium chloride for EV battery applications. Meets strict automotive specifications.,Lithium Chloride,Battery Grade,99,,,,D50: 32μm,1.15 g/cm³,0.03,MT,33,89,2493,"[""ISO 9001:2015"",""ISO 14001:2015"",""IATF 16949:2016"",""REACH""]",true,true,"{""Na"":""≤0.0009%"",""Mg"":""≤0.0008%"",""Ca"":""≤0.0007%"",""Fe"":""≤0.0005%""}","{""base_price"":1174,""currency"":""USD"",""unit"":""MT"",""incoterms"":""EXW""}",active,2024-01-13T05:38:30.418Z,2025-12-27T05:38:30.418Z
cbc6e950-fa28-4ef8-853b-7e9744423421,87519094-b5f3-4ef6-9d9c-8e503fcfed38,Battery Grade Lithium Spodumene,High-quality battery grade lithium spodumene for EV battery applications. Meets strict automotive specifications.,Lithium Spodumene,Battery Grade,,,,5.57,D50: 43μm,1.28 g/cm³,0.15,MT,35,66,4557,"[""IATF 16949:2016"",""REACH"",""RoHS""]",true,true,"{""Na"":""≤0.0004%"",""Mg"":""≤0.0009%"",""Ca"":""≤0.0005%"",""Fe"":""≤0.0001%""}","{""base_price"":1056,""currency"":""USD"",""unit"":""MT"",""incoterms"":""FOB""}",active,2024-06-10T05:38:30.418Z,2025-12-12T05:38:30.418Z
f78c3b45-435e-4428-ba88-382d673cc347,87519094-b5f3-4ef6-9d9c-8e503fcfed38,Pharmaceutical Grade Lithium Spodumene,High-quality pharmaceutical grade lithium spodumene for industrial applications. Reliable quality for manufacturing.,Lithium Spodumene,Pharmaceutical Grade,,,,6.39,,1.1 g/cm³,0.04,MT,431,84,8340,"[""ISO 9001:2015"",""REACH"",""RoHS""]",true,true,"{""Na"":""≤0.0003%"",""Mg"":""≤0.001%"",""Ca"":""≤0.0009%"",""Fe"":""≤0.0004%""}","{""base_price"":6114,""currency"":""USD"",""unit"":""MT"",""incoterms"":""FOB""}",active,2024-05-10T05:38:30.418Z,2025-12-31T05:38:30.418Z
861ca435-1419-4765-9205-49e2fc66bd19,87519094-b5f3-4ef6-9d9c-8e503fcfed38,Industrial Grade Lithium Chloride 99.4%,High-quality industrial grade lithium chloride for industrial applications. Reliable quality for manufacturing.,Lithium Chloride,Industrial Grade,99.37,,,,,1.34 g/cm³,0.07,MT,78,79,7350,"[""RoHS"",""IATF 16949:2016"",""ISO 9001:2015"",""REACH""]",true,true,"{""Na"":""≤0.0004%"",""Mg"":""≤0.001%"",""Ca"":""≤0.001%"",""Fe"":""≤0.0001%""}","{""base_price"":7539,""currency"":""USD"",""unit"":""MT"",""incoterms"":""EXW""}",active,2025-02-17T05:38:30.418Z,2025-12-08T05:38:30.418Z
50777811-d085-4c04-986f-87b42c41d4d7,87519094-b5f3-4ef6-9d9c-8e503fcfed38,Battery Grade Lithium Carbonate 99.65%,High-quality battery grade lithium carbonate for EV battery applications. Meets strict automotive specifications.,Lithium Carbonate,Battery Grade,99.65,99.65,,,D50: 20μm,1.21 g/cm³,0.06,MT,42,54,2467,"[""REACH"",""IATF 16949:2016"",""RoHS"",""ISO 14001:2015""]",true,true,"{""Na"":""≤0.0005%"",""Mg"":""≤0.0008%"",""Ca"":""≤0.0011%"",""Fe"":""≤0.0002%""}","{""base_price"":11974,""currency"":""USD"",""unit"":""MT"",""incoterms"":""FOB""}",active,2024-07-16T05:38:30.418Z,2025-12-29T05:38:30.418Z
3cebaafb-cfee-4d04-a93f-70938d20e35e,87519094-b5f3-4ef6-9d9c-8e503fcfed38,Industrial Grade Lithium Hydroxide 99.79%,High-quality industrial grade lithium hydroxide for industrial applications. Reliable quality for manufacturing.,Lithium Hydroxide,Industrial Grade,99.79,,56.55,,,1.12 g/cm³,0.04,MT,214,32,114,"[""REACH"",""IATF 16949:2016"",""RoHS"",""ISO 14001:2015""]",true,true,"{""Na"":""≤0.0009%"",""Mg"":""≤0.0005%"",""Ca"":""≤0.001%"",""Fe"":""≤0.0004%""}","{""base_price"":6444,""currency"":""USD"",""unit"":""MT"",""incoterms"":""EXW""}",active,2024-08-19T05:38:30.418Z,2025-12-19T05:38:30.418Z
29d91035-3d35-47cc-8dd0-5b2db657368e,87519094-b5f3-4ef6-9d9c-8e503fcfed38,Pharmaceutical Grade Other 98.0%,High-quality pharmaceutical grade other for industrial applications. Reliable quality for manufacturing.,Other,Pharmaceutical Grade,98.05,,,,,1.1 g/cm³,0.06,MT,471,48,3872,"[""RoHS"",""REACH"",""IATF 16949:2016"",""ISO 14001:2015""]",true,true,"{""Na"":""≤0.0006%"",""Mg"":""≤0.0006%"",""Ca"":""≤0.0007%"",""Fe"":""≤0.0001%""}","{""base_price"":7979,""currency"":""USD"",""unit"":""MT"",""incoterms"":""FOB""}",active,2024-02-09T05:38:30.418Z,2025-12-16T05:38:30.418Z
6d1cbb77-e22a-461e-8e30-a9d7662ed27d,87519094-b5f3-4ef6-9d9c-8e503fcfed38,Pharmaceutical Grade Lithium Spodumene,High-quality pharmaceutical grade lithium spodumene for industrial applications. Reliable quality for manufacturing.,Lithium Spodumene,Pharmaceutical Grade,,,,6.83,,1.3 g/cm³,0.06,MT,162,61,6590,"[""IATF 16949:2016"",""ISO 14001:2015"",""REACH""]",true,true,"{""Na"":""≤0.0009%"",""Mg"":""≤0.0007%"",""Ca"":""≤0.0006%"",""Fe"":""≤0.0004%""}","{""base_price"":6559,""currency"":""USD"",""unit"":""MT"",""incoterms"":""CIF""}",active,2024-08-24T05:38:30.418Z,2025-12-24T05:38:30.418Z
a86be417-51a2-476c-a0fc-592b7066cb43,87519094-b5f3-4ef6-9d9c-8e503fcfed38,Battery Grade Recycled Lithium 98.3%,High-quality battery grade recycled lithium for EV battery applications. Meets strict automotive specifications.,Recycled Lithium,Battery Grade,98.28,,,,D50: 17μm,0.99 g/cm³,0.1,MT,37,60,3852,"[""REACH"",""ISO 9001:2015"",""ISO 14001:2015""]",true,true,"{""Na"":""≤0.0002%"",""Mg"":""≤0.0003%"",""Ca"":""≤0.0011%"",""Fe"":""≤0.0003%""}","{""base_price"":982,""currency"":""USD"",""unit"":""MT"",""incoterms"":""FOB""}",out_of_stock,2025-02-16T05:38:30.418Z,2025-12-21T05:38:30.418Z
bbf0671c-93ad-400e-8ed5-ab34dbaca2c0,87519094-b5f3-4ef6-9d9c-8e503fcfed38,Industrial Grade Other 99.0%,High-quality industrial grade other for industrial applications. Reliable quality for manufacturing.,Other,Industrial Grade,98.95,,,,,0.91 g/cm³,0.14,MT,420,60,7960,"[""ISO 9001:2015"",""ISO 14001:2015"",""IATF 16949:2016"",""REACH""]",true,true,"{""Na"":""≤0.0001%"",""Mg"":""≤0.0009%"",""Ca"":""≤0.0007%"",""Fe"":""≤0.0001%""}","{""base_price"":8267,""currency"":""USD"",""unit"":""MT"",""incoterms"":""FOB""}",active,2025-07-03T05:38:30.418Z,2025-12-24T05:38:30.418Z
e9492bfd-a27a-46ba-866d-51e252a3179b,d74f7fe2-0419-4385-bd64-0b1ec5f0c7ea,Pharmaceutical Grade Lithium Carbonate 99.5%,High-quality pharmaceutical grade lithium carbonate for industrial applications. Reliable quality for manufacturing.,Lithium Carbonate,Pharmaceutical Grade,99.48,99.48,,,,1.35 g/cm³,0.1,MT,161,57,9937,"[""REACH"",""IATF 16949:2016"",""ISO 9001:2015"",""RoHS""]",true,true,"{""Na"":""≤0.0004%"",""Mg"":""≤0.0007%"",""Ca"":""≤0.0004%"",""Fe"":""≤0.0002%""}","{""base_price"":9175,""currency"":""USD"",""unit"":""MT"",""incoterms"":""FOB""}",active,2024-01-14T05:38:30.418Z,2025-12-13T05:38:30.418Z
d095814d-8c10-440f-a30d-36e251b68ede,d74f7fe2-0419-4385-bd64-0b1ec5f0c7ea,Battery Grade Lithium Carbonate 99.4%,High-quality battery grade lithium carbonate for EV battery applications. Meets strict automotive specifications.,Lithium Carbonate,Battery Grade,99.37,99.37,,,D50: 38μm,0.86 g/cm³,0.09,MT,36,59,3178,"[""RoHS"",""REACH"",""IATF 16949:2016""]",true,true,"{""Na"":""≤0.001%"",""Mg"":""≤0.0007%"",""Ca"":""≤0.0008%"",""Fe"":""≤0.0003%""}","{""base_price"":12952,""currency"":""USD"",""unit"":""MT"",""incoterms"":""CIF""}",out_of_stock,2025-03-08T05:38:30.418Z,2025-12-14T05:38:30.418Z
45559646-5f2f-40a7-9134-9739ae53a6eb,d74f7fe2-0419-4385-bd64-0b1ec5f0c7ea,Battery Grade Lithium Hydroxide 99.64%,High-quality battery grade lithium hydroxide for EV battery applications. Meets strict automotive specifications.,Lithium Hydroxide,Battery Grade,99.64,,56.99,,D50: 50μm,1 g/cm³,0.1,MT,44,69,5957,"[""IATF 16949:2016"",""RoHS"",""ISO 14001:2015"",""ISO 9001:2015""]",true,true,"{""Na"":""≤0.0005%"",""Mg"":""≤0.0006%"",""Ca"":""≤0.0015%"",""Fe"":""≤0.0002%""}","{""base_price"":14011,""currency"":""USD"",""unit"":""MT"",""incoterms"":""FOB""}",active,2024-10-27T05:38:30.418Z,2025-12-13T05:38:30.418Z
750d3823-4225-44c7-859c-591a9c91d63e,d74f7fe2-0419-4385-bd64-0b1ec5f0c7ea,Pharmaceutical Grade Lithium Chloride 99.2%,High-quality pharmaceutical grade lithium chloride for industrial applications. Reliable quality for manufacturing.,Lithium Chloride,Pharmaceutical Grade,99.17,,,,,1.4 g/cm³,0.14,MT,96,56,3087,"[""ISO 14001:2015"",""RoHS"",""REACH"",""ISO 9001:2015""]",true,true,"{""Na"":""≤0.0008%"",""Mg"":""≤0.0006%"",""Ca"":""≤0.0014%"",""Fe"":""≤0.0003%""}","{""base_price"":6515,""currency"":""USD"",""unit"":""MT"",""incoterms"":""EXW""}",active,2024-07-16T05:38:30.418Z,2025-12-05T05:38:30.418Z
eca46a2d-3cc5-41e7-a5f0-8d78624f2d87,d74f7fe2-0419-4385-bd64-0b1ec5f0c7ea,Technical Grade Lithium Chloride 99.4%,High-quality technical grade lithium chloride for industrial applications. Reliable quality for manufacturing.,Lithium Chloride,Technical Grade,99.38,,,,,0.85 g/cm³,0.02,MT,409,82,9263,"[""RoHS"",""REACH"",""IATF 16949:2016"",""ISO 14001:2015""]",true,true,"{""Na"":""≤0.0006%"",""Mg"":""≤0.0002%"",""Ca"":""≤0.0012%"",""Fe"":""≤0.0004%""}","{""base_price"":5296,""currency"":""USD"",""unit"":""MT"",""incoterms"":""EXW""}",active,2025-09-28T05:38:30.418Z,2025-12-20T05:38:30.418Z
a96313ac-c6e0-439c-ba2a-462732c33634,d74f7fe2-0419-4385-bd64-0b1ec5f0c7ea,Battery Grade Other 99.4%,High-quality battery grade other for EV battery applications. Meets strict automotive specifications.,Other,Battery Grade,99.44,,,,D50: 60μm,1.18 g/cm³,0.12,MT,21,56,5045,"[""REACH"",""ISO 9001:2015"",""ISO 14001:2015"",""IATF 16949:2016""]",true,true,"{""Na"":""≤0.0002%"",""Mg"":""≤0.0007%"",""Ca"":""≤0.0019%"",""Fe"":""≤0.0003%""}","{""base_price"":896,""currency"":""USD"",""unit"":""MT"",""incoterms"":""CIF""}",active,2025-03-14T05:38:30.418Z,2025-12-27T05:38:30.418Z
31f9f193-4992-410f-bdc2-e1e5b558033b,d74f7fe2-0419-4385-bd64-0b1ec5f0c7ea,Battery Grade Recycled Lithium 99.4%,High-quality battery grade recycled lithium for EV battery applications. Meets strict automotive specifications.,Recycled Lithium,Battery Grade,99.39,,,,D50: 52μm,1.27 g/cm³,0.13,MT,49,87,9864,"[""REACH"",""ISO 14001:2015""]",true,true,"{""Na"":""≤0.0005%"",""Mg"":""≤0.0004%"",""Ca"":""≤0.0005%"",""Fe"":""≤0.0005%""}","{""base_price"":1082,""currency"":""USD"",""unit"":""MT"",""incoterms"":""CIF""}",active,2024-11-17T05:38:30.418Z,2025-12-23T05:38:30.418Z
63262ed4-df4e-40aa-af7f-5f31c26756fe,d74f7fe2-0419-4385-bd64-0b1ec5f0c7ea,Pharmaceutical Grade Lithium Chloride 98.1%,High-quality pharmaceutical grade lithium chloride for industrial applications. Reliable quality for manufacturing.,Lithium Chloride,Pharmaceutical Grade,98.09,,,,,1.21 g/cm³,0.1,MT,296,53,4677,"[""IATF 16949:2016"",""REACH"",""ISO 14001:2015""]",true,true,"{""Na"":""≤0.0005%"",""Mg"":""≤0.001%"",""Ca"":""≤0.0002%"",""Fe"":""≤0.0005%""}","{""base_price"":8549,""currency"":""USD"",""unit"":""MT"",""incoterms"":""CIF""}",active,2024-09-23T05:38:30.418Z,2025-12-17T05:38:30.418Z
b38363bd-a0a2-4a2e-abef-d8451c881b5c,9ddf70f9-bbc1-443d-bc61-d43c7eff6f35,Technical Grade Other 98.5%,High-quality technical grade other for industrial applications. Reliable quality for manufacturing.,Other,Technical Grade,98.46,,,,,1.11 g/cm³,0.07,MT,96,31,8386,"[""ISO 9001:2015"",""ISO 14001:2015""]",false,true,"{""Na"":""≤0.0003%"",""Mg"":""≤0.0008%"",""Ca"":""≤0.0013%"",""Fe"":""≤0.0004%""}","{""base_price"":8828,""currency"":""USD"",""unit"":""MT"",""incoterms"":""FOB""}",active,2025-01-31T05:38:30.418Z,2025-12-04T05:38:30.418Z
37625b82-7f14-4d1b-97f5-1ea9500445ef,9ddf70f9-bbc1-443d-bc61-d43c7eff6f35,Battery Grade Other 98.5%,High-quality battery grade other for EV battery applications. Meets strict automotive specifications.,Other,Battery Grade,98.5,,,,D50: 53μm,1.2 g/cm³,0.07,MT,38,55,945,"[""IATF 16949:2016"",""ISO 14001:2015"",""RoHS""]",false,true,"{""Na"":""≤0.0005%"",""Mg"":""≤0.0006%"",""Ca"":""≤0.0012%"",""Fe"":""≤0.0002%""}","{""base_price"":985,""currency"":""USD"",""unit"":""MT"",""incoterms"":""CIF""}",active,2025-07-13T05:38:30.418Z,2026-01-02T05:38:30.418Z
77519e93-9bc8-4b3e-9dac-9652d0750d0c,9ddf70f9-bbc1-443d-bc61-d43c7eff6f35,Technical Grade Lithium Hydroxide 99.68%,High-quality technical grade lithium hydroxide for industrial applications. Reliable quality for manufacturing.,Lithium Hydroxide,Technical Grade,99.68,,56.28,,,0.9 g/cm³,0.04,MT,160,67,1157,"[""ISO 14001:2015"",""ISO 9001:2015""]",false,true,"{""Na"":""≤0.0008%"",""Mg"":""≤0.0003%"",""Ca"":""≤0.0012%"",""Fe"":""≤0.0002%""}","{""base_price"":8921,""currency"":""USD"",""unit"":""MT"",""incoterms"":""EXW""}",active,2025-11-28T05:38:30.418Z,2025-12-11T05:38:30.418Z
3c5a7d9b-f76e-47ab-80d7-433e57183edf,9ddf70f9-bbc1-443d-bc61-d43c7eff6f35,Battery Grade Lithium Carbonate 99.87%,High-quality battery grade lithium carbonate for EV battery applications. Meets strict automotive specifications.,Lithium Carbonate,Battery Grade,99.87,99.87,,,D50: 34μm,1.33 g/cm³,0.05,MT,16,68,1364,"[""IATF 16949:2016"",""ISO 14001:2015"",""REACH""]",false,true,"{""Na"":""≤0.0002%"",""Mg"":""≤0.0008%"",""Ca"":""≤0.0008%"",""Fe"":""≤0.0005%""}","{""base_price"":12179,""currency"":""USD"",""unit"":""MT"",""incoterms"":""EXW""}",active,2025-04-20T05:38:30.418Z,2025-12-22T05:38:30.418Z
6c4b6fda-e99a-4d88-b6ae-a21fc4bb80d1,9ddf70f9-bbc1-443d-bc61-d43c7eff6f35,Battery Grade Lithium Spodumene,High-quality battery grade lithium spodumene for EV battery applications. Meets strict automotive specifications.,Lithium Spodumene,Battery Grade,,,,5.65,D50: 25μm,0.87 g/cm³,0.03,MT,35,40,1264,"[""ISO 14001:2015"",""ISO 9001:2015""]",false,true,"{""Na"":""≤0.0007%"",""Mg"":""≤0.0008%"",""Ca"":""≤0.0002%"",""Fe"":""≤0.0003%""}","{""base_price"":1190,""currency"":""USD"",""unit"":""MT"",""incoterms"":""CIF""}",active,2025-06-13T05:38:30.418Z,2025-12-11T05:38:30.418Z
bd44f44c-86f3-4681-925f-6c26a5b6b928,9ddf70f9-bbc1-443d-bc61-d43c7eff6f35,Technical Grade Lithium Chloride 98.1%,High-quality technical grade lithium chloride for industrial applications. Reliable quality for manufacturing.,Lithium Chloride,Technical Grade,98.06,,,,,0.83 g/cm³,0.14,MT,433,82,8418,"[""REACH"",""RoHS"",""IATF 16949:2016"",""ISO 14001:2015""]",false,true,"{""Na"":""≤0.0008%"",""Mg"":""≤0.0006%"",""Ca"":""≤0.0019%"",""Fe"":""≤0.0003%""}","{""base_price"":6669,""currency"":""USD"",""unit"":""MT"",""incoterms"":""FOB""}",active,2024-01-12T05:38:30.418Z,2026-01-01T05:38:30.418Z
e1ed5be4-6b5e-478b-bd4e-22b5231210e9,9ddf70f9-bbc1-443d-bc61-d43c7eff6f35,Technical Grade Lithium Hydroxide 99.61%,High-quality technical grade lithium hydroxide for industrial applications. Reliable quality for manufacturing.,Lithium Hydroxide,Technical Grade,99.61,,56.07,,,1.21 g/cm³,0.05,MT,128,85,5245,"[""IATF 16949:2016"",""ISO 14001:2015"",""REACH"",""RoHS""]",false,true,"{""Na"":""≤0.0005%"",""Mg"":""≤0.0009%"",""Ca"":""≤0.0005%"",""Fe"":""≤0.0002%""}","{""base_price"":6572,""currency"":""USD"",""unit"":""MT"",""incoterms"":""FOB""}",active,2025-02-17T05:38:30.418Z,2025-12-08T05:38:30.418Z
7f830bff-e1e8-49f4-a378-96c4e9723df5,9ddf70f9-bbc1-443d-bc61-d43c7eff6f35,Pharmaceutical Grade Other 98.3%,High-quality pharmaceutical grade other for industrial applications. Reliable quality for manufacturing.,Other,Pharmaceutical Grade,98.29,,,,,1.05 g/cm³,0.12,MT,139,36,8462,"[""ISO 9001:2015"",""ISO 14001:2015"",""IATF 16949:2016"",""REACH""]",false,true,"{""Na"":""≤0.0001%"",""Mg"":""≤0.0007%"",""Ca"":""≤0.0007%"",""Fe"":""≤0.0005%""}","{""base_price"":8569,""currency"":""USD"",""unit"":""MT"",""incoterms"":""FOB""}",active,2025-08-11T05:38:30.418Z,2025-12-30T05:38:30.418Z
77b78902-da6d-4d57-b359-3ca0c042ed10,9ddf70f9-bbc1-443d-bc61-d43c7eff6f35,Industrial Grade Lithium Chloride 99.3%,High-quality industrial grade lithium chloride for industrial applications. Reliable quality for manufacturing.,Lithium Chloride,Industrial Grade,99.31,,,,,1.34 g/cm³,0.07,MT,475,88,1716,"[""ISO 9001:2015"",""RoHS"",""ISO 14001:2015""]",false,true,"{""Na"":""≤0.0009%"",""Mg"":""≤0.0002%"",""Ca"":""≤0.001%"",""Fe"":""≤0.0003%""}","{""base_price"":9620,""currency"":""USD"",""unit"":""MT"",""incoterms"":""FOB""}",active,2024-10-30T05:38:30.418Z,2025-12-05T05:38:30.418Z
55712914-0846-4166-beb9-efa268ea3ea1,9ddf70f9-bbc1-443d-bc61-d43c7eff6f35,Technical Grade Lithium Hydroxide 99.71%,High-quality technical grade lithium hydroxide for industrial applications. Reliable quality for manufacturing.,Lithium Hydroxide,Technical Grade,99.71,,56.56,,,1 g/cm³,0.09,MT,484,54,6587,"[""ISO 9001:2015"",""IATF 16949:2016"",""ISO 14001:2015""]",false,true,"{""Na"":""≤0.0004%"",""Mg"":""≤0.0001%"",""Ca"":""≤0.0014%"",""Fe"":""≤0.0005%""}","{""base_price"":9338,""currency"":""USD"",""unit"":""MT"",""incoterms"":""FOB""}",active,2025-02-11T05:38:30.418Z,2025-12-12T05:38:30.418Z
047049c5-1962-44d4-bb9e-714abe29f9e3,9ddf70f9-bbc1-443d-bc61-d43c7eff6f35,Pharmaceutical Grade Recycled Lithium 98.6%,High-quality pharmaceutical grade recycled lithium for industrial applications. Reliable quality for manufacturing.,Recycled Lithium,Pharmaceutical Grade,98.59,,,,,0.96 g/cm³,0.06,MT,468,82,4632,"[""RoHS"",""REACH"",""ISO 9001:2015""]",false,true,"{""Na"":""≤0.0009%"",""Mg"":""≤0.0009%"",""Ca"":""≤0.0003%"",""Fe"":""≤0.0001%""}","{""base_price"":7130,""currency"":""USD"",""unit"":""MT"",""incoterms"":""FOB""}",active,2024-02-24T05:38:30.418Z,2025-12-06T05:38:30.418Z
4ccc16a3-e07d-4963-8d05-c13ce2a8878a,9ddf70f9-bbc1-443d-bc61-d43c7eff6f35,Technical Grade Lithium Spodumene,High-quality technical grade lithium spodumene for industrial applications. Reliable quality for manufacturing.,Lithium Spodumene,Technical Grade,,,,6.08,,1.06 g/cm³,0.1,MT,369,69,9696,"[""REACH"",""IATF 16949:2016""]",false,true,"{""Na"":""≤0.0005%"",""Mg"":""≤0.0007%"",""Ca"":""≤0.0002%"",""Fe"":""≤0.0005%""}","{""base_price"":7901,""currency"":""USD"",""unit"":""MT"",""incoterms"":""EXW""}",active,2025-10-15T05:38:30.418Z,2025-12-29T05:38:30.418Z
cc9a1c37-da2d-4677-a58e-972ac6ac1013,9ddf70f9-bbc1-443d-bc61-d43c7eff6f35,Industrial Grade Lithium Carbonate 99.4%,High-quality industrial grade lithium carbonate for industrial applications. Reliable quality for manufacturing.,Lithium Carbonate,Industrial Grade,99.44,99.44,,,,0.88 g/cm³,0.09,MT,50,89,120,"[""RoHS"",""IATF 16949:2016""]",false,true,"{""Na"":""≤0.0004%"",""Mg"":""≤0.0004%"",""Ca"":""≤0.0013%"",""Fe"":""≤0.0003%""}","{""base_price"":7212,""currency"":""USD"",""unit"":""MT"",""incoterms"":""FOB""}",active,2024-10-27T05:38:30.418Z,2025-12-31T05:38:30.418Z
23beb64c-805d-4a48-b1bb-cfbe6ab5635a,277bf9bb-fafe-41f0-903a-c7debfdda64b,Technical Grade Lithium Hydroxide 99.56%,High-quality technical grade lithium hydroxide for industrial applications. Reliable quality for manufacturing.,Lithium Hydroxide,Technical Grade,99.56,,56.74,,,1.16 g/cm³,0.13,MT,159,84,1049,"[""ISO 9001:2015"",""ISO 14001:2015"",""IATF 16949:2016""]",false,true,"{""Na"":""≤0.0009%"",""Mg"":""≤0.0006%"",""Ca"":""≤0.0002%"",""Fe"":""≤0.0003%""}","{""base_price"":5788,""currency"":""USD"",""unit"":""MT"",""incoterms"":""EXW""}",active,2025-07-12T05:38:30.419Z,2025-12-16T05:38:30.419Z
9aeccfcf-37c1-4f4c-aec2-b728e5bbd68d,277bf9bb-fafe-41f0-903a-c7debfdda64b,Industrial Grade Lithium Chloride 98.3%,High-quality industrial grade lithium chloride for industrial applications. Reliable quality for manufacturing.,Lithium Chloride,Industrial Grade,98.25,,,,,1.37 g/cm³,0.1,MT,100,43,8111,"[""ISO 9001:2015"",""ISO 14001:2015"",""RoHS""]",false,true,"{""Na"":""≤0.0006%"",""Mg"":""≤0.0001%"",""Ca"":""≤0.0005%"",""Fe"":""≤0.0005%""}","{""base_price"":7087,""currency"":""USD"",""unit"":""MT"",""incoterms"":""CIF""}",active,2024-05-02T05:38:30.419Z,2025-12-14T05:38:30.419Z
eef5b192-a4ab-440e-bc49-cb16b19bf6c2,277bf9bb-fafe-41f0-903a-c7debfdda64b,Pharmaceutical Grade Other 99.1%,High-quality pharmaceutical grade other for industrial applications. Reliable quality for manufacturing.,Other,Pharmaceutical Grade,99.07,,,,,1.08 g/cm³,0.02,MT,258,62,6431,"[""REACH"",""RoHS"",""ISO 14001:2015"",""ISO 9001:2015""]",false,true,"{""Na"":""≤0.0005%"",""Mg"":""≤0.0001%"",""Ca"":""≤0.0003%"",""Fe"":""≤0.0002%""}","{""base_price"":6259,""currency"":""USD"",""unit"":""MT"",""incoterms"":""CIF""}",active,2024-05-29T05:38:30.419Z,2025-12-19T05:38:30.419Z
7e885e38-481b-4211-abff-d1e86bcbd590,277bf9bb-fafe-41f0-903a-c7debfdda64b,Pharmaceutical Grade Lithium Spodumene,High-quality pharmaceutical grade lithium spodumene for industrial applications. Reliable quality for manufacturing.,Lithium Spodumene,Pharmaceutical Grade,,,,5.81,,0.83 g/cm³,0.06,MT,209,36,627,"[""ISO 14001:2015"",""RoHS""]",false,true,"{""Na"":""≤0.0009%"",""Mg"":""≤0.0002%"",""Ca"":""≤0.0006%"",""Fe"":""≤0.0003%""}","{""base_price"":6994,""currency"":""USD"",""unit"":""MT"",""incoterms"":""CIF""}",active,2025-09-03T05:38:30.419Z,2025-12-04T05:38:30.419Z
59c9fb11-8a27-4b1a-9a81-c3ed74e35e2a,277bf9bb-fafe-41f0-903a-c7debfdda64b,Industrial Grade Lithium Spodumene,High-quality industrial grade lithium spodumene for industrial applications. Reliable quality for manufacturing.,Lithium Spodumene,Industrial Grade,,,,5.96,,0.91 g/cm³,0.05,MT,224,87,7430,"[""REACH"",""RoHS""]",false,true,"{""Na"":""≤0.0008%"",""Mg"":""≤0.0003%"",""Ca"":""≤0.0009%"",""Fe"":""≤0.0004%""}","{""base_price"":6667,""currency"":""USD"",""unit"":""MT"",""incoterms"":""FOB""}",active,2024-12-20T05:38:30.419Z,2025-12-11T05:38:30.419Z
c06155a4-a7d7-4876-ba33-b30cdfaacb8b,277bf9bb-fafe-41f0-903a-c7debfdda64b,Pharmaceutical Grade Lithium Chloride 98.4%,High-quality pharmaceutical grade lithium chloride for industrial applications. Reliable quality for manufacturing.,Lithium Chloride,Pharmaceutical Grade,98.38,,,,,0.95 g/cm³,0.02,MT,498,70,9076,"[""ISO 9001:2015"",""ISO 14001:2015""]",false,true,"{""Na"":""≤0.0005%"",""Mg"":""≤0.0009%"",""Ca"":""≤0.0008%"",""Fe"":""≤0.0003%""}","{""base_price"":8726,""currency"":""USD"",""unit"":""MT"",""incoterms"":""FOB""}",active,2024-11-18T05:38:30.419Z,2025-12-24T05:38:30.419Z
b84c3bb9-3d8f-4ad0-a9bf-71b5a5ed4982,277bf9bb-fafe-41f0-903a-c7debfdda64b,Pharmaceutical Grade Lithium Chloride 98.0%,High-quality pharmaceutical grade lithium chloride for industrial applications. Reliable quality for manufacturing.,Lithium Chloride,Pharmaceutical Grade,98.01,,,,,0.95 g/cm³,0.05,MT,258,34,1729,"[""ISO 9001:2015"",""ISO 14001:2015"",""IATF 16949:2016"",""REACH""]",false,true,"{""Na"":""≤0.0002%"",""Mg"":""≤0.0004%"",""Ca"":""≤0.0009%"",""Fe"":""≤0.0003%""}","{""base_price"":8142,""currency"":""USD"",""unit"":""MT"",""incoterms"":""CIF""}",out_of_stock,2025-11-14T05:38:30.419Z,2025-12-08T05:38:30.419Z
78723e32-142d-4d76-8325-3c9edb11ceb9,85f19c5f-c906-4131-a2e1-c7ee824853e5,Technical Grade Lithium Carbonate 99.89%,High-quality technical grade lithium carbonate for industrial applications. Reliable quality for manufacturing.,Lithium Carbonate,Technical Grade,99.89,99.89,,,,0.99 g/cm³,0.06,MT,80,68,3686,"[""IATF 16949:2016"",""ISO 14001:2015"",""ISO 9001:2015""]",false,true,"{""Na"":""≤0.0006%"",""Mg"":""≤0.0004%"",""Ca"":""≤0.0004%"",""Fe"":""≤0.0002%""}","{""base_price"":7441,""currency"":""USD"",""unit"":""MT"",""incoterms"":""FOB""}",out_of_stock,2025-01-04T05:38:30.419Z,2026-01-02T05:38:30.419Z
fa69456f-9286-445b-81e8-23377cdcbcee,85f19c5f-c906-4131-a2e1-c7ee824853e5,Pharmaceutical Grade Other 98.2%,High-quality pharmaceutical grade other for industrial applications. Reliable quality for manufacturing.,Other,Pharmaceutical Grade,98.17,,,,,0.84 g/cm³,0.05,MT,128,63,6408,"[""IATF 16949:2016"",""ISO 14001:2015"",""ISO 9001:2015""]",false,true,"{""Na"":""≤0.0003%"",""Mg"":""≤0.0007%"",""Ca"":""≤0.0002%"",""Fe"":""≤0.0002%""}","{""base_price"":5475,""currency"":""USD"",""unit"":""MT"",""incoterms"":""EXW""}",active,2025-06-19T05:38:30.419Z,2025-12-18T05:38:30.419Z
1c7d17b2-2a30-471a-b315-ebe0829b3843,85f19c5f-c906-4131-a2e1-c7ee824853e5,Pharmaceutical Grade Lithium Chloride 98.4%,High-quality pharmaceutical grade lithium chloride for industrial applications. Reliable quality for manufacturing.,Lithium Chloride,Pharmaceutical Grade,98.37,,,,,0.92 g/cm³,0.03,MT,174,82,5792,"[""REACH"",""IATF 16949:2016""]",false,true,"{""Na"":""≤0.0002%"",""Mg"":""≤0.0002%"",""Ca"":""≤0.0004%"",""Fe"":""≤0.0002%""}","{""base_price"":6108,""currency"":""USD"",""unit"":""MT"",""incoterms"":""FOB""}",active,2024-04-26T05:38:30.419Z,2025-12-15T05:38:30.419Z
ab42dd1a-5800-47cd-a47f-b95a8dcdc985,85f19c5f-c906-4131-a2e1-c7ee824853e5,Industrial Grade Recycled Lithium 99.3%,High-quality industrial grade recycled lithium for industrial applications. Reliable quality for manufacturing.,Recycled Lithium,Industrial Grade,99.34,,,,,1.16 g/cm³,0.09,MT,60,85,1333,"[""ISO 14001:2015"",""ISO 9001:2015""]",false,true,"{""Na"":""≤0.0002%"",""Mg"":""≤0.0004%"",""Ca"":""≤0.0007%"",""Fe"":""≤0.0003%""}","{""base_price"":6505,""currency"":""USD"",""unit"":""MT"",""incoterms"":""CIF""}",active,2025-11-14T05:38:30.419Z,2025-12-26T05:38:30.419Z
9b417823-614d-4ad0-a3f9-cafc8d9d1f06,85f19c5f-c906-4131-a2e1-c7ee824853e5,Industrial Grade Lithium Hydroxide 99.57%,High-quality industrial grade lithium hydroxide for industrial applications. Reliable quality for manufacturing.,Lithium Hydroxide,Industrial Grade,99.57,,56.7,,,1.19 g/cm³,0.07,MT,202,40,7373,"[""RoHS"",""ISO 9001:2015"",""ISO 14001:2015"",""IATF 16949:2016""]",false,true,"{""Na"":""≤0.0007%"",""Mg"":""≤0.0004%"",""Ca"":""≤0.0015%"",""Fe"":""≤0.0004%""}","{""base_price"":9258,""currency"":""USD"",""unit"":""MT"",""incoterms"":""CIF""}",active,2024-05-20T05:38:30.419Z,2025-12-24T05:38:30.419Z
ecffc9e4-abce-444c-8c8b-6c9f59c067e3,85f19c5f-c906-4131-a2e1-c7ee824853e5,Battery Grade Lithium Carbonate 99.50%,High-quality battery grade lithium carbonate for EV battery applications. Meets strict automotive specifications.,Lithium Carbonate,Battery Grade,99.5,99.5,,,D50: 31μm,0.97 g/cm³,0.11,MT,12,50,3975,"[""ISO 9001:2015"",""ISO 14001:2015"",""REACH""]",false,true,"{""Na"":""≤0.0008%"",""Mg"":""≤0.0003%"",""Ca"":""≤0.0014%"",""Fe"":""≤0.0005%""}","{""base_price"":12371,""currency"":""USD"",""unit"":""MT"",""incoterms"":""CIF""}",active,2024-12-06T05:38:30.419Z,2025-12-25T05:38:30.419Z
16d5ea27-82c6-4a35-bdfe-1980604a4bc6,85f19c5f-c906-4131-a2e1-c7ee824853e5,Industrial Grade Recycled Lithium 98.9%,High-quality industrial grade recycled lithium for industrial applications. Reliable quality for manufacturing.,Recycled Lithium,Industrial Grade,98.86,,,,,1.04 g/cm³,0.07,MT,369,33,7944,"[""ISO 9001:2015"",""ISO 14001:2015""]",false,true,"{""Na"":""≤0.001%"",""Mg"":""≤0.0005%"",""Ca"":""≤0.0014%"",""Fe"":""≤0.0003%""}","{""base_price"":7212,""currency"":""USD"",""unit"":""MT"",""incoterms"":""EXW""}",active,2024-10-10T05:38:30.419Z,2025-12-17T05:38:30.419Z
4c3e8a9f-309e-453b-9847-004cdcdc2e49,85f19c5f-c906-4131-a2e1-c7ee824853e5,Industrial Grade Lithium Chloride 98.9%,High-quality industrial grade lithium chloride for industrial applications. Reliable quality for manufacturing.,Lithium Chloride,Industrial Grade,98.87,,,,,0.91 g/cm³,0.03,MT,406,82,245,"[""REACH"",""RoHS""]",false,true,"{""Na"":""≤0.0003%"",""Mg"":""≤0.0005%"",""Ca"":""≤0.0018%"",""Fe"":""≤0.0002%""}","{""base_price"":8904,""currency"":""USD"",""unit"":""MT"",""incoterms"":""FOB""}",out_of_stock,2024-02-21T05:38:30.419Z,2025-12-28T05:38:30.419Z
47eb17fc-8204-42fa-b6b1-c47ebed686d7,85f19c5f-c906-4131-a2e1-c7ee824853e5,Technical Grade Lithium Spodumene,High-quality technical grade lithium spodumene for industrial applications. Reliable quality for manufacturing.,Lithium Spodumene,Technical Grade,,,,6.8,,0.83 g/cm³,0.01,MT,304,78,8455,"[""ISO 9001:2015"",""RoHS"",""ISO 14001:2015"",""IATF 16949:2016""]",false,true,"{""Na"":""≤0.0002%"",""Mg"":""≤0.0009%"",""Ca"":""≤0.0009%"",""Fe"":""≤0.0001%""}","{""base_price"":5604,""currency"":""USD"",""unit"":""MT"",""incoterms"":""CIF""}",active,2025-02-18T05:38:30.419Z,2025-12-11T05:38:30.419Z
97fc62ec-c418-488e-bb5e-43f5b0061ec9,85f19c5f-c906-4131-a2e1-c7ee824853e5,Pharmaceutical Grade Lithium Hydroxide 99.62%,High-quality pharmaceutical grade lithium hydroxide for industrial applications. Reliable quality for manufacturing.,Lithium Hydroxide,Pharmaceutical Grade,99.62,,56.3,,,1.09 g/cm³,0.06,MT,415,89,1123,"[""IATF 16949:2016"",""ISO 14001:2015""]",false,true,"{""Na"":""≤0.0002%"",""Mg"":""≤0.0003%"",""Ca"":""≤0.0013%"",""Fe"":""≤0.0005%""}","{""base_price"":5698,""currency"":""USD"",""unit"":""MT"",""incoterms"":""CIF""}",active,2024-05-21T05:38:30.419Z,2025-12-24T05:38:30.419Z
781ee5bf-8434-4372-9d94-a601d0c8694e,85f19c5f-c906-4131-a2e1-c7ee824853e5,Battery Grade Lithium Carbonate 99.5%,High-quality battery grade lithium carbonate for EV battery applications. Meets strict automotive specifications.,Lithium Carbonate,Battery Grade,99.46,99.46,,,D50: 50μm,0.84 g/cm³,0.03,MT,20,85,3057,"[""RoHS"",""REACH"",""IATF 16949:2016""]",false,true,"{""Na"":""≤0.0002%"",""Mg"":""≤0.0009%"",""Ca"":""≤0.0008%"",""Fe"":""≤0.0002%""}","{""base_price"":14053,""currency"":""USD"",""unit"":""MT"",""incoterms"":""FOB""}",active,2024-05-19T05:38:30.419Z,2025-12-25T05:38:30.419Z
7b25355b-1187-490e-9e44-2d6c37213483,85f19c5f-c906-4131-a2e1-c7ee824853e5,Technical Grade Lithium Chloride 99.3%,High-quality technical grade lithium chloride for industrial applications. Reliable quality for manufacturing.,Lithium Chloride,Technical Grade,99.29,,,,,1.22 g/cm³,0.11,MT,121,67,6819,"[""ISO 9001:2015"",""REACH"",""IATF 16949:2016""]",false,true,"{""Na"":""≤0.0009%"",""Mg"":""≤0.001%"",""Ca"":""≤0.0018%"",""Fe"":""≤0.0004%""}","{""base_price"":5181,""currency"":""USD"",""unit"":""MT"",""incoterms"":""EXW""}",active,2024-11-09T05:38:30.419Z,2026-01-02T05:38:30.419Z
90abbe51-dc45-4c1b-b287-deacb82eb9d0,b773ff39-d507-4e20-9088-7d1b90ef4c59,Battery Grade Lithium Hydroxide 99.89%,High-quality battery grade lithium hydroxide for EV battery applications. Meets strict automotive specifications.,Lithium Hydroxide,Battery Grade,99.89,,56.8,,D50: 23μm,0.89 g/cm³,0.05,MT,42,70,1423,"[""ISO 9001:2015"",""ISO 14001:2015"",""REACH"",""IATF 16949:2016""]",false,true,"{""Na"":""≤0.001%"",""Mg"":""≤0.0005%"",""Ca"":""≤0.001%"",""Fe"":""≤0.0003%""}","{""base_price"":17126,""currency"":""USD"",""unit"":""MT"",""incoterms"":""CIF""}",active,2024-10-21T05:38:30.419Z,2025-12-29T05:38:30.419Z
6ca3c742-c1e3-4fde-961f-3462b323c51b,b773ff39-d507-4e20-9088-7d1b90ef4c59,Industrial Grade Lithium Carbonate 99.5%,High-quality industrial grade lithium carbonate for industrial applications. Reliable quality for manufacturing.,Lithium Carbonate,Industrial Grade,99.45,99.45,,,,1.38 g/cm³,0.12,MT,171,68,9951,"[""ISO 9001:2015"",""IATF 16949:2016"",""ISO 14001:2015""]",false,true,"{""Na"":""≤0.0005%"",""Mg"":""≤0.0003%"",""Ca"":""≤0.0014%"",""Fe"":""≤0.0004%""}","{""base_price"":6223,""currency"":""USD"",""unit"":""MT"",""incoterms"":""FOB""}",out_of_stock,2025-09-03T05:38:30.419Z,2025-12-05T05:38:30.419Z
f273dc28-e3e5-4959-9b75-fef4b582e619,b773ff39-d507-4e20-9088-7d1b90ef4c59,Battery Grade Lithium Spodumene,High-quality battery grade lithium spodumene for EV battery applications. Meets strict automotive specifications.,Lithium Spodumene,Battery Grade,,,,5.55,D50: 50μm,1.28 g/cm³,0.04,MT,15,87,3857,"[""ISO 14001:2015"",""REACH""]",false,true,"{""Na"":""≤0.0003%"",""Mg"":""≤0.0006%"",""Ca"":""≤0.0014%"",""Fe"":""≤0.0002%""}","{""base_price"":902,""currency"":""USD"",""unit"":""MT"",""incoterms"":""EXW""}",active,2025-02-01T05:38:30.419Z,2025-12-31T05:38:30.419Z
f10f0033-7a19-4a4a-ab06-33e6e4cf62d5,b773ff39-d507-4e20-9088-7d1b90ef4c59,Pharmaceutical Grade Lithium Hydroxide 99.53%,High-quality pharmaceutical grade lithium hydroxide for industrial applications. Reliable quality for manufacturing.,Lithium Hydroxide,Pharmaceutical Grade,99.53,,56.11,,,1.11 g/cm³,0.1,MT,186,68,1025,"[""ISO 9001:2015"",""ISO 14001:2015"",""IATF 16949:2016""]",false,true,"{""Na"":""≤0.0002%"",""Mg"":""≤0.0004%"",""Ca"":""≤0.0015%"",""Fe"":""≤0.0004%""}","{""base_price"":6658,""currency"":""USD"",""unit"":""MT"",""incoterms"":""CIF""}",active,2025-10-22T05:38:30.419Z,2025-12-25T05:38:30.419Z
f0314737-b728-48e4-95c7-2a4e10764c95,b773ff39-d507-4e20-9088-7d1b90ef4c59,Battery Grade Lithium Hydroxide 99.60%,High-quality battery grade lithium hydroxide for EV battery applications. Meets strict automotive specifications.,Lithium Hydroxide,Battery Grade,99.6,,56.13,,D50: 29μm,0.89 g/cm³,0.1,MT,10,43,8671,"[""ISO 9001:2015"",""ISO 14001:2015""]",false,true,"{""Na"":""≤0.0002%"",""Mg"":""≤0.001%"",""Ca"":""≤0.0006%"",""Fe"":""≤0.0004%""}","{""base_price"":15435,""currency"":""USD"",""unit"":""MT"",""incoterms"":""FOB""}",active,2025-08-25T05:38:30.419Z,2025-12-30T05:38:30.419Z
ebd2fad2-39c0-4010-99fe-694cc5f7e19b,b773ff39-d507-4e20-9088-7d1b90ef4c59,Technical Grade Recycled Lithium 98.6%,High-quality technical grade recycled lithium for industrial applications. Reliable quality for manufacturing.,Recycled Lithium,Technical Grade,98.58,,,,,1.16 g/cm³,0.06,MT,201,77,9236,"[""ISO 9001:2015"",""ISO 14001:2015"",""IATF 16949:2016"",""RoHS""]",false,true,"{""Na"":""≤0.0003%"",""Mg"":""≤0.0006%"",""Ca"":""≤0.0005%"",""Fe"":""≤0.0003%""}","{""base_price"":8432,""currency"":""USD"",""unit"":""MT"",""incoterms"":""CIF""}",active,2025-05-17T05:38:30.419Z,2025-12-08T05:38:30.419Z
ac41e045-e7ef-4c03-842f-3b0ab6c04813,b773ff39-d507-4e20-9088-7d1b90ef4c59,Technical Grade Lithium Hydroxide 99.74%,High-quality technical grade lithium hydroxide for industrial applications. Reliable quality for manufacturing.,Lithium Hydroxide,Technical Grade,99.74,,56.65,,,1.26 g/cm³,0.09,MT,333,47,2642,"[""REACH"",""RoHS""]",false,true,"{""Na"":""≤0.0008%"",""Mg"":""≤0.0003%"",""Ca"":""≤0.0003%"",""Fe"":""≤0.0004%""}","{""base_price"":8099,""currency"":""USD"",""unit"":""MT"",""incoterms"":""CIF""}",active,2025-05-05T05:38:30.419Z,2025-12-14T05:38:30.419Z
6f6bea61-2cd4-4224-907d-29e7e4dcd9aa,46aa2e65-5481-48a0-a421-7cb0e2e0a8e9,Battery Grade Lithium Chloride 98.2%,High-quality battery grade lithium chloride for EV battery applications. Meets strict automotive specifications.,Lithium Chloride,Battery Grade,98.2,,,,D50: 29μm,0.91 g/cm³,0.09,MT,45,83,4272,"[""REACH"",""RoHS""]",false,true,"{""Na"":""≤0.0006%"",""Mg"":""≤0.0008%"",""Ca"":""≤0.0013%"",""Fe"":""≤0.0003%""}","{""base_price"":1144,""currency"":""USD"",""unit"":""MT"",""incoterms"":""FOB""}",active,2024-01-14T05:38:30.419Z,2025-12-19T05:38:30.419Z
d63ee0fe-1555-4611-bf36-91d32935df95,46aa2e65-5481-48a0-a421-7cb0e2e0a8e9,Pharmaceutical Grade Lithium Carbonate 99.5%,High-quality pharmaceutical grade lithium carbonate for industrial applications. Reliable quality for manufacturing.,Lithium Carbonate,Pharmaceutical Grade,99.48,99.48,,,,0.86 g/cm³,0.07,MT,451,49,1504,"[""IATF 16949:2016"",""ISO 14001:2015"",""RoHS"",""REACH""]",false,true,"{""Na"":""≤0.0004%"",""Mg"":""≤0.0009%"",""Ca"":""≤0.001%"",""Fe"":""≤0.0002%""}","{""base_price"":9604,""currency"":""USD"",""unit"":""MT"",""incoterms"":""CIF""}",active,2024-10-25T05:38:30.419Z,2025-12-05T05:38:30.419Z
69a1e1c6-d9fe-4604-bcab-bf2403986596,46aa2e65-5481-48a0-a421-7cb0e2e0a8e9,Technical Grade Recycled Lithium 98.7%,High-quality technical grade recycled lithium for industrial applications. Reliable quality for manufacturing.,Recycled Lithium,Technical Grade,98.67,,,,,1.35 g/cm³,0.03,MT,318,82,7243,"[""REACH"",""ISO 9001:2015""]",false,true,"{""Na"":""≤0.0006%"",""Mg"":""≤0.0009%"",""Ca"":""≤0.0012%"",""Fe"":""≤0.0001%""}","{""base_price"":5859,""currency"":""USD"",""unit"":""MT"",""incoterms"":""CIF""}",active,2024-06-26T05:38:30.419Z,2026-01-02T05:38:30.419Z
a83d0bce-5ae9-4dda-95f4-61b60a3be4ea,46aa2e65-5481-48a0-a421-7cb0e2e0a8e9,Industrial Grade Recycled Lithium 98.3%,High-quality industrial grade recycled lithium for industrial applications. Reliable quality for manufacturing.,Recycled Lithium,Industrial Grade,98.33,,,,,1.13 g/cm³,0.14,MT,283,84,9183,"[""ISO 14001:2015"",""REACH"",""RoHS"",""ISO 9001:2015""]",false,true,"{""Na"":""≤0.0006%"",""Mg"":""≤0.0002%"",""Ca"":""≤0.0002%"",""Fe"":""≤0.0003%""}","{""base_price"":8171,""currency"":""USD"",""unit"":""MT"",""incoterms"":""CIF""}",active,2025-03-31T05:38:30.419Z,2025-12-26T05:38:30.419Z
503815ef-3349-4cf4-ba55-bf3dc9cf9b46,46aa2e65-5481-48a0-a421-7cb0e2e0a8e9,Industrial Grade Recycled Lithium 98.4%,High-quality industrial grade recycled lithium for industrial applications. Reliable quality for manufacturing.,Recycled Lithium,Industrial Grade,98.36,,,,,1.33 g/cm³,0.03,MT,408,48,3211,"[""ISO 9001:2015"",""REACH""]",false,true,"{""Na"":""≤0.0009%"",""Mg"":""≤0.0003%"",""Ca"":""≤0.0006%"",""Fe"":""≤0.0003%""}","{""base_price"":7965,""currency"":""USD"",""unit"":""MT"",""incoterms"":""EXW""}",active,2025-07-26T05:38:30.419Z,2025-12-24T05:38:30.419Z
fcf60ef1-957b-4bbb-8bb7-45e3ff984b2a,46aa2e65-5481-48a0-a421-7cb0e2e0a8e9,Battery Grade Other 98.2%,High-quality battery grade other for EV battery applications. Meets strict automotive specifications.,Other,Battery Grade,98.2,,,,D50: 12μm,0.87 g/cm³,0.08,MT,28,66,1468,"[""ISO 9001:2015"",""ISO 14001:2015""]",false,true,"{""Na"":""≤0.0007%"",""Mg"":""≤0.0006%"",""Ca"":""≤0.001%"",""Fe"":""≤0.0002%""}","{""base_price"":987,""currency"":""USD"",""unit"":""MT"",""incoterms"":""EXW""}",active,2024-06-10T05:38:30.419Z,2025-12-31T05:38:30.419Z
5ad37f31-8063-471f-b46a-9a79accf2689,46aa2e65-5481-48a0-a421-7cb0e2e0a8e9,Technical Grade Lithium Hydroxide 99.89%,High-quality technical grade lithium hydroxide for industrial applications. Reliable quality for manufacturing.,Lithium Hydroxide,Technical Grade,99.89,,56.2,,,1.38 g/cm³,0.1,MT,272,42,8848,"[""IATF 16949:2016"",""ISO 14001:2015"",""REACH"",""RoHS""]",false,true,"{""Na"":""≤0.0008%"",""Mg"":""≤0.0008%"",""Ca"":""≤0.0015%"",""Fe"":""≤0.0004%""}","{""base_price"":7911,""currency"":""USD"",""unit"":""MT"",""incoterms"":""EXW""}",active,2025-08-19T05:38:30.419Z,2025-12-31T05:38:30.419Z
64ce6909-8469-496d-bb85-723f6b4a6a1e,7046e05c-72f2-4a98-8623-30516724d0bc,Pharmaceutical Grade Lithium Hydroxide 99.71%,High-quality pharmaceutical grade lithium hydroxide for industrial applications. Reliable quality for manufacturing.,Lithium Hydroxide,Pharmaceutical Grade,99.71,,56.88,,,0.85 g/cm³,0.07,MT,250,80,8268,"[""IATF 16949:2016"",""ISO 9001:2015"",""RoHS""]",false,true,"{""Na"":""≤0.0005%"",""Mg"":""≤0.0007%"",""Ca"":""≤0.0014%"",""Fe"":""≤0.0001%""}","{""base_price"":5415,""currency"":""USD"",""unit"":""MT"",""incoterms"":""FOB""}",active,2024-06-21T05:38:30.419Z,2025-12-18T05:38:30.419Z
b6ed8132-499b-46f2-8473-ed0945978d2d,7046e05c-72f2-4a98-8623-30516724d0bc,Pharmaceutical Grade Recycled Lithium 98.8%,High-quality pharmaceutical grade recycled lithium for industrial applications. Reliable quality for manufacturing.,Recycled Lithium,Pharmaceutical Grade,98.77,,,,,0.83 g/cm³,0.13,MT,160,33,3649,"[""ISO 9001:2015"",""ISO 14001:2015"",""REACH""]",false,true,"{""Na"":""≤0.0007%"",""Mg"":""≤0.0009%"",""Ca"":""≤0.0008%"",""Fe"":""≤0.0002%""}","{""base_price"":8083,""currency"":""USD"",""unit"":""MT"",""incoterms"":""FOB""}",active,2025-08-17T05:38:30.419Z,2025-12-24T05:38:30.419Z
ac52b9b9-3245-4b13-a016-4b0a805dd181,7046e05c-72f2-4a98-8623-30516724d0bc,Industrial Grade Lithium Carbonate 99.85%,High-quality industrial grade lithium carbonate for industrial applications. Reliable quality for manufacturing.,Lithium Carbonate,Industrial Grade,99.85,99.85,,,,0.86 g/cm³,0.15,MT,497,86,7050,"[""IATF 16949:2016"",""ISO 9001:2015"",""ISO 14001:2015"",""RoHS""]",false,true,"{""Na"":""≤0.0002%"",""Mg"":""≤0.0009%"",""Ca"":""≤0.0016%"",""Fe"":""≤0.0003%""}","{""base_price"":5330,""currency"":""USD"",""unit"":""MT"",""incoterms"":""EXW""}",active,2024-09-28T05:38:30.419Z,2025-12-08T05:38:30.419Z
832eb2ca-4bd7-457b-b2f5-072ada397af6,7046e05c-72f2-4a98-8623-30516724d0bc,Battery Grade Lithium Chloride 98.5%,High-quality battery grade lithium chloride for EV battery applications. Meets strict automotive specifications.,Lithium Chloride,Battery Grade,98.55,,,,D50: 16μm,0.89 g/cm³,0.11,MT,40,81,5144,"[""ISO 14001:2015"",""IATF 16949:2016"",""RoHS""]",false,true,"{""Na"":""≤0.0004%"",""Mg"":""≤0.0005%"",""Ca"":""≤0.0004%"",""Fe"":""≤0.0003%""}","{""base_price"":877,""currency"":""USD"",""unit"":""MT"",""incoterms"":""CIF""}",active,2025-10-13T05:38:30.419Z,2025-12-24T05:38:30.419Z
466a2ce6-9ca3-4d7d-aea4-1acec0308be9,7046e05c-72f2-4a98-8623-30516724d0bc,Technical Grade Other 98.1%,High-quality technical grade other for industrial applications. Reliable quality for manufacturing.,Other,Technical Grade,98.07,,,,,0.9 g/cm³,0.14,MT,77,53,5215,"[""REACH"",""IATF 16949:2016"",""ISO 14001:2015"",""RoHS""]",false,true,"{""Na"":""≤0.0004%"",""Mg"":""≤0.0005%"",""Ca"":""≤0.0014%"",""Fe"":""≤0.0004%""}","{""base_price"":6456,""currency"":""USD"",""unit"":""MT"",""incoterms"":""FOB""}",active,2024-03-11T05:38:30.419Z,2025-12-23T05:38:30.419Z
0649f18a-8f05-413c-b03a-41b75463b61e,7046e05c-72f2-4a98-8623-30516724d0bc,Industrial Grade Lithium Hydroxide 99.91%,High-quality industrial grade lithium hydroxide for industrial applications. Reliable quality for manufacturing.,Lithium Hydroxide,Industrial Grade,99.91,,56.21,,,1.33 g/cm³,0.13,MT,74,83,4227,"[""ISO 14001:2015"",""RoHS"",""REACH""]",false,true,"{""Na"":""≤0.0007%"",""Mg"":""≤0.0009%"",""Ca"":""≤0.0015%"",""Fe"":""≤0.0002%""}","{""base_price"":6130,""currency"":""USD"",""unit"":""MT"",""incoterms"":""CIF""}",active,2025-09-22T05:38:30.419Z,2025-12-20T05:38:30.419Z
ba9b0bc3-a917-4124-8a1c-304f479bdeb6,7046e05c-72f2-4a98-8623-30516724d0bc,Pharmaceutical Grade Lithium Hydroxide 99.70%,High-quality pharmaceutical grade lithium hydroxide for industrial applications. Reliable quality for manufacturing.,Lithium Hydroxide,Pharmaceutical Grade,99.7,,56.03,,,0.81 g/cm³,0.12,MT,362,58,2656,"[""ISO 9001:2015"",""IATF 16949:2016"",""REACH"",""ISO 14001:2015""]",false,true,"{""Na"":""≤0.001%"",""Mg"":""≤0.0006%"",""Ca"":""≤0.0012%"",""Fe"":""≤0.0002%""}","{""base_price"":5635,""currency"":""USD"",""unit"":""MT"",""incoterms"":""FOB""}",active,2025-02-08T05:38:30.419Z,2025-12-27T05:38:30.419Z
7f551d79-3720-4739-8a4d-ce2038fff11e,7046e05c-72f2-4a98-8623-30516724d0bc,Industrial Grade Other 98.1%,High-quality industrial grade other for industrial applications. Reliable quality for manufacturing.,Other,Industrial Grade,98.12,,,,,0.99 g/cm³,0.13,MT,408,30,8205,"[""ISO 9001:2015"",""ISO 14001:2015""]",false,true,"{""Na"":""≤0.0001%"",""Mg"":""≤0.0003%"",""Ca"":""≤0.0003%"",""Fe"":""≤0.0004%""}","{""base_price"":7273,""currency"":""USD"",""unit"":""MT"",""incoterms"":""FOB""}",active,2024-02-20T05:38:30.419Z,2025-12-31T05:38:30.419Z
ed3c68aa-16de-4317-8e78-db4178975253,7046e05c-72f2-4a98-8623-30516724d0bc,Pharmaceutical Grade Lithium Hydroxide 99.59%,High-quality pharmaceutical grade lithium hydroxide for industrial applications. Reliable quality for manufacturing.,Lithium Hydroxide,Pharmaceutical Grade,99.59,,56.76,,,1.15 g/cm³,0.05,MT,227,43,7814,"[""ISO 9001:2015"",""ISO 14001:2015"",""IATF 16949:2016""]",false,true,"{""Na"":""≤0.0009%"",""Mg"":""≤0.0004%"",""Ca"":""≤0.0004%"",""Fe"":""≤0.0001%""}","{""base_price"":7093,""currency"":""USD"",""unit"":""MT"",""incoterms"":""FOB""}",active,2025-10-20T05:38:30.419Z,2025-12-06T05:38:30.419Z
9ccba337-a2ed-4ac7-bfd6-53f1c8f80fdc,7046e05c-72f2-4a98-8623-30516724d0bc,Pharmaceutical Grade Recycled Lithium 99.0%,High-quality pharmaceutical grade recycled lithium for industrial applications. Reliable quality for manufacturing.,Recycled Lithium,Pharmaceutical Grade,98.96,,,,,1.18 g/cm³,0.04,MT,95,57,2837,"[""REACH"",""IATF 16949:2016"",""ISO 14001:2015""]",false,true,"{""Na"":""≤0.0002%"",""Mg"":""≤0.0002%"",""Ca"":""≤0.0001%"",""Fe"":""≤0.0001%""}","{""base_price"":8309,""currency"":""USD"",""unit"":""MT"",""incoterms"":""FOB""}",active,2024-05-21T05:38:30.419Z,2025-12-03T05:38:30.419Z
5cc3cd48-e220-4622-889c-3d54ea14cee9,c43156d6-c9e0-40c1-98e7-8e1fa8d3aaa5,Technical Grade Other 99.2%,High-quality technical grade other for industrial applications. Reliable quality for manufacturing.,Other,Technical Grade,99.15,,,,,0.82 g/cm³,0.07,MT,417,50,5191,"[""REACH"",""IATF 16949:2016""]",false,true,"{""Na"":""≤0.0009%"",""Mg"":""≤0.0007%"",""Ca"":""≤0.0018%"",""Fe"":""≤0.0002%""}","{""base_price"":5727,""currency"":""USD"",""unit"":""MT"",""incoterms"":""EXW""}",active,2024-10-10T05:38:30.419Z,2025-12-23T05:38:30.419Z
465f4850-3946-4df6-b775-d04974541890,c43156d6-c9e0-40c1-98e7-8e1fa8d3aaa5,Pharmaceutical Grade Recycled Lithium 98.5%,High-quality pharmaceutical grade recycled lithium for industrial applications. Reliable quality for manufacturing.,Recycled Lithium,Pharmaceutical Grade,98.5,,,,,0.88 g/cm³,0.07,MT,316,40,6438,"[""RoHS"",""IATF 16949:2016"",""ISO 9001:2015"",""REACH""]",false,true,"{""Na"":""≤0.001%"",""Mg"":""≤0.001%"",""Ca"":""≤0.0003%"",""Fe"":""≤0.0004%""}","{""base_price"":5630,""currency"":""USD"",""unit"":""MT"",""incoterms"":""FOB""}",active,2024-04-18T05:38:30.419Z,2025-12-26T05:38:30.419Z
6e2deb68-7894-4ec8-b956-1259c68be812,c43156d6-c9e0-40c1-98e7-8e1fa8d3aaa5,Technical Grade Other 99.2%,High-quality technical grade other for industrial applications. Reliable quality for manufacturing.,Other,Technical Grade,99.19,,,,,1.35 g/cm³,0.01,MT,237,85,9015,"[""RoHS"",""ISO 9001:2015"",""ISO 14001:2015"",""IATF 16949:2016""]",false,true,"{""Na"":""≤0.001%"",""Mg"":""≤0.0005%"",""Ca"":""≤0.0019%"",""Fe"":""≤0.0002%""}","{""base_price"":9976,""currency"":""USD"",""unit"":""MT"",""incoterms"":""CIF""}",active,2024-11-24T05:38:30.419Z,2025-12-09T05:38:30.419Z
fa65591f-866f-4953-875d-fa0521a79435,c43156d6-c9e0-40c1-98e7-8e1fa8d3aaa5,Battery Grade Lithium Chloride 99.1%,High-quality battery grade lithium chloride for EV battery applications. Meets strict automotive specifications.,Lithium Chloride,Battery Grade,99.1,,,,D50: 48μm,1.3 g/cm³,0.04,MT,24,84,4131,"[""IATF 16949:2016"",""ISO 9001:2015"",""ISO 14001:2015""]",false,true,"{""Na"":""≤0.0008%"",""Mg"":""≤0.0006%"",""Ca"":""≤0.0004%"",""Fe"":""≤0.0003%""}","{""base_price"":988,""currency"":""USD"",""unit"":""MT"",""incoterms"":""EXW""}",active,2024-09-03T05:38:30.419Z,2026-01-01T05:38:30.419Z
4e4af63c-018b-429e-979d-f7f2b968bdf7,c43156d6-c9e0-40c1-98e7-8e1fa8d3aaa5,Battery Grade Lithium Hydroxide 99.89%,High-quality battery grade lithium hydroxide for EV battery applications. Meets strict automotive specifications.,Lithium Hydroxide,Battery Grade,99.89,,56.25,,D50: 22μm,1.23 g/cm³,0.03,MT,18,72,920,"[""ISO 14001:2015"",""RoHS""]",false,true,"{""Na"":""≤0.0001%"",""Mg"":""≤0.0006%"",""Ca"":""≤0.0012%"",""Fe"":""≤0.0005%""}","{""base_price"":15503,""currency"":""USD"",""unit"":""MT"",""incoterms"":""CIF""}",out_of_stock,2024-06-12T05:38:30.419Z,2025-12-31T05:38:30.419Z
7b04bec3-4aeb-4982-ac60-72e32a034100,c43156d6-c9e0-40c1-98e7-8e1fa8d3aaa5,Battery Grade Lithium Hydroxide 99.94%,High-quality battery grade lithium hydroxide for EV battery applications. Meets strict automotive specifications.,Lithium Hydroxide,Battery Grade,99.94,,56.15,,D50: 59μm,1.03 g/cm³,0.06,MT,22,63,4545,"[""REACH"",""IATF 16949:2016"",""ISO 14001:2015"",""RoHS""]",false,true,"{""Na"":""≤0.0002%"",""Mg"":""≤0.0002%"",""Ca"":""≤0.0012%"",""Fe"":""≤0.0001%""}","{""base_price"":16349,""currency"":""USD"",""unit"":""MT"",""incoterms"":""CIF""}",active,2025-08-11T05:38:30.419Z,2025-12-26T05:38:30.419Z
e2d8b35d-e634-4032-93ad-a4c0734e148c,c43156d6-c9e0-40c1-98e7-8e1fa8d3aaa5,Battery Grade Lithium Chloride 98.8%,High-quality battery grade lithium chloride for EV battery applications. Meets strict automotive specifications.,Lithium Chloride,Battery Grade,98.8,,,,D50: 51μm,1.16 g/cm³,0.03,MT,48,34,3695,"[""IATF 16949:2016"",""ISO 9001:2015"",""RoHS""]",false,true,"{""Na"":""≤0.0004%"",""Mg"":""≤0.0009%"",""Ca"":""≤0.0018%"",""Fe"":""≤0.0004%""}","{""base_price"":828,""currency"":""USD"",""unit"":""MT"",""incoterms"":""CIF""}",active,2025-05-01T05:38:30.419Z,2026-01-02T05:38:30.419Z
8d5f55cb-5601-4deb-bf13-bb48033f6597,c43156d6-c9e0-40c1-98e7-8e1fa8d3aaa5,Battery Grade Recycled Lithium 98.1%,High-quality battery grade recycled lithium for EV battery applications. Meets strict automotive specifications.,Recycled Lithium,Battery Grade,98.06,,,,D50: 60μm,1.03 g/cm³,0.12,MT,13,31,6964,"[""RoHS"",""IATF 16949:2016"",""ISO 9001:2015"",""REACH""]",false,true,"{""Na"":""≤0.0004%"",""Mg"":""≤0.0004%"",""Ca"":""≤0.001%"",""Fe"":""≤0.0003%""}","{""base_price"":905,""currency"":""USD"",""unit"":""MT"",""incoterms"":""FOB""}",active,2024-09-12T05:38:30.419Z,2025-12-28T05:38:30.419Z
6ff03b74-879d-4310-b974-ac2a0bd0a88f,0af35e47-626b-47c8-9e0b-9872a03ae8b6,Pharmaceutical Grade Lithium Chloride 98.2%,High-quality pharmaceutical grade lithium chloride for industrial applications. Reliable quality for manufacturing.,Lithium Chloride,Pharmaceutical Grade,98.21,,,,,1.12 g/cm³,0.14,MT,127,62,7818,"[""IATF 16949:2016"",""REACH"",""ISO 14001:2015""]",false,true,"{""Na"":""≤0.0002%"",""Mg"":""≤0.0005%"",""Ca"":""≤0.0002%"",""Fe"":""≤0.0003%""}","{""base_price"":8290,""currency"":""USD"",""unit"":""MT"",""incoterms"":""CIF""}",active,2024-04-28T05:38:30.419Z,2025-12-27T05:38:30.419Z
05df2ed5-9209-44c4-88aa-dc7e35e97bf7,0af35e47-626b-47c8-9e0b-9872a03ae8b6,Industrial Grade Lithium Hydroxide 99.63%,High-quality industrial grade lithium hydroxide for industrial applications. Reliable quality for manufacturing.,Lithium Hydroxide,Industrial Grade,99.63,,56.64,,,1.04 g/cm³,0.09,MT,454,55,9065,"[""RoHS"",""REACH""]",false,true,"{""Na"":""≤0.0006%"",""Mg"":""≤0.0009%"",""Ca"":""≤0.0001%"",""Fe"":""≤0.0002%""}","{""base_price"":9107,""currency"":""USD"",""unit"":""MT"",""incoterms"":""CIF""}",active,2025-08-28T05:38:30.419Z,2025-12-11T05:38:30.419Z
4e2bf201-716d-43af-863f-0277d22326e9,0af35e47-626b-47c8-9e0b-9872a03ae8b6,Pharmaceutical Grade Other 99.0%,High-quality pharmaceutical grade other for industrial applications. Reliable quality for manufacturing.,Other,Pharmaceutical Grade,98.95,,,,,1.14 g/cm³,0.08,MT,128,33,3346,"[""IATF 16949:2016"",""ISO 14001:2015"",""REACH""]",false,true,"{""Na"":""≤0.0005%"",""Mg"":""≤0.0006%"",""Ca"":""≤0.001%"",""Fe"":""≤0.0003%""}","{""base_price"":5472,""currency"":""USD"",""unit"":""MT"",""incoterms"":""CIF""}",active,2025-04-16T05:38:30.419Z,2025-12-07T05:38:30.419Z
803066f3-fb4c-431e-8535-1c02e3cdda61,0af35e47-626b-47c8-9e0b-9872a03ae8b6,Pharmaceutical Grade Lithium Hydroxide 99.61%,High-quality pharmaceutical grade lithium hydroxide for industrial applications. Reliable quality for manufacturing.,Lithium Hydroxide,Pharmaceutical Grade,99.61,,56.61,,,1.38 g/cm³,0.1,MT,362,51,9559,"[""REACH"",""ISO 9001:2015"",""RoHS""]",false,true,"{""Na"":""≤0.0005%"",""Mg"":""≤0.0007%"",""Ca"":""≤0.0007%"",""Fe"":""≤0.0002%""}","{""base_price"":9499,""currency"":""USD"",""unit"":""MT"",""incoterms"":""CIF""}",active,2024-12-31T05:38:30.419Z,2025-12-28T05:38:30.419Z
a55cbe9a-21e7-444a-9f9f-5a1881340b67,0af35e47-626b-47c8-9e0b-9872a03ae8b6,Technical Grade Lithium Hydroxide 99.86%,High-quality technical grade lithium hydroxide for industrial applications. Reliable quality for manufacturing.,Lithium Hydroxide,Technical Grade,99.86,,56.16,,,0.95 g/cm³,0.03,MT,343,47,2529,"[""IATF 16949:2016"",""ISO 14001:2015"",""REACH"",""ISO 9001:2015""]",false,true,"{""Na"":""≤0.0004%"",""Mg"":""≤0.0002%"",""Ca"":""≤0.0003%"",""Fe"":""≤0.0005%""}","{""base_price"":5189,""currency"":""USD"",""unit"":""MT"",""incoterms"":""FOB""}",active,2024-04-23T05:38:30.419Z,2025-12-28T05:38:30.419Z
8eaadc1b-e25c-4b81-97f9-f7d6f220e282,0af35e47-626b-47c8-9e0b-9872a03ae8b6,Industrial Grade Lithium Hydroxide 99.59%,High-quality industrial grade lithium hydroxide for industrial applications. Reliable quality for manufacturing.,Lithium Hydroxide,Industrial Grade,99.59,,56.03,,,1.21 g/cm³,0.04,MT,110,65,2820,"[""ISO 9001:2015"",""ISO 14001:2015""]",false,true,"{""Na"":""≤0.0009%"",""Mg"":""≤0.0001%"",""Ca"":""≤0.0011%"",""Fe"":""≤0.0001%""}","{""base_price"":9586,""currency"":""USD"",""unit"":""MT"",""incoterms"":""FOB""}",active,2025-05-14T05:38:30.419Z,2025-12-31T05:38:30.419Z
c20d60be-30db-4c75-88eb-b8fcec10eb6f,0af35e47-626b-47c8-9e0b-9872a03ae8b6,Battery Grade Lithium Carbonate 99.65%,High-quality battery grade lithium carbonate for EV battery applications. Meets strict automotive specifications.,Lithium Carbonate,Battery Grade,99.65,99.65,,,D50: 13μm,1.37 g/cm³,0.07,MT,49,34,5549,"[""REACH"",""RoHS"",""ISO 14001:2015"",""ISO 9001:2015""]",false,true,"{""Na"":""≤0.0005%"",""Mg"":""≤0.001%"",""Ca"":""≤0.0007%"",""Fe"":""≤0.0002%""}","{""base_price"":12404,""currency"":""USD"",""unit"":""MT"",""incoterms"":""CIF""}",active,2024-04-29T05:38:30.419Z,2025-12-20T05:38:30.419Z
ce120835-198f-4a0b-8ffb-766b37957595,0af35e47-626b-47c8-9e0b-9872a03ae8b6,Industrial Grade Lithium Hydroxide 99.52%,High-quality industrial grade lithium hydroxide for industrial applications. Reliable quality for manufacturing.,Lithium Hydroxide,Industrial Grade,99.52,,56.29,,,0.82 g/cm³,0.08,MT,239,33,2877,"[""ISO 9001:2015"",""ISO 14001:2015""]",false,true,"{""Na"":""≤0.0003%"",""Mg"":""≤0.0002%"",""Ca"":""≤0.002%"",""Fe"":""≤0.0001%""}","{""base_price"":7104,""currency"":""USD"",""unit"":""MT"",""incoterms"":""CIF""}",active,2024-06-05T05:38:30.419Z,2025-12-24T05:38:30.419Z
eed2da05-9afa-4b57-a025-dc892383a415,2da0a606-c888-4caa-8d0c-81d3aed13dba,Technical Grade Lithium Hydroxide 99.91%,High-quality technical grade lithium hydroxide for industrial applications. Reliable quality for manufacturing.,Lithium Hydroxide,Technical Grade,99.91,,56.13,,,1.33 g/cm³,0.07,MT,429,50,1943,"[""IATF 16949:2016"",""ISO 14001:2015""]",false,true,"{""Na"":""≤0.0005%"",""Mg"":""≤0.0004%"",""Ca"":""≤0.0012%"",""Fe"":""≤0.0001%""}","{""base_price"":5988,""currency"":""USD"",""unit"":""MT"",""incoterms"":""CIF""}",active,2025-08-22T05:38:30.419Z,2025-12-20T05:38:30.419Z
0e2afa11-991c-4ae0-a577-eb63bf6220ca,2da0a606-c888-4caa-8d0c-81d3aed13dba,Battery Grade Lithium Spodumene,High-quality battery grade lithium spodumene for EV battery applications. Meets strict automotive specifications.,Lithium Spodumene,Battery Grade,,,,5.77,D50: 40μm,0.98 g/cm³,0.12,MT,14,36,1700,"[""REACH"",""ISO 14001:2015"",""IATF 16949:2016"",""ISO 9001:2015""]",false,true,"{""Na"":""≤0.0008%"",""Mg"":""≤0.0002%"",""Ca"":""≤0.0008%"",""Fe"":""≤0.0001%""}","{""base_price"":943,""currency"":""USD"",""unit"":""MT"",""incoterms"":""CIF""}",active,2024-09-29T05:38:30.419Z,2025-12-31T05:38:30.419Z
62bb9085-c940-4f69-b318-e46833811db8,2da0a606-c888-4caa-8d0c-81d3aed13dba,Battery Grade Lithium Chloride 98.7%,High-quality battery grade lithium chloride for EV battery applications. Meets strict automotive specifications.,Lithium Chloride,Battery Grade,98.69,,,,D50: 25μm,1.35 g/cm³,0.11,MT,15,64,3357,"[""RoHS"",""REACH"",""IATF 16949:2016"",""ISO 14001:2015""]",false,true,"{""Na"":""≤0.0008%"",""Mg"":""≤0.0006%"",""Ca"":""≤0.0015%"",""Fe"":""≤0.0003%""}","{""base_price"":862,""currency"":""USD"",""unit"":""MT"",""incoterms"":""FOB""}",out_of_stock,2024-10-08T05:38:30.419Z,2025-12-17T05:38:30.419Z
9e471f44-87d3-4491-8166-4d67c2f07410,2da0a606-c888-4caa-8d0c-81d3aed13dba,Pharmaceutical Grade Other 99.1%,High-quality pharmaceutical grade other for industrial applications. Reliable quality for manufacturing.,Other,Pharmaceutical Grade,99.06,,,,,1.15 g/cm³,0.13,MT,356,71,5780,"[""ISO 9001:2015"",""IATF 16949:2016"",""REACH"",""ISO 14001:2015""]",false,true,"{""Na"":""≤0.0002%"",""Mg"":""≤0.0003%"",""Ca"":""≤0.0005%"",""Fe"":""≤0.0001%""}","{""base_price"":8905,""currency"":""USD"",""unit"":""MT"",""incoterms"":""FOB""}",active,2024-05-11T05:38:30.419Z,2025-12-11T05:38:30.419Z
775b5373-7af3-4e42-8d24-dc2667870b59,2da0a606-c888-4caa-8d0c-81d3aed13dba,Battery Grade Recycled Lithium 99.2%,High-quality battery grade recycled lithium for EV battery applications. Meets strict automotive specifications.,Recycled Lithium,Battery Grade,99.21,,,,D50: 47μm,0.81 g/cm³,0.1,MT,48,85,3228,"[""ISO 14001:2015"",""RoHS"",""REACH""]",false,true,"{""Na"":""≤0.0003%"",""Mg"":""≤0.0008%"",""Ca"":""≤0.0011%"",""Fe"":""≤0.0002%""}","{""base_price"":876,""currency"":""USD"",""unit"":""MT"",""incoterms"":""CIF""}",active,2024-07-04T05:38:30.419Z,2025-12-29T05:38:30.419Z
4a974522-0feb-4beb-b235-367c6d782bf1,2da0a606-c888-4caa-8d0c-81d3aed13dba,Industrial Grade Lithium Hydroxide 99.54%,High-quality industrial grade lithium hydroxide for industrial applications. Reliable quality for manufacturing.,Lithium Hydroxide,Industrial Grade,99.54,,56.78,,,1.34 g/cm³,0.1,MT,344,34,1002,"[""ISO 9001:2015"",""ISO 14001:2015""]",false,true,"{""Na"":""≤0.0009%"",""Mg"":""≤0.001%"",""Ca"":""≤0.0016%"",""Fe"":""≤0.0004%""}","{""base_price"":7472,""currency"":""USD"",""unit"":""MT"",""incoterms"":""CIF""}",active,2024-04-24T05:38:30.419Z,2025-12-26T05:38:30.419Z
d4ca7f51-900f-4337-af0f-95ed89192221,2da0a606-c888-4caa-8d0c-81d3aed13dba,Pharmaceutical Grade Recycled Lithium 99.1%,High-quality pharmaceutical grade recycled lithium for industrial applications. Reliable quality for manufacturing.,Recycled Lithium,Pharmaceutical Grade,99.08,,,,,0.9 g/cm³,0.03,MT,211,38,3375,"[""RoHS"",""REACH"",""IATF 16949:2016""]",false,true,"{""Na"":""≤0.0009%"",""Mg"":""≤0.0007%"",""Ca"":""≤0.0012%"",""Fe"":""≤0.0003%""}","{""base_price"":7974,""currency"":""USD"",""unit"":""MT"",""incoterms"":""EXW""}",active,2024-04-07T05:38:30.419Z,2025-12-14T05:38:30.419Z
6c8de08d-2c0a-44ab-89e0-eacba8ac3982,2da0a606-c888-4caa-8d0c-81d3aed13dba,Industrial Grade Lithium Chloride 99.3%,High-quality industrial grade lithium chloride for industrial applications. Reliable quality for manufacturing.,Lithium Chloride,Industrial Grade,99.29,,,,,0.97 g/cm³,0.1,MT,372,58,3421,"[""ISO 9001:2015"",""ISO 14001:2015""]",false,true,"{""Na"":""≤0.0008%"",""Mg"":""≤0.0007%"",""Ca"":""≤0.0001%"",""Fe"":""≤0.0001%""}","{""base_price"":5910,""currency"":""USD"",""unit"":""MT"",""incoterms"":""EXW""}",active,2025-06-25T05:38:30.419Z,2025-12-25T05:38:30.419Z
879bcd8a-323a-4009-a65a-07e773951855,526452e8-c64a-4b48-a821-9a65c3d3da45,Battery Grade Other 98.7%,High-quality battery grade other for EV battery applications. Meets strict automotive specifications.,Other,Battery Grade,98.69,,,,D50: 48μm,1.25 g/cm³,0.14,MT,47,39,5602,"[""ISO 9001:2015"",""ISO 14001:2015"",""RoHS""]",false,true,"{""Na"":""≤0.0003%"",""Mg"":""≤0.0005%"",""Ca"":""≤0.0016%"",""Fe"":""≤0.0003%""}","{""base_price"":937,""currency"":""USD"",""unit"":""MT"",""incoterms"":""CIF""}",active,2024-03-22T05:38:30.419Z,2025-12-05T05:38:30.419Z
25dbbfd8-f215-491f-b6bd-eba06b24966e,526452e8-c64a-4b48-a821-9a65c3d3da45,Pharmaceutical Grade Recycled Lithium 99.3%,High-quality pharmaceutical grade recycled lithium for industrial applications. Reliable quality for manufacturing.,Recycled Lithium,Pharmaceutical Grade,99.26,,,,,0.93 g/cm³,0.04,MT,323,60,3918,"[""IATF 16949:2016"",""ISO 14001:2015"",""REACH""]",false,true,"{""Na"":""≤0.0001%"",""Mg"":""≤0.0004%"",""Ca"":""≤0.001%"",""Fe"":""≤0.0002%""}","{""base_price"":8937,""currency"":""USD"",""unit"":""MT"",""incoterms"":""EXW""}",active,2024-07-02T05:38:30.419Z,2025-12-28T05:38:30.419Z
af2d3f07-e83a-4b0c-96d3-ab4f457b444b,526452e8-c64a-4b48-a821-9a65c3d3da45,Industrial Grade Recycled Lithium 99.2%,High-quality industrial grade recycled lithium for industrial applications. Reliable quality for manufacturing.,Recycled Lithium,Industrial Grade,99.16,,,,,1.31 g/cm³,0.13,MT,232,49,1566,"[""IATF 16949:2016"",""ISO 9001:2015"",""RoHS""]",false,true,"{""Na"":""≤0.0003%"",""Mg"":""≤0.0001%"",""Ca"":""≤0.0013%"",""Fe"":""≤0.0003%""}","{""base_price"":7535,""currency"":""USD"",""unit"":""MT"",""incoterms"":""CIF""}",active,2025-04-19T05:38:30.419Z,2025-12-10T05:38:30.419Z
9f2721d5-9a75-4832-8092-d34aca677fbb,526452e8-c64a-4b48-a821-9a65c3d3da45,Battery Grade Lithium Carbonate 99.4%,High-quality battery grade lithium carbonate for EV battery applications. Meets strict automotive specifications.,Lithium Carbonate,Battery Grade,99.44,99.44,,,D50: 29μm,1.05 g/cm³,0.09,MT,31,88,2609,"[""RoHS"",""IATF 16949:2016"",""REACH"",""ISO 9001:2015""]",false,true,"{""Na"":""≤0.0008%"",""Mg"":""≤0.0002%"",""Ca"":""≤0.0013%"",""Fe"":""≤0.0004%""}","{""base_price"":14540,""currency"":""USD"",""unit"":""MT"",""incoterms"":""FOB""}",out_of_stock,2024-10-13T05:38:30.419Z,2026-01-02T05:38:30.419Z
4ccf218e-fd16-4484-a4ed-9f6251752fbc,526452e8-c64a-4b48-a821-9a65c3d3da45,Battery Grade Lithium Hydroxide 99.94%,High-quality battery grade lithium hydroxide for EV battery applications. Meets strict automotive specifications.,Lithium Hydroxide,Battery Grade,99.94,,56.37,,D50: 49μm,1.17 g/cm³,0.14,MT,26,48,453,"[""IATF 16949:2016"",""REACH""]",false,true,"{""Na"":""≤0.0003%"",""Mg"":""≤0.0003%"",""Ca"":""≤0.0005%"",""Fe"":""≤0.0002%""}","{""base_price"":14801,""currency"":""USD"",""unit"":""MT"",""incoterms"":""CIF""}",active,2025-02-04T05:38:30.419Z,2025-12-19T05:38:30.419Z
5c388142-e71b-4e16-aa06-e58a35811863,526452e8-c64a-4b48-a821-9a65c3d3da45,Battery Grade Lithium Chloride 98.4%,High-quality battery grade lithium chloride for EV battery applications. Meets strict automotive specifications.,Lithium Chloride,Battery Grade,98.38,,,,D50: 14μm,1.3 g/cm³,0.14,MT,40,79,892,"[""ISO 9001:2015"",""REACH""]",false,true,"{""Na"":""≤0.0006%"",""Mg"":""≤0.0009%"",""Ca"":""≤0.001%"",""Fe"":""≤0.0004%""}","{""base_price"":1188,""currency"":""USD"",""unit"":""MT"",""incoterms"":""CIF""}",active,2024-08-15T05:38:30.419Z,2025-12-09T05:38:30.419Z
4fb7f48d-502d-4160-b12d-9fbb8f16b64c,526452e8-c64a-4b48-a821-9a65c3d3da45,Technical Grade Lithium Hydroxide 99.71%,High-quality technical grade lithium hydroxide for industrial applications. Reliable quality for manufacturing.,Lithium Hydroxide,Technical Grade,99.71,,56.73,,,1.07 g/cm³,0.15,MT,150,83,269,"[""IATF 16949:2016"",""ISO 9001:2015""]",false,true,"{""Na"":""≤0.0004%"",""Mg"":""≤0.0005%"",""Ca"":""≤0.0003%"",""Fe"":""≤0.0003%""}","{""base_price"":6995,""currency"":""USD"",""unit"":""MT"",""incoterms"":""FOB""}",active,2024-11-05T05:38:30.419Z,2025-12-17T05:38:30.419Z
c79d7572-4912-4ab7-812d-7fe7c05b7424,4ab2dd23-7743-42ea-91be-b20cd0b3d3c5,Industrial Grade Lithium Spodumene,High-quality industrial grade lithium spodumene for industrial applications. Reliable quality for manufacturing.,Lithium Spodumene,Industrial Grade,,,,5.93,,1.13 g/cm³,0.02,MT,305,62,646,"[""REACH"",""ISO 9001:2015"",""ISO 14001:2015"",""IATF 16949:2016""]",false,true,"{""Na"":""≤0.0002%"",""Mg"":""≤0.0008%"",""Ca"":""≤0.0011%"",""Fe"":""≤0.0003%""}","{""base_price"":8272,""currency"":""USD"",""unit"":""MT"",""incoterms"":""FOB""}",active,2024-11-01T05:38:30.419Z,2025-12-19T05:38:30.419Z
d1ff5c89-0d64-45ab-bb92-4eb087dd564b,4ab2dd23-7743-42ea-91be-b20cd0b3d3c5,Industrial Grade Lithium Hydroxide 99.91%,High-quality industrial grade lithium hydroxide for industrial applications. Reliable quality for manufacturing.,Lithium Hydroxide,Industrial Grade,99.91,,56.86,,,1.36 g/cm³,0.08,MT,452,72,7390,"[""IATF 16949:2016"",""ISO 14001:2015"",""ISO 9001:2015"",""REACH""]",false,true,"{""Na"":""≤0.0003%"",""Mg"":""≤0.0009%"",""Ca"":""≤0.0005%"",""Fe"":""≤0.0002%""}","{""base_price"":8887,""currency"":""USD"",""unit"":""MT"",""incoterms"":""CIF""}",active,2024-06-07T05:38:30.419Z,2026-01-01T05:38:30.419Z
3bc0c3a8-1a53-4445-94b6-65c6c77cebcb,4ab2dd23-7743-42ea-91be-b20cd0b3d3c5,Industrial Grade Other 98.2%,High-quality industrial grade other for industrial applications. Reliable quality for manufacturing.,Other,Industrial Grade,98.22,,,,,0.95 g/cm³,0.08,MT,155,62,6727,"[""REACH"",""ISO 9001:2015"",""RoHS""]",false,true,"{""Na"":""≤0.0005%"",""Mg"":""≤0.0007%"",""Ca"":""≤0.0018%"",""Fe"":""≤0.0004%""}","{""base_price"":5845,""currency"":""USD"",""unit"":""MT"",""incoterms"":""FOB""}",active,2024-08-28T05:38:30.419Z,2025-12-29T05:38:30.419Z
b26f0d77-fe91-4d5b-a151-902df9a658b7,4ab2dd23-7743-42ea-91be-b20cd0b3d3c5,Battery Grade Lithium Carbonate 99.77%,High-quality battery grade lithium carbonate for EV battery applications. Meets strict automotive specifications.,Lithium Carbonate,Battery Grade,99.77,99.77,,,D50: 47μm,1.13 g/cm³,0.15,MT,28,67,2363,"[""ISO 9001:2015"",""REACH"",""ISO 14001:2015"",""RoHS""]",false,true,"{""Na"":""≤0.0004%"",""Mg"":""≤0.0003%"",""Ca"":""≤0.0006%"",""Fe"":""≤0.0003%""}","{""base_price"":12161,""currency"":""USD"",""unit"":""MT"",""incoterms"":""EXW""}",active,2024-09-03T05:38:30.419Z,2025-12-18T05:38:30.419Z
cf8bba5c-37e1-4849-a3c1-d469465a1ecf,4ab2dd23-7743-42ea-91be-b20cd0b3d3c5,Battery Grade Lithium Spodumene,High-quality battery grade lithium spodumene for EV battery applications. Meets strict automotive specifications.,Lithium Spodumene,Battery Grade,,,,6.69,D50: 16μm,0.84 g/cm³,0.12,MT,25,54,2387,"[""REACH"",""IATF 16949:2016""]",false,true,"{""Na"":""≤0.001%"",""Mg"":""≤0.0009%"",""Ca"":""≤0.0016%"",""Fe"":""≤0.0005%""}","{""base_price"":855,""currency"":""USD"",""unit"":""MT"",""incoterms"":""FOB""}",active,2025-01-11T05:38:30.419Z,2025-12-31T05:38:30.419Z
1405d76b-114b-45ab-a73e-9346de8791f9,4ab2dd23-7743-42ea-91be-b20cd0b3d3c5,Industrial Grade Lithium Carbonate 99.81%,High-quality industrial grade lithium carbonate for industrial applications. Reliable quality for manufacturing.,Lithium Carbonate,Industrial Grade,99.81,99.81,,,,0.94 g/cm³,0.05,MT,282,88,1340,"[""REACH"",""ISO 9001:2015""]",false,true,"{""Na"":""≤0.0002%"",""Mg"":""≤0.0007%"",""Ca"":""≤0.001%"",""Fe"":""≤0.0004%""}","{""base_price"":6906,""currency"":""USD"",""unit"":""MT"",""incoterms"":""FOB""}",active,2024-07-08T05:38:30.419Z,2026-01-01T05:38:30.419Z
ffeb5219-2fe2-4116-bd66-b18c87063e5f,4ab2dd23-7743-42ea-91be-b20cd0b3d3c5,Technical Grade Lithium Chloride 99.4%,High-quality technical grade lithium chloride for industrial applications. Reliable quality for manufacturing.,Lithium Chloride,Technical Grade,99.36,,,,,1.22 g/cm³,0.02,MT,195,33,2294,"[""IATF 16949:2016"",""ISO 14001:2015"",""REACH"",""ISO 9001:2015""]",false,true,"{""Na"":""≤0.0006%"",""Mg"":""≤0.0004%"",""Ca"":""≤0.0016%"",""Fe"":""≤0.0002%""}","{""base_price"":7000,""currency"":""USD"",""unit"":""MT"",""incoterms"":""CIF""}",active,2025-03-01T05:38:30.419Z,2026-01-02T05:38:30.419Z
44d4d035-1707-453e-a225-34075b28f6cb,4ab2dd23-7743-42ea-91be-b20cd0b3d3c5,Battery Grade Lithium Carbonate 99.82%,High-quality battery grade lithium carbonate for EV battery applications. Meets strict automotive specifications.,Lithium Carbonate,Battery Grade,99.82,99.82,,,D50: 42μm,1.21 g/cm³,0.02,MT,25,66,4927,"[""REACH"",""IATF 16949:2016"",""ISO 14001:2015"",""ISO 9001:2015""]",false,true,"{""Na"":""≤0.0001%"",""Mg"":""≤0.0003%"",""Ca"":""≤0.0006%"",""Fe"":""≤0.0005%""}","{""base_price"":14051,""currency"":""USD"",""unit"":""MT"",""incoterms"":""EXW""}",active,2025-05-05T05:38:30.419Z,2025-12-14T05:38:30.419Z
411dee78-28fa-4ce1-a7d6-7f3a903310e3,4ab2dd23-7743-42ea-91be-b20cd0b3d3c5,Pharmaceutical Grade Lithium Chloride 98.3%,High-quality pharmaceutical grade lithium chloride for industrial applications. Reliable quality for manufacturing.,Lithium Chloride,Pharmaceutical Grade,98.31,,,,,1.24 g/cm³,0.09,MT,434,59,767,"[""REACH"",""ISO 9001:2015""]",false,true,"{""Na"":""≤0.0003%"",""Mg"":""≤0.0005%"",""Ca"":""≤0.001%"",""Fe"":""≤0.0001%""}","{""base_price"":8644,""currency"":""USD"",""unit"":""MT"",""incoterms"":""CIF""}",active,2024-09-11T05:38:30.419Z,2025-12-16T05:38:30.419Z
15eeb565-01dc-4a00-872e-86a706caabec,4ab2dd23-7743-42ea-91be-b20cd0b3d3c5,Industrial Grade Recycled Lithium 98.5%,High-quality industrial grade recycled lithium for industrial applications. Reliable quality for manufacturing.,Recycled Lithium,Industrial Grade,98.52,,,,,1.19 g/cm³,0.12,MT,445,37,7937,"[""IATF 16949:2016"",""RoHS""]",false,true,"{""Na"":""≤0.0004%"",""Mg"":""≤0.0003%"",""Ca"":""≤0.0013%"",""Fe"":""≤0.0003%""}","{""base_price"":9111,""currency"":""USD"",""unit"":""MT"",""incoterms"":""CIF""}",active,2025-10-16T05:38:30.419Z,2025-12-16T05:38:30.419Z
230e4e32-9a29-4823-be6b-d8c77bccdd9d,4ab2dd23-7743-42ea-91be-b20cd0b3d3c5,Pharmaceutical Grade Lithium Carbonate 99.83%,High-quality pharmaceutical grade lithium carbonate for industrial applications. Reliable quality for manufacturing.,Lithium Carbonate,Pharmaceutical Grade,99.83,99.83,,,,1.25 g/cm³,0.07,MT,408,72,4500,"[""ISO 14001:2015"",""ISO 9001:2015"",""IATF 16949:2016""]",false,true,"{""Na"":""≤0.0008%"",""Mg"":""≤0.0008%"",""Ca"":""≤0.0002%"",""Fe"":""≤0.0004%""}","{""base_price"":9181,""currency"":""USD"",""unit"":""MT"",""incoterms"":""FOB""}",active,2024-09-22T05:38:30.419Z,2025-12-24T05:38:30.419Z
1b265711-d7dd-4a7c-a69f-f5abc1f05584,4ab2dd23-7743-42ea-91be-b20cd0b3d3c5,Technical Grade Recycled Lithium 98.7%,High-quality technical grade recycled lithium for industrial applications. Reliable quality for manufacturing.,Recycled Lithium,Technical Grade,98.71,,,,,0.92 g/cm³,0.12,MT,387,38,7806,"[""REACH"",""ISO 14001:2015""]",false,true,"{""Na"":""≤0.0001%"",""Mg"":""≤0.0003%"",""Ca"":""≤0.0008%"",""Fe"":""≤0.0002%""}","{""base_price"":8517,""currency"":""USD"",""unit"":""MT"",""incoterms"":""FOB""}",out_of_stock,2024-12-19T05:38:30.419Z,2025-12-13T05:38:30.419Z
1159ab46-ed47-4783-be3b-e6dd1d67730d,58cdc450-a548-4401-8bf2-112ce2b3a84d,Technical Grade Lithium Carbonate 99.72%,High-quality technical grade lithium carbonate for industrial applications. Reliable quality for manufacturing.,Lithium Carbonate,Technical Grade,99.72,99.72,,,,1.28 g/cm³,0.13,MT,276,35,6677,"[""REACH"",""ISO 9001:2015"",""IATF 16949:2016""]",false,true,"{""Na"":""≤0.0001%"",""Mg"":""≤0.0005%"",""Ca"":""≤0.0018%"",""Fe"":""≤0.0001%""}","{""base_price"":8933,""currency"":""USD"",""unit"":""MT"",""incoterms"":""CIF""}",active,2025-02-27T05:38:30.419Z,2025-12-18T05:38:30.419Z
de71fb65-9f10-4569-a58a-13641745f996,58cdc450-a548-4401-8bf2-112ce2b3a84d,Battery Grade Recycled Lithium 98.1%,High-quality battery grade recycled lithium for EV battery applications. Meets strict automotive specifications.,Recycled Lithium,Battery Grade,98.07,,,,D50: 44μm,1.14 g/cm³,0.01,MT,49,76,5866,"[""REACH"",""IATF 16949:2016"",""RoHS"",""ISO 14001:2015""]",false,true,"{""Na"":""≤0.0005%"",""Mg"":""≤0.0002%"",""Ca"":""≤0.0002%"",""Fe"":""≤0.0004%""}","{""base_price"":1195,""currency"":""USD"",""unit"":""MT"",""incoterms"":""FOB""}",active,2024-10-14T05:38:30.419Z,2025-12-09T05:38:30.419Z
7a03a0b7-173f-43d9-9bca-b0463eea1263,58cdc450-a548-4401-8bf2-112ce2b3a84d,Battery Grade Lithium Spodumene,High-quality battery grade lithium spodumene for EV battery applications. Meets strict automotive specifications.,Lithium Spodumene,Battery Grade,,,,5.57,D50: 50μm,1.35 g/cm³,0.13,MT,40,55,9889,"[""ISO 9001:2015"",""ISO 14001:2015""]",false,true,"{""Na"":""≤0.0007%"",""Mg"":""≤0.0002%"",""Ca"":""≤0.001%"",""Fe"":""≤0.0004%""}","{""base_price"":810,""currency"":""USD"",""unit"":""MT"",""incoterms"":""EXW""}",active,2025-02-06T05:38:30.419Z,2026-01-02T05:38:30.419Z
67f0c6bf-6959-4805-97da-45acefdd7a9d,58cdc450-a548-4401-8bf2-112ce2b3a84d,Battery Grade Lithium Chloride 98.9%,High-quality battery grade lithium chloride for EV battery applications. Meets strict automotive specifications.,Lithium Chloride,Battery Grade,98.94,,,,D50: 42μm,0.9 g/cm³,0.12,MT,17,64,7076,"[""ISO 9001:2015"",""REACH"",""RoHS"",""ISO 14001:2015""]",false,true,"{""Na"":""≤0.0001%"",""Mg"":""≤0.0002%"",""Ca"":""≤0.0005%"",""Fe"":""≤0.0004%""}","{""base_price"":900,""currency"":""USD"",""unit"":""MT"",""incoterms"":""EXW""}",out_of_stock,2025-02-19T05:38:30.419Z,2025-12-21T05:38:30.419Z
9a219b92-d0de-4310-8986-467b1a7ee5ff,58cdc450-a548-4401-8bf2-112ce2b3a84d,Technical Grade Lithium Hydroxide 99.59%,High-quality technical grade lithium hydroxide for industrial applications. Reliable quality for manufacturing.,Lithium Hydroxide,Technical Grade,99.59,,56.82,,,1.09 g/cm³,0.1,MT,368,57,3042,"[""IATF 16949:2016"",""RoHS""]",false,true,"{""Na"":""≤0.0005%"",""Mg"":""≤0.0003%"",""Ca"":""≤0.0004%"",""Fe"":""≤0.0003%""}","{""base_price"":8213,""currency"":""USD"",""unit"":""MT"",""incoterms"":""FOB""}",active,2025-03-01T05:38:30.419Z,2025-12-26T05:38:30.419Z
c0a26e44-f7a7-415e-b2a7-f1b932bbc131,58cdc450-a548-4401-8bf2-112ce2b3a84d,Battery Grade Other 98.6%,High-quality battery grade other for EV battery applications. Meets strict automotive specifications.,Other,Battery Grade,98.58,,,,D50: 36μm,1.03 g/cm³,0.1,MT,46,75,6757,"[""RoHS"",""IATF 16949:2016""]",false,true,"{""Na"":""≤0.0009%"",""Mg"":""≤0.0005%"",""Ca"":""≤0.0016%"",""Fe"":""≤0.0002%""}","{""base_price"":855,""currency"":""USD"",""unit"":""MT"",""incoterms"":""FOB""}",active,2025-02-12T05:38:30.420Z,2025-12-24T05:38:30.420Z
da83ec2d-d89b-40ea-87e3-389709b6c56b,58cdc450-a548-4401-8bf2-112ce2b3a84d,Battery Grade Other 99.0%,High-quality battery grade other for EV battery applications. Meets strict automotive specifications.,Other,Battery Grade,98.95,,,,D50: 47μm,0.94 g/cm³,0.11,MT,40,78,9313,"[""RoHS"",""REACH"",""IATF 16949:2016"",""ISO 14001:2015""]",false,true,"{""Na"":""≤0.0009%"",""Mg"":""≤0.0006%"",""Ca"":""≤0.0012%"",""Fe"":""≤0.0002%""}","{""base_price"":901,""currency"":""USD"",""unit"":""MT"",""incoterms"":""FOB""}",active,2024-10-31T05:38:30.420Z,2025-12-12T05:38:30.420Z
f3ff9be9-2a82-4a39-b282-188c831fd98b,07d0779a-7ff7-4ee0-b847-3d7249aff3bf,Battery Grade Lithium Carbonate 99.5%,High-quality battery grade lithium carbonate for EV battery applications. Meets strict automotive specifications.,Lithium Carbonate,Battery Grade,99.48,99.48,,,D50: 23μm,1.3 g/cm³,0.14,MT,39,37,2417,"[""ISO 9001:2015"",""REACH"",""ISO 14001:2015""]",false,true,"{""Na"":""≤0.0005%"",""Mg"":""≤0.0007%"",""Ca"":""≤0.0005%"",""Fe"":""≤0.0004%""}","{""base_price"":12047,""currency"":""USD"",""unit"":""MT"",""incoterms"":""EXW""}",active,2024-04-14T05:38:30.420Z,2025-12-24T05:38:30.420Z
09fad50e-7388-4207-8df6-4ca011826aef,07d0779a-7ff7-4ee0-b847-3d7249aff3bf,Pharmaceutical Grade Lithium Spodumene,High-quality pharmaceutical grade lithium spodumene for industrial applications. Reliable quality for manufacturing.,Lithium Spodumene,Pharmaceutical Grade,,,,6.93,,1.17 g/cm³,0.08,MT,469,66,627,"[""IATF 16949:2016"",""ISO 14001:2015""]",false,true,"{""Na"":""≤0.0005%"",""Mg"":""≤0.001%"",""Ca"":""≤0.0019%"",""Fe"":""≤0.0004%""}","{""base_price"":6979,""currency"":""USD"",""unit"":""MT"",""incoterms"":""EXW""}",active,2024-03-14T05:38:30.420Z,2025-12-08T05:38:30.420Z
09c8c8d2-a4bf-489e-8d79-2439bf8f7e2d,07d0779a-7ff7-4ee0-b847-3d7249aff3bf,Technical Grade Recycled Lithium 98.5%,High-quality technical grade recycled lithium for industrial applications. Reliable quality for manufacturing.,Recycled Lithium,Technical Grade,98.54,,,,,0.92 g/cm³,0.01,MT,362,53,7878,"[""REACH"",""IATF 16949:2016""]",false,true,"{""Na"":""≤0.0008%"",""Mg"":""≤0.0005%"",""Ca"":""≤0.0003%"",""Fe"":""≤0.0004%""}","{""base_price"":5046,""currency"":""USD"",""unit"":""MT"",""incoterms"":""FOB""}",active,2024-10-31T05:38:30.420Z,2025-12-22T05:38:30.420Z
d1caec5c-3e30-4309-ab60-8164e5d6166d,07d0779a-7ff7-4ee0-b847-3d7249aff3bf,Pharmaceutical Grade Lithium Hydroxide 99.86%,High-quality pharmaceutical grade lithium hydroxide for industrial applications. Reliable quality for manufacturing.,Lithium Hydroxide,Pharmaceutical Grade,99.86,,56.21,,,0.83 g/cm³,0.13,MT,133,80,5935,"[""REACH"",""ISO 14001:2015"",""IATF 16949:2016"",""RoHS""]",false,true,"{""Na"":""≤0.0009%"",""Mg"":""≤0.0004%"",""Ca"":""≤0.0004%"",""Fe"":""≤0.0004%""}","{""base_price"":6584,""currency"":""USD"",""unit"":""MT"",""incoterms"":""FOB""}",active,2025-10-09T05:38:30.420Z,2025-12-17T05:38:30.420Z
a364cec7-ee0f-489d-ba03-fb42afcab913,07d0779a-7ff7-4ee0-b847-3d7249aff3bf,Industrial Grade Other 98.6%,High-quality industrial grade other for industrial applications. Reliable quality for manufacturing.,Other,Industrial Grade,98.63,,,,,0.97 g/cm³,0.04,MT,130,47,7718,"[""ISO 9001:2015"",""ISO 14001:2015"",""IATF 16949:2016"",""REACH""]",false,true,"{""Na"":""≤0.0003%"",""Mg"":""≤0.0004%"",""Ca"":""≤0.0018%"",""Fe"":""≤0.0002%""}","{""base_price"":7549,""currency"":""USD"",""unit"":""MT"",""incoterms"":""FOB""}",active,2025-03-15T05:38:30.420Z,2025-12-21T05:38:30.420Z
a3e66833-d8e6-4ebd-8496-9880aecc29b4,07d0779a-7ff7-4ee0-b847-3d7249aff3bf,Technical Grade Lithium Carbonate 99.89%,High-quality technical grade lithium carbonate for industrial applications. Reliable quality for manufacturing.,Lithium Carbonate,Technical Grade,99.89,99.89,,,,1.18 g/cm³,0.09,MT,196,39,4982,"[""IATF 16949:2016"",""REACH"",""ISO 14001:2015"",""ISO 9001:2015""]",false,true,"{""Na"":""≤0.0006%"",""Mg"":""≤0.0009%"",""Ca"":""≤0.0003%"",""Fe"":""≤0.0002%""}","{""base_price"":9592,""currency"":""USD"",""unit"":""MT"",""incoterms"":""EXW""}",active,2024-09-16T05:38:30.420Z,2025-12-31T05:38:30.420Z
d766c840-eff3-4677-be6f-66b9c85cc8c6,07d0779a-7ff7-4ee0-b847-3d7249aff3bf,Industrial Grade Lithium Chloride 99.3%,High-quality industrial grade lithium chloride for industrial applications. Reliable quality for manufacturing.,Lithium Chloride,Industrial Grade,99.26,,,,,1.27 g/cm³,0.02,MT,372,53,3844,"[""REACH"",""ISO 9001:2015"",""RoHS"",""IATF 16949:2016""]",false,true,"{""Na"":""≤0.0006%"",""Mg"":""≤0.0002%"",""Ca"":""≤0.0001%"",""Fe"":""≤0.0004%""}","{""base_price"":5288,""currency"":""USD"",""unit"":""MT"",""incoterms"":""FOB""}",active,2025-02-26T05:38:30.420Z,2025-12-17T05:38:30.420Z
5ae59244-c841-4a26-a440-e4c3c3778ead,07d0779a-7ff7-4ee0-b847-3d7249aff3bf,Technical Grade Lithium Carbonate 99.4%,High-quality technical grade lithium carbonate for industrial applications. Reliable quality for manufacturing.,Lithium Carbonate,Technical Grade,99.37,99.37,,,,1.04 g/cm³,0.06,MT,257,48,6646,"[""IATF 16949:2016"",""REACH"",""RoHS""]",false,true,"{""Na"":""≤0.0007%"",""Mg"":""≤0.0008%"",""Ca"":""≤0.0019%"",""Fe"":""≤0.0004%""}","{""base_price"":8000,""currency"":""USD"",""unit"":""MT"",""incoterms"":""CIF""}",out_of_stock,2025-08-21T05:38:30.420Z,2025-12-05T05:38:30.420Z
b463b174-1834-414d-9ab0-d6458ac644f7,07d0779a-7ff7-4ee0-b847-3d7249aff3bf,Pharmaceutical Grade Lithium Hydroxide 99.79%,High-quality pharmaceutical grade lithium hydroxide for industrial applications. Reliable quality for manufacturing.,Lithium Hydroxide,Pharmaceutical Grade,99.79,,56.86,,,1.09 g/cm³,0.09,MT,380,55,3447,"[""RoHS"",""REACH""]",false,true,"{""Na"":""≤0.0001%"",""Mg"":""≤0.0002%"",""Ca"":""≤0.0009%"",""Fe"":""≤0.0002%""}","{""base_price"":8321,""currency"":""USD"",""unit"":""MT"",""incoterms"":""EXW""}",active,2024-03-23T05:38:30.420Z,2025-12-13T05:38:30.420Z
b90e5d47-760f-4316-926e-f9d99726e370,07d0779a-7ff7-4ee0-b847-3d7249aff3bf,Technical Grade Other 98.3%,High-quality technical grade other for industrial applications. Reliable quality for manufacturing.,Other,Technical Grade,98.29,,,,,1.34 g/cm³,0.05,MT,273,31,7269,"[""RoHS"",""REACH"",""IATF 16949:2016""]",false,true,"{""Na"":""≤0.0007%"",""Mg"":""≤0.0009%"",""Ca"":""≤0.0016%"",""Fe"":""≤0.0005%""}","{""base_price"":7022,""currency"":""USD"",""unit"":""MT"",""incoterms"":""FOB""}",active,2024-11-25T05:38:30.420Z,2025-12-07T05:38:30.420Z
40e8390c-d41e-4bab-bfe3-9db6168b4cd8,07d0779a-7ff7-4ee0-b847-3d7249aff3bf,Battery Grade Recycled Lithium 98.8%,High-quality battery grade recycled lithium for EV battery applications. Meets strict automotive specifications.,Recycled Lithium,Battery Grade,98.81,,,,D50: 15μm,0.98 g/cm³,0.04,MT,39,83,9411,"[""ISO 9001:2015"",""ISO 14001:2015"",""RoHS"",""REACH""]",false,true,"{""Na"":""≤0.0008%"",""Mg"":""≤0.0005%"",""Ca"":""≤0.0016%"",""Fe"":""≤0.0004%""}","{""base_price"":1136,""currency"":""USD"",""unit"":""MT"",""incoterms"":""EXW""}",active,2025-01-13T05:38:30.420Z,2025-12-29T05:38:30.420Z
6de804ba-e6c5-4597-9796-3f5e1c7307f0,07d0779a-7ff7-4ee0-b847-3d7249aff3bf,Technical Grade Lithium Carbonate 99.4%,High-quality technical grade lithium carbonate for industrial applications. Reliable quality for manufacturing.,Lithium Carbonate,Technical Grade,99.36,99.36,,,,1.31 g/cm³,0.14,MT,247,67,8006,"[""REACH"",""RoHS"",""ISO 14001:2015"",""IATF 16949:2016""]",false,true,"{""Na"":""≤0.0004%"",""Mg"":""≤0.0007%"",""Ca"":""≤0.0012%"",""Fe"":""≤0.0005%""}","{""base_price"":5620,""currency"":""USD"",""unit"":""MT"",""incoterms"":""FOB""}",active,2025-11-26T05:38:30.420Z,2025-12-04T05:38:30.420Z
caedf8a9-6b67-4164-a40a-fdec1246ad5a,5d5649db-7391-4669-88d9-6673def550de,Technical Grade Lithium Hydroxide 99.91%,High-quality technical grade lithium hydroxide for industrial applications. Reliable quality for manufacturing.,Lithium Hydroxide,Technical Grade,99.91,,56.57,,,0.82 g/cm³,0.07,MT,236,72,7551,"[""IATF 16949:2016"",""RoHS""]",false,true,"{""Na"":""≤0.0009%"",""Mg"":""≤0.0002%"",""Ca"":""≤0.0011%"",""Fe"":""≤0.0002%""}","{""base_price"":5685,""currency"":""USD"",""unit"":""MT"",""incoterms"":""FOB""}",active,2025-04-29T05:38:30.420Z,2025-12-09T05:38:30.420Z
4ac9534d-62c7-4eff-8101-0924e917ebfa,5d5649db-7391-4669-88d9-6673def550de,Battery Grade Lithium Chloride 98.3%,High-quality battery grade lithium chloride for EV battery applications. Meets strict automotive specifications.,Lithium Chloride,Battery Grade,98.34,,,,D50: 52μm,1.22 g/cm³,0.08,MT,50,47,272,"[""RoHS"",""REACH"",""IATF 16949:2016"",""ISO 14001:2015""]",false,true,"{""Na"":""≤0.001%"",""Mg"":""≤0.001%"",""Ca"":""≤0.002%"",""Fe"":""≤0.0002%""}","{""base_price"":1074,""currency"":""USD"",""unit"":""MT"",""incoterms"":""CIF""}",active,2024-12-19T05:38:30.420Z,2025-12-04T05:38:30.420Z
9050ca6c-05f6-4ae9-b443-ca57e9a667a4,5d5649db-7391-4669-88d9-6673def550de,Pharmaceutical Grade Lithium Chloride 98.1%,High-quality pharmaceutical grade lithium chloride for industrial applications. Reliable quality for manufacturing.,Lithium Chloride,Pharmaceutical Grade,98.07,,,,,1.03 g/cm³,0.01,MT,311,30,7676,"[""RoHS"",""IATF 16949:2016"",""ISO 14001:2015"",""REACH""]",false,true,"{""Na"":""≤0.0005%"",""Mg"":""≤0.0002%"",""Ca"":""≤0.0009%"",""Fe"":""≤0.0004%""}","{""base_price"":9176,""currency"":""USD"",""unit"":""MT"",""incoterms"":""EXW""}",out_of_stock,2024-02-06T05:38:30.420Z,2025-12-09T05:38:30.420Z
6cac2923-d8c0-4c7f-8c52-9ad6df2281f0,5d5649db-7391-4669-88d9-6673def550de,Pharmaceutical Grade Lithium Chloride 99.4%,High-quality pharmaceutical grade lithium chloride for industrial applications. Reliable quality for manufacturing.,Lithium Chloride,Pharmaceutical Grade,99.37,,,,,0.89 g/cm³,0.02,MT,301,61,553,"[""REACH"",""ISO 14001:2015"",""IATF 16949:2016"",""ISO 9001:2015""]",false,true,"{""Na"":""≤0.0008%"",""Mg"":""≤0.001%"",""Ca"":""≤0.0007%"",""Fe"":""≤0.0001%""}","{""base_price"":8764,""currency"":""USD"",""unit"":""MT"",""incoterms"":""EXW""}",active,2024-05-06T05:38:30.420Z,2025-12-16T05:38:30.420Z
1294a2b9-cbfb-4389-af7c-095b33fcb0f7,5d5649db-7391-4669-88d9-6673def550de,Industrial Grade Lithium Hydroxide 99.74%,High-quality industrial grade lithium hydroxide for industrial applications. Reliable quality for manufacturing.,Lithium Hydroxide,Industrial Grade,99.74,,56.48,,,1.2 g/cm³,0.02,MT,498,52,2223,"[""RoHS"",""REACH""]",false,true,"{""Na"":""≤0.0009%"",""Mg"":""≤0.0005%"",""Ca"":""≤0.0017%"",""Fe"":""≤0.0002%""}","{""base_price"":9362,""currency"":""USD"",""unit"":""MT"",""incoterms"":""CIF""}",active,2025-05-01T05:38:30.420Z,2025-12-04T05:38:30.420Z
b727d69e-e412-4317-bfb2-1570c106f584,5d5649db-7391-4669-88d9-6673def550de,Battery Grade Recycled Lithium 98.4%,High-quality battery grade recycled lithium for EV battery applications. Meets strict automotive specifications.,Recycled Lithium,Battery Grade,98.39,,,,D50: 40μm,1.06 g/cm³,0.04,MT,37,71,8011,"[""IATF 16949:2016"",""RoHS"",""ISO 14001:2015"",""REACH""]",false,true,"{""Na"":""≤0.0006%"",""Mg"":""≤0.0005%"",""Ca"":""≤0.0002%"",""Fe"":""≤0.0003%""}","{""base_price"":1152,""currency"":""USD"",""unit"":""MT"",""incoterms"":""CIF""}",active,2025-06-09T05:38:30.420Z,2025-12-22T05:38:30.420Z
0b16dd88-adce-4878-8d4b-761ee6172fb4,5d5649db-7391-4669-88d9-6673def550de,Industrial Grade Recycled Lithium 98.2%,High-quality industrial grade recycled lithium for industrial applications. Reliable quality for manufacturing.,Recycled Lithium,Industrial Grade,98.18,,,,,1.32 g/cm³,0.09,MT,421,51,4732,"[""REACH"",""RoHS"",""IATF 16949:2016""]",false,true,"{""Na"":""≤0.0001%"",""Mg"":""≤0.0007%"",""Ca"":""≤0.0003%"",""Fe"":""≤0.0002%""}","{""base_price"":5761,""currency"":""USD"",""unit"":""MT"",""incoterms"":""EXW""}",active,2024-01-26T05:38:30.420Z,2025-12-13T05:38:30.420Z
f58c5a73-eb1a-4e4b-bb06-adfc6fe0e039,5d5649db-7391-4669-88d9-6673def550de,Pharmaceutical Grade Recycled Lithium 99.5%,High-quality pharmaceutical grade recycled lithium for industrial applications. Reliable quality for manufacturing.,Recycled Lithium,Pharmaceutical Grade,99.47,,,,,0.88 g/cm³,0.02,MT,134,69,2875,"[""REACH"",""ISO 14001:2015""]",false,true,"{""Na"":""≤0.0008%"",""Mg"":""≤0.0009%"",""Ca"":""≤0.0014%"",""Fe"":""≤0.0002%""}","{""base_price"":8127,""currency"":""USD"",""unit"":""MT"",""incoterms"":""FOB""}",active,2024-02-11T05:38:30.420Z,2025-12-24T05:38:30.420Z
07487090-b5c9-403e-ab3e-3bb1fa249096,5d5649db-7391-4669-88d9-6673def550de,Technical Grade Lithium Hydroxide 99.78%,High-quality technical grade lithium hydroxide for industrial applications. Reliable quality for manufacturing.,Lithium Hydroxide,Technical Grade,99.78,,56.02,,,1.11 g/cm³,0.03,MT,380,67,3492,"[""REACH"",""RoHS"",""ISO 14001:2015"",""ISO 9001:2015""]",false,true,"{""Na"":""≤0.0003%"",""Mg"":""≤0.0006%"",""Ca"":""≤0.0001%"",""Fe"":""≤0.0002%""}","{""base_price"":8968,""currency"":""USD"",""unit"":""MT"",""incoterms"":""CIF""}",active,2025-11-13T05:38:30.420Z,2025-12-08T05:38:30.420Z
b3183a82-dffb-488e-8b72-c6fa3b457dc0,5d5649db-7391-4669-88d9-6673def550de,Pharmaceutical Grade Recycled Lithium 99.0%,High-quality pharmaceutical grade recycled lithium for industrial applications. Reliable quality for manufacturing.,Recycled Lithium,Pharmaceutical Grade,99,,,,,1.2 g/cm³,0.1,MT,302,40,2850,"[""REACH"",""ISO 14001:2015"",""RoHS""]",false,true,"{""Na"":""≤0.0004%"",""Mg"":""≤0.0002%"",""Ca"":""≤0.0007%"",""Fe"":""≤0.0002%""}","{""base_price"":9480,""currency"":""USD"",""unit"":""MT"",""incoterms"":""CIF""}",active,2025-04-09T05:38:30.420Z,2025-12-22T05:38:30.420Z
0de54948-f6aa-4ea2-b88d-da733924e09f,3f719a20-196e-4723-8a34-9b1673a8bc47,Pharmaceutical Grade Lithium Spodumene,High-quality pharmaceutical grade lithium spodumene for industrial applications. Reliable quality for manufacturing.,Lithium Spodumene,Pharmaceutical Grade,,,,6.96,,1.21 g/cm³,0.09,MT,229,86,6860,"[""ISO 9001:2015"",""RoHS"",""ISO 14001:2015"",""IATF 16949:2016""]",false,true,"{""Na"":""≤0.0002%"",""Mg"":""≤0.0005%"",""Ca"":""≤0.0009%"",""Fe"":""≤0.0001%""}","{""base_price"":6514,""currency"":""USD"",""unit"":""MT"",""incoterms"":""FOB""}",active,2024-06-08T05:38:30.420Z,2025-12-30T05:38:30.420Z
8611a731-fb05-406b-a50f-3aba05677fed,3f719a20-196e-4723-8a34-9b1673a8bc47,Industrial Grade Other 98.3%,High-quality industrial grade other for industrial applications. Reliable quality for manufacturing.,Other,Industrial Grade,98.32,,,,,0.96 g/cm³,0.09,MT,97,36,5598,"[""ISO 9001:2015"",""ISO 14001:2015"",""IATF 16949:2016"",""REACH""]",false,true,"{""Na"":""≤0.0002%"",""Mg"":""≤0.0001%"",""Ca"":""≤0.0014%"",""Fe"":""≤0.0003%""}","{""base_price"":5132,""currency"":""USD"",""unit"":""MT"",""incoterms"":""EXW""}",active,2024-12-25T05:38:30.420Z,2025-12-05T05:38:30.420Z
ccb9d893-bb3e-4cca-8624-4032a00f4337,3f719a20-196e-4723-8a34-9b1673a8bc47,Technical Grade Lithium Chloride 98.5%,High-quality technical grade lithium chloride for industrial applications. Reliable quality for manufacturing.,Lithium Chloride,Technical Grade,98.45,,,,,1.28 g/cm³,0.1,MT,490,89,3282,"[""RoHS"",""ISO 14001:2015"",""IATF 16949:2016""]",false,true,"{""Na"":""≤0.0001%"",""Mg"":""≤0.0003%"",""Ca"":""≤0.0011%"",""Fe"":""≤0.0001%""}","{""base_price"":8038,""currency"":""USD"",""unit"":""MT"",""incoterms"":""EXW""}",active,2025-10-18T05:38:30.420Z,2025-12-05T05:38:30.420Z
413914ff-6f49-4eda-9f9c-3598a677c25b,3f719a20-196e-4723-8a34-9b1673a8bc47,Pharmaceutical Grade Lithium Spodumene,High-quality pharmaceutical grade lithium spodumene for industrial applications. Reliable quality for manufacturing.,Lithium Spodumene,Pharmaceutical Grade,,,,6.93,,0.95 g/cm³,0.05,MT,66,83,4083,"[""REACH"",""ISO 9001:2015"",""ISO 14001:2015"",""IATF 16949:2016""]",false,true,"{""Na"":""≤0.0007%"",""Mg"":""≤0.0003%"",""Ca"":""≤0.0015%"",""Fe"":""≤0.0003%""}","{""base_price"":6776,""currency"":""USD"",""unit"":""MT"",""incoterms"":""FOB""}",active,2025-06-19T05:38:30.420Z,2025-12-31T05:38:30.420Z
670bb993-9d98-4a06-b067-0b0a5501040b,3f719a20-196e-4723-8a34-9b1673a8bc47,Pharmaceutical Grade Lithium Spodumene,High-quality pharmaceutical grade lithium spodumene for industrial applications. Reliable quality for manufacturing.,Lithium Spodumene,Pharmaceutical Grade,,,,5.59,,1 g/cm³,0.01,MT,374,62,5354,"[""IATF 16949:2016"",""ISO 14001:2015"",""RoHS"",""REACH""]",false,true,"{""Na"":""≤0.0002%"",""Mg"":""≤0.0005%"",""Ca"":""≤0.0007%"",""Fe"":""≤0.0002%""}","{""base_price"":8256,""currency"":""USD"",""unit"":""MT"",""incoterms"":""FOB""}",active,2024-06-03T05:38:30.420Z,2025-12-16T05:38:30.420Z
850da37f-9094-4978-94a3-f58ab58c4e24,3f719a20-196e-4723-8a34-9b1673a8bc47,Technical Grade Other 98.1%,High-quality technical grade other for industrial applications. Reliable quality for manufacturing.,Other,Technical Grade,98.11,,,,,1.36 g/cm³,0.14,MT,264,64,7439,"[""ISO 9001:2015"",""ISO 14001:2015"",""REACH""]",false,true,"{""Na"":""≤0.0006%"",""Mg"":""≤0.0003%"",""Ca"":""≤0.0007%"",""Fe"":""≤0.0002%""}","{""base_price"":7767,""currency"":""USD"",""unit"":""MT"",""incoterms"":""EXW""}",active,2024-12-03T05:38:30.420Z,2025-12-20T05:38:30.420Z
72415631-b597-442f-8781-9208aa9446de,3f719a20-196e-4723-8a34-9b1673a8bc47,Pharmaceutical Grade Recycled Lithium 98.3%,High-quality pharmaceutical grade recycled lithium for industrial applications. Reliable quality for manufacturing.,Recycled Lithium,Pharmaceutical Grade,98.35,,,,,1.18 g/cm³,0.04,MT,100,90,5069,"[""ISO 9001:2015"",""RoHS"",""IATF 16949:2016"",""REACH""]",false,true,"{""Na"":""≤0.0003%"",""Mg"":""≤0.0009%"",""Ca"":""≤0.0019%"",""Fe"":""≤0.0002%""}","{""base_price"":5108,""currency"":""USD"",""unit"":""MT"",""incoterms"":""EXW""}",active,2025-05-19T05:38:30.420Z,2025-12-09T05:38:30.420Z
495e6233-2344-4db8-ac25-eaffdcdd1468,3f719a20-196e-4723-8a34-9b1673a8bc47,Industrial Grade Other 98.1%,High-quality industrial grade other for industrial applications. Reliable quality for manufacturing.,Other,Industrial Grade,98.12,,,,,1.01 g/cm³,0.06,MT,485,73,9584,"[""ISO 9001:2015"",""ISO 14001:2015"",""IATF 16949:2016""]",false,true,"{""Na"":""≤0.0003%"",""Mg"":""≤0.0009%"",""Ca"":""≤0.0002%"",""Fe"":""≤0.0002%""}","{""base_price"":8486,""currency"":""USD"",""unit"":""MT"",""incoterms"":""EXW""}",active,2025-01-05T05:38:30.420Z,2025-12-31T05:38:30.420Z
0c595511-4b9f-495c-966e-cf3550d9caf9,3f719a20-196e-4723-8a34-9b1673a8bc47,Technical Grade Lithium Spodumene,High-quality technical grade lithium spodumene for industrial applications. Reliable quality for manufacturing.,Lithium Spodumene,Technical Grade,,,,6.14,,1.39 g/cm³,0.12,MT,232,37,7075,"[""REACH"",""IATF 16949:2016"",""ISO 14001:2015"",""ISO 9001:2015""]",false,true,"{""Na"":""≤0.0004%"",""Mg"":""≤0.0003%"",""Ca"":""≤0.0012%"",""Fe"":""≤0.0001%""}","{""base_price"":7301,""currency"":""USD"",""unit"":""MT"",""incoterms"":""EXW""}",active,2025-02-06T05:38:30.420Z,2025-12-31T05:38:30.420Z
91b0d2e6-6d89-4f4f-a825-88dc24b9feba,3f719a20-196e-4723-8a34-9b1673a8bc47,Industrial Grade Recycled Lithium 98.5%,High-quality industrial grade recycled lithium for industrial applications. Reliable quality for manufacturing.,Recycled Lithium,Industrial Grade,98.54,,,,,0.99 g/cm³,0.15,MT,365,57,9016,"[""ISO 9001:2015"",""ISO 14001:2015"",""RoHS"",""IATF 16949:2016""]",false,true,"{""Na"":""≤0.0008%"",""Mg"":""≤0.0002%"",""Ca"":""≤0.001%"",""Fe"":""≤0.0005%""}","{""base_price"":6525,""currency"":""USD"",""unit"":""MT"",""incoterms"":""FOB""}",active,2024-05-23T05:38:30.420Z,2025-12-14T05:38:30.420Z
a5e2fc25-dd14-4542-91ad-636e8e435a7f,3f719a20-196e-4723-8a34-9b1673a8bc47,Battery Grade Recycled Lithium 99.2%,High-quality battery grade recycled lithium for EV battery applications. Meets strict automotive specifications.,Recycled Lithium,Battery Grade,99.24,,,,D50: 54μm,1.23 g/cm³,0.1,MT,26,61,6656,"[""ISO 9001:2015"",""ISO 14001:2015""]",false,true,"{""Na"":""≤0.0008%"",""Mg"":""≤0.0003%"",""Ca"":""≤0.0019%"",""Fe"":""≤0.0002%""}","{""base_price"":919,""currency"":""USD"",""unit"":""MT"",""incoterms"":""CIF""}",active,2025-05-03T05:38:30.420Z,2025-12-28T05:38:30.420Z
c1f9e2ad-066a-4952-8cae-6c657d85a9e3,765d0fb4-d95b-4f37-9659-74ff955aacc3,Technical Grade Lithium Spodumene,High-quality technical grade lithium spodumene for industrial applications. Reliable quality for manufacturing.,Lithium Spodumene,Technical Grade,,,,5.86,,1.37 g/cm³,0.06,MT,185,37,2088,"[""IATF 16949:2016"",""ISO 14001:2015"",""ISO 9001:2015"",""REACH""]",false,true,"{""Na"":""≤0.0003%"",""Mg"":""≤0.0006%"",""Ca"":""≤0.0013%"",""Fe"":""≤0.0004%""}","{""base_price"":7012,""currency"":""USD"",""unit"":""MT"",""incoterms"":""CIF""}",active,2024-07-12T05:38:30.420Z,2026-01-01T05:38:30.420Z
5e504ebf-a330-4d7c-8ee7-e5c92617937f,765d0fb4-d95b-4f37-9659-74ff955aacc3,Pharmaceutical Grade Recycled Lithium 98.7%,High-quality pharmaceutical grade recycled lithium for industrial applications. Reliable quality for manufacturing.,Recycled Lithium,Pharmaceutical Grade,98.69,,,,,1.02 g/cm³,0.11,MT,418,77,8501,"[""REACH"",""IATF 16949:2016""]",false,true,"{""Na"":""≤0.0002%"",""Mg"":""≤0.0009%"",""Ca"":""≤0.0009%"",""Fe"":""≤0.0004%""}","{""base_price"":7449,""currency"":""USD"",""unit"":""MT"",""incoterms"":""CIF""}",active,2025-05-27T05:38:30.420Z,2025-12-25T05:38:30.420Z
55bf00c4-fa63-4cce-afef-1380be97535e,765d0fb4-d95b-4f37-9659-74ff955aacc3,Technical Grade Recycled Lithium 99.0%,High-quality technical grade recycled lithium for industrial applications. Reliable quality for manufacturing.,Recycled Lithium,Technical Grade,99.04,,,,,0.8 g/cm³,0.09,MT,325,69,6787,"[""RoHS"",""ISO 9001:2015"",""ISO 14001:2015""]",false,true,"{""Na"":""≤0.0003%"",""Mg"":""≤0.0008%"",""Ca"":""≤0.0011%"",""Fe"":""≤0.0004%""}","{""base_price"":8865,""currency"":""USD"",""unit"":""MT"",""incoterms"":""FOB""}",active,2024-05-13T05:38:30.420Z,2025-12-07T05:38:30.420Z
c18011d0-c3fe-4573-937c-dd09e72a9f1a,765d0fb4-d95b-4f37-9659-74ff955aacc3,Pharmaceutical Grade Recycled Lithium 99.1%,High-quality pharmaceutical grade recycled lithium for industrial applications. Reliable quality for manufacturing.,Recycled Lithium,Pharmaceutical Grade,99.06,,,,,0.93 g/cm³,0.12,MT,213,63,9057,"[""ISO 9001:2015"",""ISO 14001:2015"",""IATF 16949:2016"",""RoHS""]",false,true,"{""Na"":""≤0.0006%"",""Mg"":""≤0.0002%"",""Ca"":""≤0.0004%"",""Fe"":""≤0.0003%""}","{""base_price"":8739,""currency"":""USD"",""unit"":""MT"",""incoterms"":""CIF""}",active,2025-03-14T05:38:30.420Z,2025-12-04T05:38:30.420Z
e06b5577-1f0c-460d-a351-d6e4e4cddab1,765d0fb4-d95b-4f37-9659-74ff955aacc3,Battery Grade Other 99.4%,High-quality battery grade other for EV battery applications. Meets strict automotive specifications.,Other,Battery Grade,99.36,,,,D50: 14μm,1.25 g/cm³,0.06,MT,32,75,766,"[""REACH"",""ISO 14001:2015"",""ISO 9001:2015"",""RoHS""]",false,true,"{""Na"":""≤0.0006%"",""Mg"":""≤0.0005%"",""Ca"":""≤0.0012%"",""Fe"":""≤0.0002%""}","{""base_price"":1181,""currency"":""USD"",""unit"":""MT"",""incoterms"":""EXW""}",active,2024-08-05T05:38:30.420Z,2025-12-09T05:38:30.420Z
3841eb3f-f555-431a-b6f7-f4656215bd2d,765d0fb4-d95b-4f37-9659-74ff955aacc3,Battery Grade Lithium Chloride 98.5%,High-quality battery grade lithium chloride for EV battery applications. Meets strict automotive specifications.,Lithium Chloride,Battery Grade,98.51,,,,D50: 46μm,1.32 g/cm³,0.04,MT,22,89,3949,"[""IATF 16949:2016"",""REACH"",""RoHS""]",false,true,"{""Na"":""≤0.0007%"",""Mg"":""≤0.0003%"",""Ca"":""≤0.0009%"",""Fe"":""≤0.0002%""}","{""base_price"":1075,""currency"":""USD"",""unit"":""MT"",""incoterms"":""FOB""}",active,2025-06-05T05:38:30.420Z,2025-12-19T05:38:30.420Z
6079f396-263a-440f-8034-14c849bec243,765d0fb4-d95b-4f37-9659-74ff955aacc3,Industrial Grade Recycled Lithium 99.1%,High-quality industrial grade recycled lithium for industrial applications. Reliable quality for manufacturing.,Recycled Lithium,Industrial Grade,99.11,,,,,1.26 g/cm³,0.14,MT,434,89,2260,"[""ISO 9001:2015"",""ISO 14001:2015"",""RoHS"",""IATF 16949:2016""]",false,true,"{""Na"":""≤0.0007%"",""Mg"":""≤0.0002%"",""Ca"":""≤0.0006%"",""Fe"":""≤0.0003%""}","{""base_price"":6116,""currency"":""USD"",""unit"":""MT"",""incoterms"":""FOB""}",active,2025-01-11T05:38:30.420Z,2025-12-27T05:38:30.420Z
31541f66-83eb-4c0f-aa38-4a5b6ac9c8cd,765d0fb4-d95b-4f37-9659-74ff955aacc3,Pharmaceutical Grade Other 98.7%,High-quality pharmaceutical grade other for industrial applications. Reliable quality for manufacturing.,Other,Pharmaceutical Grade,98.72,,,,,0.97 g/cm³,0.08,MT,150,71,6495,"[""ISO 9001:2015"",""ISO 14001:2015"",""RoHS"",""IATF 16949:2016""]",false,true,"{""Na"":""≤0.0009%"",""Mg"":""≤0.0007%"",""Ca"":""≤0.0001%"",""Fe"":""≤0.0005%""}","{""base_price"":7671,""currency"":""USD"",""unit"":""MT"",""incoterms"":""FOB""}",active,2025-03-30T05:38:30.420Z,2025-12-21T05:38:30.420Z
d854ec26-9a44-4b3f-9dfa-91e21723a53c,3a4a168c-8231-414f-b66c-cde9fd9e59d0,Industrial Grade Recycled Lithium 98.2%,High-quality industrial grade recycled lithium for industrial applications. Reliable quality for manufacturing.,Recycled Lithium,Industrial Grade,98.24,,,,,0.86 g/cm³,0.11,MT,370,41,7198,"[""IATF 16949:2016"",""ISO 9001:2015""]",false,true,"{""Na"":""≤0.0005%"",""Mg"":""≤0.0007%"",""Ca"":""≤0.0016%"",""Fe"":""≤0.0003%""}","{""base_price"":6236,""currency"":""USD"",""unit"":""MT"",""incoterms"":""EXW""}",active,2024-07-04T05:38:30.420Z,2025-12-17T05:38:30.420Z
ba2ec2e7-4b55-4f10-9fad-cd92a0d2f016,3a4a168c-8231-414f-b66c-cde9fd9e59d0,Technical Grade Lithium Chloride 99.1%,High-quality technical grade lithium chloride for industrial applications. Reliable quality for manufacturing.,Lithium Chloride,Technical Grade,99.12,,,,,0.99 g/cm³,0.11,MT,481,33,3791,"[""ISO 14001:2015"",""ISO 9001:2015"",""IATF 16949:2016""]",false,true,"{""Na"":""≤0.0003%"",""Mg"":""≤0.0008%"",""Ca"":""≤0.0014%"",""Fe"":""≤0.0005%""}","{""base_price"":5149,""currency"":""USD"",""unit"":""MT"",""incoterms"":""FOB""}",active,2025-06-11T05:38:30.420Z,2025-12-15T05:38:30.420Z
2024a370-e6d5-4dd0-a76a-b707e2ffde69,3a4a168c-8231-414f-b66c-cde9fd9e59d0,Industrial Grade Other 98.5%,High-quality industrial grade other for industrial applications. Reliable quality for manufacturing.,Other,Industrial Grade,98.53,,,,,1.25 g/cm³,0.12,MT,195,73,4980,"[""ISO 9001:2015"",""ISO 14001:2015""]",false,true,"{""Na"":""≤0.0007%"",""Mg"":""≤0.0008%"",""Ca"":""≤0.0005%"",""Fe"":""≤0.0003%""}","{""base_price"":9099,""currency"":""USD"",""unit"":""MT"",""incoterms"":""FOB""}",active,2024-10-23T05:38:30.420Z,2025-12-24T05:38:30.420Z
9bc0ed16-c8ea-414b-b638-d0a8b160304a,3a4a168c-8231-414f-b66c-cde9fd9e59d0,Pharmaceutical Grade Recycled Lithium 99.3%,High-quality pharmaceutical grade recycled lithium for industrial applications. Reliable quality for manufacturing.,Recycled Lithium,Pharmaceutical Grade,99.28,,,,,0.83 g/cm³,0.14,MT,364,76,8011,"[""IATF 16949:2016"",""ISO 9001:2015"",""REACH"",""RoHS""]",false,true,"{""Na"":""≤0.0008%"",""Mg"":""≤0.0007%"",""Ca"":""≤0.0002%"",""Fe"":""≤0.0004%""}","{""base_price"":5884,""currency"":""USD"",""unit"":""MT"",""incoterms"":""CIF""}",active,2025-11-06T05:38:30.420Z,2025-12-09T05:38:30.420Z
cf97831c-a59a-4918-93dc-7ca263b718d7,3a4a168c-8231-414f-b66c-cde9fd9e59d0,Industrial Grade Lithium Hydroxide 99.93%,High-quality industrial grade lithium hydroxide for industrial applications. Reliable quality for manufacturing.,Lithium Hydroxide,Industrial Grade,99.93,,56.85,,,0.93 g/cm³,0.11,MT,465,71,2865,"[""ISO 9001:2015"",""RoHS""]",false,true,"{""Na"":""≤0.0006%"",""Mg"":""≤0.0003%"",""Ca"":""≤0.0017%"",""Fe"":""≤0.0002%""}","{""base_price"":7734,""currency"":""USD"",""unit"":""MT"",""incoterms"":""EXW""}",active,2025-01-13T05:38:30.420Z,2025-12-22T05:38:30.420Z
8bd675c2-5c11-4cfe-be71-c437c5e28f7d,3a4a168c-8231-414f-b66c-cde9fd9e59d0,Industrial Grade Lithium Carbonate 99.4%,High-quality industrial grade lithium carbonate for industrial applications. Reliable quality for manufacturing.,Lithium Carbonate,Industrial Grade,99.39,99.39,,,,0.86 g/cm³,0.11,MT,82,39,1306,"[""REACH"",""RoHS"",""IATF 16949:2016"",""ISO 14001:2015""]",false,true,"{""Na"":""≤0.0008%"",""Mg"":""≤0.0003%"",""Ca"":""≤0.0013%"",""Fe"":""≤0.0003%""}","{""base_price"":7849,""currency"":""USD"",""unit"":""MT"",""incoterms"":""EXW""}",active,2025-11-20T05:38:30.420Z,2025-12-14T05:38:30.420Z
fb5080ed-b13b-4091-893f-79b10750e879,3a4a168c-8231-414f-b66c-cde9fd9e59d0,Technical Grade Lithium Chloride 98.4%,High-quality technical grade lithium chloride for industrial applications. Reliable quality for manufacturing.,Lithium Chloride,Technical Grade,98.4,,,,,1.24 g/cm³,0.1,MT,484,64,5141,"[""IATF 16949:2016"",""REACH"",""RoHS""]",false,true,"{""Na"":""≤0.0006%"",""Mg"":""≤0.0004%"",""Ca"":""≤0.001%"",""Fe"":""≤0.0005%""}","{""base_price"":9052,""currency"":""USD"",""unit"":""MT"",""incoterms"":""FOB""}",active,2024-08-01T05:38:30.420Z,2025-12-09T05:38:30.420Z
4330872e-9fd4-4c03-9ab7-f2055caa791a,265c448a-aec6-45d7-8da5-7ae53396b777,Battery Grade Lithium Hydroxide 99.84%,High-quality battery grade lithium hydroxide for EV battery applications. Meets strict automotive specifications.,Lithium Hydroxide,Battery Grade,99.84,,56.96,,D50: 40μm,1.02 g/cm³,0.04,MT,38,61,7691,"[""RoHS"",""ISO 9001:2015"",""REACH"",""ISO 14001:2015""]",false,true,"{""Na"":""≤0.0005%"",""Mg"":""≤0.0007%"",""Ca"":""≤0.0003%"",""Fe"":""≤0.0002%""}","{""base_price"":14260,""currency"":""USD"",""unit"":""MT"",""incoterms"":""CIF""}",active,2025-03-26T05:38:30.420Z,2025-12-24T05:38:30.420Z
f7b9af12-dddb-4d83-a320-7407e28c8faf,265c448a-aec6-45d7-8da5-7ae53396b777,Technical Grade Recycled Lithium 98.0%,High-quality technical grade recycled lithium for industrial applications. Reliable quality for manufacturing.,Recycled Lithium,Technical Grade,98.02,,,,,1.32 g/cm³,0.1,MT,82,62,2761,"[""ISO 9001:2015"",""IATF 16949:2016"",""ISO 14001:2015""]",false,true,"{""Na"":""≤0.0009%"",""Mg"":""≤0.0005%"",""Ca"":""≤0.0017%"",""Fe"":""≤0.0003%""}","{""base_price"":8103,""currency"":""USD"",""unit"":""MT"",""incoterms"":""CIF""}",active,2024-05-15T05:38:30.420Z,2025-12-09T05:38:30.420Z
9d8458cc-27ce-466e-9bfa-fb6cdf1ad80f,265c448a-aec6-45d7-8da5-7ae53396b777,Industrial Grade Other 98.9%,High-quality industrial grade other for industrial applications. Reliable quality for manufacturing.,Other,Industrial Grade,98.9,,,,,1.25 g/cm³,0.1,MT,334,82,8410,"[""ISO 9001:2015"",""IATF 16949:2016"",""ISO 14001:2015""]",false,true,"{""Na"":""≤0.0003%"",""Mg"":""≤0.0004%"",""Ca"":""≤0.0002%"",""Fe"":""≤0.0004%""}","{""base_price"":8719,""currency"":""USD"",""unit"":""MT"",""incoterms"":""EXW""}",active,2024-03-16T05:38:30.420Z,2025-12-06T05:38:30.420Z
d53503d3-aa9e-4ed4-b374-f7808b657ff3,265c448a-aec6-45d7-8da5-7ae53396b777,Industrial Grade Lithium Spodumene,High-quality industrial grade lithium spodumene for industrial applications. Reliable quality for manufacturing.,Lithium Spodumene,Industrial Grade,,,,5.62,,1.36 g/cm³,0.09,MT,300,58,8457,"[""ISO 9001:2015"",""ISO 14001:2015""]",false,true,"{""Na"":""≤0.0006%"",""Mg"":""≤0.0004%"",""Ca"":""≤0.0006%"",""Fe"":""≤0.0004%""}","{""base_price"":7421,""currency"":""USD"",""unit"":""MT"",""incoterms"":""CIF""}",active,2025-06-29T05:38:30.420Z,2025-12-28T05:38:30.420Z
b9eecd09-fd85-4442-9c67-9018e7b71019,265c448a-aec6-45d7-8da5-7ae53396b777,Battery Grade Recycled Lithium 98.5%,High-quality battery grade recycled lithium for EV battery applications. Meets strict automotive specifications.,Recycled Lithium,Battery Grade,98.52,,,,D50: 47μm,1.02 g/cm³,0.15,MT,41,81,6251,"[""REACH"",""RoHS"",""IATF 16949:2016"",""ISO 14001:2015""]",false,true,"{""Na"":""≤0.0001%"",""Mg"":""≤0.0009%"",""Ca"":""≤0.0018%"",""Fe"":""≤0.0001%""}","{""base_price"":863,""currency"":""USD"",""unit"":""MT"",""incoterms"":""CIF""}",active,2025-06-05T05:38:30.420Z,2025-12-13T05:38:30.420Z
f477d6c9-678d-4e83-a356-5d9a77c7f82d,265c448a-aec6-45d7-8da5-7ae53396b777,Industrial Grade Lithium Spodumene,High-quality industrial grade lithium spodumene for industrial applications. Reliable quality for manufacturing.,Lithium Spodumene,Industrial Grade,,,,6.53,,1.26 g/cm³,0.13,MT,141,57,4177,"[""IATF 16949:2016"",""RoHS"",""ISO 14001:2015"",""REACH""]",false,true,"{""Na"":""≤0.0001%"",""Mg"":""≤0.0005%"",""Ca"":""≤0.0009%"",""Fe"":""≤0.0005%""}","{""base_price"":6633,""currency"":""USD"",""unit"":""MT"",""incoterms"":""EXW""}",active,2025-01-27T05:38:30.420Z,2025-12-14T05:38:30.420Z
7f4e512c-5156-4aa7-86ea-e452e235a074,265c448a-aec6-45d7-8da5-7ae53396b777,Battery Grade Recycled Lithium 98.5%,High-quality battery grade recycled lithium for EV battery applications. Meets strict automotive specifications.,Recycled Lithium,Battery Grade,98.46,,,,D50: 34μm,1.22 g/cm³,0.12,MT,38,40,5350,"[""RoHS"",""IATF 16949:2016""]",false,true,"{""Na"":""≤0.0007%"",""Mg"":""≤0.0009%"",""Ca"":""≤0.0009%"",""Fe"":""≤0.0005%""}","{""base_price"":842,""currency"":""USD"",""unit"":""MT"",""incoterms"":""EXW""}",active,2024-09-06T05:38:30.420Z,2025-12-23T05:38:30.420Z
eb5080f1-29d5-4fef-bc4f-07cf6e01bd73,265c448a-aec6-45d7-8da5-7ae53396b777,Industrial Grade Recycled Lithium 99.4%,High-quality industrial grade recycled lithium for industrial applications. Reliable quality for manufacturing.,Recycled Lithium,Industrial Grade,99.42,,,,,1.04 g/cm³,0.11,MT,204,74,181,"[""ISO 9001:2015"",""ISO 14001:2015"",""REACH"",""IATF 16949:2016""]",false,true,"{""Na"":""≤0.0008%"",""Mg"":""≤0.0003%"",""Ca"":""≤0.001%"",""Fe"":""≤0.0004%""}","{""base_price"":8380,""currency"":""USD"",""unit"":""MT"",""incoterms"":""EXW""}",active,2025-05-30T05:38:30.420Z,2025-12-06T05:38:30.420Z
d9ffa56a-5cb6-4b7f-bc67-a78d059a194d,265c448a-aec6-45d7-8da5-7ae53396b777,Industrial Grade Lithium Hydroxide 99.54%,High-quality industrial grade lithium hydroxide for industrial applications. Reliable quality for manufacturing.,Lithium Hydroxide,Industrial Grade,99.54,,56.81,,,0.85 g/cm³,0.11,MT,316,68,4238,"[""ISO 9001:2015"",""RoHS"",""IATF 16949:2016"",""ISO 14001:2015""]",false,true,"{""Na"":""≤0.0004%"",""Mg"":""≤0.0001%"",""Ca"":""≤0.0018%"",""Fe"":""≤0.0004%""}","{""base_price"":7296,""currency"":""USD"",""unit"":""MT"",""incoterms"":""FOB""}",active,2025-04-22T05:38:30.420Z,2025-12-27T05:38:30.420Z
adf98e23-279e-41bb-9761-1039320425f9,265c448a-aec6-45d7-8da5-7ae53396b777,Technical Grade Lithium Spodumene,High-quality technical grade lithium spodumene for industrial applications. Reliable quality for manufacturing.,Lithium Spodumene,Technical Grade,,,,5.74,,0.97 g/cm³,0.13,MT,64,73,3080,"[""REACH"",""ISO 9001:2015"",""IATF 16949:2016""]",false,true,"{""Na"":""≤0.0003%"",""Mg"":""≤0.0008%"",""Ca"":""≤0.0002%"",""Fe"":""≤0.0003%""}","{""base_price"":7318,""currency"":""USD"",""unit"":""MT"",""incoterms"":""CIF""}",active,2024-08-13T05:38:30.420Z,2025-12-10T05:38:30.420Z
a60f65ef-0c79-49b5-aaa5-47606daaba96,265c448a-aec6-45d7-8da5-7ae53396b777,Battery Grade Lithium Spodumene,High-quality battery grade lithium spodumene for EV battery applications. Meets strict automotive specifications.,Lithium Spodumene,Battery Grade,,,,6.49,D50: 18μm,0.9 g/cm³,0.05,MT,46,83,2503,"[""ISO 9001:2015"",""REACH"",""ISO 14001:2015""]",false,true,"{""Na"":""≤0.0002%"",""Mg"":""≤0.0009%"",""Ca"":""≤0.001%"",""Fe"":""≤0.0003%""}","{""base_price"":1061,""currency"":""USD"",""unit"":""MT"",""incoterms"":""CIF""}",active,2024-04-15T05:38:30.420Z,2025-12-05T05:38:30.420Z
215b0f16-1857-42a5-8ff7-5ef548af42da,265c448a-aec6-45d7-8da5-7ae53396b777,Battery Grade Other 99.4%,High-quality battery grade other for EV battery applications. Meets strict automotive specifications.,Other,Battery Grade,99.39,,,,D50: 15μm,0.98 g/cm³,0.03,MT,42,81,6108,"[""REACH"",""ISO 14001:2015"",""ISO 9001:2015"",""IATF 16949:2016""]",false,true,"{""Na"":""≤0.0009%"",""Mg"":""≤0.0002%"",""Ca"":""≤0.0011%"",""Fe"":""≤0.0001%""}","{""base_price"":849,""currency"":""USD"",""unit"":""MT"",""incoterms"":""EXW""}",active,2025-06-16T05:38:30.420Z,2025-12-09T05:38:30.420Z
80a3d19f-5828-4be3-886a-b59713bb2444,265c448a-aec6-45d7-8da5-7ae53396b777,Battery Grade Lithium Carbonate 99.4%,High-quality battery grade lithium carbonate for EV battery applications. Meets strict automotive specifications.,Lithium Carbonate,Battery Grade,99.37,99.37,,,D50: 13μm,1.36 g/cm³,0.14,MT,36,55,7761,"[""ISO 9001:2015"",""ISO 14001:2015""]",false,true,"{""Na"":""≤0.0007%"",""Mg"":""≤0.0004%"",""Ca"":""≤0.0003%"",""Fe"":""≤0.0002%""}","{""base_price"":11173,""currency"":""USD"",""unit"":""MT"",""incoterms"":""EXW""}",active,2025-08-08T05:38:30.420Z,2025-12-30T05:38:30.420Z
dad62100-73fc-4767-8da4-1a82a941cdea,09191d79-d858-43a1-8a44-050d114344a7,Industrial Grade Lithium Chloride 98.5%,High-quality industrial grade lithium chloride for industrial applications. Reliable quality for manufacturing.,Lithium Chloride,Industrial Grade,98.46,,,,,1.25 g/cm³,0.08,MT,164,66,7913,"[""REACH"",""ISO 9001:2015"",""ISO 14001:2015""]",false,true,"{""Na"":""≤0.0009%"",""Mg"":""≤0.0009%"",""Ca"":""≤0.0009%"",""Fe"":""≤0.0004%""}","{""base_price"":6063,""currency"":""USD"",""unit"":""MT"",""incoterms"":""CIF""}",active,2024-02-15T05:38:30.420Z,2025-12-16T05:38:30.420Z
2c0c767e-f1d9-45e9-9aa9-8da618f1a8c5,09191d79-d858-43a1-8a44-050d114344a7,Battery Grade Lithium Carbonate 99.57%,High-quality battery grade lithium carbonate for EV battery applications. Meets strict automotive specifications.,Lithium Carbonate,Battery Grade,99.57,99.57,,,D50: 17μm,1.25 g/cm³,0.14,MT,25,61,9325,"[""ISO 9001:2015"",""ISO 14001:2015"",""IATF 16949:2016"",""REACH""]",false,true,"{""Na"":""≤0.001%"",""Mg"":""≤0.0007%"",""Ca"":""≤0.0012%"",""Fe"":""≤0.0002%""}","{""base_price"":13035,""currency"":""USD"",""unit"":""MT"",""incoterms"":""FOB""}",active,2025-10-03T05:38:30.420Z,2025-12-05T05:38:30.420Z
5fddb6f9-3947-463a-9374-54c4c6a79cbf,09191d79-d858-43a1-8a44-050d114344a7,Battery Grade Lithium Hydroxide 99.56%,High-quality battery grade lithium hydroxide for EV battery applications. Meets strict automotive specifications.,Lithium Hydroxide,Battery Grade,99.56,,56.42,,D50: 40μm,1.06 g/cm³,0.02,MT,19,73,240,"[""ISO 14001:2015"",""RoHS""]",false,true,"{""Na"":""≤0.0007%"",""Mg"":""≤0.0005%"",""Ca"":""≤0.0016%"",""Fe"":""≤0.0002%""}","{""base_price"":16488,""currency"":""USD"",""unit"":""MT"",""incoterms"":""EXW""}",active,2025-05-03T05:38:30.420Z,2026-01-02T05:38:30.420Z
0420b753-3360-4345-8232-9ca40a95e4c7,09191d79-d858-43a1-8a44-050d114344a7,Industrial Grade Lithium Carbonate 99.3%,High-quality industrial grade lithium carbonate for industrial applications. Reliable quality for manufacturing.,Lithium Carbonate,Industrial Grade,99.31,99.31,,,,0.85 g/cm³,0.09,MT,386,79,9966,"[""RoHS"",""IATF 16949:2016""]",false,true,"{""Na"":""≤0.0003%"",""Mg"":""≤0.0005%"",""Ca"":""≤0.0014%"",""Fe"":""≤0.0005%""}","{""base_price"":5423,""currency"":""USD"",""unit"":""MT"",""incoterms"":""EXW""}",active,2025-02-12T05:38:30.420Z,2025-12-29T05:38:30.420Z
1c5a6d72-0ece-4dc3-bcf5-be5bcb78f150,09191d79-d858-43a1-8a44-050d114344a7,Pharmaceutical Grade Lithium Spodumene,High-quality pharmaceutical grade lithium spodumene for industrial applications. Reliable quality for manufacturing.,Lithium Spodumene,Pharmaceutical Grade,,,,6.19,,0.94 g/cm³,0.12,MT,381,39,3572,"[""RoHS"",""IATF 16949:2016"",""ISO 14001:2015""]",false,true,"{""Na"":""≤0.0006%"",""Mg"":""≤0.0004%"",""Ca"":""≤0.0011%"",""Fe"":""≤0.0004%""}","{""base_price"":9614,""currency"":""USD"",""unit"":""MT"",""incoterms"":""EXW""}",active,2024-09-16T05:38:30.420Z,2025-12-13T05:38:30.420Z
2618fcc3-67ca-46fa-97d7-7967dbae1e18,09191d79-d858-43a1-8a44-050d114344a7,Industrial Grade Lithium Carbonate 99.56%,High-quality industrial grade lithium carbonate for industrial applications. Reliable quality for manufacturing.,Lithium Carbonate,Industrial Grade,99.56,99.56,,,,1.09 g/cm³,0.01,MT,333,66,7379,"[""RoHS"",""REACH"",""ISO 14001:2015"",""ISO 9001:2015""]",false,true,"{""Na"":""≤0.0007%"",""Mg"":""≤0.0007%"",""Ca"":""≤0.0001%"",""Fe"":""≤0.0005%""}","{""base_price"":9749,""currency"":""USD"",""unit"":""MT"",""incoterms"":""EXW""}",out_of_stock,2025-11-15T05:38:30.420Z,2025-12-22T05:38:30.420Z
ef68191e-20fa-45db-bf8b-0ac1faac8c40,09191d79-d858-43a1-8a44-050d114344a7,Technical Grade Lithium Chloride 98.2%,High-quality technical grade lithium chloride for industrial applications. Reliable quality for manufacturing.,Lithium Chloride,Technical Grade,98.24,,,,,1.14 g/cm³,0.04,MT,151,35,9338,"[""RoHS"",""REACH"",""IATF 16949:2016"",""ISO 14001:2015""]",false,true,"{""Na"":""≤0.0002%"",""Mg"":""≤0.0006%"",""Ca"":""≤0.0009%"",""Fe"":""≤0.0004%""}","{""base_price"":8725,""currency"":""USD"",""unit"":""MT"",""incoterms"":""FOB""}",active,2024-04-11T05:38:30.420Z,2025-12-29T05:38:30.420Z
6027080a-586d-4881-a19c-572c57b7ff39,09191d79-d858-43a1-8a44-050d114344a7,Industrial Grade Lithium Spodumene,High-quality industrial grade lithium spodumene for industrial applications. Reliable quality for manufacturing.,Lithium Spodumene,Industrial Grade,,,,6.73,,0.86 g/cm³,0.08,MT,145,40,3177,"[""ISO 9001:2015"",""ISO 14001:2015"",""RoHS""]",false,true,"{""Na"":""≤0.0002%"",""Mg"":""≤0.0004%"",""Ca"":""≤0.0018%"",""Fe"":""≤0.0003%""}","{""base_price"":9846,""currency"":""USD"",""unit"":""MT"",""incoterms"":""CIF""}",active,2024-09-29T05:38:30.420Z,2025-12-22T05:38:30.420Z
2993d1b2-d145-4880-9e1e-a3bdabc40098,09191d79-d858-43a1-8a44-050d114344a7,Battery Grade Lithium Hydroxide 99.90%,High-quality battery grade lithium hydroxide for EV battery applications. Meets strict automotive specifications.,Lithium Hydroxide,Battery Grade,99.9,,56.28,,D50: 21μm,0.93 g/cm³,0.09,MT,33,61,2432,"[""ISO 9001:2015"",""IATF 16949:2016""]",false,true,"{""Na"":""≤0.0009%"",""Mg"":""≤0.0006%"",""Ca"":""≤0.0019%"",""Fe"":""≤0.0005%""}","{""base_price"":15084,""currency"":""USD"",""unit"":""MT"",""incoterms"":""CIF""}",active,2024-08-18T05:38:30.420Z,2025-12-17T05:38:30.420Z
b3dc6a0a-f4fb-4001-9312-9d85b7fdb2c0,09191d79-d858-43a1-8a44-050d114344a7,Battery Grade Lithium Chloride 98.8%,High-quality battery grade lithium chloride for EV battery applications. Meets strict automotive specifications.,Lithium Chloride,Battery Grade,98.79,,,,D50: 34μm,1 g/cm³,0.02,MT,38,48,5181,"[""REACH"",""IATF 16949:2016""]",false,true,"{""Na"":""≤0.0001%"",""Mg"":""≤0.0009%"",""Ca"":""≤0.0003%"",""Fe"":""≤0.0004%""}","{""base_price"":1074,""currency"":""USD"",""unit"":""MT"",""incoterms"":""FOB""}",active,2024-05-20T05:38:30.420Z,2025-12-11T05:38:30.420Z
7f3e8f90-871d-4633-817d-8618857a4bfc,09191d79-d858-43a1-8a44-050d114344a7,Pharmaceutical Grade Lithium Chloride 99.3%,High-quality pharmaceutical grade lithium chloride for industrial applications. Reliable quality for manufacturing.,Lithium Chloride,Pharmaceutical Grade,99.32,,,,,1.13 g/cm³,0.1,MT,238,31,5463,"[""REACH"",""IATF 16949:2016""]",false,true,"{""Na"":""≤0.0002%"",""Mg"":""≤0.0005%"",""Ca"":""≤0.0009%"",""Fe"":""≤0.0003%""}","{""base_price"":5786,""currency"":""USD"",""unit"":""MT"",""incoterms"":""FOB""}",active,2024-03-12T05:38:30.420Z,2026-01-01T05:38:30.420Z
21d971f0-f715-41b8-94a1-1cb87a7f33d8,09191d79-d858-43a1-8a44-050d114344a7,Battery Grade Other 99.4%,High-quality battery grade other for EV battery applications. Meets strict automotive specifications.,Other,Battery Grade,99.41,,,,D50: 24μm,0.9 g/cm³,0.08,MT,37,36,7610,"[""ISO 14001:2015"",""REACH""]",false,true,"{""Na"":""≤0.0009%"",""Mg"":""≤0.0005%"",""Ca"":""≤0.0009%"",""Fe"":""≤0.0002%""}","{""base_price"":1080,""currency"":""USD"",""unit"":""MT"",""incoterms"":""EXW""}",active,2024-04-06T05:38:30.420Z,2025-12-30T05:38:30.420Z
a40676b0-4c78-4828-a4d4-173781e7516e,ce7e8aa8-2bd9-4139-87d2-b1810e818017,Technical Grade Lithium Carbonate 99.64%,High-quality technical grade lithium carbonate for industrial applications. Reliable quality for manufacturing.,Lithium Carbonate,Technical Grade,99.64,99.64,,,,1.05 g/cm³,0.13,MT,268,54,1608,"[""IATF 16949:2016"",""ISO 14001:2015"",""ISO 9001:2015""]",false,true,"{""Na"":""≤0.0008%"",""Mg"":""≤0.0006%"",""Ca"":""≤0.0016%"",""Fe"":""≤0.0004%""}","{""base_price"":8770,""currency"":""USD"",""unit"":""MT"",""incoterms"":""FOB""}",active,2025-03-30T05:38:30.420Z,2025-12-05T05:38:30.420Z
91e25e63-8fe8-43c2-945b-96a890e34a05,ce7e8aa8-2bd9-4139-87d2-b1810e818017,Battery Grade Lithium Hydroxide 99.91%,High-quality battery grade lithium hydroxide for EV battery applications. Meets strict automotive specifications.,Lithium Hydroxide,Battery Grade,99.91,,56.41,,D50: 45μm,0.93 g/cm³,0.11,MT,25,44,2419,"[""ISO 14001:2015"",""ISO 9001:2015"",""RoHS"",""IATF 16949:2016""]",false,true,"{""Na"":""≤0.0002%"",""Mg"":""≤0.0005%"",""Ca"":""≤0.0018%"",""Fe"":""≤0.0002%""}","{""base_price"":17260,""currency"":""USD"",""unit"":""MT"",""incoterms"":""CIF""}",active,2025-11-09T05:38:30.420Z,2025-12-11T05:38:30.420Z
d3c86aec-acdd-43ca-899b-9c711b391e70,ce7e8aa8-2bd9-4139-87d2-b1810e818017,Industrial Grade Other 98.7%,High-quality industrial grade other for industrial applications. Reliable quality for manufacturing.,Other,Industrial Grade,98.68,,,,,1.08 g/cm³,0.07,MT,317,71,1149,"[""ISO 9001:2015"",""IATF 16949:2016""]",false,true,"{""Na"":""≤0.0007%"",""Mg"":""≤0.0008%"",""Ca"":""≤0.0012%"",""Fe"":""≤0.0003%""}","{""base_price"":7776,""currency"":""USD"",""unit"":""MT"",""incoterms"":""EXW""}",active,2024-09-14T05:38:30.420Z,2025-12-03T05:38:30.420Z
e01e0632-7a50-41e7-8b3f-242630eae080,ce7e8aa8-2bd9-4139-87d2-b1810e818017,Battery Grade Recycled Lithium 99.0%,High-quality battery grade recycled lithium for EV battery applications. Meets strict automotive specifications.,Recycled Lithium,Battery Grade,98.99,,,,D50: 31μm,0.98 g/cm³,0.09,MT,50,64,9815,"[""ISO 9001:2015"",""IATF 16949:2016"",""REACH""]",false,true,"{""Na"":""≤0.0004%"",""Mg"":""≤0.0005%"",""Ca"":""≤0.0008%"",""Fe"":""≤0.0004%""}","{""base_price"":883,""currency"":""USD"",""unit"":""MT"",""incoterms"":""CIF""}",active,2024-10-22T05:38:30.420Z,2026-01-01T05:38:30.420Z
54ec724c-f65d-4a68-b283-b956b14f78ee,ce7e8aa8-2bd9-4139-87d2-b1810e818017,Industrial Grade Lithium Spodumene,High-quality industrial grade lithium spodumene for industrial applications. Reliable quality for manufacturing.,Lithium Spodumene,Industrial Grade,,,,5.71,,1.33 g/cm³,0.05,MT,195,51,4378,"[""ISO 9001:2015"",""REACH"",""RoHS"",""IATF 16949:2016""]",false,true,"{""Na"":""≤0.001%"",""Mg"":""≤0.0001%"",""Ca"":""≤0.0015%"",""Fe"":""≤0.0004%""}","{""base_price"":6624,""currency"":""USD"",""unit"":""MT"",""incoterms"":""FOB""}",active,2025-07-20T05:38:30.420Z,2025-12-17T05:38:30.420Z
4223b508-cee8-49f4-99df-995e08b519d2,ce7e8aa8-2bd9-4139-87d2-b1810e818017,Battery Grade Lithium Carbonate 99.66%,High-quality battery grade lithium carbonate for EV battery applications. Meets strict automotive specifications.,Lithium Carbonate,Battery Grade,99.66,99.66,,,D50: 44μm,0.82 g/cm³,0.1,MT,44,86,5175,"[""IATF 16949:2016"",""RoHS""]",false,true,"{""Na"":""≤0.0006%"",""Mg"":""≤0.0003%"",""Ca"":""≤0.0014%"",""Fe"":""≤0.0001%""}","{""base_price"":12058,""currency"":""USD"",""unit"":""MT"",""incoterms"":""EXW""}",active,2024-11-06T05:38:30.421Z,2025-12-14T05:38:30.421Z
0ecb5f86-f8ba-45cd-bf4b-b1fc1dbfe201,ce7e8aa8-2bd9-4139-87d2-b1810e818017,Battery Grade Lithium Spodumene,High-quality battery grade lithium spodumene for EV battery applications. Meets strict automotive specifications.,Lithium Spodumene,Battery Grade,,,,6.54,D50: 29μm,1.28 g/cm³,0.06,MT,36,89,642,"[""ISO 14001:2015"",""ISO 9001:2015""]",false,true,"{""Na"":""≤0.0009%"",""Mg"":""≤0.001%"",""Ca"":""≤0.0016%"",""Fe"":""≤0.0002%""}","{""base_price"":1106,""currency"":""USD"",""unit"":""MT"",""incoterms"":""FOB""}",active,2025-07-04T05:38:30.421Z,2025-12-24T05:38:30.421Z
334bec53-0928-4311-8eb1-26d3b8d1c750,ce7e8aa8-2bd9-4139-87d2-b1810e818017,Pharmaceutical Grade Recycled Lithium 98.9%,High-quality pharmaceutical grade recycled lithium for industrial applications. Reliable quality for manufacturing.,Recycled Lithium,Pharmaceutical Grade,98.9,,,,,1.02 g/cm³,0.1,MT,328,53,6575,"[""IATF 16949:2016"",""REACH"",""ISO 9001:2015"",""RoHS""]",false,true,"{""Na"":""≤0.0005%"",""Mg"":""≤0.0008%"",""Ca"":""≤0.0014%"",""Fe"":""≤0.0003%""}","{""base_price"":9805,""currency"":""USD"",""unit"":""MT"",""incoterms"":""FOB""}",active,2024-02-01T05:38:30.421Z,2025-12-29T05:38:30.421Z
f738180a-6eaa-4ea0-85c9-cc08758dabca,ce7e8aa8-2bd9-4139-87d2-b1810e818017,Industrial Grade Lithium Hydroxide 99.51%,High-quality industrial grade lithium hydroxide for industrial applications. Reliable quality for manufacturing.,Lithium Hydroxide,Industrial Grade,99.51,,56.9,,,1.37 g/cm³,0.12,MT,447,34,6638,"[""RoHS"",""ISO 9001:2015"",""ISO 14001:2015""]",false,true,"{""Na"":""≤0.0003%"",""Mg"":""≤0.0005%"",""Ca"":""≤0.0006%"",""Fe"":""≤0.0002%""}","{""base_price"":7351,""currency"":""USD"",""unit"":""MT"",""incoterms"":""EXW""}",active,2024-06-03T05:38:30.421Z,2025-12-12T05:38:30.421Z
e111bfb2-1838-470a-aa37-d2eac71e3f68,ce7e8aa8-2bd9-4139-87d2-b1810e818017,Battery Grade Lithium Carbonate 99.75%,High-quality battery grade lithium carbonate for EV battery applications. Meets strict automotive specifications.,Lithium Carbonate,Battery Grade,99.75,99.75,,,D50: 24μm,1.02 g/cm³,0.03,MT,33,54,3598,"[""ISO 9001:2015"",""REACH"",""RoHS""]",false,true,"{""Na"":""≤0.0002%"",""Mg"":""≤0.0009%"",""Ca"":""≤0.0004%"",""Fe"":""≤0.0002%""}","{""base_price"":12048,""currency"":""USD"",""unit"":""MT"",""incoterms"":""EXW""}",active,2025-08-22T05:38:30.421Z,2025-12-22T05:38:30.421Z
454b71a4-05c8-453b-87cc-ac4c705501d6,ce7e8aa8-2bd9-4139-87d2-b1810e818017,Industrial Grade Lithium Hydroxide 99.51%,High-quality industrial grade lithium hydroxide for industrial applications. Reliable quality for manufacturing.,Lithium Hydroxide,Industrial Grade,99.51,,56.53,,,1.17 g/cm³,0.1,MT,355,57,6777,"[""RoHS"",""IATF 16949:2016""]",false,true,"{""Na"":""≤0.0002%"",""Mg"":""≤0.0009%"",""Ca"":""≤0.0017%"",""Fe"":""≤0.0004%""}","{""base_price"":9507,""currency"":""USD"",""unit"":""MT"",""incoterms"":""CIF""}",active,2024-06-24T05:38:30.421Z,2025-12-12T05:38:30.421Z
fa78c400-fa61-4cf1-a671-64b9832404be,ce7e8aa8-2bd9-4139-87d2-b1810e818017,Industrial Grade Other 98.9%,High-quality industrial grade other for industrial applications. Reliable quality for manufacturing.,Other,Industrial Grade,98.94,,,,,1.36 g/cm³,0.11,MT,209,60,8153,"[""ISO 14001:2015"",""REACH"",""IATF 16949:2016"",""RoHS""]",false,true,"{""Na"":""≤0.0004%"",""Mg"":""≤0.0008%"",""Ca"":""≤0.0003%"",""Fe"":""≤0.0003%""}","{""base_price"":6099,""currency"":""USD"",""unit"":""MT"",""incoterms"":""CIF""}",active,2024-04-29T05:38:30.421Z,2025-12-28T05:38:30.421Z
96a0cb3c-f5ed-4712-8c5d-917ccb8b14f9,ce7e8aa8-2bd9-4139-87d2-b1810e818017,Battery Grade Recycled Lithium 98.8%,High-quality battery grade recycled lithium for EV battery applications. Meets strict automotive specifications.,Recycled Lithium,Battery Grade,98.8,,,,D50: 23μm,0.85 g/cm³,0.03,MT,29,73,9364,"[""REACH"",""ISO 9001:2015"",""ISO 14001:2015""]",false,true,"{""Na"":""≤0.0006%"",""Mg"":""≤0.0006%"",""Ca"":""≤0.0006%"",""Fe"":""≤0.0002%""}","{""base_price"":1013,""currency"":""USD"",""unit"":""MT"",""incoterms"":""CIF""}",active,2025-04-14T05:38:30.421Z,2025-12-03T05:38:30.421Z
acc9146b-a710-4649-833b-936996e7352d,33341bfa-7a02-4df4-8eb7-e343553bacdd,Technical Grade Lithium Spodumene,High-quality technical grade lithium spodumene for industrial applications. Reliable quality for manufacturing.,Lithium Spodumene,Technical Grade,,,,5.62,,0.82 g/cm³,0.13,MT,267,87,4726,"[""ISO 14001:2015"",""IATF 16949:2016"",""ISO 9001:2015"",""REACH""]",false,true,"{""Na"":""≤0.0002%"",""Mg"":""≤0.0003%"",""Ca"":""≤0.0017%"",""Fe"":""≤0.0002%""}","{""base_price"":8660,""currency"":""USD"",""unit"":""MT"",""incoterms"":""FOB""}",active,2024-04-22T05:38:30.421Z,2025-12-19T05:38:30.421Z
a2f3e3b7-0376-4dac-8182-5beb222267d2,33341bfa-7a02-4df4-8eb7-e343553bacdd,Industrial Grade Lithium Chloride 99.0%,High-quality industrial grade lithium chloride for industrial applications. Reliable quality for manufacturing.,Lithium Chloride,Industrial Grade,98.95,,,,,1.04 g/cm³,0.03,MT,143,31,232,"[""REACH"",""IATF 16949:2016""]",false,true,"{""Na"":""≤0.0004%"",""Mg"":""≤0.0005%"",""Ca"":""≤0.0004%"",""Fe"":""≤0.0004%""}","{""base_price"":8136,""currency"":""USD"",""unit"":""MT"",""incoterms"":""EXW""}",active,2025-11-15T05:38:30.421Z,2025-12-09T05:38:30.421Z
c3ebcb64-af13-4683-9f5f-bac653b7a869,33341bfa-7a02-4df4-8eb7-e343553bacdd,Industrial Grade Lithium Hydroxide 99.85%,High-quality industrial grade lithium hydroxide for industrial applications. Reliable quality for manufacturing.,Lithium Hydroxide,Industrial Grade,99.85,,56.84,,,1.07 g/cm³,0.1,MT,130,34,9723,"[""ISO 14001:2015"",""RoHS"",""IATF 16949:2016""]",false,true,"{""Na"":""≤0.0002%"",""Mg"":""≤0.0006%"",""Ca"":""≤0.0003%"",""Fe"":""≤0.0002%""}","{""base_price"":6606,""currency"":""USD"",""unit"":""MT"",""incoterms"":""CIF""}",active,2024-09-09T05:38:30.421Z,2025-12-28T05:38:30.421Z
84dd0f80-baeb-4ad9-bfa4-57ec0753e119,33341bfa-7a02-4df4-8eb7-e343553bacdd,Battery Grade Lithium Hydroxide 99.94%,High-quality battery grade lithium hydroxide for EV battery applications. Meets strict automotive specifications.,Lithium Hydroxide,Battery Grade,99.94,,56.62,,D50: 31μm,1.08 g/cm³,0.01,MT,30,67,9260,"[""ISO 9001:2015"",""REACH"",""RoHS"",""IATF 16949:2016""]",false,true,"{""Na"":""≤0.0007%"",""Mg"":""≤0.0009%"",""Ca"":""≤0.001%"",""Fe"":""≤0.0002%""}","{""base_price"":15325,""currency"":""USD"",""unit"":""MT"",""incoterms"":""FOB""}",active,2025-09-08T05:38:30.421Z,2025-12-07T05:38:30.421Z
e837b6de-5bd4-4231-87b4-24bfe9c57711,33341bfa-7a02-4df4-8eb7-e343553bacdd,Pharmaceutical Grade Other 98.6%,High-quality pharmaceutical grade other for industrial applications. Reliable quality for manufacturing.,Other,Pharmaceutical Grade,98.61,,,,,0.94 g/cm³,0.03,MT,334,60,7052,"[""ISO 9001:2015"",""ISO 14001:2015""]",false,true,"{""Na"":""≤0.0007%"",""Mg"":""≤0.0007%"",""Ca"":""≤0.0008%"",""Fe"":""≤0.0002%""}","{""base_price"":9063,""currency"":""USD"",""unit"":""MT"",""incoterms"":""CIF""}",active,2025-06-23T05:38:30.421Z,2025-12-03T05:38:30.421Z
169b2872-0503-4cd7-bfc3-baa0c0ecc85f,33341bfa-7a02-4df4-8eb7-e343553bacdd,Pharmaceutical Grade Lithium Spodumene,High-quality pharmaceutical grade lithium spodumene for industrial applications. Reliable quality for manufacturing.,Lithium Spodumene,Pharmaceutical Grade,,,,5.89,,0.97 g/cm³,0.12,MT,327,84,2365,"[""ISO 9001:2015"",""IATF 16949:2016"",""ISO 14001:2015"",""REACH""]",false,true,"{""Na"":""≤0.0005%"",""Mg"":""≤0.0006%"",""Ca"":""≤0.0014%"",""Fe"":""≤0.0004%""}","{""base_price"":5090,""currency"":""USD"",""unit"":""MT"",""incoterms"":""EXW""}",active,2025-11-20T05:38:30.421Z,2025-12-07T05:38:30.421Z
7fd74843-e150-414e-8877-5e975b9966cb,33341bfa-7a02-4df4-8eb7-e343553bacdd,Pharmaceutical Grade Recycled Lithium 99.4%,High-quality pharmaceutical grade recycled lithium for industrial applications. Reliable quality for manufacturing.,Recycled Lithium,Pharmaceutical Grade,99.37,,,,,0.96 g/cm³,0.12,MT,228,44,6010,"[""RoHS"",""REACH""]",false,true,"{""Na"":""≤0.0006%"",""Mg"":""≤0.0006%"",""Ca"":""≤0.0011%"",""Fe"":""≤0.0004%""}","{""base_price"":6865,""currency"":""USD"",""unit"":""MT"",""incoterms"":""EXW""}",active,2025-06-26T05:38:30.421Z,2025-12-20T05:38:30.421Z
b8ecd25c-a32b-4913-ad66-71bed196839d,33341bfa-7a02-4df4-8eb7-e343553bacdd,Technical Grade Other 98.1%,High-quality technical grade other for industrial applications. Reliable quality for manufacturing.,Other,Technical Grade,98.08,,,,,1.32 g/cm³,0.11,MT,103,58,4635,"[""IATF 16949:2016"",""ISO 14001:2015""]",false,true,"{""Na"":""≤0.0004%"",""Mg"":""≤0.0006%"",""Ca"":""≤0.0013%"",""Fe"":""≤0.0002%""}","{""base_price"":6009,""currency"":""USD"",""unit"":""MT"",""incoterms"":""CIF""}",active,2025-11-15T05:38:30.421Z,2026-01-01T05:38:30.421Z
b0e2d6ee-c1c3-4f6e-be40-3ecaaf7d06c2,33341bfa-7a02-4df4-8eb7-e343553bacdd,Pharmaceutical Grade Lithium Hydroxide 99.92%,High-quality pharmaceutical grade lithium hydroxide for industrial applications. Reliable quality for manufacturing.,Lithium Hydroxide,Pharmaceutical Grade,99.92,,56.47,,,1.08 g/cm³,0.1,MT,397,45,7152,"[""IATF 16949:2016"",""REACH"",""ISO 14001:2015""]",false,true,"{""Na"":""≤0.0002%"",""Mg"":""≤0.0003%"",""Ca"":""≤0.0005%"",""Fe"":""≤0.0002%""}","{""base_price"":9849,""currency"":""USD"",""unit"":""MT"",""incoterms"":""CIF""}",active,2025-10-19T05:38:30.421Z,2025-12-24T05:38:30.421Z
ad618386-6f80-4201-a102-c5c4d221ce9b,92e40224-054a-4586-9281-4b7fc2df2278,Technical Grade Lithium Spodumene,High-quality technical grade lithium spodumene for industrial applications. Reliable quality for manufacturing.,Lithium Spodumene,Technical Grade,,,,6.45,,0.99 g/cm³,0.12,MT,136,45,4407,"[""REACH"",""IATF 16949:2016""]",false,true,"{""Na"":""≤0.0007%"",""Mg"":""≤0.0006%"",""Ca"":""≤0.0011%"",""Fe"":""≤0.0004%""}","{""base_price"":6463,""currency"":""USD"",""unit"":""MT"",""incoterms"":""EXW""}",active,2024-10-22T05:38:30.421Z,2025-12-16T05:38:30.421Z
24d4cd8b-bbdb-45b9-9a6a-78d029f40fe5,92e40224-054a-4586-9281-4b7fc2df2278,Industrial Grade Lithium Carbonate 99.53%,High-quality industrial grade lithium carbonate for industrial applications. Reliable quality for manufacturing.,Lithium Carbonate,Industrial Grade,99.53,99.53,,,,1.39 g/cm³,0.01,MT,408,86,349,"[""IATF 16949:2016"",""REACH"",""ISO 14001:2015""]",false,true,"{""Na"":""≤0.0005%"",""Mg"":""≤0.001%"",""Ca"":""≤0.0019%"",""Fe"":""≤0.0002%""}","{""base_price"":9912,""currency"":""USD"",""unit"":""MT"",""incoterms"":""CIF""}",active,2024-12-26T05:38:30.421Z,2025-12-26T05:38:30.421Z
6575f672-725d-4bf9-8d66-24ec45b60978,92e40224-054a-4586-9281-4b7fc2df2278,Technical Grade Lithium Carbonate 99.60%,High-quality technical grade lithium carbonate for industrial applications. Reliable quality for manufacturing.,Lithium Carbonate,Technical Grade,99.6,99.6,,,,1.2 g/cm³,0.01,MT,303,56,5702,"[""IATF 16949:2016"",""REACH""]",false,true,"{""Na"":""≤0.0002%"",""Mg"":""≤0.0001%"",""Ca"":""≤0.0017%"",""Fe"":""≤0.0002%""}","{""base_price"":8649,""currency"":""USD"",""unit"":""MT"",""incoterms"":""EXW""}",active,2025-11-25T05:38:30.421Z,2025-12-16T05:38:30.421Z
99d78fe0-d998-4bba-a512-2ab8bf6b82a9,92e40224-054a-4586-9281-4b7fc2df2278,Battery Grade Other 99.1%,High-quality battery grade other for EV battery applications. Meets strict automotive specifications.,Other,Battery Grade,99.14,,,,D50: 47μm,1.23 g/cm³,0.02,MT,25,53,9239,"[""RoHS"",""IATF 16949:2016"",""REACH""]",false,true,"{""Na"":""≤0.0008%"",""Mg"":""≤0.0002%"",""Ca"":""≤0.0015%"",""Fe"":""≤0.0004%""}","{""base_price"":1115,""currency"":""USD"",""unit"":""MT"",""incoterms"":""CIF""}",active,2025-06-25T05:38:30.421Z,2025-12-08T05:38:30.421Z
3020b0ed-e696-4242-836a-86e393e3dc68,92e40224-054a-4586-9281-4b7fc2df2278,Industrial Grade Lithium Hydroxide 99.69%,High-quality industrial grade lithium hydroxide for industrial applications. Reliable quality for manufacturing.,Lithium Hydroxide,Industrial Grade,99.69,,56.72,,,1.26 g/cm³,0.07,MT,313,56,2473,"[""ISO 14001:2015"",""IATF 16949:2016"",""RoHS"",""ISO 9001:2015""]",false,true,"{""Na"":""≤0.001%"",""Mg"":""≤0.0005%"",""Ca"":""≤0.0005%"",""Fe"":""≤0.0004%""}","{""base_price"":6180,""currency"":""USD"",""unit"":""MT"",""incoterms"":""CIF""}",active,2024-05-28T05:38:30.421Z,2025-12-03T05:38:30.421Z
41abbb10-4c98-406c-9975-54bf742b78fb,92e40224-054a-4586-9281-4b7fc2df2278,Pharmaceutical Grade Lithium Carbonate 99.68%,High-quality pharmaceutical grade lithium carbonate for industrial applications. Reliable quality for manufacturing.,Lithium Carbonate,Pharmaceutical Grade,99.68,99.68,,,,0.86 g/cm³,0.14,MT,432,51,4168,"[""RoHS"",""ISO 14001:2015"",""IATF 16949:2016""]",false,true,"{""Na"":""≤0.0007%"",""Mg"":""≤0.0006%"",""Ca"":""≤0.0012%"",""Fe"":""≤0.0002%""}","{""base_price"":9747,""currency"":""USD"",""unit"":""MT"",""incoterms"":""CIF""}",active,2024-03-26T05:38:30.421Z,2025-12-17T05:38:30.421Z
57a78520-c9bb-4075-a1db-13127050f3dc,92e40224-054a-4586-9281-4b7fc2df2278,Technical Grade Lithium Chloride 98.1%,High-quality technical grade lithium chloride for industrial applications. Reliable quality for manufacturing.,Lithium Chloride,Technical Grade,98.07,,,,,1.39 g/cm³,0.07,MT,436,30,6833,"[""IATF 16949:2016"",""ISO 9001:2015""]",false,true,"{""Na"":""≤0.0007%"",""Mg"":""≤0.0001%"",""Ca"":""≤0.0015%"",""Fe"":""≤0.0004%""}","{""base_price"":9499,""currency"":""USD"",""unit"":""MT"",""incoterms"":""FOB""}",active,2024-11-06T05:38:30.421Z,2025-12-12T05:38:30.421Z
d12d6907-6b35-476d-9ee7-36e1a8c5ee5b,92e40224-054a-4586-9281-4b7fc2df2278,Pharmaceutical Grade Other 99.3%,High-quality pharmaceutical grade other for industrial applications. Reliable quality for manufacturing.,Other,Pharmaceutical Grade,99.35,,,,,1.21 g/cm³,0.09,MT,334,30,8524,"[""ISO 9001:2015"",""ISO 14001:2015"",""RoHS"",""REACH""]",false,true,"{""Na"":""≤0.0005%"",""Mg"":""≤0.0007%"",""Ca"":""≤0.0016%"",""Fe"":""≤0.0004%""}","{""base_price"":7594,""currency"":""USD"",""unit"":""MT"",""incoterms"":""CIF""}",active,2024-02-09T05:38:30.421Z,2025-12-15T05:38:30.421Z
15fe4a2d-02c9-45a5-8c66-bd21bcafdde5,92e40224-054a-4586-9281-4b7fc2df2278,Technical Grade Recycled Lithium 99.2%,High-quality technical grade recycled lithium for industrial applications. Reliable quality for manufacturing.,Recycled Lithium,Technical Grade,99.24,,,,,1.36 g/cm³,0.08,MT,323,54,5387,"[""REACH"",""ISO 9001:2015"",""ISO 14001:2015"",""IATF 16949:2016""]",false,true,"{""Na"":""≤0.0004%"",""Mg"":""≤0.001%"",""Ca"":""≤0.0011%"",""Fe"":""≤0.0004%""}","{""base_price"":5847,""currency"":""USD"",""unit"":""MT"",""incoterms"":""FOB""}",active,2025-10-21T05:38:30.421Z,2025-12-27T05:38:30.421Z
77d0e998-d01f-4324-a89d-3f43eff07811,92e40224-054a-4586-9281-4b7fc2df2278,Pharmaceutical Grade Other 98.0%,High-quality pharmaceutical grade other for industrial applications. Reliable quality for manufacturing.,Other,Pharmaceutical Grade,98.05,,,,,1.35 g/cm³,0.11,MT,432,81,1308,"[""REACH"",""ISO 14001:2015"",""ISO 9001:2015"",""IATF 16949:2016""]",false,true,"{""Na"":""≤0.0003%"",""Mg"":""≤0.0009%"",""Ca"":""≤0.0003%"",""Fe"":""≤0.0001%""}","{""base_price"":6792,""currency"":""USD"",""unit"":""MT"",""incoterms"":""CIF""}",out_of_stock,2025-01-16T05:38:30.421Z,2025-12-12T05:38:30.421Z
db698a12-0245-484b-9c32-b541ebb4f913,92e40224-054a-4586-9281-4b7fc2df2278,Industrial Grade Other 99.0%,High-quality industrial grade other for industrial applications. Reliable quality for manufacturing.,Other,Industrial Grade,98.97,,,,,0.99 g/cm³,0.02,MT,218,58,4114,"[""IATF 16949:2016"",""ISO 14001:2015"",""REACH""]",false,true,"{""Na"":""≤0.0005%"",""Mg"":""≤0.0002%"",""Ca"":""≤0.0007%"",""Fe"":""≤0.0003%""}","{""base_price"":5592,""currency"":""USD"",""unit"":""MT"",""incoterms"":""EXW""}",active,2025-11-25T05:38:30.421Z,2025-12-20T05:38:30.421Z
1bb90f1e-6f1c-492f-bc3e-209cd16e41c7,92e40224-054a-4586-9281-4b7fc2df2278,Battery Grade Lithium Chloride 98.6%,High-quality battery grade lithium chloride for EV battery applications. Meets strict automotive specifications.,Lithium Chloride,Battery Grade,98.59,,,,D50: 23μm,1.19 g/cm³,0.14,MT,17,82,5585,"[""ISO 9001:2015"",""ISO 14001:2015""]",false,true,"{""Na"":""≤0.0007%"",""Mg"":""≤0.0003%"",""Ca"":""≤0.0014%"",""Fe"":""≤0.0004%""}","{""base_price"":845,""currency"":""USD"",""unit"":""MT"",""incoterms"":""EXW""}",active,2024-04-20T05:38:30.421Z,2025-12-19T05:38:30.421Z
a1e7a481-3b64-48c3-93f6-cd5171d5d9d7,92e40224-054a-4586-9281-4b7fc2df2278,Technical Grade Lithium Carbonate 99.3%,High-quality technical grade lithium carbonate for industrial applications. Reliable quality for manufacturing.,Lithium Carbonate,Technical Grade,99.31,99.31,,,,0.98 g/cm³,0.05,MT,200,48,3309,"[""ISO 9001:2015"",""ISO 14001:2015"",""IATF 16949:2016"",""REACH""]",false,true,"{""Na"":""≤0.0006%"",""Mg"":""≤0.0007%"",""Ca"":""≤0.0008%"",""Fe"":""≤0.0001%""}","{""base_price"":6312,""currency"":""USD"",""unit"":""MT"",""incoterms"":""CIF""}",active,2024-04-28T05:38:30.421Z,2025-12-25T05:38:30.421Z
fd5660fa-9e1b-433f-a4ec-a7044a13d714,03d7c773-07d1-4c54-87fd-e34038901632,Pharmaceutical Grade Lithium Carbonate 99.86%,High-quality pharmaceutical grade lithium carbonate for industrial applications. Reliable quality for manufacturing.,Lithium Carbonate,Pharmaceutical Grade,99.86,99.86,,,,0.96 g/cm³,0.04,MT,92,35,5702,"[""REACH"",""IATF 16949:2016"",""RoHS"",""ISO 14001:2015""]",false,true,"{""Na"":""≤0.0009%"",""Mg"":""≤0.0004%"",""Ca"":""≤0.0002%"",""Fe"":""≤0.0004%""}","{""base_price"":9515,""currency"":""USD"",""unit"":""MT"",""incoterms"":""FOB""}",active,2024-08-27T05:38:30.421Z,2025-12-30T05:38:30.421Z
175600ef-d52e-4030-8059-b062f86b7cc7,03d7c773-07d1-4c54-87fd-e34038901632,Battery Grade Other 98.4%,High-quality battery grade other for EV battery applications. Meets strict automotive specifications.,Other,Battery Grade,98.41,,,,D50: 42μm,1.02 g/cm³,0.15,MT,17,68,7936,"[""ISO 14001:2015"",""RoHS""]",false,true,"{""Na"":""≤0.0005%"",""Mg"":""≤0.0008%"",""Ca"":""≤0.0012%"",""Fe"":""≤0.0003%""}","{""base_price"":911,""currency"":""USD"",""unit"":""MT"",""incoterms"":""EXW""}",active,2025-08-17T05:38:30.421Z,2025-12-03T05:38:30.421Z
aff870ee-ee19-4439-945a-f5afcafc6449,03d7c773-07d1-4c54-87fd-e34038901632,Pharmaceutical Grade Lithium Chloride 98.8%,High-quality pharmaceutical grade lithium chloride for industrial applications. Reliable quality for manufacturing.,Lithium Chloride,Pharmaceutical Grade,98.83,,,,,1.23 g/cm³,0.02,MT,202,90,6863,"[""ISO 9001:2015"",""ISO 14001:2015"",""IATF 16949:2016""]",false,true,"{""Na"":""≤0.001%"",""Mg"":""≤0.0004%"",""Ca"":""≤0.0014%"",""Fe"":""≤0.0001%""}","{""base_price"":7063,""currency"":""USD"",""unit"":""MT"",""incoterms"":""FOB""}",active,2025-01-25T05:38:30.421Z,2025-12-29T05:38:30.421Z
00ee0e11-8d04-4f8b-bab9-13f10853ca76,03d7c773-07d1-4c54-87fd-e34038901632,Battery Grade Lithium Chloride 98.5%,High-quality battery grade lithium chloride for EV battery applications. Meets strict automotive specifications.,Lithium Chloride,Battery Grade,98.53,,,,D50: 22μm,1.02 g/cm³,0.02,MT,38,31,4571,"[""IATF 16949:2016"",""ISO 14001:2015""]",false,true,"{""Na"":""≤0.0002%"",""Mg"":""≤0.0006%"",""Ca"":""≤0.0016%"",""Fe"":""≤0.0004%""}","{""base_price"":1006,""currency"":""USD"",""unit"":""MT"",""incoterms"":""EXW""}",active,2025-10-12T05:38:30.421Z,2025-12-13T05:38:30.421Z
bdf44cf8-34e5-475c-8049-de5759311b25,03d7c773-07d1-4c54-87fd-e34038901632,Industrial Grade Lithium Spodumene,High-quality industrial grade lithium spodumene for industrial applications. Reliable quality for manufacturing.,Lithium Spodumene,Industrial Grade,,,,6.9,,1.12 g/cm³,0.13,MT,273,64,4137,"[""ISO 9001:2015"",""ISO 14001:2015"",""IATF 16949:2016"",""REACH""]",false,true,"{""Na"":""≤0.0006%"",""Mg"":""≤0.0003%"",""Ca"":""≤0.0018%"",""Fe"":""≤0.0005%""}","{""base_price"":7553,""currency"":""USD"",""unit"":""MT"",""incoterms"":""EXW""}",active,2024-07-14T05:38:30.421Z,2025-12-20T05:38:30.421Z
9fbf6dc0-f88e-439f-aa68-5a31957d6abe,03d7c773-07d1-4c54-87fd-e34038901632,Pharmaceutical Grade Lithium Hydroxide 99.74%,High-quality pharmaceutical grade lithium hydroxide for industrial applications. Reliable quality for manufacturing.,Lithium Hydroxide,Pharmaceutical Grade,99.74,,56.15,,,1.24 g/cm³,0.13,MT,406,84,6925,"[""REACH"",""ISO 9001:2015"",""IATF 16949:2016""]",false,true,"{""Na"":""≤0.0005%"",""Mg"":""≤0.0005%"",""Ca"":""≤0.0019%"",""Fe"":""≤0.0002%""}","{""base_price"":5502,""currency"":""USD"",""unit"":""MT"",""incoterms"":""FOB""}",active,2025-10-13T05:38:30.421Z,2025-12-28T05:38:30.421Z
bf3f1e6d-4098-49d6-b16b-8eb5d6037610,03d7c773-07d1-4c54-87fd-e34038901632,Industrial Grade Lithium Carbonate 99.73%,High-quality industrial grade lithium carbonate for industrial applications. Reliable quality for manufacturing.,Lithium Carbonate,Industrial Grade,99.73,99.73,,,,0.82 g/cm³,0.1,MT,383,37,4076,"[""ISO 14001:2015"",""IATF 16949:2016"",""RoHS""]",false,true,"{""Na"":""≤0.0004%"",""Mg"":""≤0.0007%"",""Ca"":""≤0.002%"",""Fe"":""≤0.0001%""}","{""base_price"":8908,""currency"":""USD"",""unit"":""MT"",""incoterms"":""FOB""}",active,2024-10-26T05:38:30.421Z,2025-12-17T05:38:30.421Z
c70fcedd-25a7-466d-b4bd-5f754dc6923e,03d7c773-07d1-4c54-87fd-e34038901632,Technical Grade Other 98.5%,High-quality technical grade other for industrial applications. Reliable quality for manufacturing.,Other,Technical Grade,98.53,,,,,1.04 g/cm³,0.05,MT,438,76,8164,"[""ISO 9001:2015"",""RoHS"",""REACH""]",false,true,"{""Na"":""≤0.0003%"",""Mg"":""≤0.0005%"",""Ca"":""≤0.0018%"",""Fe"":""≤0.0005%""}","{""base_price"":5883,""currency"":""USD"",""unit"":""MT"",""incoterms"":""EXW""}",out_of_stock,2024-06-04T05:38:30.421Z,2025-12-25T05:38:30.421Z
7237a626-6c50-4e38-b440-b35f9b744db6,03d7c773-07d1-4c54-87fd-e34038901632,Pharmaceutical Grade Lithium Hydroxide 99.95%,High-quality pharmaceutical grade lithium hydroxide for industrial applications. Reliable quality for manufacturing.,Lithium Hydroxide,Pharmaceutical Grade,99.95,,56.55,,,1.27 g/cm³,0.07,MT,136,39,8118,"[""ISO 14001:2015"",""RoHS"",""REACH"",""ISO 9001:2015""]",false,true,"{""Na"":""≤0.0009%"",""Mg"":""≤0.0005%"",""Ca"":""≤0.0015%"",""Fe"":""≤0.0003%""}","{""base_price"":7998,""currency"":""USD"",""unit"":""MT"",""incoterms"":""CIF""}",active,2024-05-02T05:38:30.421Z,2025-12-14T05:38:30.421Z
43893155-29e6-47f2-98e0-634593689623,03d7c773-07d1-4c54-87fd-e34038901632,Battery Grade Recycled Lithium 98.2%,High-quality battery grade recycled lithium for EV battery applications. Meets strict automotive specifications.,Recycled Lithium,Battery Grade,98.24,,,,D50: 60μm,1.38 g/cm³,0.04,MT,43,42,4690,"[""ISO 9001:2015"",""REACH"",""IATF 16949:2016"",""RoHS""]",false,true,"{""Na"":""≤0.0005%"",""Mg"":""≤0.0006%"",""Ca"":""≤0.0017%"",""Fe"":""≤0.0001%""}","{""base_price"":1118,""currency"":""USD"",""unit"":""MT"",""incoterms"":""FOB""}",active,2025-12-01T05:38:30.421Z,2025-12-06T05:38:30.421Z
c9b722d5-6828-4f56-b6b5-26fdec0866a7,03d7c773-07d1-4c54-87fd-e34038901632,Battery Grade Lithium Spodumene,High-quality battery grade lithium spodumene for EV battery applications. Meets strict automotive specifications.,Lithium Spodumene,Battery Grade,,,,6.42,D50: 20μm,0.86 g/cm³,0.02,MT,13,51,897,"[""REACH"",""RoHS"",""ISO 9001:2015"",""ISO 14001:2015""]",false,true,"{""Na"":""≤0.001%"",""Mg"":""≤0.001%"",""Ca"":""≤0.0019%"",""Fe"":""≤0.0002%""}","{""base_price"":1051,""currency"":""USD"",""unit"":""MT"",""incoterms"":""EXW""}",active,2024-12-16T05:38:30.421Z,2025-12-30T05:38:30.421Z
b60a9c46-472b-4907-a0f4-04e24e16fb92,9e435b1b-3b26-4f4b-9b97-17ba2e5c1452,Pharmaceutical Grade Lithium Hydroxide 99.73%,High-quality pharmaceutical grade lithium hydroxide for industrial applications. Reliable quality for manufacturing.,Lithium Hydroxide,Pharmaceutical Grade,99.73,,56.1,,,0.93 g/cm³,0.08,MT,344,46,1903,"[""ISO 9001:2015"",""ISO 14001:2015"",""IATF 16949:2016"",""RoHS""]",false,true,"{""Na"":""≤0.0003%"",""Mg"":""≤0.0004%"",""Ca"":""≤0.0015%"",""Fe"":""≤0.0005%""}","{""base_price"":5579,""currency"":""USD"",""unit"":""MT"",""incoterms"":""FOB""}",active,2024-01-14T05:38:30.421Z,2025-12-09T05:38:30.421Z
3b7e40e3-ce21-462e-ae68-ab6ac9d577e2,9e435b1b-3b26-4f4b-9b97-17ba2e5c1452,Pharmaceutical Grade Lithium Chloride 98.8%,High-quality pharmaceutical grade lithium chloride for industrial applications. Reliable quality for manufacturing.,Lithium Chloride,Pharmaceutical Grade,98.79,,,,,0.98 g/cm³,0.09,MT,79,47,779,"[""REACH"",""ISO 14001:2015"",""RoHS"",""IATF 16949:2016""]",false,true,"{""Na"":""≤0.0007%"",""Mg"":""≤0.0009%"",""Ca"":""≤0.0001%"",""Fe"":""≤0.0002%""}","{""base_price"":7460,""currency"":""USD"",""unit"":""MT"",""incoterms"":""EXW""}",active,2025-05-05T05:38:30.421Z,2025-12-15T05:38:30.421Z
6b5a30e8-f16f-4f54-961b-6c2856903d89,9e435b1b-3b26-4f4b-9b97-17ba2e5c1452,Technical Grade Lithium Spodumene,High-quality technical grade lithium spodumene for industrial applications. Reliable quality for manufacturing.,Lithium Spodumene,Technical Grade,,,,6.27,,1.36 g/cm³,0.07,MT,452,53,683,"[""ISO 14001:2015"",""ISO 9001:2015"",""RoHS"",""IATF 16949:2016""]",false,true,"{""Na"":""≤0.0004%"",""Mg"":""≤0.0007%"",""Ca"":""≤0.001%"",""Fe"":""≤0.0002%""}","{""base_price"":9151,""currency"":""USD"",""unit"":""MT"",""incoterms"":""FOB""}",active,2025-01-06T05:38:30.421Z,2025-12-09T05:38:30.421Z
8304915e-e940-4d87-8de3-eaf24221afe3,9e435b1b-3b26-4f4b-9b97-17ba2e5c1452,Industrial Grade Lithium Carbonate 99.52%,High-quality industrial grade lithium carbonate for industrial applications. Reliable quality for manufacturing.,Lithium Carbonate,Industrial Grade,99.52,99.52,,,,0.91 g/cm³,0.12,MT,214,83,6487,"[""REACH"",""IATF 16949:2016"",""ISO 14001:2015"",""RoHS""]",false,true,"{""Na"":""≤0.001%"",""Mg"":""≤0.0007%"",""Ca"":""≤0.0015%"",""Fe"":""≤0.0001%""}","{""base_price"":7904,""currency"":""USD"",""unit"":""MT"",""incoterms"":""FOB""}",active,2025-08-02T05:38:30.421Z,2025-12-12T05:38:30.421Z
1845db25-c636-48f3-a0c1-475493103150,9e435b1b-3b26-4f4b-9b97-17ba2e5c1452,Battery Grade Recycled Lithium 98.7%,High-quality battery grade recycled lithium for EV battery applications. Meets strict automotive specifications.,Recycled Lithium,Battery Grade,98.72,,,,D50: 30μm,1.18 g/cm³,0.1,MT,12,41,9090,"[""RoHS"",""REACH"",""IATF 16949:2016"",""ISO 14001:2015""]",false,true,"{""Na"":""≤0.0007%"",""Mg"":""≤0.0006%"",""Ca"":""≤0.0001%"",""Fe"":""≤0.0005%""}","{""base_price"":1093,""currency"":""USD"",""unit"":""MT"",""incoterms"":""EXW""}",active,2024-06-01T05:38:30.421Z,2025-12-17T05:38:30.421Z
23b977af-a242-4092-a2d7-030b4a31dcaa,9e435b1b-3b26-4f4b-9b97-17ba2e5c1452,Battery Grade Lithium Chloride 98.8%,High-quality battery grade lithium chloride for EV battery applications. Meets strict automotive specifications.,Lithium Chloride,Battery Grade,98.78,,,,D50: 21μm,1.29 g/cm³,0.02,MT,37,89,5774,"[""RoHS"",""ISO 9001:2015""]",false,true,"{""Na"":""≤0.0002%"",""Mg"":""≤0.0006%"",""Ca"":""≤0.0019%"",""Fe"":""≤0.0004%""}","{""base_price"":1135,""currency"":""USD"",""unit"":""MT"",""incoterms"":""CIF""}",active,2025-01-04T05:38:30.421Z,2025-12-10T05:38:30.421Z
66a21d99-4b2f-4cb4-9dfb-0da8450e6e31,9e435b1b-3b26-4f4b-9b97-17ba2e5c1452,Technical Grade Lithium Hydroxide 99.60%,High-quality technical grade lithium hydroxide for industrial applications. Reliable quality for manufacturing.,Lithium Hydroxide,Technical Grade,99.6,,56.06,,,1.37 g/cm³,0.11,MT,478,65,2791,"[""ISO 14001:2015"",""REACH"",""RoHS""]",false,true,"{""Na"":""≤0.0008%"",""Mg"":""≤0.0008%"",""Ca"":""≤0.0003%"",""Fe"":""≤0.0002%""}","{""base_price"":8651,""currency"":""USD"",""unit"":""MT"",""incoterms"":""EXW""}",active,2024-12-10T05:38:30.421Z,2025-12-24T05:38:30.421Z
540a3f27-cc40-4c77-a63e-84bc172cdcda,9e435b1b-3b26-4f4b-9b97-17ba2e5c1452,Battery Grade Lithium Spodumene,High-quality battery grade lithium spodumene for EV battery applications. Meets strict automotive specifications.,Lithium Spodumene,Battery Grade,,,,6.22,D50: 52μm,1.29 g/cm³,0.13,MT,10,85,318,"[""ISO 9001:2015"",""ISO 14001:2015"",""IATF 16949:2016""]",false,true,"{""Na"":""≤0.0003%"",""Mg"":""≤0.0007%"",""Ca"":""≤0.0015%"",""Fe"":""≤0.0003%""}","{""base_price"":956,""currency"":""USD"",""unit"":""MT"",""incoterms"":""EXW""}",active,2024-02-24T05:38:30.421Z,2025-12-25T05:38:30.421Z
42a45d83-9d69-408e-bb5e-d70d93446f0b,bf88a555-918c-492c-9f7e-52f3067cd1fa,Pharmaceutical Grade Other 98.2%,High-quality pharmaceutical grade other for industrial applications. Reliable quality for manufacturing.,Other,Pharmaceutical Grade,98.15,,,,,1.09 g/cm³,0.09,MT,365,84,5579,"[""IATF 16949:2016"",""RoHS""]",false,true,"{""Na"":""≤0.0003%"",""Mg"":""≤0.0003%"",""Ca"":""≤0.0015%"",""Fe"":""≤0.0005%""}","{""base_price"":5570,""currency"":""USD"",""unit"":""MT"",""incoterms"":""EXW""}",active,2025-06-16T05:38:30.421Z,2025-12-22T05:38:30.421Z
9160f8b7-50c6-4fee-bafc-f64fb9a6cf23,bf88a555-918c-492c-9f7e-52f3067cd1fa,Technical Grade Lithium Hydroxide 99.54%,High-quality technical grade lithium hydroxide for industrial applications. Reliable quality for manufacturing.,Lithium Hydroxide,Technical Grade,99.54,,56.25,,,1.12 g/cm³,0.09,MT,56,76,6428,"[""ISO 9001:2015"",""ISO 14001:2015""]",false,true,"{""Na"":""≤0.0002%"",""Mg"":""≤0.0009%"",""Ca"":""≤0.0002%"",""Fe"":""≤0.0004%""}","{""base_price"":6137,""currency"":""USD"",""unit"":""MT"",""incoterms"":""CIF""}",active,2024-12-30T05:38:30.421Z,2025-12-18T05:38:30.421Z
4b0353e8-9228-44f7-a5c2-5e06134bf1f8,bf88a555-918c-492c-9f7e-52f3067cd1fa,Battery Grade Lithium Carbonate 99.4%,High-quality battery grade lithium carbonate for EV battery applications. Meets strict automotive specifications.,Lithium Carbonate,Battery Grade,99.44,99.44,,,D50: 37μm,0.9 g/cm³,0.11,MT,20,46,3804,"[""ISO 9001:2015"",""ISO 14001:2015"",""RoHS"",""IATF 16949:2016""]",false,true,"{""Na"":""≤0.0001%"",""Mg"":""≤0.0008%"",""Ca"":""≤0.0008%"",""Fe"":""≤0.0003%""}","{""base_price"":12591,""currency"":""USD"",""unit"":""MT"",""incoterms"":""EXW""}",active,2025-06-09T05:38:30.421Z,2025-12-14T05:38:30.421Z
c6af6fd8-5ad3-4e0a-8cb5-fc2f4e8d5fce,bf88a555-918c-492c-9f7e-52f3067cd1fa,Battery Grade Lithium Chloride 98.3%,High-quality battery grade lithium chloride for EV battery applications. Meets strict automotive specifications.,Lithium Chloride,Battery Grade,98.28,,,,D50: 53μm,0.98 g/cm³,0.1,MT,45,71,3040,"[""ISO 9001:2015"",""ISO 14001:2015"",""RoHS""]",false,true,"{""Na"":""≤0.0004%"",""Mg"":""≤0.0008%"",""Ca"":""≤0.0011%"",""Fe"":""≤0.0003%""}","{""base_price"":1172,""currency"":""USD"",""unit"":""MT"",""incoterms"":""EXW""}",active,2025-11-25T05:38:30.421Z,2025-12-05T05:38:30.421Z
909d9ce8-745f-42ef-a1e9-ab72e4022301,bf88a555-918c-492c-9f7e-52f3067cd1fa,Industrial Grade Other 98.4%,High-quality industrial grade other for industrial applications. Reliable quality for manufacturing.,Other,Industrial Grade,98.42,,,,,1.27 g/cm³,0.12,MT,494,72,927,"[""ISO 9001:2015"",""ISO 14001:2015""]",false,true,"{""Na"":""≤0.0007%"",""Mg"":""≤0.0006%"",""Ca"":""≤0.0019%"",""Fe"":""≤0.0002%""}","{""base_price"":8097,""currency"":""USD"",""unit"":""MT"",""incoterms"":""EXW""}",active,2024-07-29T05:38:30.421Z,2025-12-09T05:38:30.421Z
8c43588e-e70e-4244-870d-5cb982b439d1,bf88a555-918c-492c-9f7e-52f3067cd1fa,Industrial Grade Lithium Chloride 98.3%,High-quality industrial grade lithium chloride for industrial applications. Reliable quality for manufacturing.,Lithium Chloride,Industrial Grade,98.28,,,,,0.82 g/cm³,0.11,MT,61,53,8561,"[""ISO 9001:2015"",""ISO 14001:2015""]",false,true,"{""Na"":""≤0.0004%"",""Mg"":""≤0.0006%"",""Ca"":""≤0.0004%"",""Fe"":""≤0.0001%""}","{""base_price"":8211,""currency"":""USD"",""unit"":""MT"",""incoterms"":""EXW""}",active,2025-02-03T05:38:30.421Z,2025-12-21T05:38:30.421Z
3405190c-996d-422a-a9a9-255320d2dc01,bf88a555-918c-492c-9f7e-52f3067cd1fa,Technical Grade Lithium Hydroxide 99.60%,High-quality technical grade lithium hydroxide for industrial applications. Reliable quality for manufacturing.,Lithium Hydroxide,Technical Grade,99.6,,56.13,,,0.9 g/cm³,0.15,MT,420,86,9780,"[""REACH"",""RoHS"",""ISO 9001:2015"",""ISO 14001:2015""]",false,true,"{""Na"":""≤0.0009%"",""Mg"":""≤0.0003%"",""Ca"":""≤0.0012%"",""Fe"":""≤0.0002%""}","{""base_price"":5611,""currency"":""USD"",""unit"":""MT"",""incoterms"":""CIF""}",out_of_stock,2025-01-13T05:38:30.421Z,2025-12-03T05:38:30.421Z
f83365c0-aa92-4f5b-baa1-b9d2b9d66012,bf88a555-918c-492c-9f7e-52f3067cd1fa,Pharmaceutical Grade Lithium Spodumene,High-quality pharmaceutical grade lithium spodumene for industrial applications. Reliable quality for manufacturing.,Lithium Spodumene,Pharmaceutical Grade,,,,6.81,,1.13 g/cm³,0.1,MT,435,66,9495,"[""RoHS"",""REACH"",""IATF 16949:2016"",""ISO 14001:2015""]",false,true,"{""Na"":""≤0.0008%"",""Mg"":""≤0.0008%"",""Ca"":""≤0.0018%"",""Fe"":""≤0.0002%""}","{""base_price"":8602,""currency"":""USD"",""unit"":""MT"",""incoterms"":""CIF""}",active,2025-05-26T05:38:30.421Z,2025-12-08T05:38:30.421Z
1fe0f57a-1c51-4074-b44e-4b9b26d2936a,bf88a555-918c-492c-9f7e-52f3067cd1fa,Industrial Grade Other 98.7%,High-quality industrial grade other for industrial applications. Reliable quality for manufacturing.,Other,Industrial Grade,98.65,,,,,1 g/cm³,0.04,MT,167,56,981,"[""ISO 9001:2015"",""IATF 16949:2016""]",false,true,"{""Na"":""≤0.0001%"",""Mg"":""≤0.0002%"",""Ca"":""≤0.0001%"",""Fe"":""≤0.0002%""}","{""base_price"":7181,""currency"":""USD"",""unit"":""MT"",""incoterms"":""FOB""}",active,2024-03-09T05:38:30.421Z,2025-12-22T05:38:30.421Z
90cf2a9a-f90e-4f2c-9ea0-202c0c2f142c,bf88a555-918c-492c-9f7e-52f3067cd1fa,Pharmaceutical Grade Recycled Lithium 98.9%,High-quality pharmaceutical grade recycled lithium for industrial applications. Reliable quality for manufacturing.,Recycled Lithium,Pharmaceutical Grade,98.93,,,,,1 g/cm³,0.14,MT,272,82,631,"[""ISO 9001:2015"",""ISO 14001:2015"",""IATF 16949:2016""]",false,true,"{""Na"":""≤0.0005%"",""Mg"":""≤0.0006%"",""Ca"":""≤0.0018%"",""Fe"":""≤0.0005%""}","{""base_price"":7397,""currency"":""USD"",""unit"":""MT"",""incoterms"":""EXW""}",active,2025-08-03T05:38:30.421Z,2025-12-11T05:38:30.421Z
fe3461b9-cbcc-497b-b36a-22ea67727ee9,2f754c55-e158-45fa-be6b-851496b9ea40,Industrial Grade Lithium Carbonate 99.83%,High-quality industrial grade lithium carbonate for industrial applications. Reliable quality for manufacturing.,Lithium Carbonate,Industrial Grade,99.83,99.83,,,,1.07 g/cm³,0.04,MT,380,63,6734,"[""IATF 16949:2016"",""ISO 14001:2015"",""ISO 9001:2015""]",false,true,"{""Na"":""≤0.001%"",""Mg"":""≤0.001%"",""Ca"":""≤0.0008%"",""Fe"":""≤0.0001%""}","{""base_price"":5029,""currency"":""USD"",""unit"":""MT"",""incoterms"":""CIF""}",active,2024-03-14T05:38:30.421Z,2026-01-02T05:38:30.421Z
1190ef7c-6833-456d-a53c-0f30654f19ea,2f754c55-e158-45fa-be6b-851496b9ea40,Pharmaceutical Grade Lithium Chloride 99.0%,High-quality pharmaceutical grade lithium chloride for industrial applications. Reliable quality for manufacturing.,Lithium Chloride,Pharmaceutical Grade,99.01,,,,,0.84 g/cm³,0.01,MT,215,85,1921,"[""IATF 16949:2016"",""ISO 14001:2015"",""REACH""]",false,true,"{""Na"":""≤0.0009%"",""Mg"":""≤0.0004%"",""Ca"":""≤0.0013%"",""Fe"":""≤0.0003%""}","{""base_price"":8216,""currency"":""USD"",""unit"":""MT"",""incoterms"":""FOB""}",active,2024-05-22T05:38:30.421Z,2026-01-01T05:38:30.421Z
8b9af229-5c1b-4ca7-9b9b-11b9b3734d00,2f754c55-e158-45fa-be6b-851496b9ea40,Battery Grade Other 99.5%,High-quality battery grade other for EV battery applications. Meets strict automotive specifications.,Other,Battery Grade,99.46,,,,D50: 50μm,1.22 g/cm³,0.1,MT,39,90,2635,"[""ISO 9001:2015"",""ISO 14001:2015"",""IATF 16949:2016""]",false,true,"{""Na"":""≤0.0006%"",""Mg"":""≤0.0007%"",""Ca"":""≤0.0009%"",""Fe"":""≤0.0004%""}","{""base_price"":1154,""currency"":""USD"",""unit"":""MT"",""incoterms"":""EXW""}",active,2025-07-13T05:38:30.421Z,2025-12-15T05:38:30.421Z
664a42cf-2349-47ad-a09a-2d7b3ce4f11d,2f754c55-e158-45fa-be6b-851496b9ea40,Pharmaceutical Grade Lithium Carbonate 99.71%,High-quality pharmaceutical grade lithium carbonate for industrial applications. Reliable quality for manufacturing.,Lithium Carbonate,Pharmaceutical Grade,99.71,99.71,,,,1.08 g/cm³,0.14,MT,136,31,2022,"[""RoHS"",""IATF 16949:2016"",""REACH"",""ISO 14001:2015""]",false,true,"{""Na"":""≤0.0007%"",""Mg"":""≤0.001%"",""Ca"":""≤0.0013%"",""Fe"":""≤0.0002%""}","{""base_price"":6082,""currency"":""USD"",""unit"":""MT"",""incoterms"":""CIF""}",active,2024-03-29T05:38:30.421Z,2025-12-30T05:38:30.421Z
5d6493ef-1e9c-489a-a2f7-dd4858c649d2,2f754c55-e158-45fa-be6b-851496b9ea40,Technical Grade Lithium Hydroxide 99.66%,High-quality technical grade lithium hydroxide for industrial applications. Reliable quality for manufacturing.,Lithium Hydroxide,Technical Grade,99.66,,56.36,,,1.36 g/cm³,0.08,MT,246,33,147,"[""ISO 14001:2015"",""REACH"",""RoHS""]",false,true,"{""Na"":""≤0.0004%"",""Mg"":""≤0.0002%"",""Ca"":""≤0.0008%"",""Fe"":""≤0.0001%""}","{""base_price"":5164,""currency"":""USD"",""unit"":""MT"",""incoterms"":""CIF""}",active,2025-05-05T05:38:30.421Z,2025-12-15T05:38:30.421Z
00f0af68-aaca-4c7b-87c7-0d8034ad63bd,2f754c55-e158-45fa-be6b-851496b9ea40,Battery Grade Lithium Chloride 99.0%,High-quality battery grade lithium chloride for EV battery applications. Meets strict automotive specifications.,Lithium Chloride,Battery Grade,98.97,,,,D50: 33μm,1.35 g/cm³,0.07,MT,50,53,5929,"[""REACH"",""ISO 9001:2015""]",false,true,"{""Na"":""≤0.0005%"",""Mg"":""≤0.0003%"",""Ca"":""≤0.0009%"",""Fe"":""≤0.0002%""}","{""base_price"":1049,""currency"":""USD"",""unit"":""MT"",""incoterms"":""CIF""}",out_of_stock,2025-03-28T05:38:30.421Z,2025-12-07T05:38:30.421Z
cecfc948-247f-43e4-a217-f1fe09168f7b,2f754c55-e158-45fa-be6b-851496b9ea40,Battery Grade Lithium Hydroxide 99.80%,High-quality battery grade lithium hydroxide for EV battery applications. Meets strict automotive specifications.,Lithium Hydroxide,Battery Grade,99.8,,56.4,,D50: 14μm,1.09 g/cm³,0.04,MT,28,38,1903,"[""ISO 9001:2015"",""REACH"",""ISO 14001:2015"",""IATF 16949:2016""]",false,true,"{""Na"":""≤0.001%"",""Mg"":""≤0.0008%"",""Ca"":""≤0.0005%"",""Fe"":""≤0.0005%""}","{""base_price"":15687,""currency"":""USD"",""unit"":""MT"",""incoterms"":""CIF""}",active,2025-09-22T05:38:30.421Z,2025-12-04T05:38:30.421Z
6bbb71f2-786a-4ed8-80ac-3d8954bcf0c7,2f754c55-e158-45fa-be6b-851496b9ea40,Technical Grade Lithium Chloride 98.7%,High-quality technical grade lithium chloride for industrial applications. Reliable quality for manufacturing.,Lithium Chloride,Technical Grade,98.73,,,,,0.83 g/cm³,0.1,MT,464,68,2791,"[""REACH"",""ISO 9001:2015""]",false,true,"{""Na"":""≤0.0002%"",""Mg"":""≤0.0005%"",""Ca"":""≤0.0003%"",""Fe"":""≤0.0003%""}","{""base_price"":7784,""currency"":""USD"",""unit"":""MT"",""incoterms"":""EXW""}",active,2025-02-18T05:38:30.421Z,2025-12-30T05:38:30.421Z
79298cfe-6d1d-4086-a5ec-e8d9b75960ad,2f754c55-e158-45fa-be6b-851496b9ea40,Pharmaceutical Grade Lithium Carbonate 99.89%,High-quality pharmaceutical grade lithium carbonate for industrial applications. Reliable quality for manufacturing.,Lithium Carbonate,Pharmaceutical Grade,99.89,99.89,,,,0.91 g/cm³,0.15,MT,252,39,3647,"[""IATF 16949:2016"",""REACH"",""ISO 14001:2015""]",false,true,"{""Na"":""≤0.0002%"",""Mg"":""≤0.0006%"",""Ca"":""≤0.0018%"",""Fe"":""≤0.0002%""}","{""base_price"":5032,""currency"":""USD"",""unit"":""MT"",""incoterms"":""FOB""}",active,2024-05-17T05:38:30.421Z,2025-12-11T05:38:30.421Z
4f4b4363-a327-4167-944d-f4d2554074d6,2f754c55-e158-45fa-be6b-851496b9ea40,Industrial Grade Other 99.0%,High-quality industrial grade other for industrial applications. Reliable quality for manufacturing.,Other,Industrial Grade,99.02,,,,,0.91 g/cm³,0.1,MT,213,61,1064,"[""ISO 9001:2015"",""ISO 14001:2015"",""IATF 16949:2016""]",false,true,"{""Na"":""≤0.001%"",""Mg"":""≤0.0002%"",""Ca"":""≤0.0015%"",""Fe"":""≤0.0002%""}","{""base_price"":8702,""currency"":""USD"",""unit"":""MT"",""incoterms"":""EXW""}",active,2025-03-08T05:38:30.421Z,2025-12-25T05:38:30.421Z
d4448c28-b1f5-487f-a1c2-c060a6154a09,2f754c55-e158-45fa-be6b-851496b9ea40,Industrial Grade Lithium Hydroxide 99.85%,High-quality industrial grade lithium hydroxide for industrial applications. Reliable quality for manufacturing.,Lithium Hydroxide,Industrial Grade,99.85,,56.34,,,1.13 g/cm³,0.06,MT,170,78,4913,"[""REACH"",""RoHS"",""IATF 16949:2016"",""ISO 9001:2015""]",false,true,"{""Na"":""≤0.0006%"",""Mg"":""≤0.0003%"",""Ca"":""≤0.001%"",""Fe"":""≤0.0002%""}","{""base_price"":9546,""currency"":""USD"",""unit"":""MT"",""incoterms"":""FOB""}",active,2025-08-20T05:38:30.421Z,2025-12-27T05:38:30.421Z
161649e6-27a9-4e1c-bbbc-fcee000e9e55,7f8fe15b-7d71-48da-8487-0aaa6b197c9b,Technical Grade Lithium Carbonate 99.3%,High-quality technical grade lithium carbonate for industrial applications. Reliable quality for manufacturing.,Lithium Carbonate,Technical Grade,99.31,99.31,,,,1.33 g/cm³,0.14,MT,387,54,3889,"[""ISO 9001:2015"",""ISO 14001:2015""]",false,true,"{""Na"":""≤0.0007%"",""Mg"":""≤0.0007%"",""Ca"":""≤0.0003%"",""Fe"":""≤0.0004%""}","{""base_price"":9481,""currency"":""USD"",""unit"":""MT"",""incoterms"":""FOB""}",active,2025-04-07T05:38:30.421Z,2025-12-11T05:38:30.421Z
a383eab2-fad1-4444-bd81-0b0841c2c9bd,7f8fe15b-7d71-48da-8487-0aaa6b197c9b,Industrial Grade Lithium Spodumene,High-quality industrial grade lithium spodumene for industrial applications. Reliable quality for manufacturing.,Lithium Spodumene,Industrial Grade,,,,6.69,,1.12 g/cm³,0.15,MT,380,72,9225,"[""REACH"",""IATF 16949:2016""]",false,true,"{""Na"":""≤0.0003%"",""Mg"":""≤0.0003%"",""Ca"":""≤0.0008%"",""Fe"":""≤0.0003%""}","{""base_price"":7421,""currency"":""USD"",""unit"":""MT"",""incoterms"":""CIF""}",active,2024-02-04T05:38:30.421Z,2025-12-22T05:38:30.421Z
6b2fff35-e97d-4d3b-9e34-336182b84a88,7f8fe15b-7d71-48da-8487-0aaa6b197c9b,Industrial Grade Lithium Chloride 99.3%,High-quality industrial grade lithium chloride for industrial applications. Reliable quality for manufacturing.,Lithium Chloride,Industrial Grade,99.35,,,,,1.11 g/cm³,0.07,MT,98,90,8201,"[""ISO 9001:2015"",""RoHS"",""REACH""]",false,true,"{""Na"":""≤0.0004%"",""Mg"":""≤0.0004%"",""Ca"":""≤0.0017%"",""Fe"":""≤0.0003%""}","{""base_price"":7459,""currency"":""USD"",""unit"":""MT"",""incoterms"":""EXW""}",active,2025-07-30T05:38:30.421Z,2025-12-27T05:38:30.421Z
a6a8faf1-3885-4478-a8fc-e1486b056c5e,7f8fe15b-7d71-48da-8487-0aaa6b197c9b,Battery Grade Lithium Hydroxide 99.76%,High-quality battery grade lithium hydroxide for EV battery applications. Meets strict automotive specifications.,Lithium Hydroxide,Battery Grade,99.76,,56.03,,D50: 32μm,0.99 g/cm³,0.07,MT,37,32,3456,"[""REACH"",""RoHS"",""IATF 16949:2016""]",false,true,"{""Na"":""≤0.0009%"",""Mg"":""≤0.0004%"",""Ca"":""≤0.0003%"",""Fe"":""≤0.0003%""}","{""base_price"":14815,""currency"":""USD"",""unit"":""MT"",""incoterms"":""EXW""}",active,2024-04-03T05:38:30.421Z,2025-12-15T05:38:30.421Z
5e9b68bd-3922-4e4a-9d0f-9db7ad323908,7f8fe15b-7d71-48da-8487-0aaa6b197c9b,Industrial Grade Recycled Lithium 99.1%,High-quality industrial grade recycled lithium for industrial applications. Reliable quality for manufacturing.,Recycled Lithium,Industrial Grade,99.08,,,,,1.32 g/cm³,0.12,MT,175,41,1583,"[""REACH"",""IATF 16949:2016"",""ISO 14001:2015"",""RoHS""]",false,true,"{""Na"":""≤0.0001%"",""Mg"":""≤0.0001%"",""Ca"":""≤0.0012%"",""Fe"":""≤0.0004%""}","{""base_price"":5897,""currency"":""USD"",""unit"":""MT"",""incoterms"":""FOB""}",active,2025-02-09T05:38:30.421Z,2025-12-26T05:38:30.421Z
cdf45845-2877-4839-bc56-47f4825681ac,7f8fe15b-7d71-48da-8487-0aaa6b197c9b,Technical Grade Recycled Lithium 98.8%,High-quality technical grade recycled lithium for industrial applications. Reliable quality for manufacturing.,Recycled Lithium,Technical Grade,98.85,,,,,1.24 g/cm³,0.04,MT,157,67,4593,"[""ISO 9001:2015"",""ISO 14001:2015"",""IATF 16949:2016"",""REACH""]",false,true,"{""Na"":""≤0.0009%"",""Mg"":""≤0.0007%"",""Ca"":""≤0.0009%"",""Fe"":""≤0.0005%""}","{""base_price"":9636,""currency"":""USD"",""unit"":""MT"",""incoterms"":""FOB""}",active,2024-09-18T05:38:30.421Z,2025-12-18T05:38:30.421Z
4c30ff74-09f8-4264-be45-83df600d9c0f,7f8fe15b-7d71-48da-8487-0aaa6b197c9b,Battery Grade Recycled Lithium 98.5%,High-quality battery grade recycled lithium for EV battery applications. Meets strict automotive specifications.,Recycled Lithium,Battery Grade,98.49,,,,D50: 29μm,1 g/cm³,0.05,MT,48,72,8460,"[""REACH"",""RoHS"",""IATF 16949:2016"",""ISO 14001:2015""]",false,true,"{""Na"":""≤0.0002%"",""Mg"":""≤0.0003%"",""Ca"":""≤0.0019%"",""Fe"":""≤0.0002%""}","{""base_price"":1192,""currency"":""USD"",""unit"":""MT"",""incoterms"":""EXW""}",active,2024-11-06T05:38:30.422Z,2025-12-23T05:38:30.422Z
505d3a28-cbb3-40c4-91fd-b62a42bbb0ed,7f8fe15b-7d71-48da-8487-0aaa6b197c9b,Pharmaceutical Grade Lithium Hydroxide 99.69%,High-quality pharmaceutical grade lithium hydroxide for industrial applications. Reliable quality for manufacturing.,Lithium Hydroxide,Pharmaceutical Grade,99.69,,56.93,,,1.24 g/cm³,0.01,MT,290,44,9215,"[""ISO 14001:2015"",""ISO 9001:2015""]",false,true,"{""Na"":""≤0.0009%"",""Mg"":""≤0.0005%"",""Ca"":""≤0.0005%"",""Fe"":""≤0.0001%""}","{""base_price"":6955,""currency"":""USD"",""unit"":""MT"",""incoterms"":""FOB""}",active,2025-11-13T05:38:30.422Z,2025-12-15T05:38:30.422Z
3e08f37f-8f1a-4c23-aa25-cec9d2a036d0,7f8fe15b-7d71-48da-8487-0aaa6b197c9b,Battery Grade Lithium Spodumene,High-quality battery grade lithium spodumene for EV battery applications. Meets strict automotive specifications.,Lithium Spodumene,Battery Grade,,,,6.21,D50: 58μm,0.88 g/cm³,0.12,MT,20,76,1073,"[""ISO 14001:2015"",""ISO 9001:2015"",""REACH""]",false,true,"{""Na"":""≤0.0006%"",""Mg"":""≤0.0005%"",""Ca"":""≤0.0019%"",""Fe"":""≤0.0003%""}","{""base_price"":1096,""currency"":""USD"",""unit"":""MT"",""incoterms"":""FOB""}",active,2025-03-21T05:38:30.422Z,2025-12-23T05:38:30.422Z
bd39fe2f-f2b7-4bb6-9b31-654ae63f5a29,069ad08e-21cf-45e4-bbc0-427b90c8ae9f,Industrial Grade Lithium Spodumene,High-quality industrial grade lithium spodumene for industrial applications. Reliable quality for manufacturing.,Lithium Spodumene,Industrial Grade,,,,5.87,,1.08 g/cm³,0.13,MT,200,89,4629,"[""ISO 14001:2015"",""IATF 16949:2016""]",false,true,"{""Na"":""≤0.0003%"",""Mg"":""≤0.0007%"",""Ca"":""≤0.002%"",""Fe"":""≤0.0003%""}","{""base_price"":9994,""currency"":""USD"",""unit"":""MT"",""incoterms"":""CIF""}",active,2025-05-13T05:38:30.422Z,2025-12-31T05:38:30.422Z
e3970ee9-8e50-4cb4-b90a-1e5c2851deac,069ad08e-21cf-45e4-bbc0-427b90c8ae9f,Battery Grade Recycled Lithium 98.4%,High-quality battery grade recycled lithium for EV battery applications. Meets strict automotive specifications.,Recycled Lithium,Battery Grade,98.38,,,,D50: 31μm,1.23 g/cm³,0.05,MT,23,89,9089,"[""ISO 9001:2015"",""RoHS"",""REACH""]",false,true,"{""Na"":""≤0.0004%"",""Mg"":""≤0.0007%"",""Ca"":""≤0.0005%"",""Fe"":""≤0.0002%""}","{""base_price"":956,""currency"":""USD"",""unit"":""MT"",""incoterms"":""CIF""}",active,2025-10-21T05:38:30.422Z,2025-12-15T05:38:30.422Z
176007d0-e324-4624-a2b8-dc877fa1df2a,069ad08e-21cf-45e4-bbc0-427b90c8ae9f,Technical Grade Lithium Carbonate 99.87%,High-quality technical grade lithium carbonate for industrial applications. Reliable quality for manufacturing.,Lithium Carbonate,Technical Grade,99.87,99.87,,,,0.86 g/cm³,0.09,MT,352,64,6906,"[""ISO 9001:2015"",""REACH""]",false,true,"{""Na"":""≤0.0009%"",""Mg"":""≤0.001%"",""Ca"":""≤0.0011%"",""Fe"":""≤0.0002%""}","{""base_price"":6996,""currency"":""USD"",""unit"":""MT"",""incoterms"":""CIF""}",active,2024-02-25T05:38:30.422Z,2025-12-10T05:38:30.422Z
12da0421-dfef-4551-935b-db65c647a62a,069ad08e-21cf-45e4-bbc0-427b90c8ae9f,Pharmaceutical Grade Lithium Carbonate 99.58%,High-quality pharmaceutical grade lithium carbonate for industrial applications. Reliable quality for manufacturing.,Lithium Carbonate,Pharmaceutical Grade,99.58,99.58,,,,1.34 g/cm³,0.03,MT,126,50,653,"[""ISO 9001:2015"",""RoHS"",""ISO 14001:2015""]",false,true,"{""Na"":""≤0.0002%"",""Mg"":""≤0.0002%"",""Ca"":""≤0.0006%"",""Fe"":""≤0.0003%""}","{""base_price"":8777,""currency"":""USD"",""unit"":""MT"",""incoterms"":""EXW""}",active,2025-07-07T05:38:30.422Z,2025-12-12T05:38:30.422Z
0b4b8ccb-e9ea-4424-b1fa-eaf5676d9533,069ad08e-21cf-45e4-bbc0-427b90c8ae9f,Battery Grade Lithium Carbonate 99.4%,High-quality battery grade lithium carbonate for EV battery applications. Meets strict automotive specifications.,Lithium Carbonate,Battery Grade,99.41,99.41,,,D50: 19μm,1.13 g/cm³,0.04,MT,47,50,606,"[""ISO 9001:2015"",""REACH"",""RoHS""]",false,true,"{""Na"":""≤0.0004%"",""Mg"":""≤0.0008%"",""Ca"":""≤0.0015%"",""Fe"":""≤0.0001%""}","{""base_price"":11888,""currency"":""USD"",""unit"":""MT"",""incoterms"":""FOB""}",active,2025-08-27T05:38:30.422Z,2025-12-29T05:38:30.422Z
8f2042c2-fffc-4e30-bac1-e5e8213899c0,069ad08e-21cf-45e4-bbc0-427b90c8ae9f,Technical Grade Recycled Lithium 98.3%,High-quality technical grade recycled lithium for industrial applications. Reliable quality for manufacturing.,Recycled Lithium,Technical Grade,98.33,,,,,1.34 g/cm³,0.05,MT,234,82,9893,"[""ISO 9001:2015"",""REACH""]",false,true,"{""Na"":""≤0.0009%"",""Mg"":""≤0.0002%"",""Ca"":""≤0.0008%"",""Fe"":""≤0.0001%""}","{""base_price"":8827,""currency"":""USD"",""unit"":""MT"",""incoterms"":""CIF""}",active,2024-04-18T05:38:30.422Z,2025-12-22T05:38:30.422Z
001743b8-05c1-4064-979c-08e01fac5863,069ad08e-21cf-45e4-bbc0-427b90c8ae9f,Technical Grade Lithium Hydroxide 99.78%,High-quality technical grade lithium hydroxide for industrial applications. Reliable quality for manufacturing.,Lithium Hydroxide,Technical Grade,99.78,,56.8,,,1.21 g/cm³,0.01,MT,154,42,2464,"[""IATF 16949:2016"",""ISO 9001:2015""]",false,true,"{""Na"":""≤0.0002%"",""Mg"":""≤0.0005%"",""Ca"":""≤0.0016%"",""Fe"":""≤0.0004%""}","{""base_price"":6898,""currency"":""USD"",""unit"":""MT"",""incoterms"":""EXW""}",active,2024-03-14T05:38:30.422Z,2025-12-31T05:38:30.422Z
7af3daa6-2ded-4917-bb5c-bcb3b9b1a9c9,b3a55e8a-812c-4397-93ff-05259f0f42c8,Pharmaceutical Grade Recycled Lithium 99.4%,High-quality pharmaceutical grade recycled lithium for industrial applications. Reliable quality for manufacturing.,Recycled Lithium,Pharmaceutical Grade,99.44,,,,,1.14 g/cm³,0.08,MT,209,49,5411,"[""ISO 9001:2015"",""ISO 14001:2015"",""REACH"",""RoHS""]",false,true,"{""Na"":""≤0.0002%"",""Mg"":""≤0.0001%"",""Ca"":""≤0.0018%"",""Fe"":""≤0.0004%""}","{""base_price"":5172,""currency"":""USD"",""unit"":""MT"",""incoterms"":""FOB""}",active,2025-08-05T05:38:30.422Z,2025-12-19T05:38:30.422Z
6f161eaf-2587-42a9-bbc7-cf159043376a,b3a55e8a-812c-4397-93ff-05259f0f42c8,Pharmaceutical Grade Recycled Lithium 99.5%,High-quality pharmaceutical grade recycled lithium for industrial applications. Reliable quality for manufacturing.,Recycled Lithium,Pharmaceutical Grade,99.49,,,,,1.14 g/cm³,0.15,MT,473,38,557,"[""IATF 16949:2016"",""REACH""]",false,true,"{""Na"":""≤0.0006%"",""Mg"":""≤0.0009%"",""Ca"":""≤0.0002%"",""Fe"":""≤0.0005%""}","{""base_price"":6860,""currency"":""USD"",""unit"":""MT"",""incoterms"":""EXW""}",active,2024-10-27T05:38:30.422Z,2026-01-02T05:38:30.422Z
4b09e1e8-4ed7-4570-b9d0-e7032113a9c7,b3a55e8a-812c-4397-93ff-05259f0f42c8,Battery Grade Recycled Lithium 98.3%,High-quality battery grade recycled lithium for EV battery applications. Meets strict automotive specifications.,Recycled Lithium,Battery Grade,98.3,,,,D50: 43μm,1.37 g/cm³,0.11,MT,48,38,8103,"[""IATF 16949:2016"",""ISO 14001:2015"",""ISO 9001:2015"",""REACH""]",false,true,"{""Na"":""≤0.0009%"",""Mg"":""≤0.0008%"",""Ca"":""≤0.0001%"",""Fe"":""≤0.0004%""}","{""base_price"":826,""currency"":""USD"",""unit"":""MT"",""incoterms"":""EXW""}",active,2025-04-23T05:38:30.422Z,2025-12-12T05:38:30.422Z
0d41b023-1666-4450-a9ad-750a23010730,b3a55e8a-812c-4397-93ff-05259f0f42c8,Technical Grade Lithium Hydroxide 99.51%,High-quality technical grade lithium hydroxide for industrial applications. Reliable quality for manufacturing.,Lithium Hydroxide,Technical Grade,99.51,,56.53,,,0.9 g/cm³,0.04,MT,384,32,8105,"[""ISO 9001:2015"",""ISO 14001:2015"",""RoHS"",""IATF 16949:2016""]",false,true,"{""Na"":""≤0.0007%"",""Mg"":""≤0.0002%"",""Ca"":""≤0.002%"",""Fe"":""≤0.0001%""}","{""base_price"":6264,""currency"":""USD"",""unit"":""MT"",""incoterms"":""CIF""}",active,2024-12-02T05:38:30.422Z,2025-12-04T05:38:30.422Z
75a0db57-a988-4b9e-bc3e-c8f6381ad513,b3a55e8a-812c-4397-93ff-05259f0f42c8,Industrial Grade Lithium Hydroxide 99.57%,High-quality industrial grade lithium hydroxide for industrial applications. Reliable quality for manufacturing.,Lithium Hydroxide,Industrial Grade,99.57,,56.97,,,0.94 g/cm³,0.14,MT,361,71,7298,"[""REACH"",""ISO 9001:2015""]",false,true,"{""Na"":""≤0.0005%"",""Mg"":""≤0.0003%"",""Ca"":""≤0.0011%"",""Fe"":""≤0.0004%""}","{""base_price"":9908,""currency"":""USD"",""unit"":""MT"",""incoterms"":""EXW""}",active,2025-06-22T05:38:30.422Z,2025-12-12T05:38:30.422Z
064388f4-db54-4afe-be26-88516de1a4cc,b3a55e8a-812c-4397-93ff-05259f0f42c8,Industrial Grade Other 99.50%,High-quality industrial grade other for industrial applications. Reliable quality for manufacturing.,Other,Industrial Grade,99.5,,,,,1.02 g/cm³,0.11,MT,385,86,9559,"[""REACH"",""RoHS""]",false,true,"{""Na"":""≤0.0006%"",""Mg"":""≤0.0002%"",""Ca"":""≤0.0004%"",""Fe"":""≤0.0003%""}","{""base_price"":9502,""currency"":""USD"",""unit"":""MT"",""incoterms"":""CIF""}",active,2025-03-11T05:38:30.422Z,2025-12-30T05:38:30.422Z
28ff4d3b-9750-4578-a113-0c0e116cf3e4,b3a55e8a-812c-4397-93ff-05259f0f42c8,Technical Grade Lithium Carbonate 99.4%,High-quality technical grade lithium carbonate for industrial applications. Reliable quality for manufacturing.,Lithium Carbonate,Technical Grade,99.44,99.44,,,,1.06 g/cm³,0.09,MT,398,80,4871,"[""REACH"",""ISO 14001:2015"",""RoHS"",""IATF 16949:2016""]",false,true,"{""Na"":""≤0.0002%"",""Mg"":""≤0.0003%"",""Ca"":""≤0.0009%"",""Fe"":""≤0.0003%""}","{""base_price"":5775,""currency"":""USD"",""unit"":""MT"",""incoterms"":""EXW""}",active,2025-08-09T05:38:30.422Z,2025-12-08T05:38:30.422Z
d9bf8aa8-4240-4082-9ed4-df30e87271a5,b3a55e8a-812c-4397-93ff-05259f0f42c8,Technical Grade Recycled Lithium 98.4%,High-quality technical grade recycled lithium for industrial applications. Reliable quality for manufacturing.,Recycled Lithium,Technical Grade,98.37,,,,,1.28 g/cm³,0.1,MT,278,54,7391,"[""ISO 9001:2015"",""REACH"",""RoHS"",""IATF 16949:2016""]",false,true,"{""Na"":""≤0.0006%"",""Mg"":""≤0.0006%"",""Ca"":""≤0.0003%"",""Fe"":""≤0.0003%""}","{""base_price"":6657,""currency"":""USD"",""unit"":""MT"",""incoterms"":""FOB""}",active,2025-06-22T05:38:30.422Z,2025-12-31T05:38:30.422Z
55461e6f-137e-483b-8168-b4021138c251,b3a55e8a-812c-4397-93ff-05259f0f42c8,Industrial Grade Lithium Hydroxide 99.76%,High-quality industrial grade lithium hydroxide for industrial applications. Reliable quality for manufacturing.,Lithium Hydroxide,Industrial Grade,99.76,,56.34,,,1.12 g/cm³,0.01,MT,164,48,5815,"[""ISO 14001:2015"",""RoHS"",""ISO 9001:2015"",""IATF 16949:2016""]",false,true,"{""Na"":""≤0.0009%"",""Mg"":""≤0.0005%"",""Ca"":""≤0.0004%"",""Fe"":""≤0.0003%""}","{""base_price"":9053,""currency"":""USD"",""unit"":""MT"",""incoterms"":""CIF""}",active,2025-05-19T05:38:30.422Z,2025-12-07T05:38:30.422Z
780cb70c-528b-4dac-b420-8438fc913fc0,b3a55e8a-812c-4397-93ff-05259f0f42c8,Pharmaceutical Grade Lithium Chloride 98.5%,High-quality pharmaceutical grade lithium chloride for industrial applications. Reliable quality for manufacturing.,Lithium Chloride,Pharmaceutical Grade,98.51,,,,,1.34 g/cm³,0.05,MT,81,51,2518,"[""RoHS"",""REACH"",""ISO 9001:2015""]",false,true,"{""Na"":""≤0.0008%"",""Mg"":""≤0.0006%"",""Ca"":""≤0.0014%"",""Fe"":""≤0.0002%""}","{""base_price"":9886,""currency"":""USD"",""unit"":""MT"",""incoterms"":""EXW""}",active,2025-03-07T05:38:30.422Z,2025-12-15T05:38:30.422Z
51bbdc1b-7571-408a-9c08-c85ec1623fae,b3a55e8a-812c-4397-93ff-05259f0f42c8,Industrial Grade Lithium Chloride 98.6%,High-quality industrial grade lithium chloride for industrial applications. Reliable quality for manufacturing.,Lithium Chloride,Industrial Grade,98.61,,,,,1.1 g/cm³,0.04,MT,387,53,8312,"[""REACH"",""IATF 16949:2016"",""ISO 14001:2015"",""ISO 9001:2015""]",false,true,"{""Na"":""≤0.0004%"",""Mg"":""≤0.0009%"",""Ca"":""≤0.0011%"",""Fe"":""≤0.0004%""}","{""base_price"":6238,""currency"":""USD"",""unit"":""MT"",""incoterms"":""CIF""}",active,2024-10-28T05:38:30.423Z,2025-12-28T05:38:30.423Z
e7b7f360-93bc-4e07-b41f-be03599bf19a,b3a55e8a-812c-4397-93ff-05259f0f42c8,Battery Grade Lithium Chloride 99.5%,High-quality battery grade lithium chloride for EV battery applications. Meets strict automotive specifications.,Lithium Chloride,Battery Grade,99.49,,,,D50: 52μm,1.15 g/cm³,0.01,MT,33,50,2801,"[""IATF 16949:2016"",""ISO 14001:2015""]",false,true,"{""Na"":""≤0.0008%"",""Mg"":""≤0.0009%"",""Ca"":""≤0.0001%"",""Fe"":""≤0.0005%""}","{""base_price"":1133,""currency"":""USD"",""unit"":""MT"",""incoterms"":""CIF""}",active,2024-05-26T05:38:30.423Z,2025-12-17T05:38:30.423Z
a6d8b0cb-0f84-47c6-beae-2eb98ab47e15,b3a55e8a-812c-4397-93ff-05259f0f42c8,Technical Grade Lithium Chloride 98.6%,High-quality technical grade lithium chloride for industrial applications. Reliable quality for manufacturing.,Lithium Chloride,Technical Grade,98.56,,,,,0.85 g/cm³,0.05,MT,282,39,6883,"[""ISO 9001:2015"",""REACH"",""RoHS"",""ISO 14001:2015""]",false,true,"{""Na"":""≤0.0006%"",""Mg"":""≤0.0006%"",""Ca"":""≤0.0013%"",""Fe"":""≤0.0001%""}","{""base_price"":5941,""currency"":""USD"",""unit"":""MT"",""incoterms"":""EXW""}",active,2024-12-27T05:38:30.423Z,2025-12-29T05:38:30.423Z
30f6eec3-cce4-43a8-988a-85b9c9bbef61,1084f4f1-4e9b-4266-b782-ae20022825b0,Battery Grade Lithium Spodumene,High-quality battery grade lithium spodumene for EV battery applications. Meets strict automotive specifications.,Lithium Spodumene,Battery Grade,,,,6.59,D50: 38μm,1.02 g/cm³,0.13,MT,35,69,6311,"[""ISO 9001:2015"",""ISO 14001:2015""]",false,true,"{""Na"":""≤0.001%"",""Mg"":""≤0.0006%"",""Ca"":""≤0.001%"",""Fe"":""≤0.0001%""}","{""base_price"":1200,""currency"":""USD"",""unit"":""MT"",""incoterms"":""CIF""}",active,2024-11-29T05:38:30.423Z,2025-12-26T05:38:30.423Z
983b2134-0166-42ad-9205-32aa600efc50,1084f4f1-4e9b-4266-b782-ae20022825b0,Technical Grade Lithium Hydroxide 99.82%,High-quality technical grade lithium hydroxide for industrial applications. Reliable quality for manufacturing.,Lithium Hydroxide,Technical Grade,99.82,,56.33,,,1.05 g/cm³,0.11,MT,479,71,3981,"[""ISO 9001:2015"",""RoHS"",""ISO 14001:2015"",""REACH""]",false,true,"{""Na"":""≤0.0005%"",""Mg"":""≤0.0006%"",""Ca"":""≤0.0019%"",""Fe"":""≤0.0001%""}","{""base_price"":8714,""currency"":""USD"",""unit"":""MT"",""incoterms"":""EXW""}",active,2024-02-20T05:38:30.423Z,2025-12-15T05:38:30.423Z
a98e184f-1afb-4923-ae0d-1c24e6ad3a26,1084f4f1-4e9b-4266-b782-ae20022825b0,Industrial Grade Other 98.2%,High-quality industrial grade other for industrial applications. Reliable quality for manufacturing.,Other,Industrial Grade,98.17,,,,,1.14 g/cm³,0.02,MT,470,80,8258,"[""ISO 9001:2015"",""REACH"",""ISO 14001:2015""]",false,true,"{""Na"":""≤0.0005%"",""Mg"":""≤0.0001%"",""Ca"":""≤0.0009%"",""Fe"":""≤0.0004%""}","{""base_price"":7941,""currency"":""USD"",""unit"":""MT"",""incoterms"":""EXW""}",active,2024-07-10T05:38:30.423Z,2025-12-19T05:38:30.423Z
90452352-35c4-4ee9-bca9-1f04c2108531,1084f4f1-4e9b-4266-b782-ae20022825b0,Pharmaceutical Grade Recycled Lithium 99.3%,High-quality pharmaceutical grade recycled lithium for industrial applications. Reliable quality for manufacturing.,Recycled Lithium,Pharmaceutical Grade,99.31,,,,,1.04 g/cm³,0.13,MT,88,42,5460,"[""ISO 9001:2015"",""ISO 14001:2015""]",false,true,"{""Na"":""≤0.0003%"",""Mg"":""≤0.0003%"",""Ca"":""≤0.0003%"",""Fe"":""≤0.0001%""}","{""base_price"":8601,""currency"":""USD"",""unit"":""MT"",""incoterms"":""FOB""}",active,2024-07-15T05:38:30.423Z,2025-12-16T05:38:30.423Z
79774ebd-f2db-4707-9ff4-e4526980899e,1084f4f1-4e9b-4266-b782-ae20022825b0,Battery Grade Lithium Spodumene,High-quality battery grade lithium spodumene for EV battery applications. Meets strict automotive specifications.,Lithium Spodumene,Battery Grade,,,,6.77,D50: 17μm,0.87 g/cm³,0.15,MT,21,47,9955,"[""IATF 16949:2016"",""ISO 14001:2015"",""RoHS""]",false,true,"{""Na"":""≤0.0006%"",""Mg"":""≤0.001%"",""Ca"":""≤0.002%"",""Fe"":""≤0.0003%""}","{""base_price"":1047,""currency"":""USD"",""unit"":""MT"",""incoterms"":""FOB""}",active,2024-09-10T05:38:30.423Z,2025-12-16T05:38:30.423Z
090ad4de-053a-4d89-8f5e-016a1cad1b90,1084f4f1-4e9b-4266-b782-ae20022825b0,Battery Grade Lithium Hydroxide 99.57%,High-quality battery grade lithium hydroxide for EV battery applications. Meets strict automotive specifications.,Lithium Hydroxide,Battery Grade,99.57,,56.86,,D50: 21μm,1.33 g/cm³,0.12,MT,44,49,3850,"[""ISO 9001:2015"",""ISO 14001:2015"",""IATF 16949:2016""]",false,true,"{""Na"":""≤0.0006%"",""Mg"":""≤0.0008%"",""Ca"":""≤0.0017%"",""Fe"":""≤0.0004%""}","{""base_price"":15710,""currency"":""USD"",""unit"":""MT"",""incoterms"":""CIF""}",active,2024-01-30T05:38:30.423Z,2025-12-08T05:38:30.423Z
d673e2bc-afbe-4279-849d-a86e9deb83e2,1084f4f1-4e9b-4266-b782-ae20022825b0,Industrial Grade Lithium Spodumene,High-quality industrial grade lithium spodumene for industrial applications. Reliable quality for manufacturing.,Lithium Spodumene,Industrial Grade,,,,6.48,,1.28 g/cm³,0.02,MT,181,63,3479,"[""RoHS"",""ISO 9001:2015""]",false,true,"{""Na"":""≤0.0003%"",""Mg"":""≤0.0003%"",""Ca"":""≤0.0006%"",""Fe"":""≤0.0005%""}","{""base_price"":9093,""currency"":""USD"",""unit"":""MT"",""incoterms"":""CIF""}",active,2025-09-28T05:38:30.423Z,2026-01-02T05:38:30.423Z
fddcab21-e760-45a9-9437-4a6b0bb7a587,1084f4f1-4e9b-4266-b782-ae20022825b0,Pharmaceutical Grade Lithium Carbonate 99.76%,High-quality pharmaceutical grade lithium carbonate for industrial applications. Reliable quality for manufacturing.,Lithium Carbonate,Pharmaceutical Grade,99.76,99.76,,,,0.98 g/cm³,0.01,MT,266,59,7166,"[""ISO 9001:2015"",""ISO 14001:2015""]",false,true,"{""Na"":""≤0.0003%"",""Mg"":""≤0.0001%"",""Ca"":""≤0.0019%"",""Fe"":""≤0.0004%""}","{""base_price"":7363,""currency"":""USD"",""unit"":""MT"",""incoterms"":""EXW""}",active,2025-11-25T05:38:30.423Z,2025-12-28T05:38:30.423Z
34d725e5-703a-436b-9af1-dea76710ffb8,1084f4f1-4e9b-4266-b782-ae20022825b0,Technical Grade Lithium Hydroxide 99.83%,High-quality technical grade lithium hydroxide for industrial applications. Reliable quality for manufacturing.,Lithium Hydroxide,Technical Grade,99.83,,56.08,,,1.35 g/cm³,0.11,MT,55,59,9650,"[""REACH"",""IATF 16949:2016""]",false,true,"{""Na"":""≤0.0009%"",""Mg"":""≤0.0007%"",""Ca"":""≤0.0003%"",""Fe"":""≤0.0002%""}","{""base_price"":8839,""currency"":""USD"",""unit"":""MT"",""incoterms"":""CIF""}",active,2025-02-06T05:38:30.423Z,2025-12-11T05:38:30.423Z
aa9f6f91-d1e9-4f27-9fb6-81c4ddc157bd,1084f4f1-4e9b-4266-b782-ae20022825b0,Pharmaceutical Grade Lithium Carbonate 99.5%,High-quality pharmaceutical grade lithium carbonate for industrial applications. Reliable quality for manufacturing.,Lithium Carbonate,Pharmaceutical Grade,99.46,99.46,,,,1.23 g/cm³,0.06,MT,379,75,3837,"[""IATF 16949:2016"",""ISO 9001:2015""]",false,true,"{""Na"":""≤0.0001%"",""Mg"":""≤0.0003%"",""Ca"":""≤0.0016%"",""Fe"":""≤0.0003%""}","{""base_price"":5871,""currency"":""USD"",""unit"":""MT"",""incoterms"":""CIF""}",active,2025-08-17T05:38:30.423Z,2025-12-27T05:38:30.423Z
b32b7cda-76f8-49e7-ade7-0f2e5ab989de,ee2e59c2-0031-48e5-8e02-06bcc4fc83f7,Technical Grade Other 99.4%,High-quality technical grade other for industrial applications. Reliable quality for manufacturing.,Other,Technical Grade,99.42,,,,,0.81 g/cm³,0.03,MT,290,84,4536,"[""ISO 9001:2015"",""RoHS""]",false,true,"{""Na"":""≤0.0008%"",""Mg"":""≤0.0004%"",""Ca"":""≤0.0006%"",""Fe"":""≤0.0003%""}","{""base_price"":9102,""currency"":""USD"",""unit"":""MT"",""incoterms"":""FOB""}",active,2025-04-10T05:38:30.423Z,2025-12-27T05:38:30.423Z
0289e230-2f8c-4554-98f7-115f63288b04,ee2e59c2-0031-48e5-8e02-06bcc4fc83f7,Technical Grade Recycled Lithium 98.0%,High-quality technical grade recycled lithium for industrial applications. Reliable quality for manufacturing.,Recycled Lithium,Technical Grade,98.05,,,,,0.9 g/cm³,0.12,MT,343,56,1879,"[""IATF 16949:2016"",""REACH"",""ISO 14001:2015""]",false,true,"{""Na"":""≤0.0003%"",""Mg"":""≤0.0006%"",""Ca"":""≤0.0018%"",""Fe"":""≤0.0003%""}","{""base_price"":6710,""currency"":""USD"",""unit"":""MT"",""incoterms"":""CIF""}",active,2025-04-12T05:38:30.423Z,2025-12-19T05:38:30.423Z
fa3e9faf-174f-4b14-a155-2f1087f67fd8,ee2e59c2-0031-48e5-8e02-06bcc4fc83f7,Pharmaceutical Grade Other 99.1%,High-quality pharmaceutical grade other for industrial applications. Reliable quality for manufacturing.,Other,Pharmaceutical Grade,99.11,,,,,1.3 g/cm³,0.06,MT,74,75,4012,"[""ISO 9001:2015"",""REACH""]",false,true,"{""Na"":""≤0.001%"",""Mg"":""≤0.0009%"",""Ca"":""≤0.0001%"",""Fe"":""≤0.0004%""}","{""base_price"":6237,""currency"":""USD"",""unit"":""MT"",""incoterms"":""EXW""}",active,2024-08-12T05:38:30.423Z,2025-12-15T05:38:30.423Z
d0c43e39-2efd-40ea-9158-fd10b8a39f19,ee2e59c2-0031-48e5-8e02-06bcc4fc83f7,Battery Grade Lithium Chloride 99.0%,High-quality battery grade lithium chloride for EV battery applications. Meets strict automotive specifications.,Lithium Chloride,Battery Grade,99.01,,,,D50: 43μm,1.22 g/cm³,0.08,MT,10,52,5854,"[""IATF 16949:2016"",""RoHS""]",false,true,"{""Na"":""≤0.0008%"",""Mg"":""≤0.0002%"",""Ca"":""≤0.0007%"",""Fe"":""≤0.0004%""}","{""base_price"":1165,""currency"":""USD"",""unit"":""MT"",""incoterms"":""FOB""}",active,2024-08-19T05:38:30.423Z,2025-12-30T05:38:30.423Z
a80d9105-1b96-4ac1-9bf1-5f5900587df5,ee2e59c2-0031-48e5-8e02-06bcc4fc83f7,Pharmaceutical Grade Recycled Lithium 99.1%,High-quality pharmaceutical grade recycled lithium for industrial applications. Reliable quality for manufacturing.,Recycled Lithium,Pharmaceutical Grade,99.11,,,,,0.88 g/cm³,0.03,MT,275,52,8842,"[""ISO 14001:2015"",""IATF 16949:2016"",""REACH"",""RoHS""]",false,true,"{""Na"":""≤0.0001%"",""Mg"":""≤0.0002%"",""Ca"":""≤0.0012%"",""Fe"":""≤0.0002%""}","{""base_price"":6216,""currency"":""USD"",""unit"":""MT"",""incoterms"":""FOB""}",active,2024-12-30T05:38:30.423Z,2025-12-08T05:38:30.423Z
9bade24c-f2e3-4b59-a6c3-0fa2f4e5e206,ee2e59c2-0031-48e5-8e02-06bcc4fc83f7,Industrial Grade Recycled Lithium 99.1%,High-quality industrial grade recycled lithium for industrial applications. Reliable quality for manufacturing.,Recycled Lithium,Industrial Grade,99.11,,,,,1.28 g/cm³,0.12,MT,452,47,3203,"[""RoHS"",""REACH"",""IATF 16949:2016"",""ISO 14001:2015""]",false,true,"{""Na"":""≤0.0007%"",""Mg"":""≤0.0005%"",""Ca"":""≤0.0017%"",""Fe"":""≤0.0003%""}","{""base_price"":5851,""currency"":""USD"",""unit"":""MT"",""incoterms"":""CIF""}",active,2025-09-06T05:38:30.423Z,2025-12-14T05:38:30.423Z
409bb78f-0d5a-47d2-b946-6fbbdce4e95c,ee2e59c2-0031-48e5-8e02-06bcc4fc83f7,Pharmaceutical Grade Lithium Carbonate 99.82%,High-quality pharmaceutical grade lithium carbonate for industrial applications. Reliable quality for manufacturing.,Lithium Carbonate,Pharmaceutical Grade,99.82,99.82,,,,1.3 g/cm³,0.02,MT,72,51,1778,"[""ISO 9001:2015"",""REACH"",""ISO 14001:2015"",""IATF 16949:2016""]",false,true,"{""Na"":""≤0.0004%"",""Mg"":""≤0.0004%"",""Ca"":""≤0.0015%"",""Fe"":""≤0.0004%""}","{""base_price"":7147,""currency"":""USD"",""unit"":""MT"",""incoterms"":""CIF""}",active,2024-06-17T05:38:30.423Z,2025-12-10T05:38:30.423Z
cb8a3200-d2e0-4e19-b11b-c2d3bcc334b5,ee2e59c2-0031-48e5-8e02-06bcc4fc83f7,Industrial Grade Lithium Hydroxide 99.92%,High-quality industrial grade lithium hydroxide for industrial applications. Reliable quality for manufacturing.,Lithium Hydroxide,Industrial Grade,99.92,,56.82,,,1.08 g/cm³,0.09,MT,182,88,1469,"[""ISO 9001:2015"",""REACH""]",false,true,"{""Na"":""≤0.0002%"",""Mg"":""≤0.0001%"",""Ca"":""≤0.0018%"",""Fe"":""≤0.0004%""}","{""base_price"":9548,""currency"":""USD"",""unit"":""MT"",""incoterms"":""CIF""}",active,2025-01-26T05:38:30.423Z,2025-12-21T05:38:30.423Z
3e8b3118-f08a-4d1b-aed9-857db5ab52e6,ee2e59c2-0031-48e5-8e02-06bcc4fc83f7,Industrial Grade Other 99.2%,High-quality industrial grade other for industrial applications. Reliable quality for manufacturing.,Other,Industrial Grade,99.2,,,,,1.28 g/cm³,0.08,MT,67,71,1427,"[""ISO 9001:2015"",""ISO 14001:2015"",""IATF 16949:2016"",""RoHS""]",false,true,"{""Na"":""≤0.0003%"",""Mg"":""≤0.0009%"",""Ca"":""≤0.0001%"",""Fe"":""≤0.0005%""}","{""base_price"":9758,""currency"":""USD"",""unit"":""MT"",""incoterms"":""EXW""}",active,2024-05-31T05:38:30.423Z,2025-12-29T05:38:30.423Z
4782d759-5f4e-40fe-b8ee-5f452c97d9ac,ee2e59c2-0031-48e5-8e02-06bcc4fc83f7,Technical Grade Lithium Hydroxide 99.61%,High-quality technical grade lithium hydroxide for industrial applications. Reliable quality for manufacturing.,Lithium Hydroxide,Technical Grade,99.61,,56.45,,,1.39 g/cm³,0.14,MT,73,63,8191,"[""ISO 9001:2015"",""IATF 16949:2016"",""RoHS"",""REACH""]",false,true,"{""Na"":""≤0.0007%"",""Mg"":""≤0.0007%"",""Ca"":""≤0.0019%"",""Fe"":""≤0.0001%""}","{""base_price"":9192,""currency"":""USD"",""unit"":""MT"",""incoterms"":""FOB""}",active,2024-02-09T05:38:30.423Z,2025-12-24T05:38:30.423Z
43c9d23f-f0f6-4e8d-906a-43f688ff2c6b,ee2e59c2-0031-48e5-8e02-06bcc4fc83f7,Industrial Grade Other 98.3%,High-quality industrial grade other for industrial applications. Reliable quality for manufacturing.,Other,Industrial Grade,98.28,,,,,1.16 g/cm³,0.02,MT,399,76,1025,"[""RoHS"",""REACH"",""ISO 9001:2015""]",false,true,"{""Na"":""≤0.0008%"",""Mg"":""≤0.0006%"",""Ca"":""≤0.0017%"",""Fe"":""≤0.0003%""}","{""base_price"":8232,""currency"":""USD"",""unit"":""MT"",""incoterms"":""EXW""}",active,2025-10-08T05:38:30.423Z,2025-12-10T05:38:30.423Z
ad12d1f0-1d7d-4c83-aa0d-dc23d1faed3d,ee2e59c2-0031-48e5-8e02-06bcc4fc83f7,Battery Grade Lithium Carbonate 99.89%,High-quality battery grade lithium carbonate for EV battery applications. Meets strict automotive specifications.,Lithium Carbonate,Battery Grade,99.89,99.89,,,D50: 43μm,1.13 g/cm³,0.12,MT,20,44,8435,"[""RoHS"",""IATF 16949:2016""]",false,true,"{""Na"":""≤0.0009%"",""Mg"":""≤0.0008%"",""Ca"":""≤0.0012%"",""Fe"":""≤0.0001%""}","{""base_price"":14224,""currency"":""USD"",""unit"":""MT"",""incoterms"":""EXW""}",active,2025-06-15T05:38:30.423Z,2025-12-14T05:38:30.423Z
75696f52-a759-4f2a-a5af-b9ef03ea01ad,e897675f-2cb6-40c7-84a0-7f4b1434e0cd,Pharmaceutical Grade Lithium Spodumene,High-quality pharmaceutical grade lithium spodumene for industrial applications. Reliable quality for manufacturing.,Lithium Spodumene,Pharmaceutical Grade,,,,7,,0.92 g/cm³,0.15,MT,466,68,6283,"[""REACH"",""RoHS"",""ISO 14001:2015""]",false,true,"{""Na"":""≤0.0009%"",""Mg"":""≤0.0006%"",""Ca"":""≤0.0004%"",""Fe"":""≤0.0002%""}","{""base_price"":5417,""currency"":""USD"",""unit"":""MT"",""incoterms"":""CIF""}",active,2024-06-20T05:38:30.423Z,2026-01-02T05:38:30.423Z
97d864c5-e6e4-4d73-b37f-859a0a2c5717,e897675f-2cb6-40c7-84a0-7f4b1434e0cd,Battery Grade Other 98.7%,High-quality battery grade other for EV battery applications. Meets strict automotive specifications.,Other,Battery Grade,98.65,,,,D50: 54μm,0.92 g/cm³,0.11,MT,28,68,3137,"[""REACH"",""ISO 14001:2015"",""RoHS"",""IATF 16949:2016""]",false,true,"{""Na"":""≤0.0007%"",""Mg"":""≤0.001%"",""Ca"":""≤0.0019%"",""Fe"":""≤0.0004%""}","{""base_price"":893,""currency"":""USD"",""unit"":""MT"",""incoterms"":""EXW""}",active,2025-10-30T05:38:30.423Z,2025-12-16T05:38:30.423Z
5c41cfe4-cc8b-4a0e-b92c-f96b87320daf,e897675f-2cb6-40c7-84a0-7f4b1434e0cd,Industrial Grade Recycled Lithium 99.4%,High-quality industrial grade recycled lithium for industrial applications. Reliable quality for manufacturing.,Recycled Lithium,Industrial Grade,99.41,,,,,1.18 g/cm³,0.08,MT,425,46,2223,"[""ISO 9001:2015"",""ISO 14001:2015"",""RoHS""]",false,true,"{""Na"":""≤0.0006%"",""Mg"":""≤0.0003%"",""Ca"":""≤0.0014%"",""Fe"":""≤0.0004%""}","{""base_price"":7318,""currency"":""USD"",""unit"":""MT"",""incoterms"":""EXW""}",active,2025-08-13T05:38:30.423Z,2025-12-14T05:38:30.423Z
0fc37187-f15f-45cb-8f9a-a3488abefe68,e897675f-2cb6-40c7-84a0-7f4b1434e0cd,Pharmaceutical Grade Recycled Lithium 99.4%,High-quality pharmaceutical grade recycled lithium for industrial applications. Reliable quality for manufacturing.,Recycled Lithium,Pharmaceutical Grade,99.42,,,,,0.81 g/cm³,0.14,MT,500,74,2165,"[""RoHS"",""IATF 16949:2016""]",false,true,"{""Na"":""≤0.0001%"",""Mg"":""≤0.0006%"",""Ca"":""≤0.0002%"",""Fe"":""≤0.0005%""}","{""base_price"":6064,""currency"":""USD"",""unit"":""MT"",""incoterms"":""CIF""}",active,2024-10-31T05:38:30.423Z,2025-12-29T05:38:30.423Z
7420df40-571c-48af-878d-ad646dae22e8,e897675f-2cb6-40c7-84a0-7f4b1434e0cd,Technical Grade Recycled Lithium 98.4%,High-quality technical grade recycled lithium for industrial applications. Reliable quality for manufacturing.,Recycled Lithium,Technical Grade,98.36,,,,,1.27 g/cm³,0.04,MT,147,66,5179,"[""ISO 9001:2015"",""ISO 14001:2015""]",false,true,"{""Na"":""≤0.0004%"",""Mg"":""≤0.0008%"",""Ca"":""≤0.0008%"",""Fe"":""≤0.0005%""}","{""base_price"":5509,""currency"":""USD"",""unit"":""MT"",""incoterms"":""CIF""}",active,2025-11-26T05:38:30.423Z,2025-12-21T05:38:30.423Z
63452fd1-4df7-4417-acef-8c8a0ad4325d,e897675f-2cb6-40c7-84a0-7f4b1434e0cd,Pharmaceutical Grade Lithium Hydroxide 99.78%,High-quality pharmaceutical grade lithium hydroxide for industrial applications. Reliable quality for manufacturing.,Lithium Hydroxide,Pharmaceutical Grade,99.78,,56.03,,,1.07 g/cm³,0.07,MT,81,54,7845,"[""REACH"",""IATF 16949:2016""]",false,true,"{""Na"":""≤0.0009%"",""Mg"":""≤0.0008%"",""Ca"":""≤0.0009%"",""Fe"":""≤0.0004%""}","{""base_price"":5024,""currency"":""USD"",""unit"":""MT"",""incoterms"":""FOB""}",active,2025-04-09T05:38:30.423Z,2025-12-11T05:38:30.423Z
322426b9-595c-466e-8546-0374b1359960,e897675f-2cb6-40c7-84a0-7f4b1434e0cd,Technical Grade Lithium Chloride 98.4%,High-quality technical grade lithium chloride for industrial applications. Reliable quality for manufacturing.,Lithium Chloride,Technical Grade,98.42,,,,,1.04 g/cm³,0.12,MT,65,73,5123,"[""IATF 16949:2016"",""REACH"",""RoHS""]",false,true,"{""Na"":""≤0.0002%"",""Mg"":""≤0.0008%"",""Ca"":""≤0.0007%"",""Fe"":""≤0.0004%""}","{""base_price"":5317,""currency"":""USD"",""unit"":""MT"",""incoterms"":""EXW""}",active,2025-11-06T05:38:30.423Z,2025-12-15T05:38:30.423Z
dd894af1-dde0-4ffd-939a-faec7b70e656,e897675f-2cb6-40c7-84a0-7f4b1434e0cd,Pharmaceutical Grade Lithium Carbonate 99.59%,High-quality pharmaceutical grade lithium carbonate for industrial applications. Reliable quality for manufacturing.,Lithium Carbonate,Pharmaceutical Grade,99.59,99.59,,,,1.1 g/cm³,0.04,MT,210,65,289,"[""REACH"",""ISO 9001:2015"",""ISO 14001:2015"",""RoHS""]",false,true,"{""Na"":""≤0.0009%"",""Mg"":""≤0.0003%"",""Ca"":""≤0.0012%"",""Fe"":""≤0.0002%""}","{""base_price"":9986,""currency"":""USD"",""unit"":""MT"",""incoterms"":""EXW""}",active,2024-09-09T05:38:30.423Z,2025-12-23T05:38:30.423Z
5df19bdc-cef4-4205-97f0-df835e6947fc,6b2a28c1-efc7-4c51-9f8b-6b6091a53401,Pharmaceutical Grade Lithium Chloride 98.5%,High-quality pharmaceutical grade lithium chloride for industrial applications. Reliable quality for manufacturing.,Lithium Chloride,Pharmaceutical Grade,98.54,,,,,1.32 g/cm³,0.14,MT,408,38,2608,"[""REACH"",""ISO 9001:2015"",""ISO 14001:2015""]",false,true,"{""Na"":""≤0.0007%"",""Mg"":""≤0.0002%"",""Ca"":""≤0.0014%"",""Fe"":""≤0.0004%""}","{""base_price"":9873,""currency"":""USD"",""unit"":""MT"",""incoterms"":""EXW""}",active,2025-07-12T05:38:30.423Z,2025-12-12T05:38:30.423Z
970596d0-8b12-4e9c-8427-a7e13f64640a,6b2a28c1-efc7-4c51-9f8b-6b6091a53401,Industrial Grade Lithium Hydroxide 99.79%,High-quality industrial grade lithium hydroxide for industrial applications. Reliable quality for manufacturing.,Lithium Hydroxide,Industrial Grade,99.79,,56.46,,,0.98 g/cm³,0.13,MT,483,78,688,"[""ISO 9001:2015"",""RoHS"",""REACH"",""ISO 14001:2015""]",false,true,"{""Na"":""≤0.0009%"",""Mg"":""≤0.0009%"",""Ca"":""≤0.0013%"",""Fe"":""≤0.0003%""}","{""base_price"":8844,""currency"":""USD"",""unit"":""MT"",""incoterms"":""CIF""}",active,2024-05-24T05:38:30.423Z,2025-12-25T05:38:30.423Z
c9124381-4852-4999-8a12-88b18c12ddee,6b2a28c1-efc7-4c51-9f8b-6b6091a53401,Technical Grade Lithium Carbonate 99.57%,High-quality technical grade lithium carbonate for industrial applications. Reliable quality for manufacturing.,Lithium Carbonate,Technical Grade,99.57,99.57,,,,1.23 g/cm³,0.09,MT,494,68,2091,"[""ISO 9001:2015"",""ISO 14001:2015"",""REACH""]",false,true,"{""Na"":""≤0.0008%"",""Mg"":""≤0.0002%"",""Ca"":""≤0.0008%"",""Fe"":""≤0.0004%""}","{""base_price"":6302,""currency"":""USD"",""unit"":""MT"",""incoterms"":""FOB""}",active,2025-05-17T05:38:30.423Z,2025-12-31T05:38:30.423Z
f224a652-e47b-4b37-a545-aef64d6f52e4,6b2a28c1-efc7-4c51-9f8b-6b6091a53401,Battery Grade Other 98.4%,High-quality battery grade other for EV battery applications. Meets strict automotive specifications.,Other,Battery Grade,98.43,,,,D50: 58μm,0.95 g/cm³,0.04,MT,46,85,2996,"[""RoHS"",""REACH""]",false,true,"{""Na"":""≤0.0008%"",""Mg"":""≤0.0003%"",""Ca"":""≤0.0018%"",""Fe"":""≤0.0005%""}","{""base_price"":1082,""currency"":""USD"",""unit"":""MT"",""incoterms"":""CIF""}",active,2024-03-09T05:38:30.423Z,2025-12-17T05:38:30.423Z
28a50d0c-1aac-4515-bed3-717e012acc65,6b2a28c1-efc7-4c51-9f8b-6b6091a53401,Technical Grade Lithium Chloride 98.6%,High-quality technical grade lithium chloride for industrial applications. Reliable quality for manufacturing.,Lithium Chloride,Technical Grade,98.59,,,,,1.28 g/cm³,0.06,MT,243,43,3676,"[""REACH"",""IATF 16949:2016""]",false,true,"{""Na"":""≤0.0001%"",""Mg"":""≤0.0002%"",""Ca"":""≤0.0001%"",""Fe"":""≤0.0004%""}","{""base_price"":7942,""currency"":""USD"",""unit"":""MT"",""incoterms"":""EXW""}",active,2024-07-07T05:38:30.423Z,2025-12-09T05:38:30.423Z
5ce9e92a-4f77-4394-a5f4-f3ee15043620,6b2a28c1-efc7-4c51-9f8b-6b6091a53401,Pharmaceutical Grade Recycled Lithium 98.9%,High-quality pharmaceutical grade recycled lithium for industrial applications. Reliable quality for manufacturing.,Recycled Lithium,Pharmaceutical Grade,98.88,,,,,0.99 g/cm³,0.14,MT,475,71,2483,"[""ISO 9001:2015"",""REACH""]",false,true,"{""Na"":""≤0.0009%"",""Mg"":""≤0.0006%"",""Ca"":""≤0.0006%"",""Fe"":""≤0.0004%""}","{""base_price"":7524,""currency"":""USD"",""unit"":""MT"",""incoterms"":""FOB""}",active,2024-08-27T05:38:30.423Z,2025-12-21T05:38:30.423Z
5e0d1a34-698c-4450-9c0c-015278a42759,6b2a28c1-efc7-4c51-9f8b-6b6091a53401,Industrial Grade Other 98.0%,High-quality industrial grade other for industrial applications. Reliable quality for manufacturing.,Other,Industrial Grade,98.03,,,,,1.36 g/cm³,0.06,MT,282,37,6444,"[""ISO 9001:2015"",""ISO 14001:2015""]",false,true,"{""Na"":""≤0.0004%"",""Mg"":""≤0.0009%"",""Ca"":""≤0.0015%"",""Fe"":""≤0.0005%""}","{""base_price"":8322,""currency"":""USD"",""unit"":""MT"",""incoterms"":""EXW""}",active,2024-12-05T05:38:30.423Z,2025-12-24T05:38:30.423Z
75256a6c-3879-4483-82c2-c67121b5f4e8,6b2a28c1-efc7-4c51-9f8b-6b6091a53401,Pharmaceutical Grade Lithium Carbonate 99.87%,High-quality pharmaceutical grade lithium carbonate for industrial applications. Reliable quality for manufacturing.,Lithium Carbonate,Pharmaceutical Grade,99.87,99.87,,,,1.08 g/cm³,0.11,MT,475,80,3797,"[""ISO 9001:2015"",""REACH"",""IATF 16949:2016"",""ISO 14001:2015""]",false,true,"{""Na"":""≤0.0008%"",""Mg"":""≤0.0002%"",""Ca"":""≤0.0002%"",""Fe"":""≤0.0005%""}","{""base_price"":7202,""currency"":""USD"",""unit"":""MT"",""incoterms"":""EXW""}",active,2024-12-23T05:38:30.423Z,2025-12-22T05:38:30.423Z
24d36f5c-bb43-4064-8e89-bb735f89655e,0da3391f-6ec1-4d91-9502-5dd71c6bc945,Technical Grade Lithium Carbonate 99.3%,High-quality technical grade lithium carbonate for industrial applications. Reliable quality for manufacturing.,Lithium Carbonate,Technical Grade,99.35,99.35,,,,0.87 g/cm³,0.09,MT,137,73,1862,"[""ISO 9001:2015"",""ISO 14001:2015"",""IATF 16949:2016"",""REACH""]",false,true,"{""Na"":""≤0.0008%"",""Mg"":""≤0.0002%"",""Ca"":""≤0.0017%"",""Fe"":""≤0.0001%""}","{""base_price"":7449,""currency"":""USD"",""unit"":""MT"",""incoterms"":""CIF""}",active,2024-03-19T05:38:30.423Z,2025-12-09T05:38:30.423Z
f3b153af-8955-4d15-9056-2ca354b2998a,0da3391f-6ec1-4d91-9502-5dd71c6bc945,Technical Grade Lithium Carbonate 99.69%,High-quality technical grade lithium carbonate for industrial applications. Reliable quality for manufacturing.,Lithium Carbonate,Technical Grade,99.69,99.69,,,,1.11 g/cm³,0.12,MT,193,81,5127,"[""ISO 9001:2015"",""RoHS"",""IATF 16949:2016""]",false,true,"{""Na"":""≤0.0009%"",""Mg"":""≤0.0002%"",""Ca"":""≤0.001%"",""Fe"":""≤0.0001%""}","{""base_price"":8190,""currency"":""USD"",""unit"":""MT"",""incoterms"":""EXW""}",active,2024-11-15T05:38:30.423Z,2025-12-31T05:38:30.423Z
b11697f2-c362-4327-b1fc-326d99bbe56c,0da3391f-6ec1-4d91-9502-5dd71c6bc945,Technical Grade Other 99.3%,High-quality technical grade other for industrial applications. Reliable quality for manufacturing.,Other,Technical Grade,99.28,,,,,1.36 g/cm³,0.09,MT,464,30,685,"[""REACH"",""ISO 9001:2015"",""ISO 14001:2015"",""IATF 16949:2016""]",false,true,"{""Na"":""≤0.0003%"",""Mg"":""≤0.0006%"",""Ca"":""≤0.0002%"",""Fe"":""≤0.0001%""}","{""base_price"":5330,""currency"":""USD"",""unit"":""MT"",""incoterms"":""EXW""}",active,2025-04-14T05:38:30.423Z,2025-12-18T05:38:30.423Z
f98742cc-38ee-475c-badc-947d00168200,0da3391f-6ec1-4d91-9502-5dd71c6bc945,Industrial Grade Lithium Hydroxide 99.70%,High-quality industrial grade lithium hydroxide for industrial applications. Reliable quality for manufacturing.,Lithium Hydroxide,Industrial Grade,99.7,,56.86,,,1.21 g/cm³,0.15,MT,50,44,919,"[""ISO 9001:2015"",""ISO 14001:2015"",""IATF 16949:2016""]",false,true,"{""Na"":""≤0.0008%"",""Mg"":""≤0.0009%"",""Ca"":""≤0.0012%"",""Fe"":""≤0.0002%""}","{""base_price"":5450,""currency"":""USD"",""unit"":""MT"",""incoterms"":""FOB""}",active,2024-07-18T05:38:30.423Z,2025-12-24T05:38:30.423Z
dcab9fce-6b9d-4970-be51-944f210cc991,0da3391f-6ec1-4d91-9502-5dd71c6bc945,Industrial Grade Recycled Lithium 98.6%,High-quality industrial grade recycled lithium for industrial applications. Reliable quality for manufacturing.,Recycled Lithium,Industrial Grade,98.63,,,,,1.07 g/cm³,0.14,MT,370,42,7706,"[""ISO 9001:2015"",""ISO 14001:2015"",""IATF 16949:2016"",""REACH""]",false,true,"{""Na"":""≤0.0001%"",""Mg"":""≤0.0004%"",""Ca"":""≤0.0018%"",""Fe"":""≤0.0003%""}","{""base_price"":7626,""currency"":""USD"",""unit"":""MT"",""incoterms"":""EXW""}",active,2024-06-18T05:38:30.423Z,2025-12-08T05:38:30.423Z
25efafe2-63c0-4464-96d6-c131853d49cc,0da3391f-6ec1-4d91-9502-5dd71c6bc945,Technical Grade Lithium Spodumene,High-quality technical grade lithium spodumene for industrial applications. Reliable quality for manufacturing.,Lithium Spodumene,Technical Grade,,,,5.54,,1.05 g/cm³,0.12,MT,302,62,6270,"[""REACH"",""RoHS"",""ISO 9001:2015"",""ISO 14001:2015""]",false,true,"{""Na"":""≤0.001%"",""Mg"":""≤0.0007%"",""Ca"":""≤0.0002%"",""Fe"":""≤0.0004%""}","{""base_price"":8861,""currency"":""USD"",""unit"":""MT"",""incoterms"":""CIF""}",active,2025-11-29T05:38:30.423Z,2025-12-29T05:38:30.423Z
c0156259-fed5-47a8-a343-c045072dc38b,0da3391f-6ec1-4d91-9502-5dd71c6bc945,Industrial Grade Lithium Chloride 99.4%,High-quality industrial grade lithium chloride for industrial applications. Reliable quality for manufacturing.,Lithium Chloride,Industrial Grade,99.43,,,,,0.8 g/cm³,0.03,MT,316,62,1472,"[""IATF 16949:2016"",""REACH"",""RoHS""]",false,true,"{""Na"":""≤0.0002%"",""Mg"":""≤0.0004%"",""Ca"":""≤0.0014%"",""Fe"":""≤0.0003%""}","{""base_price"":8589,""currency"":""USD"",""unit"":""MT"",""incoterms"":""EXW""}",active,2024-12-06T05:38:30.423Z,2025-12-13T05:38:30.423Z
517823ac-720b-41a3-994f-27c7e3805685,0da3391f-6ec1-4d91-9502-5dd71c6bc945,Technical Grade Lithium Hydroxide 99.66%,High-quality technical grade lithium hydroxide for industrial applications. Reliable quality for manufacturing.,Lithium Hydroxide,Technical Grade,99.66,,56.13,,,1.16 g/cm³,0.08,MT,115,33,6223,"[""ISO 9001:2015"",""ISO 14001:2015"",""IATF 16949:2016"",""REACH""]",false,true,"{""Na"":""≤0.0008%"",""Mg"":""≤0.0003%"",""Ca"":""≤0.0008%"",""Fe"":""≤0.0003%""}","{""base_price"":7368,""currency"":""USD"",""unit"":""MT"",""incoterms"":""FOB""}",active,2025-08-21T05:38:30.423Z,2025-12-16T05:38:30.423Z
90de8f4d-9d73-46e2-9911-366576dcba63,0da3391f-6ec1-4d91-9502-5dd71c6bc945,Industrial Grade Lithium Carbonate 99.53%,High-quality industrial grade lithium carbonate for industrial applications. Reliable quality for manufacturing.,Lithium Carbonate,Industrial Grade,99.53,99.53,,,,0.95 g/cm³,0.11,MT,167,36,3075,"[""RoHS"",""REACH""]",false,true,"{""Na"":""≤0.001%"",""Mg"":""≤0.0006%"",""Ca"":""≤0.0009%"",""Fe"":""≤0.0003%""}","{""base_price"":6221,""currency"":""USD"",""unit"":""MT"",""incoterms"":""EXW""}",active,2024-07-22T05:38:30.423Z,2025-12-03T05:38:30.423Z
dcd92056-d65d-4d47-9d62-6b52522e85d6,0da3391f-6ec1-4d91-9502-5dd71c6bc945,Technical Grade Recycled Lithium 98.3%,High-quality technical grade recycled lithium for industrial applications. Reliable quality for manufacturing.,Recycled Lithium,Technical Grade,98.26,,,,,1.26 g/cm³,0.01,MT,225,72,3003,"[""REACH"",""ISO 9001:2015"",""RoHS"",""ISO 14001:2015""]",false,true,"{""Na"":""≤0.0002%"",""Mg"":""≤0.0005%"",""Ca"":""≤0.0007%"",""Fe"":""≤0.0003%""}","{""base_price"":9702,""currency"":""USD"",""unit"":""MT"",""incoterms"":""FOB""}",active,2025-07-10T05:38:30.423Z,2025-12-26T05:38:30.423Z
000bf84a-22ff-400f-9aae-a79f5f35342a,0da3391f-6ec1-4d91-9502-5dd71c6bc945,Pharmaceutical Grade Other 99.4%,High-quality pharmaceutical grade other for industrial applications. Reliable quality for manufacturing.,Other,Pharmaceutical Grade,99.39,,,,,1.22 g/cm³,0.07,MT,139,63,8819,"[""RoHS"",""IATF 16949:2016"",""ISO 14001:2015"",""REACH""]",false,true,"{""Na"":""≤0.0003%"",""Mg"":""≤0.0008%"",""Ca"":""≤0.0014%"",""Fe"":""≤0.0004%""}","{""base_price"":5948,""currency"":""USD"",""unit"":""MT"",""incoterms"":""CIF""}",active,2024-04-08T05:38:30.423Z,2025-12-11T05:38:30.423Z
ac642d31-1a7b-4314-bef3-5396595a1394,0da3391f-6ec1-4d91-9502-5dd71c6bc945,Technical Grade Lithium Hydroxide 99.73%,High-quality technical grade lithium hydroxide for industrial applications. Reliable quality for manufacturing.,Lithium Hydroxide,Technical Grade,99.73,,56.39,,,1.32 g/cm³,0.1,MT,293,69,757,"[""ISO 9001:2015"",""ISO 14001:2015""]",false,true,"{""Na"":""≤0.0009%"",""Mg"":""≤0.0008%"",""Ca"":""≤0.0009%"",""Fe"":""≤0.0004%""}","{""base_price"":7665,""currency"":""USD"",""unit"":""MT"",""incoterms"":""EXW""}",active,2024-10-11T05:38:30.423Z,2025-12-12T05:38:30.423Z
e998deb2-07d8-4355-b071-d123361fd212,0da3391f-6ec1-4d91-9502-5dd71c6bc945,Industrial Grade Other 98.0%,High-quality industrial grade other for industrial applications. Reliable quality for manufacturing.,Other,Industrial Grade,98.02,,,,,1.08 g/cm³,0.05,MT,390,73,1769,"[""ISO 9001:2015"",""RoHS"",""ISO 14001:2015""]",false,true,"{""Na"":""≤0.0001%"",""Mg"":""≤0.0009%"",""Ca"":""≤0.0003%"",""Fe"":""≤0.0002%""}","{""base_price"":9751,""currency"":""USD"",""unit"":""MT"",""incoterms"":""EXW""}",active,2025-10-19T05:38:30.423Z,2025-12-27T05:38:30.423Z
9a4b1d3a-1ee7-4545-aab3-8a44cc5a337e,58dbceb8-d97c-4f7b-86d5-3596474df86c,Industrial Grade Lithium Carbonate 99.50%,High-quality industrial grade lithium carbonate for industrial applications. Reliable quality for manufacturing.,Lithium Carbonate,Industrial Grade,99.5,99.5,,,,0.92 g/cm³,0.14,MT,367,81,3543,"[""ISO 9001:2015"",""ISO 14001:2015"",""IATF 16949:2016"",""REACH""]",false,true,"{""Na"":""≤0.0009%"",""Mg"":""≤0.0005%"",""Ca"":""≤0.0006%"",""Fe"":""≤0.0001%""}","{""base_price"":8554,""currency"":""USD"",""unit"":""MT"",""incoterms"":""EXW""}",active,2024-11-29T05:38:30.423Z,2025-12-17T05:38:30.423Z
82ebe0b5-d720-4b5f-ba14-fa7d70696905,58dbceb8-d97c-4f7b-86d5-3596474df86c,Technical Grade Lithium Chloride 98.2%,High-quality technical grade lithium chloride for industrial applications. Reliable quality for manufacturing.,Lithium Chloride,Technical Grade,98.22,,,,,0.99 g/cm³,0.03,MT,343,81,575,"[""ISO 9001:2015"",""ISO 14001:2015"",""IATF 16949:2016""]",false,true,"{""Na"":""≤0.0003%"",""Mg"":""≤0.0004%"",""Ca"":""≤0.0008%"",""Fe"":""≤0.0002%""}","{""base_price"":6683,""currency"":""USD"",""unit"":""MT"",""incoterms"":""CIF""}",active,2024-12-06T05:38:30.423Z,2025-12-14T05:38:30.423Z
713da977-8459-41e2-b9b2-91583355dbda,58dbceb8-d97c-4f7b-86d5-3596474df86c,Pharmaceutical Grade Lithium Hydroxide 99.68%,High-quality pharmaceutical grade lithium hydroxide for industrial applications. Reliable quality for manufacturing.,Lithium Hydroxide,Pharmaceutical Grade,99.68,,56.42,,,0.92 g/cm³,0.02,MT,482,35,3837,"[""IATF 16949:2016"",""REACH""]",false,true,"{""Na"":""≤0.0009%"",""Mg"":""≤0.0004%"",""Ca"":""≤0.001%"",""Fe"":""≤0.0003%""}","{""base_price"":9766,""currency"":""USD"",""unit"":""MT"",""incoterms"":""CIF""}",active,2025-07-16T05:38:30.423Z,2025-12-18T05:38:30.423Z
3d53f201-48cd-4b0c-bc72-5fd611667dd7,58dbceb8-d97c-4f7b-86d5-3596474df86c,Technical Grade Recycled Lithium 98.2%,High-quality technical grade recycled lithium for industrial applications. Reliable quality for manufacturing.,Recycled Lithium,Technical Grade,98.17,,,,,0.9 g/cm³,0.1,MT,362,46,7494,"[""REACH"",""IATF 16949:2016"",""ISO 14001:2015""]",false,true,"{""Na"":""≤0.0003%"",""Mg"":""≤0.0007%"",""Ca"":""≤0.0014%"",""Fe"":""≤0.0003%""}","{""base_price"":6024,""currency"":""USD"",""unit"":""MT"",""incoterms"":""EXW""}",active,2025-01-07T05:38:30.423Z,2026-01-01T05:38:30.423Z
9bc574bd-bfff-4bd7-8b71-37d1828e7d9b,58dbceb8-d97c-4f7b-86d5-3596474df86c,Technical Grade Recycled Lithium 99.1%,High-quality technical grade recycled lithium for industrial applications. Reliable quality for manufacturing.,Recycled Lithium,Technical Grade,99.1,,,,,1.19 g/cm³,0.07,MT,290,82,1034,"[""ISO 14001:2015"",""ISO 9001:2015""]",false,true,"{""Na"":""≤0.0007%"",""Mg"":""≤0.0007%"",""Ca"":""≤0.0003%"",""Fe"":""≤0.0003%""}","{""base_price"":8067,""currency"":""USD"",""unit"":""MT"",""incoterms"":""EXW""}",active,2024-10-08T05:38:30.423Z,2025-12-14T05:38:30.423Z
ded6b09c-33f3-4678-95d2-78471535bc2f,58dbceb8-d97c-4f7b-86d5-3596474df86c,Industrial Grade Lithium Chloride 98.6%,High-quality industrial grade lithium chloride for industrial applications. Reliable quality for manufacturing.,Lithium Chloride,Industrial Grade,98.61,,,,,1.37 g/cm³,0.07,MT,376,51,5646,"[""RoHS"",""REACH"",""IATF 16949:2016""]",false,true,"{""Na"":""≤0.0009%"",""Mg"":""≤0.0001%"",""Ca"":""≤0.0015%"",""Fe"":""≤0.0004%""}","{""base_price"":6253,""currency"":""USD"",""unit"":""MT"",""incoterms"":""EXW""}",active,2024-10-01T05:38:30.423Z,2025-12-29T05:38:30.423Z
77189cb5-e422-4da6-99ea-bdfba9db8e8a,58dbceb8-d97c-4f7b-86d5-3596474df86c,Battery Grade Lithium Hydroxide 99.55%,High-quality battery grade lithium hydroxide for EV battery applications. Meets strict automotive specifications.,Lithium Hydroxide,Battery Grade,99.55,,56.34,,D50: 47μm,1.01 g/cm³,0.05,MT,16,83,8338,"[""REACH"",""IATF 16949:2016""]",false,true,"{""Na"":""≤0.0007%"",""Mg"":""≤0.0004%"",""Ca"":""≤0.0016%"",""Fe"":""≤0.0002%""}","{""base_price"":15100,""currency"":""USD"",""unit"":""MT"",""incoterms"":""FOB""}",active,2025-05-30T05:38:30.423Z,2025-12-27T05:38:30.423Z
4530a867-0fe4-4431-806e-a49a2f4d4660,58dbceb8-d97c-4f7b-86d5-3596474df86c,Pharmaceutical Grade Lithium Chloride 99.4%,High-quality pharmaceutical grade lithium chloride for industrial applications. Reliable quality for manufacturing.,Lithium Chloride,Pharmaceutical Grade,99.37,,,,,1.01 g/cm³,0.1,MT,68,43,2434,"[""REACH"",""ISO 9001:2015""]",false,true,"{""Na"":""≤0.0003%"",""Mg"":""≤0.0008%"",""Ca"":""≤0.0007%"",""Fe"":""≤0.0004%""}","{""base_price"":7969,""currency"":""USD"",""unit"":""MT"",""incoterms"":""FOB""}",active,2024-06-09T05:38:30.423Z,2025-12-04T05:38:30.423Z
f3c66576-2d45-46fc-b77a-23f30738271f,58dbceb8-d97c-4f7b-86d5-3596474df86c,Battery Grade Other 99.2%,High-quality battery grade other for EV battery applications. Meets strict automotive specifications.,Other,Battery Grade,99.17,,,,D50: 59μm,1.2 g/cm³,0.06,MT,12,58,1804,"[""ISO 9001:2015"",""ISO 14001:2015"",""IATF 16949:2016""]",false,true,"{""Na"":""≤0.0008%"",""Mg"":""≤0.0001%"",""Ca"":""≤0.001%"",""Fe"":""≤0.0001%""}","{""base_price"":1173,""currency"":""USD"",""unit"":""MT"",""incoterms"":""CIF""}",active,2025-11-10T05:38:30.423Z,2025-12-08T05:38:30.423Z
88ddbbcb-7789-4ccd-bd7d-abb937fd4288,58dbceb8-d97c-4f7b-86d5-3596474df86c,Industrial Grade Lithium Hydroxide 99.83%,High-quality industrial grade lithium hydroxide for industrial applications. Reliable quality for manufacturing.,Lithium Hydroxide,Industrial Grade,99.83,,56.3,,,1.12 g/cm³,0.12,MT,302,81,4757,"[""IATF 16949:2016"",""ISO 14001:2015"",""ISO 9001:2015""]",false,true,"{""Na"":""≤0.0003%"",""Mg"":""≤0.0004%"",""Ca"":""≤0.0019%"",""Fe"":""≤0.0002%""}","{""base_price"":5562,""currency"":""USD"",""unit"":""MT"",""incoterms"":""CIF""}",active,2025-11-30T05:38:30.423Z,2025-12-03T05:38:30.423Z
b54ef53c-368b-4bb3-9fe0-90babfa24ee2,f0c10fd4-4824-48f0-8cf6-69a22c1b43f2,Industrial Grade Other 98.2%,High-quality industrial grade other for industrial applications. Reliable quality for manufacturing.,Other,Industrial Grade,98.15,,,,,0.99 g/cm³,0.08,MT,251,67,4717,"[""ISO 9001:2015"",""ISO 14001:2015"",""RoHS""]",false,true,"{""Na"":""≤0.0007%"",""Mg"":""≤0.0003%"",""Ca"":""≤0.0005%"",""Fe"":""≤0.0005%""}","{""base_price"":9547,""currency"":""USD"",""unit"":""MT"",""incoterms"":""CIF""}",active,2025-09-25T05:38:30.423Z,2025-12-28T05:38:30.423Z
a631da76-8419-4f6d-b6f8-0877da4c81f4,f0c10fd4-4824-48f0-8cf6-69a22c1b43f2,Pharmaceutical Grade Recycled Lithium 99.4%,High-quality pharmaceutical grade recycled lithium for industrial applications. Reliable quality for manufacturing.,Recycled Lithium,Pharmaceutical Grade,99.4,,,,,0.98 g/cm³,0.09,MT,310,51,6622,"[""ISO 9001:2015"",""RoHS"",""ISO 14001:2015"",""IATF 16949:2016""]",false,true,"{""Na"":""≤0.0005%"",""Mg"":""≤0.0004%"",""Ca"":""≤0.0017%"",""Fe"":""≤0.0001%""}","{""base_price"":5914,""currency"":""USD"",""unit"":""MT"",""incoterms"":""FOB""}",active,2024-01-03T05:38:30.423Z,2025-12-16T05:38:30.423Z
7b714526-c4b3-4a7e-a6e3-f436dec5513b,f0c10fd4-4824-48f0-8cf6-69a22c1b43f2,Pharmaceutical Grade Lithium Carbonate 99.4%,High-quality pharmaceutical grade lithium carbonate for industrial applications. Reliable quality for manufacturing.,Lithium Carbonate,Pharmaceutical Grade,99.44,99.44,,,,0.89 g/cm³,0.11,MT,267,80,8150,"[""IATF 16949:2016"",""REACH"",""RoHS"",""ISO 9001:2015""]",false,true,"{""Na"":""≤0.0001%"",""Mg"":""≤0.0003%"",""Ca"":""≤0.0002%"",""Fe"":""≤0.0004%""}","{""base_price"":6579,""currency"":""USD"",""unit"":""MT"",""incoterms"":""EXW""}",active,2024-04-11T05:38:30.423Z,2025-12-09T05:38:30.423Z
64975680-822f-4cb1-b01d-e67681e6f569,f0c10fd4-4824-48f0-8cf6-69a22c1b43f2,Pharmaceutical Grade Lithium Hydroxide 99.93%,High-quality pharmaceutical grade lithium hydroxide for industrial applications. Reliable quality for manufacturing.,Lithium Hydroxide,Pharmaceutical Grade,99.93,,56.93,,,1.32 g/cm³,0.05,MT,51,77,6757,"[""ISO 9001:2015"",""ISO 14001:2015""]",false,true,"{""Na"":""≤0.0004%"",""Mg"":""≤0.0009%"",""Ca"":""≤0.0019%"",""Fe"":""≤0.0004%""}","{""base_price"":6307,""currency"":""USD"",""unit"":""MT"",""incoterms"":""CIF""}",active,2025-09-09T05:38:30.423Z,2025-12-22T05:38:30.423Z
bcaa96c8-73f6-454d-92f6-40f4abc3e4f1,f0c10fd4-4824-48f0-8cf6-69a22c1b43f2,Technical Grade Lithium Carbonate 99.51%,High-quality technical grade lithium carbonate for industrial applications. Reliable quality for manufacturing.,Lithium Carbonate,Technical Grade,99.51,99.51,,,,1.26 g/cm³,0.09,MT,79,74,7517,"[""ISO 9001:2015"",""REACH""]",false,true,"{""Na"":""≤0.0005%"",""Mg"":""≤0.0006%"",""Ca"":""≤0.0006%"",""Fe"":""≤0.0003%""}","{""base_price"":7470,""currency"":""USD"",""unit"":""MT"",""incoterms"":""FOB""}",active,2025-10-15T05:38:30.423Z,2025-12-18T05:38:30.423Z
d1926e37-b528-4058-981a-c29b0b3bc611,f0c10fd4-4824-48f0-8cf6-69a22c1b43f2,Industrial Grade Lithium Carbonate 99.4%,High-quality industrial grade lithium carbonate for industrial applications. Reliable quality for manufacturing.,Lithium Carbonate,Industrial Grade,99.42,99.42,,,,1.37 g/cm³,0.05,MT,61,88,2446,"[""IATF 16949:2016"",""ISO 9001:2015"",""RoHS"",""ISO 14001:2015""]",false,true,"{""Na"":""≤0.0004%"",""Mg"":""≤0.0002%"",""Ca"":""≤0.0013%"",""Fe"":""≤0.0004%""}","{""base_price"":5144,""currency"":""USD"",""unit"":""MT"",""incoterms"":""CIF""}",active,2025-05-03T05:38:30.423Z,2025-12-20T05:38:30.423Z
fd4a06ac-1515-4024-9b30-4da91ecbd586,f0c10fd4-4824-48f0-8cf6-69a22c1b43f2,Technical Grade Lithium Spodumene,High-quality technical grade lithium spodumene for industrial applications. Reliable quality for manufacturing.,Lithium Spodumene,Technical Grade,,,,6.52,,0.84 g/cm³,0.08,MT,68,50,9740,"[""IATF 16949:2016"",""REACH"",""RoHS"",""ISO 14001:2015""]",false,true,"{""Na"":""≤0.0002%"",""Mg"":""≤0.0003%"",""Ca"":""≤0.0005%"",""Fe"":""≤0.0001%""}","{""base_price"":6151,""currency"":""USD"",""unit"":""MT"",""incoterms"":""FOB""}",active,2024-06-12T05:38:30.423Z,2025-12-22T05:38:30.423Z
676b85b3-06e0-47e1-af10-5edd691712f2,4dc832b4-9cc1-4014-8e58-07e70889ab89,Battery Grade Lithium Carbonate 99.69%,High-quality battery grade lithium carbonate for EV battery applications. Meets strict automotive specifications.,Lithium Carbonate,Battery Grade,99.69,99.69,,,D50: 38μm,1.32 g/cm³,0.03,MT,10,56,2209,"[""ISO 9001:2015"",""ISO 14001:2015""]",false,true,"{""Na"":""≤0.0006%"",""Mg"":""≤0.0004%"",""Ca"":""≤0.001%"",""Fe"":""≤0.0005%""}","{""base_price"":12233,""currency"":""USD"",""unit"":""MT"",""incoterms"":""CIF""}",active,2025-10-05T05:38:30.423Z,2025-12-05T05:38:30.423Z
e2b31863-c21c-41af-9217-db8be7e2ec94,4dc832b4-9cc1-4014-8e58-07e70889ab89,Industrial Grade Recycled Lithium 98.5%,High-quality industrial grade recycled lithium for industrial applications. Reliable quality for manufacturing.,Recycled Lithium,Industrial Grade,98.5,,,,,1.17 g/cm³,0.04,MT,243,46,3563,"[""IATF 16949:2016"",""ISO 9001:2015"",""ISO 14001:2015""]",false,true,"{""Na"":""≤0.0009%"",""Mg"":""≤0.0009%"",""Ca"":""≤0.0003%"",""Fe"":""≤0.0002%""}","{""base_price"":7887,""currency"":""USD"",""unit"":""MT"",""incoterms"":""FOB""}",active,2024-02-01T05:38:30.423Z,2026-01-02T05:38:30.423Z
cea96627-43a8-4aec-9ed5-2e20606aa4a5,4dc832b4-9cc1-4014-8e58-07e70889ab89,Pharmaceutical Grade Lithium Chloride 98.4%,High-quality pharmaceutical grade lithium chloride for industrial applications. Reliable quality for manufacturing.,Lithium Chloride,Pharmaceutical Grade,98.43,,,,,1.39 g/cm³,0.06,MT,236,64,2040,"[""ISO 9001:2015"",""ISO 14001:2015"",""REACH"",""RoHS""]",false,true,"{""Na"":""≤0.0004%"",""Mg"":""≤0.0007%"",""Ca"":""≤0.0015%"",""Fe"":""≤0.0002%""}","{""base_price"":9889,""currency"":""USD"",""unit"":""MT"",""incoterms"":""CIF""}",active,2025-03-30T05:38:30.423Z,2025-12-18T05:38:30.423Z
05ec4196-b950-49d8-b3e8-95404db8bcbd,4dc832b4-9cc1-4014-8e58-07e70889ab89,Battery Grade Lithium Spodumene,High-quality battery grade lithium spodumene for EV battery applications. Meets strict automotive specifications.,Lithium Spodumene,Battery Grade,,,,6.86,D50: 50μm,1 g/cm³,0.07,MT,42,58,1366,"[""IATF 16949:2016"",""ISO 14001:2015"",""REACH""]",false,true,"{""Na"":""≤0.0007%"",""Mg"":""≤0.0005%"",""Ca"":""≤0.0004%"",""Fe"":""≤0.0002%""}","{""base_price"":1008,""currency"":""USD"",""unit"":""MT"",""incoterms"":""EXW""}",active,2024-03-28T05:38:30.423Z,2025-12-23T05:38:30.423Z
ff44be2f-e640-48b5-8628-5ff5950131df,4dc832b4-9cc1-4014-8e58-07e70889ab89,Pharmaceutical Grade Lithium Chloride 98.2%,High-quality pharmaceutical grade lithium chloride for industrial applications. Reliable quality for manufacturing.,Lithium Chloride,Pharmaceutical Grade,98.15,,,,,0.97 g/cm³,0.07,MT,361,34,677,"[""RoHS"",""ISO 14001:2015"",""REACH"",""ISO 9001:2015""]",false,true,"{""Na"":""≤0.0001%"",""Mg"":""≤0.0004%"",""Ca"":""≤0.0018%"",""Fe"":""≤0.0003%""}","{""base_price"":7814,""currency"":""USD"",""unit"":""MT"",""incoterms"":""FOB""}",active,2025-08-04T05:38:30.423Z,2025-12-22T05:38:30.423Z
5e442185-4b19-4974-95e7-331f56e9ee83,4dc832b4-9cc1-4014-8e58-07e70889ab89,Industrial Grade Lithium Chloride 99.0%,High-quality industrial grade lithium chloride for industrial applications. Reliable quality for manufacturing.,Lithium Chloride,Industrial Grade,98.98,,,,,1.18 g/cm³,0.12,MT,480,82,4908,"[""REACH"",""IATF 16949:2016""]",false,true,"{""Na"":""≤0.0004%"",""Mg"":""≤0.0009%"",""Ca"":""≤0.0007%"",""Fe"":""≤0.0002%""}","{""base_price"":5801,""currency"":""USD"",""unit"":""MT"",""incoterms"":""CIF""}",active,2025-07-04T05:38:30.423Z,2025-12-03T05:38:30.423Z
1231930c-3600-4c15-83da-28c39f1842e6,4dc832b4-9cc1-4014-8e58-07e70889ab89,Battery Grade Recycled Lithium 98.1%,High-quality battery grade recycled lithium for EV battery applications. Meets strict automotive specifications.,Recycled Lithium,Battery Grade,98.06,,,,D50: 28μm,1.22 g/cm³,0.13,MT,26,70,7612,"[""ISO 9001:2015"",""ISO 14001:2015"",""IATF 16949:2016"",""REACH""]",false,true,"{""Na"":""≤0.0007%"",""Mg"":""≤0.0007%"",""Ca"":""≤0.0015%"",""Fe"":""≤0.0004%""}","{""base_price"":825,""currency"":""USD"",""unit"":""MT"",""incoterms"":""CIF""}",active,2025-10-05T05:38:30.423Z,2025-12-22T05:38:30.423Z
e28bf8ec-7d3f-44b4-b5c3-5a61a875a92d,4dc832b4-9cc1-4014-8e58-07e70889ab89,Battery Grade Lithium Spodumene,High-quality battery grade lithium spodumene for EV battery applications. Meets strict automotive specifications.,Lithium Spodumene,Battery Grade,,,,6.63,D50: 44μm,1.36 g/cm³,0.11,MT,22,65,4294,"[""REACH"",""ISO 14001:2015""]",false,true,"{""Na"":""≤0.0006%"",""Mg"":""≤0.0003%"",""Ca"":""≤0.0016%"",""Fe"":""≤0.0003%""}","{""base_price"":1066,""currency"":""USD"",""unit"":""MT"",""incoterms"":""CIF""}",out_of_stock,2024-08-29T05:38:30.423Z,2025-12-05T05:38:30.423Z
debd5f02-ad51-44e6-b1b0-ad5d58e83d49,4dc832b4-9cc1-4014-8e58-07e70889ab89,Pharmaceutical Grade Lithium Carbonate 99.83%,High-quality pharmaceutical grade lithium carbonate for industrial applications. Reliable quality for manufacturing.,Lithium Carbonate,Pharmaceutical Grade,99.83,99.83,,,,0.82 g/cm³,0.03,MT,304,55,4159,"[""IATF 16949:2016"",""RoHS"",""ISO 14001:2015""]",false,true,"{""Na"":""≤0.0006%"",""Mg"":""≤0.0003%"",""Ca"":""≤0.0013%"",""Fe"":""≤0.0002%""}","{""base_price"":5431,""currency"":""USD"",""unit"":""MT"",""incoterms"":""EXW""}",active,2024-05-29T05:38:30.423Z,2025-12-13T05:38:30.423Z
5c98e610-0dfb-46e1-997c-177a430b0a5e,4dc832b4-9cc1-4014-8e58-07e70889ab89,Pharmaceutical Grade Lithium Hydroxide 99.81%,High-quality pharmaceutical grade lithium hydroxide for industrial applications. Reliable quality for manufacturing.,Lithium Hydroxide,Pharmaceutical Grade,99.81,,56.08,,,0.94 g/cm³,0.01,MT,480,68,7465,"[""ISO 9001:2015"",""ISO 14001:2015""]",false,true,"{""Na"":""≤0.0005%"",""Mg"":""≤0.0003%"",""Ca"":""≤0.0001%"",""Fe"":""≤0.0002%""}","{""base_price"":6286,""currency"":""USD"",""unit"":""MT"",""incoterms"":""FOB""}",active,2025-04-27T05:38:30.423Z,2025-12-09T05:38:30.423Z
1819390a-bb5d-4454-a692-bcbc2a05491f,4dc832b4-9cc1-4014-8e58-07e70889ab89,Pharmaceutical Grade Lithium Spodumene,High-quality pharmaceutical grade lithium spodumene for industrial applications. Reliable quality for manufacturing.,Lithium Spodumene,Pharmaceutical Grade,,,,5.67,,1.29 g/cm³,0.12,MT,379,67,6726,"[""ISO 9001:2015"",""ISO 14001:2015"",""RoHS"",""REACH""]",false,true,"{""Na"":""≤0.0006%"",""Mg"":""≤0.0007%"",""Ca"":""≤0.0014%"",""Fe"":""≤0.0004%""}","{""base_price"":9405,""currency"":""USD"",""unit"":""MT"",""incoterms"":""CIF""}",active,2024-05-03T05:38:30.423Z,2025-12-06T05:38:30.423Z
54100b51-929f-46a9-acd4-a6d497e61b5b,e25887d0-5884-4785-a22c-af72e2626bd4,Technical Grade Lithium Hydroxide 99.84%,High-quality technical grade lithium hydroxide for industrial applications. Reliable quality for manufacturing.,Lithium Hydroxide,Technical Grade,99.84,,56.86,,,1.31 g/cm³,0.01,MT,438,51,6302,"[""IATF 16949:2016"",""REACH"",""ISO 9001:2015""]",false,true,"{""Na"":""≤0.0005%"",""Mg"":""≤0.0006%"",""Ca"":""≤0.0019%"",""Fe"":""≤0.0002%""}","{""base_price"":6234,""currency"":""USD"",""unit"":""MT"",""incoterms"":""EXW""}",active,2024-06-05T05:38:30.423Z,2025-12-13T05:38:30.423Z
2bb53faf-89ef-4de8-bc03-875713153266,e25887d0-5884-4785-a22c-af72e2626bd4,Pharmaceutical Grade Lithium Carbonate 99.87%,High-quality pharmaceutical grade lithium carbonate for industrial applications. Reliable quality for manufacturing.,Lithium Carbonate,Pharmaceutical Grade,99.87,99.87,,,,0.96 g/cm³,0.05,MT,438,34,4775,"[""IATF 16949:2016"",""REACH"",""ISO 14001:2015""]",false,true,"{""Na"":""≤0.0005%"",""Mg"":""≤0.0009%"",""Ca"":""≤0.0004%"",""Fe"":""≤0.0004%""}","{""base_price"":8361,""currency"":""USD"",""unit"":""MT"",""incoterms"":""EXW""}",active,2025-10-09T05:38:30.423Z,2025-12-31T05:38:30.423Z
78a77624-bec2-4b5e-a307-4ca1fdaeb1c3,e25887d0-5884-4785-a22c-af72e2626bd4,Battery Grade Other 98.4%,High-quality battery grade other for EV battery applications. Meets strict automotive specifications.,Other,Battery Grade,98.43,,,,D50: 38μm,1.27 g/cm³,0.14,MT,10,74,9236,"[""ISO 9001:2015"",""RoHS""]",false,true,"{""Na"":""≤0.0006%"",""Mg"":""≤0.0002%"",""Ca"":""≤0.0011%"",""Fe"":""≤0.0003%""}","{""base_price"":801,""currency"":""USD"",""unit"":""MT"",""incoterms"":""EXW""}",active,2024-07-22T05:38:30.423Z,2026-01-01T05:38:30.423Z
1ddfe931-8cb5-41d1-9633-1616f141d52e,e25887d0-5884-4785-a22c-af72e2626bd4,Battery Grade Lithium Spodumene,High-quality battery grade lithium spodumene for EV battery applications. Meets strict automotive specifications.,Lithium Spodumene,Battery Grade,,,,6.68,D50: 28μm,1.14 g/cm³,0.14,MT,14,55,936,"[""ISO 9001:2015"",""ISO 14001:2015""]",false,true,"{""Na"":""≤0.0008%"",""Mg"":""≤0.0009%"",""Ca"":""≤0.0016%"",""Fe"":""≤0.0003%""}","{""base_price"":843,""currency"":""USD"",""unit"":""MT"",""incoterms"":""CIF""}",active,2024-09-13T05:38:30.423Z,2025-12-13T05:38:30.423Z
7624ec47-5b18-464f-b08a-a29b7ca334bb,e25887d0-5884-4785-a22c-af72e2626bd4,Technical Grade Lithium Spodumene,High-quality technical grade lithium spodumene for industrial applications. Reliable quality for manufacturing.,Lithium Spodumene,Technical Grade,,,,6.74,,0.85 g/cm³,0.12,MT,216,86,1042,"[""ISO 14001:2015"",""IATF 16949:2016"",""RoHS"",""REACH""]",false,true,"{""Na"":""≤0.0005%"",""Mg"":""≤0.0007%"",""Ca"":""≤0.0004%"",""Fe"":""≤0.0003%""}","{""base_price"":7506,""currency"":""USD"",""unit"":""MT"",""incoterms"":""CIF""}",active,2024-09-20T05:38:30.423Z,2025-12-26T05:38:30.423Z
0685abc0-1fc7-405c-9b3f-255ea19771ae,e25887d0-5884-4785-a22c-af72e2626bd4,Pharmaceutical Grade Lithium Hydroxide 99.80%,High-quality pharmaceutical grade lithium hydroxide for industrial applications. Reliable quality for manufacturing.,Lithium Hydroxide,Pharmaceutical Grade,99.8,,56.91,,,1.23 g/cm³,0.02,MT,223,84,8754,"[""REACH"",""IATF 16949:2016"",""ISO 14001:2015""]",false,true,"{""Na"":""≤0.0003%"",""Mg"":""≤0.0006%"",""Ca"":""≤0.0016%"",""Fe"":""≤0.0003%""}","{""base_price"":6233,""currency"":""USD"",""unit"":""MT"",""incoterms"":""EXW""}",active,2024-12-07T05:38:30.423Z,2025-12-31T05:38:30.423Z
e5e0066c-c65f-4788-91cb-9a8bdd3da916,e25887d0-5884-4785-a22c-af72e2626bd4,Industrial Grade Lithium Carbonate 99.57%,High-quality industrial grade lithium carbonate for industrial applications. Reliable quality for manufacturing.,Lithium Carbonate,Industrial Grade,99.57,99.57,,,,1.18 g/cm³,0.15,MT,431,43,8549,"[""IATF 16949:2016"",""REACH"",""ISO 14001:2015""]",false,true,"{""Na"":""≤0.0009%"",""Mg"":""≤0.0008%"",""Ca"":""≤0.0017%"",""Fe"":""≤0.0003%""}","{""base_price"":6520,""currency"":""USD"",""unit"":""MT"",""incoterms"":""FOB""}",active,2024-09-30T05:38:30.423Z,2025-12-03T05:38:30.423Z
1b8bb64c-b799-4cdd-98cd-d245f1f65df6,e25887d0-5884-4785-a22c-af72e2626bd4,Battery Grade Lithium Carbonate 99.61%,High-quality battery grade lithium carbonate for EV battery applications. Meets strict automotive specifications.,Lithium Carbonate,Battery Grade,99.61,99.61,,,D50: 19μm,0.86 g/cm³,0.11,MT,24,54,3550,"[""ISO 9001:2015"",""ISO 14001:2015"",""REACH""]",false,true,"{""Na"":""≤0.0005%"",""Mg"":""≤0.0001%"",""Ca"":""≤0.0007%"",""Fe"":""≤0.0004%""}","{""base_price"":14119,""currency"":""USD"",""unit"":""MT"",""incoterms"":""EXW""}",active,2025-05-26T05:38:30.423Z,2025-12-12T05:38:30.423Z
bdcca4c3-4089-4aaa-ba6a-88e0df7451d1,e25887d0-5884-4785-a22c-af72e2626bd4,Industrial Grade Lithium Spodumene,High-quality industrial grade lithium spodumene for industrial applications. Reliable quality for manufacturing.,Lithium Spodumene,Industrial Grade,,,,6.16,,1.27 g/cm³,0.04,MT,400,85,9838,"[""ISO 9001:2015"",""REACH"",""ISO 14001:2015"",""IATF 16949:2016""]",false,true,"{""Na"":""≤0.001%"",""Mg"":""≤0.0005%"",""Ca"":""≤0.0008%"",""Fe"":""≤0.0004%""}","{""base_price"":7512,""currency"":""USD"",""unit"":""MT"",""incoterms"":""FOB""}",active,2025-05-26T05:38:30.423Z,2025-12-08T05:38:30.423Z
1d7ce42c-06a3-4042-90cc-786274a7e9c7,02928f0e-27b3-43ea-bfe8-9fe0dd78620f,Pharmaceutical Grade Lithium Spodumene,High-quality pharmaceutical grade lithium spodumene for industrial applications. Reliable quality for manufacturing.,Lithium Spodumene,Pharmaceutical Grade,,,,6.05,,1.28 g/cm³,0.14,MT,193,47,5094,"[""REACH"",""ISO 9001:2015"",""ISO 14001:2015""]",false,true,"{""Na"":""≤0.001%"",""Mg"":""≤0.0002%"",""Ca"":""≤0.0019%"",""Fe"":""≤0.0005%""}","{""base_price"":7960,""currency"":""USD"",""unit"":""MT"",""incoterms"":""EXW""}",active,2024-11-02T05:38:30.423Z,2025-12-12T05:38:30.423Z
991fcdc0-5ef0-441e-9039-4146dc379fd0,02928f0e-27b3-43ea-bfe8-9fe0dd78620f,Technical Grade Lithium Spodumene,High-quality technical grade lithium spodumene for industrial applications. Reliable quality for manufacturing.,Lithium Spodumene,Technical Grade,,,,6.05,,0.91 g/cm³,0.1,MT,60,78,7872,"[""ISO 9001:2015"",""RoHS"",""ISO 14001:2015"",""IATF 16949:2016""]",false,true,"{""Na"":""≤0.0009%"",""Mg"":""≤0.0008%"",""Ca"":""≤0.0016%"",""Fe"":""≤0.0004%""}","{""base_price"":7013,""currency"":""USD"",""unit"":""MT"",""incoterms"":""EXW""}",active,2024-01-23T05:38:30.423Z,2025-12-07T05:38:30.423Z
a714df41-3290-43c1-871c-f28ff3ef8a55,02928f0e-27b3-43ea-bfe8-9fe0dd78620f,Battery Grade Other 99.0%,High-quality battery grade other for EV battery applications. Meets strict automotive specifications.,Other,Battery Grade,98.98,,,,D50: 25μm,1.26 g/cm³,0.08,MT,39,90,8081,"[""ISO 9001:2015"",""ISO 14001:2015""]",false,true,"{""Na"":""≤0.0008%"",""Mg"":""≤0.0002%"",""Ca"":""≤0.0007%"",""Fe"":""≤0.0003%""}","{""base_price"":1008,""currency"":""USD"",""unit"":""MT"",""incoterms"":""EXW""}",active,2025-09-17T05:38:30.423Z,2025-12-23T05:38:30.423Z
a9dca6a5-5bf1-4260-b973-92d3fa6bf042,02928f0e-27b3-43ea-bfe8-9fe0dd78620f,Pharmaceutical Grade Other 98.9%,High-quality pharmaceutical grade other for industrial applications. Reliable quality for manufacturing.,Other,Pharmaceutical Grade,98.88,,,,,1.17 g/cm³,0.03,MT,190,41,9429,"[""IATF 16949:2016"",""ISO 14001:2015""]",false,true,"{""Na"":""≤0.0009%"",""Mg"":""≤0.0009%"",""Ca"":""≤0.0017%"",""Fe"":""≤0.0002%""}","{""base_price"":7700,""currency"":""USD"",""unit"":""MT"",""incoterms"":""FOB""}",active,2025-06-27T05:38:30.423Z,2025-12-13T05:38:30.423Z
ee68b823-88f3-4139-88fc-da890eeb7d65,02928f0e-27b3-43ea-bfe8-9fe0dd78620f,Pharmaceutical Grade Recycled Lithium 98.3%,High-quality pharmaceutical grade recycled lithium for industrial applications. Reliable quality for manufacturing.,Recycled Lithium,Pharmaceutical Grade,98.31,,,,,1.36 g/cm³,0.08,MT,367,36,3857,"[""IATF 16949:2016"",""ISO 9001:2015"",""REACH""]",false,true,"{""Na"":""≤0.0005%"",""Mg"":""≤0.0003%"",""Ca"":""≤0.001%"",""Fe"":""≤0.0005%""}","{""base_price"":9715,""currency"":""USD"",""unit"":""MT"",""incoterms"":""CIF""}",active,2025-02-11T05:38:30.423Z,2026-01-01T05:38:30.423Z
4dbff01c-8a34-4a81-a497-3131b4db6f80,02928f0e-27b3-43ea-bfe8-9fe0dd78620f,Pharmaceutical Grade Lithium Spodumene,High-quality pharmaceutical grade lithium spodumene for industrial applications. Reliable quality for manufacturing.,Lithium Spodumene,Pharmaceutical Grade,,,,6.87,,1.13 g/cm³,0.13,MT,144,71,3762,"[""ISO 14001:2015"",""IATF 16949:2016""]",false,true,"{""Na"":""≤0.0003%"",""Mg"":""≤0.0009%"",""Ca"":""≤0.0006%"",""Fe"":""≤0.0003%""}","{""base_price"":5249,""currency"":""USD"",""unit"":""MT"",""incoterms"":""FOB""}",active,2024-03-03T05:38:30.423Z,2025-12-29T05:38:30.423Z
3bea16f1-b6b9-4fd0-ae4f-b24459cabd86,02928f0e-27b3-43ea-bfe8-9fe0dd78620f,Battery Grade Lithium Chloride 98.5%,High-quality battery grade lithium chloride for EV battery applications. Meets strict automotive specifications.,Lithium Chloride,Battery Grade,98.45,,,,D50: 46μm,0.92 g/cm³,0.1,MT,12,87,2470,"[""ISO 9001:2015"",""ISO 14001:2015"",""RoHS"",""IATF 16949:2016""]",false,true,"{""Na"":""≤0.0004%"",""Mg"":""≤0.0001%"",""Ca"":""≤0.0005%"",""Fe"":""≤0.0002%""}","{""base_price"":1188,""currency"":""USD"",""unit"":""MT"",""incoterms"":""FOB""}",active,2024-11-17T05:38:30.423Z,2025-12-09T05:38:30.423Z
f56a2963-ae67-4e63-bc75-ec42199619f7,02928f0e-27b3-43ea-bfe8-9fe0dd78620f,Industrial Grade Lithium Spodumene,High-quality industrial grade lithium spodumene for industrial applications. Reliable quality for manufacturing.,Lithium Spodumene,Industrial Grade,,,,6.15,,1.27 g/cm³,0.14,MT,294,32,148,"[""RoHS"",""REACH""]",false,true,"{""Na"":""≤0.0001%"",""Mg"":""≤0.0006%"",""Ca"":""≤0.0008%"",""Fe"":""≤0.0003%""}","{""base_price"":5631,""currency"":""USD"",""unit"":""MT"",""incoterms"":""EXW""}",active,2024-02-19T05:38:30.423Z,2025-12-08T05:38:30.423Z
bc5b32bb-6923-4fdb-b86d-bcab60a598df,fe57c791-f841-4b8b-8fd0-68d854ee8ce5,Battery Grade Lithium Carbonate 99.84%,High-quality battery grade lithium carbonate for EV battery applications. Meets strict automotive specifications.,Lithium Carbonate,Battery Grade,99.84,99.84,,,D50: 44μm,0.81 g/cm³,0.03,MT,40,81,3290,"[""ISO 14001:2015"",""IATF 16949:2016"",""REACH""]",false,true,"{""Na"":""≤0.0009%"",""Mg"":""≤0.0005%"",""Ca"":""≤0.0004%"",""Fe"":""≤0.0005%""}","{""base_price"":11151,""currency"":""USD"",""unit"":""MT"",""incoterms"":""CIF""}",active,2024-01-23T05:38:30.423Z,2025-12-07T05:38:30.423Z
ffa1bcb5-78b1-4ee5-b666-3378e43e74bc,fe57c791-f841-4b8b-8fd0-68d854ee8ce5,Industrial Grade Recycled Lithium 98.2%,High-quality industrial grade recycled lithium for industrial applications. Reliable quality for manufacturing.,Recycled Lithium,Industrial Grade,98.23,,,,,1.21 g/cm³,0.06,MT,375,73,3246,"[""ISO 9001:2015"",""RoHS"",""ISO 14001:2015"",""IATF 16949:2016""]",false,true,"{""Na"":""≤0.0005%"",""Mg"":""≤0.0002%"",""Ca"":""≤0.0017%"",""Fe"":""≤0.0003%""}","{""base_price"":9282,""currency"":""USD"",""unit"":""MT"",""incoterms"":""CIF""}",out_of_stock,2024-04-07T05:38:30.424Z,2025-12-04T05:38:30.424Z
ca7f61cb-a8f9-4a00-9248-0cfa2a04596c,fe57c791-f841-4b8b-8fd0-68d854ee8ce5,Battery Grade Lithium Chloride 99.0%,High-quality battery grade lithium chloride for EV battery applications. Meets strict automotive specifications.,Lithium Chloride,Battery Grade,98.97,,,,D50: 20μm,0.86 g/cm³,0.09,MT,45,43,5241,"[""ISO 9001:2015"",""ISO 14001:2015"",""RoHS""]",false,true,"{""Na"":""≤0.0006%"",""Mg"":""≤0.0007%"",""Ca"":""≤0.0014%"",""Fe"":""≤0.0003%""}","{""base_price"":1018,""currency"":""USD"",""unit"":""MT"",""incoterms"":""CIF""}",active,2025-04-14T05:38:30.424Z,2025-12-15T05:38:30.424Z
24596bc0-9ff0-48ab-adb6-fab243ee76c8,fe57c791-f841-4b8b-8fd0-68d854ee8ce5,Pharmaceutical Grade Lithium Carbonate 99.70%,High-quality pharmaceutical grade lithium carbonate for industrial applications. Reliable quality for manufacturing.,Lithium Carbonate,Pharmaceutical Grade,99.7,99.7,,,,1.29 g/cm³,0.01,MT,474,44,8251,"[""RoHS"",""ISO 9001:2015"",""ISO 14001:2015"",""IATF 16949:2016""]",false,true,"{""Na"":""≤0.0007%"",""Mg"":""≤0.0003%"",""Ca"":""≤0.0011%"",""Fe"":""≤0.0002%""}","{""base_price"":5648,""currency"":""USD"",""unit"":""MT"",""incoterms"":""EXW""}",active,2024-07-05T05:38:30.424Z,2025-12-31T05:38:30.424Z
ce0ed4e1-353d-4cb2-a674-4a33ecf2230a,fe57c791-f841-4b8b-8fd0-68d854ee8ce5,Industrial Grade Other 98.3%,High-quality industrial grade other for industrial applications. Reliable quality for manufacturing.,Other,Industrial Grade,98.3,,,,,1.08 g/cm³,0.04,MT,467,30,4742,"[""IATF 16949:2016"",""RoHS"",""ISO 14001:2015"",""ISO 9001:2015""]",false,true,"{""Na"":""≤0.0008%"",""Mg"":""≤0.0006%"",""Ca"":""≤0.0017%"",""Fe"":""≤0.0003%""}","{""base_price"":5781,""currency"":""USD"",""unit"":""MT"",""incoterms"":""FOB""}",active,2025-09-20T05:38:30.424Z,2025-12-21T05:38:30.424Z
6efacab0-8601-4d83-9bd6-cf6aea438762,fe57c791-f841-4b8b-8fd0-68d854ee8ce5,Pharmaceutical Grade Lithium Spodumene,High-quality pharmaceutical grade lithium spodumene for industrial applications. Reliable quality for manufacturing.,Lithium Spodumene,Pharmaceutical Grade,,,,5.88,,1.1 g/cm³,0.05,MT,300,80,7632,"[""REACH"",""RoHS""]",false,true,"{""Na"":""≤0.0003%"",""Mg"":""≤0.0004%"",""Ca"":""≤0.002%"",""Fe"":""≤0.0004%""}","{""base_price"":6537,""currency"":""USD"",""unit"":""MT"",""incoterms"":""CIF""}",active,2024-01-31T05:38:30.424Z,2025-12-20T05:38:30.424Z
4020c4a1-c733-4904-8612-077c0cea9769,fe57c791-f841-4b8b-8fd0-68d854ee8ce5,Battery Grade Recycled Lithium 99.0%,High-quality battery grade recycled lithium for EV battery applications. Meets strict automotive specifications.,Recycled Lithium,Battery Grade,98.98,,,,D50: 51μm,1.29 g/cm³,0.08,MT,33,49,2985,"[""ISO 9001:2015"",""ISO 14001:2015""]",false,true,"{""Na"":""≤0.0003%"",""Mg"":""≤0.0004%"",""Ca"":""≤0.0002%"",""Fe"":""≤0.0003%""}","{""base_price"":1116,""currency"":""USD"",""unit"":""MT"",""incoterms"":""FOB""}",active,2024-03-16T05:38:30.424Z,2025-12-08T05:38:30.424Z
d200f67d-923d-4570-bd98-97bbeda80088,fe57c791-f841-4b8b-8fd0-68d854ee8ce5,Technical Grade Lithium Hydroxide 99.60%,High-quality technical grade lithium hydroxide for industrial applications. Reliable quality for manufacturing.,Lithium Hydroxide,Technical Grade,99.6,,56.49,,,0.9 g/cm³,0.06,MT,107,70,9992,"[""ISO 14001:2015"",""ISO 9001:2015"",""REACH""]",false,true,"{""Na"":""≤0.0008%"",""Mg"":""≤0.0008%"",""Ca"":""≤0.0008%"",""Fe"":""≤0.0001%""}","{""base_price"":9972,""currency"":""USD"",""unit"":""MT"",""incoterms"":""CIF""}",active,2024-03-08T05:38:30.424Z,2025-12-25T05:38:30.424Z
13b3119d-6312-4749-bbbd-d9adb1c48ebf,fe57c791-f841-4b8b-8fd0-68d854ee8ce5,Industrial Grade Lithium Hydroxide 99.87%,High-quality industrial grade lithium hydroxide for industrial applications. Reliable quality for manufacturing.,Lithium Hydroxide,Industrial Grade,99.87,,56.2,,,1.05 g/cm³,0.09,MT,369,76,659,"[""IATF 16949:2016"",""RoHS"",""ISO 14001:2015""]",false,true,"{""Na"":""≤0.0008%"",""Mg"":""≤0.0001%"",""Ca"":""≤0.0001%"",""Fe"":""≤0.0005%""}","{""base_price"":5771,""currency"":""USD"",""unit"":""MT"",""incoterms"":""CIF""}",active,2024-10-10T05:38:30.424Z,2025-12-21T05:38:30.424Z
bd27bb07-98f2-4a43-ab95-a3b54d1034d1,fe57c791-f841-4b8b-8fd0-68d854ee8ce5,Pharmaceutical Grade Lithium Chloride 98.3%,High-quality pharmaceutical grade lithium chloride for industrial applications. Reliable quality for manufacturing.,Lithium Chloride,Pharmaceutical Grade,98.33,,,,,0.95 g/cm³,0.14,MT,400,82,7175,"[""RoHS"",""REACH""]",false,true,"{""Na"":""≤0.0006%"",""Mg"":""≤0.0007%"",""Ca"":""≤0.0012%"",""Fe"":""≤0.0004%""}","{""base_price"":7587,""currency"":""USD"",""unit"":""MT"",""incoterms"":""CIF""}",out_of_stock,2024-03-26T05:38:30.424Z,2025-12-03T05:38:30.424Z
6db791bd-03dd-4884-9435-4c458b518c85,fe57c791-f841-4b8b-8fd0-68d854ee8ce5,Pharmaceutical Grade Other 98.5%,High-quality pharmaceutical grade other for industrial applications. Reliable quality for manufacturing.,Other,Pharmaceutical Grade,98.49,,,,,1.15 g/cm³,0.13,MT,320,72,5448,"[""REACH"",""ISO 9001:2015"",""ISO 14001:2015""]",false,true,"{""Na"":""≤0.0001%"",""Mg"":""≤0.0008%"",""Ca"":""≤0.0008%"",""Fe"":""≤0.0003%""}","{""base_price"":7911,""currency"":""USD"",""unit"":""MT"",""incoterms"":""EXW""}",active,2025-05-24T05:38:30.424Z,2025-12-07T05:38:30.424Z
53b8e876-5e45-450f-93a0-3531745fe2da,fe57c791-f841-4b8b-8fd0-68d854ee8ce5,Technical Grade Other 99.2%,High-quality technical grade other for industrial applications. Reliable quality for manufacturing.,Other,Technical Grade,99.23,,,,,1.36 g/cm³,0.13,MT,166,68,6701,"[""ISO 9001:2015"",""RoHS"",""ISO 14001:2015""]",false,true,"{""Na"":""≤0.0001%"",""Mg"":""≤0.0002%"",""Ca"":""≤0.0016%"",""Fe"":""≤0.0002%""}","{""base_price"":5145,""currency"":""USD"",""unit"":""MT"",""incoterms"":""EXW""}",active,2025-08-16T05:38:30.424Z,2025-12-09T05:38:30.424Z
9d99a411-6b00-48e2-b201-8c3d0193b986,fe57c791-f841-4b8b-8fd0-68d854ee8ce5,Technical Grade Lithium Hydroxide 99.63%,High-quality technical grade lithium hydroxide for industrial applications. Reliable quality for manufacturing.,Lithium Hydroxide,Technical Grade,99.63,,56.39,,,1.03 g/cm³,0.08,MT,488,38,4146,"[""RoHS"",""ISO 9001:2015"",""ISO 14001:2015"",""IATF 16949:2016""]",false,true,"{""Na"":""≤0.0007%"",""Mg"":""≤0.0006%"",""Ca"":""≤0.0002%"",""Fe"":""≤0.0004%""}","{""base_price"":6014,""currency"":""USD"",""unit"":""MT"",""incoterms"":""EXW""}",active,2024-02-05T05:38:30.424Z,2025-12-07T05:38:30.424Z
dc2c805f-8f21-4712-84f5-13a108498623,d108e80f-d16f-4dbc-b16f-1587d9c2e46e,Industrial Grade Other 98.6%,High-quality industrial grade other for industrial applications. Reliable quality for manufacturing.,Other,Industrial Grade,98.64,,,,,0.92 g/cm³,0.11,MT,497,90,4596,"[""IATF 16949:2016"",""ISO 14001:2015"",""RoHS""]",false,true,"{""Na"":""≤0.0006%"",""Mg"":""≤0.0007%"",""Ca"":""≤0.0004%"",""Fe"":""≤0.0003%""}","{""base_price"":5647,""currency"":""USD"",""unit"":""MT"",""incoterms"":""FOB""}",active,2025-03-16T05:38:30.424Z,2025-12-10T05:38:30.424Z
74c126ec-be8d-435f-8c3a-ec17f6c68f95,d108e80f-d16f-4dbc-b16f-1587d9c2e46e,Technical Grade Lithium Chloride 98.5%,High-quality technical grade lithium chloride for industrial applications. Reliable quality for manufacturing.,Lithium Chloride,Technical Grade,98.54,,,,,1.06 g/cm³,0.1,MT,367,53,6453,"[""ISO 9001:2015"",""ISO 14001:2015"",""RoHS"",""REACH""]",false,true,"{""Na"":""≤0.0007%"",""Mg"":""≤0.0005%"",""Ca"":""≤0.0016%"",""Fe"":""≤0.0003%""}","{""base_price"":9049,""currency"":""USD"",""unit"":""MT"",""incoterms"":""EXW""}",active,2024-07-07T05:38:30.424Z,2025-12-11T05:38:30.424Z
2d898759-8e93-415c-a937-e5037c400ea3,d108e80f-d16f-4dbc-b16f-1587d9c2e46e,Pharmaceutical Grade Other 98.5%,High-quality pharmaceutical grade other for industrial applications. Reliable quality for manufacturing.,Other,Pharmaceutical Grade,98.49,,,,,1.09 g/cm³,0.02,MT,123,68,4613,"[""RoHS"",""REACH""]",false,true,"{""Na"":""≤0.0002%"",""Mg"":""≤0.0006%"",""Ca"":""≤0.0009%"",""Fe"":""≤0.0004%""}","{""base_price"":6934,""currency"":""USD"",""unit"":""MT"",""incoterms"":""FOB""}",out_of_stock,2025-01-10T05:38:30.424Z,2025-12-07T05:38:30.424Z
f16aec40-61ba-4bff-bdf5-68f037c1eefb,d108e80f-d16f-4dbc-b16f-1587d9c2e46e,Battery Grade Other 98.2%,High-quality battery grade other for EV battery applications. Meets strict automotive specifications.,Other,Battery Grade,98.21,,,,D50: 20μm,1.07 g/cm³,0.13,MT,25,60,1923,"[""RoHS"",""ISO 14001:2015"",""ISO 9001:2015""]",false,true,"{""Na"":""≤0.0003%"",""Mg"":""≤0.0003%"",""Ca"":""≤0.0006%"",""Fe"":""≤0.0002%""}","{""base_price"":1008,""currency"":""USD"",""unit"":""MT"",""incoterms"":""EXW""}",active,2024-06-05T05:38:30.424Z,2025-12-06T05:38:30.424Z
3c56ddea-3778-49bc-b88b-42df53a0cad9,d108e80f-d16f-4dbc-b16f-1587d9c2e46e,Technical Grade Lithium Hydroxide 99.56%,High-quality technical grade lithium hydroxide for industrial applications. Reliable quality for manufacturing.,Lithium Hydroxide,Technical Grade,99.56,,56.57,,,0.99 g/cm³,0.07,MT,301,86,2156,"[""RoHS"",""REACH""]",false,true,"{""Na"":""≤0.0008%"",""Mg"":""≤0.0006%"",""Ca"":""≤0.0004%"",""Fe"":""≤0.0005%""}","{""base_price"":7584,""currency"":""USD"",""unit"":""MT"",""incoterms"":""EXW""}",active,2025-11-20T05:38:30.424Z,2025-12-06T05:38:30.424Z
b69abb32-0041-451e-be2d-59ca26f0369c,d108e80f-d16f-4dbc-b16f-1587d9c2e46e,Battery Grade Other 99.50%,High-quality battery grade other for EV battery applications. Meets strict automotive specifications.,Other,Battery Grade,99.5,,,,D50: 14μm,0.9 g/cm³,0.13,MT,24,85,1356,"[""IATF 16949:2016"",""RoHS"",""ISO 9001:2015""]",false,true,"{""Na"":""≤0.0006%"",""Mg"":""≤0.0007%"",""Ca"":""≤0.0013%"",""Fe"":""≤0.0002%""}","{""base_price"":1052,""currency"":""USD"",""unit"":""MT"",""incoterms"":""FOB""}",active,2024-04-12T05:38:30.424Z,2025-12-09T05:38:30.424Z
55e1033f-3167-4312-bcf2-60df08427dae,d108e80f-d16f-4dbc-b16f-1587d9c2e46e,Industrial Grade Lithium Hydroxide 99.88%,High-quality industrial grade lithium hydroxide for industrial applications. Reliable quality for manufacturing.,Lithium Hydroxide,Industrial Grade,99.88,,56.24,,,0.93 g/cm³,0.08,MT,272,31,6256,"[""REACH"",""RoHS""]",false,true,"{""Na"":""≤0.0005%"",""Mg"":""≤0.001%"",""Ca"":""≤0.0019%"",""Fe"":""≤0.0002%""}","{""base_price"":6016,""currency"":""USD"",""unit"":""MT"",""incoterms"":""CIF""}",active,2024-10-03T05:38:30.424Z,2025-12-24T05:38:30.424Z
9882df1b-c9ee-4892-af91-1f5e44eb78cd,f16cc7d8-2a7e-4a46-af12-1f1b632bb344,Industrial Grade Lithium Carbonate 99.4%,High-quality industrial grade lithium carbonate for industrial applications. Reliable quality for manufacturing.,Lithium Carbonate,Industrial Grade,99.43,99.43,,,,1.24 g/cm³,0.03,MT,388,87,4913,"[""RoHS"",""ISO 9001:2015"",""ISO 14001:2015"",""IATF 16949:2016""]",false,true,"{""Na"":""≤0.0001%"",""Mg"":""≤0.0004%"",""Ca"":""≤0.0009%"",""Fe"":""≤0.0004%""}","{""base_price"":7271,""currency"":""USD"",""unit"":""MT"",""incoterms"":""FOB""}",active,2025-04-02T05:38:30.424Z,2025-12-20T05:38:30.424Z
f5189edd-d874-40dd-be7f-ed7b7a7ab78f,f16cc7d8-2a7e-4a46-af12-1f1b632bb344,Battery Grade Recycled Lithium 98.5%,High-quality battery grade recycled lithium for EV battery applications. Meets strict automotive specifications.,Recycled Lithium,Battery Grade,98.45,,,,D50: 53μm,1.2 g/cm³,0.08,MT,35,79,5812,"[""ISO 9001:2015"",""ISO 14001:2015""]",false,true,"{""Na"":""≤0.0005%"",""Mg"":""≤0.0005%"",""Ca"":""≤0.0017%"",""Fe"":""≤0.0003%""}","{""base_price"":990,""currency"":""USD"",""unit"":""MT"",""incoterms"":""EXW""}",out_of_stock,2024-03-15T05:38:30.424Z,2025-12-17T05:38:30.424Z
ad223b5f-dbad-45a9-933a-50b20f388813,f16cc7d8-2a7e-4a46-af12-1f1b632bb344,Technical Grade Other 98.4%,High-quality technical grade other for industrial applications. Reliable quality for manufacturing.,Other,Technical Grade,98.44,,,,,1.38 g/cm³,0.12,MT,391,45,5960,"[""IATF 16949:2016"",""REACH"",""ISO 14001:2015"",""ISO 9001:2015""]",false,true,"{""Na"":""≤0.0002%"",""Mg"":""≤0.0003%"",""Ca"":""≤0.0003%"",""Fe"":""≤0.0003%""}","{""base_price"":7133,""currency"":""USD"",""unit"":""MT"",""incoterms"":""EXW""}",active,2025-01-29T05:38:30.424Z,2025-12-28T05:38:30.424Z
212da805-17f7-4718-a583-93edd5d919d9,f16cc7d8-2a7e-4a46-af12-1f1b632bb344,Technical Grade Recycled Lithium 98.0%,High-quality technical grade recycled lithium for industrial applications. Reliable quality for manufacturing.,Recycled Lithium,Technical Grade,98.02,,,,,0.84 g/cm³,0.02,MT,345,50,5157,"[""RoHS"",""REACH"",""IATF 16949:2016"",""ISO 14001:2015""]",false,true,"{""Na"":""≤0.0007%"",""Mg"":""≤0.0003%"",""Ca"":""≤0.0006%"",""Fe"":""≤0.0003%""}","{""base_price"":5512,""currency"":""USD"",""unit"":""MT"",""incoterms"":""EXW""}",active,2024-08-03T05:38:30.424Z,2026-01-02T05:38:30.424Z
011dd9b6-9dd2-44f8-8c95-7108c5c7330c,f16cc7d8-2a7e-4a46-af12-1f1b632bb344,Pharmaceutical Grade Other 99.1%,High-quality pharmaceutical grade other for industrial applications. Reliable quality for manufacturing.,Other,Pharmaceutical Grade,99.06,,,,,1.25 g/cm³,0.1,MT,489,57,5222,"[""IATF 16949:2016"",""ISO 14001:2015"",""RoHS""]",false,true,"{""Na"":""≤0.0001%"",""Mg"":""≤0.0003%"",""Ca"":""≤0.0013%"",""Fe"":""≤0.0001%""}","{""base_price"":5631,""currency"":""USD"",""unit"":""MT"",""incoterms"":""EXW""}",active,2025-01-20T05:38:30.424Z,2025-12-29T05:38:30.424Z
cb77f9e3-d1a1-443f-9bf5-10151838035a,f16cc7d8-2a7e-4a46-af12-1f1b632bb344,Industrial Grade Lithium Carbonate 99.82%,High-quality industrial grade lithium carbonate for industrial applications. Reliable quality for manufacturing.,Lithium Carbonate,Industrial Grade,99.82,99.82,,,,0.87 g/cm³,0.14,MT,153,59,3956,"[""ISO 14001:2015"",""REACH"",""ISO 9001:2015"",""IATF 16949:2016""]",false,true,"{""Na"":""≤0.0003%"",""Mg"":""≤0.0002%"",""Ca"":""≤0.0011%"",""Fe"":""≤0.0004%""}","{""base_price"":6319,""currency"":""USD"",""unit"":""MT"",""incoterms"":""EXW""}",active,2025-08-26T05:38:30.424Z,2025-12-19T05:38:30.424Z
f71cbe26-a1de-4ba9-b483-ffe9f97efa53,f16cc7d8-2a7e-4a46-af12-1f1b632bb344,Pharmaceutical Grade Lithium Chloride 99.2%,High-quality pharmaceutical grade lithium chloride for industrial applications. Reliable quality for manufacturing.,Lithium Chloride,Pharmaceutical Grade,99.21,,,,,1.38 g/cm³,0.08,MT,189,81,7400,"[""ISO 9001:2015"",""ISO 14001:2015"",""IATF 16949:2016"",""REACH""]",false,true,"{""Na"":""≤0.0003%"",""Mg"":""≤0.0006%"",""Ca"":""≤0.0011%"",""Fe"":""≤0.0001%""}","{""base_price"":9361,""currency"":""USD"",""unit"":""MT"",""incoterms"":""EXW""}",active,2025-08-14T05:38:30.424Z,2025-12-07T05:38:30.424Z
2dc515fb-ba68-452f-bd24-c770ecd67d89,f16cc7d8-2a7e-4a46-af12-1f1b632bb344,Industrial Grade Lithium Chloride 99.0%,High-quality industrial grade lithium chloride for industrial applications. Reliable quality for manufacturing.,Lithium Chloride,Industrial Grade,98.98,,,,,1.3 g/cm³,0.13,MT,180,35,9876,"[""ISO 9001:2015"",""ISO 14001:2015""]",false,true,"{""Na"":""≤0.0007%"",""Mg"":""≤0.0008%"",""Ca"":""≤0.0014%"",""Fe"":""≤0.0002%""}","{""base_price"":8844,""currency"":""USD"",""unit"":""MT"",""incoterms"":""CIF""}",active,2025-04-23T05:38:30.424Z,2025-12-31T05:38:30.424Z
c4f1264b-fe9f-447d-89f3-45dc2535a9f0,84e986ac-d907-4062-b8a1-76728cedcc12,Technical Grade Lithium Carbonate 99.4%,High-quality technical grade lithium carbonate for industrial applications. Reliable quality for manufacturing.,Lithium Carbonate,Technical Grade,99.38,99.38,,,,1.08 g/cm³,0.07,MT,296,78,7225,"[""ISO 14001:2015"",""REACH"",""ISO 9001:2015"",""IATF 16949:2016""]",false,true,"{""Na"":""≤0.0008%"",""Mg"":""≤0.0007%"",""Ca"":""≤0.0003%"",""Fe"":""≤0.0004%""}","{""base_price"":8419,""currency"":""USD"",""unit"":""MT"",""incoterms"":""EXW""}",out_of_stock,2024-07-21T05:38:30.424Z,2025-12-25T05:38:30.424Z
bf8a7680-bc70-4d75-8312-df459769b46c,84e986ac-d907-4062-b8a1-76728cedcc12,Technical Grade Lithium Hydroxide 99.57%,High-quality technical grade lithium hydroxide for industrial applications. Reliable quality for manufacturing.,Lithium Hydroxide,Technical Grade,99.57,,56.74,,,1.26 g/cm³,0.14,MT,63,36,7694,"[""ISO 9001:2015"",""ISO 14001:2015"",""IATF 16949:2016""]",false,true,"{""Na"":""≤0.0003%"",""Mg"":""≤0.0008%"",""Ca"":""≤0.0007%"",""Fe"":""≤0.0004%""}","{""base_price"":8569,""currency"":""USD"",""unit"":""MT"",""incoterms"":""EXW""}",active,2024-04-01T05:38:30.424Z,2025-12-22T05:38:30.424Z
aaa7b1af-afbf-46b3-b851-e7a05e1712d4,84e986ac-d907-4062-b8a1-76728cedcc12,Technical Grade Lithium Spodumene,High-quality technical grade lithium spodumene for industrial applications. Reliable quality for manufacturing.,Lithium Spodumene,Technical Grade,,,,5.79,,1.21 g/cm³,0.09,MT,217,51,9465,"[""RoHS"",""IATF 16949:2016"",""ISO 9001:2015""]",false,true,"{""Na"":""≤0.0008%"",""Mg"":""≤0.0004%"",""Ca"":""≤0.0002%"",""Fe"":""≤0.0003%""}","{""base_price"":5413,""currency"":""USD"",""unit"":""MT"",""incoterms"":""EXW""}",out_of_stock,2024-11-06T05:38:30.424Z,2025-12-29T05:38:30.424Z
fc1af7e8-6864-4bbf-a7e3-a547a0656e23,84e986ac-d907-4062-b8a1-76728cedcc12,Technical Grade Lithium Carbonate 99.76%,High-quality technical grade lithium carbonate for industrial applications. Reliable quality for manufacturing.,Lithium Carbonate,Technical Grade,99.76,99.76,,,,1.01 g/cm³,0.13,MT,469,84,2484,"[""REACH"",""ISO 14001:2015"",""ISO 9001:2015"",""RoHS""]",false,true,"{""Na"":""≤0.0003%"",""Mg"":""≤0.0005%"",""Ca"":""≤0.0002%"",""Fe"":""≤0.0004%""}","{""base_price"":7295,""currency"":""USD"",""unit"":""MT"",""incoterms"":""FOB""}",active,2024-06-05T05:38:30.424Z,2025-12-09T05:38:30.424Z
2200cbb6-4f8d-44d6-8220-176f8f733725,84e986ac-d907-4062-b8a1-76728cedcc12,Pharmaceutical Grade Recycled Lithium 99.1%,High-quality pharmaceutical grade recycled lithium for industrial applications. Reliable quality for manufacturing.,Recycled Lithium,Pharmaceutical Grade,99.13,,,,,1.12 g/cm³,0.02,MT,426,76,8174,"[""RoHS"",""IATF 16949:2016"",""ISO 14001:2015""]",false,true,"{""Na"":""≤0.0003%"",""Mg"":""≤0.0008%"",""Ca"":""≤0.0009%"",""Fe"":""≤0.0002%""}","{""base_price"":8635,""currency"":""USD"",""unit"":""MT"",""incoterms"":""FOB""}",active,2024-09-16T05:38:30.424Z,2025-12-19T05:38:30.424Z
b5f8e780-e019-4a6b-b311-3e162906d9cf,84e986ac-d907-4062-b8a1-76728cedcc12,Battery Grade Lithium Chloride 98.6%,High-quality battery grade lithium chloride for EV battery applications. Meets strict automotive specifications.,Lithium Chloride,Battery Grade,98.64,,,,D50: 14μm,1.16 g/cm³,0.05,MT,34,82,2140,"[""RoHS"",""REACH""]",false,true,"{""Na"":""≤0.0002%"",""Mg"":""≤0.0002%"",""Ca"":""≤0.0003%"",""Fe"":""≤0.0001%""}","{""base_price"":1071,""currency"":""USD"",""unit"":""MT"",""incoterms"":""EXW""}",active,2024-07-16T05:38:30.424Z,2025-12-04T05:38:30.424Z
770c0d3e-69c3-4db5-a9fb-ac29f341ccf1,84e986ac-d907-4062-b8a1-76728cedcc12,Industrial Grade Lithium Spodumene,High-quality industrial grade lithium spodumene for industrial applications. Reliable quality for manufacturing.,Lithium Spodumene,Industrial Grade,,,,6.94,,1.27 g/cm³,0.1,MT,484,34,5676,"[""RoHS"",""REACH""]",false,true,"{""Na"":""≤0.0001%"",""Mg"":""≤0.0003%"",""Ca"":""≤0.0011%"",""Fe"":""≤0.0002%""}","{""base_price"":7175,""currency"":""USD"",""unit"":""MT"",""incoterms"":""CIF""}",active,2024-02-20T05:38:30.424Z,2025-12-30T05:38:30.424Z
8ebddca4-6aef-42e0-a877-065457aaa954,84e986ac-d907-4062-b8a1-76728cedcc12,Battery Grade Lithium Hydroxide 99.94%,High-quality battery grade lithium hydroxide for EV battery applications. Meets strict automotive specifications.,Lithium Hydroxide,Battery Grade,99.94,,56.89,,D50: 44μm,1.36 g/cm³,0.08,MT,49,65,8307,"[""RoHS"",""ISO 14001:2015"",""ISO 9001:2015""]",false,true,"{""Na"":""≤0.0005%"",""Mg"":""≤0.0004%"",""Ca"":""≤0.0018%"",""Fe"":""≤0.0003%""}","{""base_price"":14737,""currency"":""USD"",""unit"":""MT"",""incoterms"":""EXW""}",active,2024-10-12T05:38:30.424Z,2025-12-08T05:38:30.424Z
dce4dc7e-1c31-4f18-a596-0d2afde32944,84e986ac-d907-4062-b8a1-76728cedcc12,Pharmaceutical Grade Lithium Carbonate 99.73%,High-quality pharmaceutical grade lithium carbonate for industrial applications. Reliable quality for manufacturing.,Lithium Carbonate,Pharmaceutical Grade,99.73,99.73,,,,1.23 g/cm³,0.06,MT,101,35,9889,"[""ISO 14001:2015"",""REACH"",""ISO 9001:2015"",""RoHS""]",false,true,"{""Na"":""≤0.0004%"",""Mg"":""≤0.0006%"",""Ca"":""≤0.0007%"",""Fe"":""≤0.0002%""}","{""base_price"":5662,""currency"":""USD"",""unit"":""MT"",""incoterms"":""CIF""}",active,2024-12-03T05:38:30.424Z,2025-12-28T05:38:30.424Z
098b48ab-0642-45b5-acda-fa9c34f16280,84e986ac-d907-4062-b8a1-76728cedcc12,Technical Grade Other 99.4%,High-quality technical grade other for industrial applications. Reliable quality for manufacturing.,Other,Technical Grade,99.42,,,,,1.25 g/cm³,0.03,MT,429,66,8908,"[""IATF 16949:2016"",""ISO 14001:2015""]",false,true,"{""Na"":""≤0.0006%"",""Mg"":""≤0.001%"",""Ca"":""≤0.0002%"",""Fe"":""≤0.0005%""}","{""base_price"":8844,""currency"":""USD"",""unit"":""MT"",""incoterms"":""EXW""}",active,2024-02-14T05:38:30.424Z,2025-12-27T05:38:30.424Z
53bf86e8-73d4-459d-8d4b-9c616de68680,84e986ac-d907-4062-b8a1-76728cedcc12,Industrial Grade Lithium Hydroxide 99.60%,High-quality industrial grade lithium hydroxide for industrial applications. Reliable quality for manufacturing.,Lithium Hydroxide,Industrial Grade,99.6,,56.44,,,1.14 g/cm³,0.05,MT,415,41,680,"[""RoHS"",""REACH""]",false,true,"{""Na"":""≤0.0002%"",""Mg"":""≤0.0005%"",""Ca"":""≤0.0008%"",""Fe"":""≤0.0003%""}","{""base_price"":8788,""currency"":""USD"",""unit"":""MT"",""incoterms"":""FOB""}",active,2025-07-31T05:38:30.424Z,2025-12-19T05:38:30.424Z
d3d4e2df-833d-4e1c-915f-efe886c09773,84e986ac-d907-4062-b8a1-76728cedcc12,Industrial Grade Lithium Hydroxide 99.57%,High-quality industrial grade lithium hydroxide for industrial applications. Reliable quality for manufacturing.,Lithium Hydroxide,Industrial Grade,99.57,,56.87,,,0.85 g/cm³,0.15,MT,456,58,6750,"[""ISO 14001:2015"",""RoHS"",""ISO 9001:2015""]",false,true,"{""Na"":""≤0.0009%"",""Mg"":""≤0.0002%"",""Ca"":""≤0.0007%"",""Fe"":""≤0.0005%""}","{""base_price"":9814,""currency"":""USD"",""unit"":""MT"",""incoterms"":""FOB""}",active,2024-05-20T05:38:30.424Z,2025-12-17T05:38:30.424Z
6b4581cf-98ac-4701-88ab-4e9150f73c95,2d30e743-73b2-47fc-9549-5369d02cc849,Industrial Grade Lithium Spodumene,High-quality industrial grade lithium spodumene for industrial applications. Reliable quality for manufacturing.,Lithium Spodumene,Industrial Grade,,,,6.85,,1.05 g/cm³,0.06,MT,236,72,181,"[""RoHS"",""REACH"",""IATF 16949:2016"",""ISO 14001:2015""]",false,true,"{""Na"":""≤0.0003%"",""Mg"":""≤0.0003%"",""Ca"":""≤0.0014%"",""Fe"":""≤0.0002%""}","{""base_price"":6375,""currency"":""USD"",""unit"":""MT"",""incoterms"":""FOB""}",out_of_stock,2025-11-05T05:38:30.424Z,2025-12-27T05:38:30.424Z
a1d68a83-1dce-4d3c-be25-47850899ddce,2d30e743-73b2-47fc-9549-5369d02cc849,Battery Grade Lithium Carbonate 99.67%,High-quality battery grade lithium carbonate for EV battery applications. Meets strict automotive specifications.,Lithium Carbonate,Battery Grade,99.67,99.67,,,D50: 17μm,0.86 g/cm³,0.14,MT,24,62,6090,"[""REACH"",""IATF 16949:2016"",""ISO 14001:2015"",""RoHS""]",false,true,"{""Na"":""≤0.0004%"",""Mg"":""≤0.0007%"",""Ca"":""≤0.0018%"",""Fe"":""≤0.0002%""}","{""base_price"":12140,""currency"":""USD"",""unit"":""MT"",""incoterms"":""FOB""}",active,2024-03-19T05:38:30.424Z,2025-12-28T05:38:30.424Z
5bca7899-b802-4a3d-af84-297015ea40b0,2d30e743-73b2-47fc-9549-5369d02cc849,Technical Grade Lithium Chloride 99.0%,High-quality technical grade lithium chloride for industrial applications. Reliable quality for manufacturing.,Lithium Chloride,Technical Grade,99.04,,,,,0.87 g/cm³,0.02,MT,192,48,315,"[""RoHS"",""ISO 9001:2015"",""ISO 14001:2015""]",false,true,"{""Na"":""≤0.0008%"",""Mg"":""≤0.0001%"",""Ca"":""≤0.0014%"",""Fe"":""≤0.0003%""}","{""base_price"":5777,""currency"":""USD"",""unit"":""MT"",""incoterms"":""FOB""}",active,2025-07-04T05:38:30.424Z,2025-12-04T05:38:30.424Z
c1028254-bad4-4e68-b1cf-cd8fbc8e8050,2d30e743-73b2-47fc-9549-5369d02cc849,Industrial Grade Lithium Hydroxide 99.71%,High-quality industrial grade lithium hydroxide for industrial applications. Reliable quality for manufacturing.,Lithium Hydroxide,Industrial Grade,99.71,,56.91,,,1.04 g/cm³,0.14,MT,74,88,9448,"[""RoHS"",""REACH"",""IATF 16949:2016"",""ISO 14001:2015""]",false,true,"{""Na"":""≤0.0006%"",""Mg"":""≤0.0009%"",""Ca"":""≤0.0009%"",""Fe"":""≤0.0003%""}","{""base_price"":5288,""currency"":""USD"",""unit"":""MT"",""incoterms"":""EXW""}",active,2024-09-23T05:38:30.424Z,2025-12-12T05:38:30.424Z
73a3d0fc-794a-4e23-8b73-b37a703f0291,2d30e743-73b2-47fc-9549-5369d02cc849,Battery Grade Lithium Hydroxide 99.76%,High-quality battery grade lithium hydroxide for EV battery applications. Meets strict automotive specifications.,Lithium Hydroxide,Battery Grade,99.76,,56.16,,D50: 59μm,1.34 g/cm³,0.15,MT,22,43,8034,"[""ISO 9001:2015"",""REACH"",""RoHS"",""IATF 16949:2016""]",false,true,"{""Na"":""≤0.0009%"",""Mg"":""≤0.0006%"",""Ca"":""≤0.0012%"",""Fe"":""≤0.0004%""}","{""base_price"":14120,""currency"":""USD"",""unit"":""MT"",""incoterms"":""EXW""}",active,2024-05-24T05:38:30.424Z,2026-01-01T05:38:30.424Z
61d074b8-22ec-4e33-966d-9b489cff73ce,2d30e743-73b2-47fc-9549-5369d02cc849,Industrial Grade Other 98.6%,High-quality industrial grade other for industrial applications. Reliable quality for manufacturing.,Other,Industrial Grade,98.62,,,,,0.93 g/cm³,0.11,MT,332,72,1072,"[""ISO 9001:2015"",""ISO 14001:2015"",""IATF 16949:2016"",""REACH""]",false,true,"{""Na"":""≤0.0004%"",""Mg"":""≤0.0006%"",""Ca"":""≤0.0008%"",""Fe"":""≤0.0003%""}","{""base_price"":9427,""currency"":""USD"",""unit"":""MT"",""incoterms"":""EXW""}",active,2024-08-07T05:38:30.424Z,2025-12-16T05:38:30.424Z
896c2eb1-b2a8-4415-a698-2366503b9496,2d30e743-73b2-47fc-9549-5369d02cc849,Industrial Grade Lithium Hydroxide 99.89%,High-quality industrial grade lithium hydroxide for industrial applications. Reliable quality for manufacturing.,Lithium Hydroxide,Industrial Grade,99.89,,56.38,,,0.94 g/cm³,0.1,MT,402,65,2056,"[""ISO 9001:2015"",""IATF 16949:2016"",""ISO 14001:2015"",""RoHS""]",false,true,"{""Na"":""≤0.0003%"",""Mg"":""≤0.0009%"",""Ca"":""≤0.0017%"",""Fe"":""≤0.0004%""}","{""base_price"":8514,""currency"":""USD"",""unit"":""MT"",""incoterms"":""EXW""}",active,2025-05-01T05:38:30.424Z,2025-12-13T05:38:30.424Z
f401fb58-97f2-4d4f-87a4-caeabfeff2cf,2d30e743-73b2-47fc-9549-5369d02cc849,Battery Grade Recycled Lithium 98.8%,High-quality battery grade recycled lithium for EV battery applications. Meets strict automotive specifications.,Recycled Lithium,Battery Grade,98.85,,,,D50: 35μm,1.04 g/cm³,0.12,MT,33,50,4970,"[""ISO 9001:2015"",""ISO 14001:2015""]",false,true,"{""Na"":""≤0.0007%"",""Mg"":""≤0.0003%"",""Ca"":""≤0.0005%"",""Fe"":""≤0.0001%""}","{""base_price"":1047,""currency"":""USD"",""unit"":""MT"",""incoterms"":""FOB""}",active,2025-02-20T05:38:30.424Z,2025-12-21T05:38:30.424Z
8eabe32a-1d86-4941-829b-a04713724e1b,cf9be32a-f138-41c4-b44b-755d39c6f0d3,Pharmaceutical Grade Lithium Carbonate 99.77%,High-quality pharmaceutical grade lithium carbonate for industrial applications. Reliable quality for manufacturing.,Lithium Carbonate,Pharmaceutical Grade,99.77,99.77,,,,1.11 g/cm³,0.1,MT,400,89,2935,"[""ISO 14001:2015"",""IATF 16949:2016""]",false,true,"{""Na"":""≤0.0001%"",""Mg"":""≤0.0004%"",""Ca"":""≤0.0019%"",""Fe"":""≤0.0002%""}","{""base_price"":7143,""currency"":""USD"",""unit"":""MT"",""incoterms"":""CIF""}",active,2025-06-23T05:38:30.424Z,2025-12-03T05:38:30.424Z
47feae6a-27db-471d-a9fa-1944e1407444,cf9be32a-f138-41c4-b44b-755d39c6f0d3,Battery Grade Lithium Carbonate 99.4%,High-quality battery grade lithium carbonate for EV battery applications. Meets strict automotive specifications.,Lithium Carbonate,Battery Grade,99.41,99.41,,,D50: 26μm,0.91 g/cm³,0.13,MT,44,88,2239,"[""ISO 9001:2015"",""ISO 14001:2015"",""RoHS""]",false,true,"{""Na"":""≤0.0006%"",""Mg"":""≤0.0005%"",""Ca"":""≤0.0009%"",""Fe"":""≤0.0003%""}","{""base_price"":11686,""currency"":""USD"",""unit"":""MT"",""incoterms"":""EXW""}",active,2024-09-19T05:38:30.424Z,2025-12-03T05:38:30.424Z
6e81c51a-b42e-4732-abb5-90ddba578321,cf9be32a-f138-41c4-b44b-755d39c6f0d3,Battery Grade Lithium Carbonate 99.84%,High-quality battery grade lithium carbonate for EV battery applications. Meets strict automotive specifications.,Lithium Carbonate,Battery Grade,99.84,99.84,,,D50: 11μm,0.93 g/cm³,0.12,MT,36,62,3521,"[""ISO 9001:2015"",""IATF 16949:2016""]",false,true,"{""Na"":""≤0.0002%"",""Mg"":""≤0.0006%"",""Ca"":""≤0.001%"",""Fe"":""≤0.0002%""}","{""base_price"":12648,""currency"":""USD"",""unit"":""MT"",""incoterms"":""CIF""}",active,2024-11-30T05:38:30.424Z,2025-12-31T05:38:30.424Z
ee63175a-001d-476b-9cf8-02c7e96bfdb9,cf9be32a-f138-41c4-b44b-755d39c6f0d3,Industrial Grade Recycled Lithium 99.0%,High-quality industrial grade recycled lithium for industrial applications. Reliable quality for manufacturing.,Recycled Lithium,Industrial Grade,98.95,,,,,1.03 g/cm³,0.03,MT,317,53,937,"[""REACH"",""IATF 16949:2016"",""RoHS"",""ISO 14001:2015""]",false,true,"{""Na"":""≤0.0007%"",""Mg"":""≤0.0003%"",""Ca"":""≤0.0014%"",""Fe"":""≤0.0002%""}","{""base_price"":6216,""currency"":""USD"",""unit"":""MT"",""incoterms"":""FOB""}",active,2025-08-17T05:38:30.424Z,2025-12-29T05:38:30.424Z
73f970fc-5e37-4368-9303-7a706abfa67d,cf9be32a-f138-41c4-b44b-755d39c6f0d3,Technical Grade Recycled Lithium 98.5%,High-quality technical grade recycled lithium for industrial applications. Reliable quality for manufacturing.,Recycled Lithium,Technical Grade,98.49,,,,,1.13 g/cm³,0.05,MT,406,82,4575,"[""IATF 16949:2016"",""REACH"",""ISO 14001:2015"",""ISO 9001:2015""]",false,true,"{""Na"":""≤0.0002%"",""Mg"":""≤0.0006%"",""Ca"":""≤0.0008%"",""Fe"":""≤0.0001%""}","{""base_price"":5151,""currency"":""USD"",""unit"":""MT"",""incoterms"":""FOB""}",active,2024-09-17T05:38:30.424Z,2026-01-01T05:38:30.424Z
65d4865e-65d6-4727-bdb7-90e2ca603c20,cf9be32a-f138-41c4-b44b-755d39c6f0d3,Pharmaceutical Grade Recycled Lithium 98.2%,High-quality pharmaceutical grade recycled lithium for industrial applications. Reliable quality for manufacturing.,Recycled Lithium,Pharmaceutical Grade,98.2,,,,,0.97 g/cm³,0.12,MT,291,62,7817,"[""REACH"",""RoHS"",""IATF 16949:2016"",""ISO 14001:2015""]",false,true,"{""Na"":""≤0.0002%"",""Mg"":""≤0.0008%"",""Ca"":""≤0.0018%"",""Fe"":""≤0.0001%""}","{""base_price"":7533,""currency"":""USD"",""unit"":""MT"",""incoterms"":""EXW""}",active,2025-03-30T05:38:30.424Z,2025-12-24T05:38:30.424Z
c743f36b-ce9b-41fc-8bcd-c1a4724ad316,cf9be32a-f138-41c4-b44b-755d39c6f0d3,Industrial Grade Recycled Lithium 98.0%,High-quality industrial grade recycled lithium for industrial applications. Reliable quality for manufacturing.,Recycled Lithium,Industrial Grade,98.04,,,,,1.04 g/cm³,0.11,MT,178,61,7599,"[""IATF 16949:2016"",""REACH"",""RoHS""]",false,true,"{""Na"":""≤0.0003%"",""Mg"":""≤0.0004%"",""Ca"":""≤0.0004%"",""Fe"":""≤0.0004%""}","{""base_price"":7161,""currency"":""USD"",""unit"":""MT"",""incoterms"":""CIF""}",active,2025-02-15T05:38:30.424Z,2025-12-09T05:38:30.424Z
7c04505b-aa60-4e92-bc8a-b205ebbeb5cf,cf9be32a-f138-41c4-b44b-755d39c6f0d3,Industrial Grade Lithium Spodumene,High-quality industrial grade lithium spodumene for industrial applications. Reliable quality for manufacturing.,Lithium Spodumene,Industrial Grade,,,,6.15,,1.39 g/cm³,0.04,MT,384,72,3449,"[""ISO 9001:2015"",""ISO 14001:2015"",""RoHS"",""REACH""]",false,true,"{""Na"":""≤0.0009%"",""Mg"":""≤0.0002%"",""Ca"":""≤0.0011%"",""Fe"":""≤0.0004%""}","{""base_price"":5958,""currency"":""USD"",""unit"":""MT"",""incoterms"":""CIF""}",active,2024-05-27T05:38:30.424Z,2025-12-08T05:38:30.424Z
f0f82caa-f5ea-4cce-bf92-4fe95f7215d6,a94b6af0-5cf0-494d-81e7-3dec16498b23,Battery Grade Recycled Lithium 98.1%,High-quality battery grade recycled lithium for EV battery applications. Meets strict automotive specifications.,Recycled Lithium,Battery Grade,98.14,,,,D50: 59μm,0.93 g/cm³,0.07,MT,43,32,7245,"[""ISO 9001:2015"",""ISO 14001:2015""]",false,true,"{""Na"":""≤0.0006%"",""Mg"":""≤0.0003%"",""Ca"":""≤0.0003%"",""Fe"":""≤0.0001%""}","{""base_price"":989,""currency"":""USD"",""unit"":""MT"",""incoterms"":""EXW""}",active,2024-09-02T05:38:30.424Z,2025-12-30T05:38:30.424Z
780d5ffc-2162-4d83-bc0c-44894d88de70,a94b6af0-5cf0-494d-81e7-3dec16498b23,Pharmaceutical Grade Lithium Carbonate 99.55%,High-quality pharmaceutical grade lithium carbonate for industrial applications. Reliable quality for manufacturing.,Lithium Carbonate,Pharmaceutical Grade,99.55,99.55,,,,1.35 g/cm³,0.02,MT,250,68,2159,"[""IATF 16949:2016"",""REACH"",""ISO 14001:2015"",""ISO 9001:2015""]",false,true,"{""Na"":""≤0.0009%"",""Mg"":""≤0.0004%"",""Ca"":""≤0.0008%"",""Fe"":""≤0.0002%""}","{""base_price"":9893,""currency"":""USD"",""unit"":""MT"",""incoterms"":""FOB""}",active,2025-09-15T05:38:30.424Z,2026-01-02T05:38:30.424Z
3a0b0b34-c2d8-41ed-a81b-bd0a7655e69d,a94b6af0-5cf0-494d-81e7-3dec16498b23,Battery Grade Other 98.5%,High-quality battery grade other for EV battery applications. Meets strict automotive specifications.,Other,Battery Grade,98.54,,,,D50: 26μm,1.28 g/cm³,0.08,MT,50,64,7337,"[""ISO 14001:2015"",""REACH"",""RoHS""]",false,true,"{""Na"":""≤0.0005%"",""Mg"":""≤0.0003%"",""Ca"":""≤0.0013%"",""Fe"":""≤0.0004%""}","{""base_price"":825,""currency"":""USD"",""unit"":""MT"",""incoterms"":""CIF""}",active,2025-10-17T05:38:30.424Z,2025-12-05T05:38:30.424Z
ddb39b49-80d6-4ae5-8be7-b83ee9e251a9,a94b6af0-5cf0-494d-81e7-3dec16498b23,Industrial Grade Recycled Lithium 99.0%,High-quality industrial grade recycled lithium for industrial applications. Reliable quality for manufacturing.,Recycled Lithium,Industrial Grade,98.97,,,,,0.87 g/cm³,0.04,MT,313,48,5142,"[""IATF 16949:2016"",""ISO 9001:2015""]",false,true,"{""Na"":""≤0.0007%"",""Mg"":""≤0.0004%"",""Ca"":""≤0.0011%"",""Fe"":""≤0.0001%""}","{""base_price"":7213,""currency"":""USD"",""unit"":""MT"",""incoterms"":""CIF""}",active,2025-05-30T05:38:30.424Z,2025-12-22T05:38:30.424Z
f17059c1-7f5e-44c6-8406-6463d726164f,a94b6af0-5cf0-494d-81e7-3dec16498b23,Technical Grade Lithium Spodumene,High-quality technical grade lithium spodumene for industrial applications. Reliable quality for manufacturing.,Lithium Spodumene,Technical Grade,,,,6.96,,0.9 g/cm³,0.11,MT,385,84,5552,"[""RoHS"",""REACH"",""IATF 16949:2016""]",false,true,"{""Na"":""≤0.0001%"",""Mg"":""≤0.0006%"",""Ca"":""≤0.0007%"",""Fe"":""≤0.0002%""}","{""base_price"":8902,""currency"":""USD"",""unit"":""MT"",""incoterms"":""EXW""}",active,2024-06-05T05:38:30.424Z,2025-12-18T05:38:30.424Z
78f48dd1-655d-4908-9e78-b14a82d85728,a94b6af0-5cf0-494d-81e7-3dec16498b23,Battery Grade Lithium Hydroxide 99.84%,High-quality battery grade lithium hydroxide for EV battery applications. Meets strict automotive specifications.,Lithium Hydroxide,Battery Grade,99.84,,56.68,,D50: 21μm,1.13 g/cm³,0.08,MT,32,41,3781,"[""ISO 9001:2015"",""ISO 14001:2015""]",false,true,"{""Na"":""≤0.0002%"",""Mg"":""≤0.0009%"",""Ca"":""≤0.001%"",""Fe"":""≤0.0005%""}","{""base_price"":16370,""currency"":""USD"",""unit"":""MT"",""incoterms"":""CIF""}",active,2024-06-21T05:38:30.424Z,2025-12-15T05:38:30.424Z
452786d2-f016-49a1-b38a-9f2fa3007e18,a94b6af0-5cf0-494d-81e7-3dec16498b23,Industrial Grade Other 99.0%,High-quality industrial grade other for industrial applications. Reliable quality for manufacturing.,Other,Industrial Grade,99.02,,,,,0.92 g/cm³,0.14,MT,488,37,5241,"[""ISO 9001:2015"",""ISO 14001:2015"",""IATF 16949:2016"",""REACH""]",false,true,"{""Na"":""≤0.0005%"",""Mg"":""≤0.0008%"",""Ca"":""≤0.0011%"",""Fe"":""≤0.0002%""}","{""base_price"":9011,""currency"":""USD"",""unit"":""MT"",""incoterms"":""FOB""}",active,2025-11-17T05:38:30.424Z,2025-12-07T05:38:30.424Z
0e6b6da5-e45b-408a-b2f7-b7408e41272a,a94b6af0-5cf0-494d-81e7-3dec16498b23,Battery Grade Lithium Hydroxide 99.83%,High-quality battery grade lithium hydroxide for EV battery applications. Meets strict automotive specifications.,Lithium Hydroxide,Battery Grade,99.83,,56.29,,D50: 22μm,0.89 g/cm³,0.05,MT,15,50,5891,"[""RoHS"",""REACH"",""IATF 16949:2016"",""ISO 14001:2015""]",false,true,"{""Na"":""≤0.0002%"",""Mg"":""≤0.0006%"",""Ca"":""≤0.0015%"",""Fe"":""≤0.0003%""}","{""base_price"":16979,""currency"":""USD"",""unit"":""MT"",""incoterms"":""FOB""}",active,2025-01-24T05:38:30.424Z,2025-12-09T05:38:30.424Z
fd61fe79-8d9e-493b-a97b-f7305ab309d4,a94b6af0-5cf0-494d-81e7-3dec16498b23,Technical Grade Other 98.4%,High-quality technical grade other for industrial applications. Reliable quality for manufacturing.,Other,Technical Grade,98.43,,,,,1.07 g/cm³,0.05,MT,481,42,2309,"[""ISO 14001:2015"",""ISO 9001:2015"",""IATF 16949:2016""]",false,true,"{""Na"":""≤0.0003%"",""Mg"":""≤0.0002%"",""Ca"":""≤0.0011%"",""Fe"":""≤0.0002%""}","{""base_price"":9939,""currency"":""USD"",""unit"":""MT"",""incoterms"":""EXW""}",active,2024-01-15T05:38:30.424Z,2025-12-16T05:38:30.424Z
78d9cd09-1edf-4a61-a110-4a712ca5846e,a94b6af0-5cf0-494d-81e7-3dec16498b23,Pharmaceutical Grade Other 98.4%,High-quality pharmaceutical grade other for industrial applications. Reliable quality for manufacturing.,Other,Pharmaceutical Grade,98.37,,,,,1.32 g/cm³,0.06,MT,488,58,4986,"[""IATF 16949:2016"",""REACH""]",false,true,"{""Na"":""≤0.0001%"",""Mg"":""≤0.0004%"",""Ca"":""≤0.001%"",""Fe"":""≤0.0004%""}","{""base_price"":7382,""currency"":""USD"",""unit"":""MT"",""incoterms"":""CIF""}",active,2025-02-05T05:38:30.424Z,2025-12-08T05:38:30.424Z
e836215f-0259-43bd-bbec-b2bfc9ca5e07,a355b262-f108-4bd3-a667-220684eb08fa,Pharmaceutical Grade Lithium Carbonate 99.3%,High-quality pharmaceutical grade lithium carbonate for industrial applications. Reliable quality for manufacturing.,Lithium Carbonate,Pharmaceutical Grade,99.3,99.3,,,,1.17 g/cm³,0.09,MT,295,69,8262,"[""IATF 16949:2016"",""ISO 14001:2015"",""RoHS""]",false,true,"{""Na"":""≤0.0006%"",""Mg"":""≤0.0001%"",""Ca"":""≤0.0005%"",""Fe"":""≤0.0002%""}","{""base_price"":7188,""currency"":""USD"",""unit"":""MT"",""incoterms"":""CIF""}",active,2024-10-25T05:38:30.424Z,2025-12-29T05:38:30.424Z
5a83478a-600a-47e9-bd03-e272f0e30b70,a355b262-f108-4bd3-a667-220684eb08fa,Industrial Grade Lithium Spodumene,High-quality industrial grade lithium spodumene for industrial applications. Reliable quality for manufacturing.,Lithium Spodumene,Industrial Grade,,,,6.18,,1.37 g/cm³,0.05,MT,198,36,9160,"[""IATF 16949:2016"",""ISO 14001:2015"",""RoHS"",""ISO 9001:2015""]",false,true,"{""Na"":""≤0.0009%"",""Mg"":""≤0.0008%"",""Ca"":""≤0.0007%"",""Fe"":""≤0.0003%""}","{""base_price"":8220,""currency"":""USD"",""unit"":""MT"",""incoterms"":""CIF""}",active,2025-10-02T05:38:30.424Z,2025-12-04T05:38:30.424Z
12d9ee65-e19c-43e7-abe1-9551acd00262,a355b262-f108-4bd3-a667-220684eb08fa,Industrial Grade Lithium Chloride 99.2%,High-quality industrial grade lithium chloride for industrial applications. Reliable quality for manufacturing.,Lithium Chloride,Industrial Grade,99.2,,,,,1.11 g/cm³,0.15,MT,427,73,714,"[""IATF 16949:2016"",""ISO 14001:2015""]",false,true,"{""Na"":""≤0.0005%"",""Mg"":""≤0.0002%"",""Ca"":""≤0.0004%"",""Fe"":""≤0.0005%""}","{""base_price"":7104,""currency"":""USD"",""unit"":""MT"",""incoterms"":""CIF""}",active,2024-05-26T05:38:30.424Z,2025-12-12T05:38:30.424Z
caa453e6-7038-465e-8261-fea5250dd7be,a355b262-f108-4bd3-a667-220684eb08fa,Industrial Grade Lithium Carbonate 99.70%,High-quality industrial grade lithium carbonate for industrial applications. Reliable quality for manufacturing.,Lithium Carbonate,Industrial Grade,99.7,99.7,,,,1.18 g/cm³,0.08,MT,222,88,7445,"[""ISO 9001:2015"",""REACH""]",false,true,"{""Na"":""≤0.0003%"",""Mg"":""≤0.0007%"",""Ca"":""≤0.0005%"",""Fe"":""≤0.0003%""}","{""base_price"":5564,""currency"":""USD"",""unit"":""MT"",""incoterms"":""CIF""}",active,2025-02-01T05:38:30.424Z,2025-12-08T05:38:30.424Z
02b158d1-9cb3-4baf-9c4f-8fc1e29c141b,a355b262-f108-4bd3-a667-220684eb08fa,Technical Grade Lithium Chloride 98.3%,High-quality technical grade lithium chloride for industrial applications. Reliable quality for manufacturing.,Lithium Chloride,Technical Grade,98.34,,,,,1.37 g/cm³,0.07,MT,305,59,7183,"[""IATF 16949:2016"",""ISO 14001:2015"",""RoHS"",""ISO 9001:2015""]",false,true,"{""Na"":""≤0.0003%"",""Mg"":""≤0.0008%"",""Ca"":""≤0.0014%"",""Fe"":""≤0.0004%""}","{""base_price"":6330,""currency"":""USD"",""unit"":""MT"",""incoterms"":""FOB""}",active,2024-12-12T05:38:30.424Z,2025-12-03T05:38:30.424Z
4960d66f-f199-4bb9-932f-b6257c414a10,a355b262-f108-4bd3-a667-220684eb08fa,Pharmaceutical Grade Lithium Spodumene,High-quality pharmaceutical grade lithium spodumene for industrial applications. Reliable quality for manufacturing.,Lithium Spodumene,Pharmaceutical Grade,,,,6.26,,1.21 g/cm³,0.06,MT,491,46,9439,"[""IATF 16949:2016"",""REACH"",""ISO 9001:2015""]",false,true,"{""Na"":""≤0.0003%"",""Mg"":""≤0.0007%"",""Ca"":""≤0.001%"",""Fe"":""≤0.0004%""}","{""base_price"":8343,""currency"":""USD"",""unit"":""MT"",""incoterms"":""CIF""}",active,2025-03-19T05:38:30.424Z,2025-12-06T05:38:30.424Z
0202ac36-f2ad-4bcd-b04f-90499d6a30dc,a355b262-f108-4bd3-a667-220684eb08fa,Industrial Grade Lithium Chloride 98.8%,High-quality industrial grade lithium chloride for industrial applications. Reliable quality for manufacturing.,Lithium Chloride,Industrial Grade,98.8,,,,,0.91 g/cm³,0.09,MT,177,85,3923,"[""REACH"",""RoHS""]",false,true,"{""Na"":""≤0.0008%"",""Mg"":""≤0.0009%"",""Ca"":""≤0.0004%"",""Fe"":""≤0.0005%""}","{""base_price"":8440,""currency"":""USD"",""unit"":""MT"",""incoterms"":""CIF""}",active,2024-12-01T05:38:30.424Z,2025-12-20T05:38:30.424Z
d7bbccc2-11a2-4231-a39a-ced017e7e061,a355b262-f108-4bd3-a667-220684eb08fa,Battery Grade Lithium Chloride 98.2%,High-quality battery grade lithium chloride for EV battery applications. Meets strict automotive specifications.,Lithium Chloride,Battery Grade,98.22,,,,D50: 38μm,1.12 g/cm³,0.12,MT,33,43,2732,"[""IATF 16949:2016"",""ISO 14001:2015"",""ISO 9001:2015"",""RoHS""]",false,true,"{""Na"":""≤0.0003%"",""Mg"":""≤0.0009%"",""Ca"":""≤0.0006%"",""Fe"":""≤0.0003%""}","{""base_price"":1022,""currency"":""USD"",""unit"":""MT"",""incoterms"":""EXW""}",active,2025-05-26T05:38:30.424Z,2025-12-31T05:38:30.424Z
e0d28ff0-4ac3-4e09-9cdc-628852a2d787,a355b262-f108-4bd3-a667-220684eb08fa,Battery Grade Lithium Chloride 98.4%,High-quality battery grade lithium chloride for EV battery applications. Meets strict automotive specifications.,Lithium Chloride,Battery Grade,98.41,,,,D50: 15μm,0.99 g/cm³,0.15,MT,18,40,4604,"[""RoHS"",""REACH"",""IATF 16949:2016"",""ISO 9001:2015""]",false,true,"{""Na"":""≤0.0003%"",""Mg"":""≤0.0008%"",""Ca"":""≤0.0009%"",""Fe"":""≤0.0004%""}","{""base_price"":1169,""currency"":""USD"",""unit"":""MT"",""incoterms"":""EXW""}",active,2025-07-12T05:38:30.424Z,2025-12-14T05:38:30.424Z
8a1abef3-5f2a-4972-a026-55798d195caf,a355b262-f108-4bd3-a667-220684eb08fa,Pharmaceutical Grade Lithium Chloride 98.1%,High-quality pharmaceutical grade lithium chloride for industrial applications. Reliable quality for manufacturing.,Lithium Chloride,Pharmaceutical Grade,98.06,,,,,1.19 g/cm³,0.11,MT,79,82,2894,"[""ISO 14001:2015"",""REACH""]",false,true,"{""Na"":""≤0.0008%"",""Mg"":""≤0.001%"",""Ca"":""≤0.0013%"",""Fe"":""≤0.0004%""}","{""base_price"":7684,""currency"":""USD"",""unit"":""MT"",""incoterms"":""FOB""}",active,2025-03-06T05:38:30.424Z,2025-12-15T05:38:30.424Z
22adc4e9-2b71-4eda-8147-763d9f063117,58b993bc-0e84-4dad-885f-5ff25ab85520,Battery Grade Lithium Hydroxide 99.78%,High-quality battery grade lithium hydroxide for EV battery applications. Meets strict automotive specifications.,Lithium Hydroxide,Battery Grade,99.78,,56.82,,D50: 52μm,1.18 g/cm³,0.07,MT,45,44,3662,"[""ISO 14001:2015"",""RoHS""]",false,true,"{""Na"":""≤0.0005%"",""Mg"":""≤0.0003%"",""Ca"":""≤0.0006%"",""Fe"":""≤0.0005%""}","{""base_price"":16877,""currency"":""USD"",""unit"":""MT"",""incoterms"":""CIF""}",active,2025-01-03T05:38:30.424Z,2025-12-30T05:38:30.424Z
05edda4e-58cc-4cfc-b6e3-57cb00c1caae,58b993bc-0e84-4dad-885f-5ff25ab85520,Technical Grade Lithium Hydroxide 99.53%,High-quality technical grade lithium hydroxide for industrial applications. Reliable quality for manufacturing.,Lithium Hydroxide,Technical Grade,99.53,,56.9,,,1.3 g/cm³,0.07,MT,245,90,5547,"[""REACH"",""RoHS""]",false,true,"{""Na"":""≤0.0005%"",""Mg"":""≤0.0004%"",""Ca"":""≤0.0017%"",""Fe"":""≤0.0003%""}","{""base_price"":8014,""currency"":""USD"",""unit"":""MT"",""incoterms"":""CIF""}",active,2024-06-16T05:38:30.424Z,2025-12-19T05:38:30.424Z
b7fcaa4b-a47b-4153-8be2-08ef1b2440e6,58b993bc-0e84-4dad-885f-5ff25ab85520,Industrial Grade Other 98.7%,High-quality industrial grade other for industrial applications. Reliable quality for manufacturing.,Other,Industrial Grade,98.65,,,,,0.9 g/cm³,0.13,MT,209,36,1672,"[""IATF 16949:2016"",""ISO 14001:2015""]",false,true,"{""Na"":""≤0.0004%"",""Mg"":""≤0.0009%"",""Ca"":""≤0.0002%"",""Fe"":""≤0.0004%""}","{""base_price"":7995,""currency"":""USD"",""unit"":""MT"",""incoterms"":""FOB""}",active,2025-03-02T05:38:30.424Z,2025-12-28T05:38:30.424Z
278928d8-8dd0-445e-88c5-b788d3c5f5bd,58b993bc-0e84-4dad-885f-5ff25ab85520,Pharmaceutical Grade Lithium Hydroxide 99.56%,High-quality pharmaceutical grade lithium hydroxide for industrial applications. Reliable quality for manufacturing.,Lithium Hydroxide,Pharmaceutical Grade,99.56,,56.19,,,1.23 g/cm³,0.02,MT,263,59,6331,"[""RoHS"",""REACH""]",false,true,"{""Na"":""≤0.0005%"",""Mg"":""≤0.0006%"",""Ca"":""≤0.0013%"",""Fe"":""≤0.0003%""}","{""base_price"":6169,""currency"":""USD"",""unit"":""MT"",""incoterms"":""FOB""}",active,2025-04-15T05:38:30.424Z,2026-01-01T05:38:30.424Z
e448836f-5bbb-4eb3-968d-e568c48db799,58b993bc-0e84-4dad-885f-5ff25ab85520,Battery Grade Lithium Hydroxide 99.76%,High-quality battery grade lithium hydroxide for EV battery applications. Meets strict automotive specifications.,Lithium Hydroxide,Battery Grade,99.76,,56.78,,D50: 60μm,1 g/cm³,0.02,MT,26,35,4246,"[""REACH"",""ISO 9001:2015"",""RoHS"",""ISO 14001:2015""]",false,true,"{""Na"":""≤0.001%"",""Mg"":""≤0.0001%"",""Ca"":""≤0.002%"",""Fe"":""≤0.0002%""}","{""base_price"":14899,""currency"":""USD"",""unit"":""MT"",""incoterms"":""EXW""}",active,2024-02-12T05:38:30.424Z,2025-12-16T05:38:30.424Z
b9c679ad-c7a8-4aa7-90f1-917f9a1fdeda,58b993bc-0e84-4dad-885f-5ff25ab85520,Battery Grade Lithium Hydroxide 99.77%,High-quality battery grade lithium hydroxide for EV battery applications. Meets strict automotive specifications.,Lithium Hydroxide,Battery Grade,99.77,,56.73,,D50: 49μm,1.36 g/cm³,0.1,MT,46,55,3911,"[""REACH"",""RoHS"",""ISO 14001:2015""]",false,true,"{""Na"":""≤0.0009%"",""Mg"":""≤0.0008%"",""Ca"":""≤0.0004%"",""Fe"":""≤0.0003%""}","{""base_price"":16549,""currency"":""USD"",""unit"":""MT"",""incoterms"":""CIF""}",active,2024-08-06T05:38:30.424Z,2025-12-09T05:38:30.424Z
bc3ca981-7b7a-452d-ac10-6440814eb479,58b993bc-0e84-4dad-885f-5ff25ab85520,Pharmaceutical Grade Lithium Chloride 99.5%,High-quality pharmaceutical grade lithium chloride for industrial applications. Reliable quality for manufacturing.,Lithium Chloride,Pharmaceutical Grade,99.47,,,,,0.97 g/cm³,0.09,MT,296,62,8983,"[""IATF 16949:2016"",""REACH"",""RoHS"",""ISO 9001:2015""]",false,true,"{""Na"":""≤0.0005%"",""Mg"":""≤0.001%"",""Ca"":""≤0.0006%"",""Fe"":""≤0.0002%""}","{""base_price"":6079,""currency"":""USD"",""unit"":""MT"",""incoterms"":""EXW""}",active,2024-04-25T05:38:30.424Z,2025-12-20T05:38:30.424Z
ee94b480-490b-4842-a734-4ff9a1a22991,58b993bc-0e84-4dad-885f-5ff25ab85520,Technical Grade Recycled Lithium 98.1%,High-quality technical grade recycled lithium for industrial applications. Reliable quality for manufacturing.,Recycled Lithium,Technical Grade,98.06,,,,,1 g/cm³,0.07,MT,468,51,5395,"[""RoHS"",""REACH"",""ISO 9001:2015"",""ISO 14001:2015""]",false,true,"{""Na"":""≤0.0009%"",""Mg"":""≤0.0002%"",""Ca"":""≤0.0012%"",""Fe"":""≤0.0004%""}","{""base_price"":6166,""currency"":""USD"",""unit"":""MT"",""incoterms"":""EXW""}",active,2025-11-02T05:38:30.424Z,2026-01-01T05:38:30.424Z
740d16fd-2729-4994-bc79-83b050ecff5c,58b993bc-0e84-4dad-885f-5ff25ab85520,Industrial Grade Lithium Carbonate 99.4%,High-quality industrial grade lithium carbonate for industrial applications. Reliable quality for manufacturing.,Lithium Carbonate,Industrial Grade,99.4,99.4,,,,0.87 g/cm³,0.14,MT,423,31,4154,"[""REACH"",""ISO 14001:2015""]",false,true,"{""Na"":""≤0.0004%"",""Mg"":""≤0.0001%"",""Ca"":""≤0.0002%"",""Fe"":""≤0.0003%""}","{""base_price"":6868,""currency"":""USD"",""unit"":""MT"",""incoterms"":""EXW""}",out_of_stock,2025-10-29T05:38:30.424Z,2025-12-16T05:38:30.424Z
6c7cc702-94c1-4728-9496-cf0dc528622c,ebdf84c6-923d-4f92-8177-d2dfd2dd9fa6,Battery Grade Recycled Lithium 99.4%,High-quality battery grade recycled lithium for EV battery applications. Meets strict automotive specifications.,Recycled Lithium,Battery Grade,99.37,,,,D50: 34μm,1.26 g/cm³,0.09,MT,45,77,3748,"[""ISO 9001:2015"",""ISO 14001:2015"",""RoHS"",""IATF 16949:2016""]",false,true,"{""Na"":""≤0.0001%"",""Mg"":""≤0.0002%"",""Ca"":""≤0.0017%"",""Fe"":""≤0.0003%""}","{""base_price"":946,""currency"":""USD"",""unit"":""MT"",""incoterms"":""CIF""}",active,2024-05-19T05:38:30.424Z,2025-12-09T05:38:30.424Z
e937720b-2123-48d8-beff-4d010197f630,ebdf84c6-923d-4f92-8177-d2dfd2dd9fa6,Battery Grade Lithium Spodumene,High-quality battery grade lithium spodumene for EV battery applications. Meets strict automotive specifications.,Lithium Spodumene,Battery Grade,,,,6.77,D50: 22μm,1.06 g/cm³,0.06,MT,40,56,9502,"[""ISO 9001:2015"",""ISO 14001:2015"",""RoHS""]",false,true,"{""Na"":""≤0.0009%"",""Mg"":""≤0.0006%"",""Ca"":""≤0.0015%"",""Fe"":""≤0.0002%""}","{""base_price"":822,""currency"":""USD"",""unit"":""MT"",""incoterms"":""EXW""}",active,2025-09-11T05:38:30.424Z,2025-12-23T05:38:30.424Z
a94c9d12-d2ea-44a8-8947-f257f246adcd,ebdf84c6-923d-4f92-8177-d2dfd2dd9fa6,Technical Grade Other 98.8%,High-quality technical grade other for industrial applications. Reliable quality for manufacturing.,Other,Technical Grade,98.79,,,,,1.28 g/cm³,0.14,MT,424,76,9022,"[""REACH"",""RoHS"",""ISO 14001:2015""]",false,true,"{""Na"":""≤0.0007%"",""Mg"":""≤0.0001%"",""Ca"":""≤0.0006%"",""Fe"":""≤0.0004%""}","{""base_price"":7156,""currency"":""USD"",""unit"":""MT"",""incoterms"":""EXW""}",active,2025-09-08T05:38:30.424Z,2025-12-18T05:38:30.424Z
c68effde-e301-4fca-9a0e-eb92d828293a,ebdf84c6-923d-4f92-8177-d2dfd2dd9fa6,Industrial Grade Lithium Chloride 98.1%,High-quality industrial grade lithium chloride for industrial applications. Reliable quality for manufacturing.,Lithium Chloride,Industrial Grade,98.07,,,,,0.92 g/cm³,0.09,MT,336,66,3600,"[""REACH"",""RoHS"",""ISO 9001:2015""]",false,true,"{""Na"":""≤0.0005%"",""Mg"":""≤0.0004%"",""Ca"":""≤0.0017%"",""Fe"":""≤0.0002%""}","{""base_price"":9713,""currency"":""USD"",""unit"":""MT"",""incoterms"":""CIF""}",active,2025-05-09T05:38:30.424Z,2025-12-08T05:38:30.424Z
390adfae-d13b-4a37-8946-7b79d8527946,ebdf84c6-923d-4f92-8177-d2dfd2dd9fa6,Industrial Grade Recycled Lithium 98.0%,High-quality industrial grade recycled lithium for industrial applications. Reliable quality for manufacturing.,Recycled Lithium,Industrial Grade,98.04,,,,,0.99 g/cm³,0.1,MT,459,80,8657,"[""IATF 16949:2016"",""ISO 9001:2015"",""ISO 14001:2015""]",false,true,"{""Na"":""≤0.0005%"",""Mg"":""≤0.0009%"",""Ca"":""≤0.0009%"",""Fe"":""≤0.0004%""}","{""base_price"":6170,""currency"":""USD"",""unit"":""MT"",""incoterms"":""EXW""}",active,2024-05-10T05:38:30.424Z,2025-12-10T05:38:30.424Z
f5038503-1cfe-4bcb-b411-16f881f52b90,ebdf84c6-923d-4f92-8177-d2dfd2dd9fa6,Pharmaceutical Grade Lithium Hydroxide 99.74%,High-quality pharmaceutical grade lithium hydroxide for industrial applications. Reliable quality for manufacturing.,Lithium Hydroxide,Pharmaceutical Grade,99.74,,56.45,,,1.38 g/cm³,0.03,MT,315,57,8275,"[""ISO 9001:2015"",""RoHS""]",false,true,"{""Na"":""≤0.0005%"",""Mg"":""≤0.0009%"",""Ca"":""≤0.0016%"",""Fe"":""≤0.0004%""}","{""base_price"":8453,""currency"":""USD"",""unit"":""MT"",""incoterms"":""CIF""}",active,2024-03-03T05:38:30.424Z,2025-12-20T05:38:30.424Z
cf637566-456f-4d40-8a97-c098580837e8,ebdf84c6-923d-4f92-8177-d2dfd2dd9fa6,Technical Grade Lithium Carbonate 99.56%,High-quality technical grade lithium carbonate for industrial applications. Reliable quality for manufacturing.,Lithium Carbonate,Technical Grade,99.56,99.56,,,,1.16 g/cm³,0.05,MT,216,84,5771,"[""ISO 9001:2015"",""ISO 14001:2015""]",false,true,"{""Na"":""≤0.0003%"",""Mg"":""≤0.0006%"",""Ca"":""≤0.0013%"",""Fe"":""≤0.0005%""}","{""base_price"":6594,""currency"":""USD"",""unit"":""MT"",""incoterms"":""EXW""}",active,2025-05-21T05:38:30.424Z,2025-12-12T05:38:30.424Z
bb2a8779-81b6-4b45-a548-b3cb4c4a5486,af118ca3-20ec-42de-b6d2-05ac60311982,Battery Grade Lithium Chloride 99.2%,High-quality battery grade lithium chloride for EV battery applications. Meets strict automotive specifications.,Lithium Chloride,Battery Grade,99.23,,,,D50: 24μm,1.26 g/cm³,0.11,MT,49,59,1370,"[""IATF 16949:2016"",""RoHS"",""ISO 14001:2015"",""REACH""]",false,true,"{""Na"":""≤0.0005%"",""Mg"":""≤0.0003%"",""Ca"":""≤0.0018%"",""Fe"":""≤0.0001%""}","{""base_price"":1114,""currency"":""USD"",""unit"":""MT"",""incoterms"":""EXW""}",active,2024-11-06T05:38:30.424Z,2025-12-31T05:38:30.424Z
2c5a13c3-b1ca-49a7-9fe7-62f88ecfb7f2,af118ca3-20ec-42de-b6d2-05ac60311982,Pharmaceutical Grade Lithium Spodumene,High-quality pharmaceutical grade lithium spodumene for industrial applications. Reliable quality for manufacturing.,Lithium Spodumene,Pharmaceutical Grade,,,,6.42,,1.07 g/cm³,0.04,MT,346,56,5994,"[""REACH"",""IATF 16949:2016"",""ISO 14001:2015""]",false,true,"{""Na"":""≤0.0004%"",""Mg"":""≤0.0008%"",""Ca"":""≤0.0014%"",""Fe"":""≤0.0003%""}","{""base_price"":9142,""currency"":""USD"",""unit"":""MT"",""incoterms"":""CIF""}",active,2025-06-08T05:38:30.424Z,2025-12-23T05:38:30.424Z
e8a2adc0-75c9-41c3-af43-cfe795ad3a55,af118ca3-20ec-42de-b6d2-05ac60311982,Industrial Grade Lithium Spodumene,High-quality industrial grade lithium spodumene for industrial applications. Reliable quality for manufacturing.,Lithium Spodumene,Industrial Grade,,,,6.75,,1.32 g/cm³,0.12,MT,464,81,7192,"[""RoHS"",""REACH"",""IATF 16949:2016"",""ISO 14001:2015""]",false,true,"{""Na"":""≤0.001%"",""Mg"":""≤0.0008%"",""Ca"":""≤0.001%"",""Fe"":""≤0.0005%""}","{""base_price"":9437,""currency"":""USD"",""unit"":""MT"",""incoterms"":""EXW""}",active,2024-04-12T05:38:30.424Z,2025-12-18T05:38:30.424Z
ff077fbf-501c-43b5-80f6-a0403663e73c,af118ca3-20ec-42de-b6d2-05ac60311982,Industrial Grade Lithium Spodumene,High-quality industrial grade lithium spodumene for industrial applications. Reliable quality for manufacturing.,Lithium Spodumene,Industrial Grade,,,,6.95,,1.07 g/cm³,0.04,MT,77,59,1674,"[""IATF 16949:2016"",""RoHS"",""REACH"",""ISO 14001:2015""]",false,true,"{""Na"":""≤0.0002%"",""Mg"":""≤0.0007%"",""Ca"":""≤0.002%"",""Fe"":""≤0.0001%""}","{""base_price"":5175,""currency"":""USD"",""unit"":""MT"",""incoterms"":""FOB""}",active,2025-11-15T05:38:30.424Z,2025-12-09T05:38:30.425Z
a4796320-666e-4d59-89f1-25c10cd9c4c8,af118ca3-20ec-42de-b6d2-05ac60311982,Technical Grade Lithium Spodumene,High-quality technical grade lithium spodumene for industrial applications. Reliable quality for manufacturing.,Lithium Spodumene,Technical Grade,,,,6.59,,1.05 g/cm³,0.07,MT,94,33,6090,"[""RoHS"",""REACH"",""ISO 14001:2015"",""ISO 9001:2015""]",false,true,"{""Na"":""≤0.0007%"",""Mg"":""≤0.0009%"",""Ca"":""≤0.0017%"",""Fe"":""≤0.0002%""}","{""base_price"":7140,""currency"":""USD"",""unit"":""MT"",""incoterms"":""FOB""}",active,2024-05-14T05:38:30.425Z,2025-12-05T05:38:30.425Z
7be4ab57-f2f0-4073-aefe-b8b04259983c,af118ca3-20ec-42de-b6d2-05ac60311982,Battery Grade Lithium Chloride 98.4%,High-quality battery grade lithium chloride for EV battery applications. Meets strict automotive specifications.,Lithium Chloride,Battery Grade,98.41,,,,D50: 29μm,0.95 g/cm³,0.13,MT,17,55,8916,"[""RoHS"",""ISO 9001:2015"",""ISO 14001:2015"",""IATF 16949:2016""]",false,true,"{""Na"":""≤0.0009%"",""Mg"":""≤0.0005%"",""Ca"":""≤0.001%"",""Fe"":""≤0.0003%""}","{""base_price"":1028,""currency"":""USD"",""unit"":""MT"",""incoterms"":""EXW""}",active,2025-11-15T05:38:30.425Z,2025-12-22T05:38:30.425Z
f85059e7-e883-4955-afd4-0c3048439902,af118ca3-20ec-42de-b6d2-05ac60311982,Technical Grade Other 98.9%,High-quality technical grade other for industrial applications. Reliable quality for manufacturing.,Other,Technical Grade,98.94,,,,,1.1 g/cm³,0.15,MT,188,33,9995,"[""ISO 9001:2015"",""IATF 16949:2016"",""REACH""]",false,true,"{""Na"":""≤0.0008%"",""Mg"":""≤0.0003%"",""Ca"":""≤0.0017%"",""Fe"":""≤0.0002%""}","{""base_price"":9233,""currency"":""USD"",""unit"":""MT"",""incoterms"":""FOB""}",active,2024-04-19T05:38:30.425Z,2025-12-27T05:38:30.425Z
922cc0fa-4e73-44d7-a0ea-7948faa735f7,af118ca3-20ec-42de-b6d2-05ac60311982,Pharmaceutical Grade Lithium Carbonate 99.54%,High-quality pharmaceutical grade lithium carbonate for industrial applications. Reliable quality for manufacturing.,Lithium Carbonate,Pharmaceutical Grade,99.54,99.54,,,,1.04 g/cm³,0.14,MT,122,36,4823,"[""ISO 9001:2015"",""ISO 14001:2015""]",false,true,"{""Na"":""≤0.0002%"",""Mg"":""≤0.0003%"",""Ca"":""≤0.0002%"",""Fe"":""≤0.0001%""}","{""base_price"":7487,""currency"":""USD"",""unit"":""MT"",""incoterms"":""CIF""}",active,2025-01-03T05:38:30.425Z,2025-12-10T05:38:30.425Z
276c9a87-f31f-406a-98b9-6cc293d5a1f1,af118ca3-20ec-42de-b6d2-05ac60311982,Battery Grade Other 98.3%,High-quality battery grade other for EV battery applications. Meets strict automotive specifications.,Other,Battery Grade,98.26,,,,D50: 58μm,0.94 g/cm³,0.09,MT,42,63,2565,"[""IATF 16949:2016"",""RoHS"",""ISO 14001:2015""]",false,true,"{""Na"":""≤0.0005%"",""Mg"":""≤0.0007%"",""Ca"":""≤0.0013%"",""Fe"":""≤0.0004%""}","{""base_price"":946,""currency"":""USD"",""unit"":""MT"",""incoterms"":""CIF""}",active,2025-01-18T05:38:30.425Z,2025-12-22T05:38:30.425Z
bf0d180a-d53b-4a83-9e75-789d867f731f,af118ca3-20ec-42de-b6d2-05ac60311982,Battery Grade Lithium Carbonate 99.88%,High-quality battery grade lithium carbonate for EV battery applications. Meets strict automotive specifications.,Lithium Carbonate,Battery Grade,99.88,99.88,,,D50: 23μm,1.07 g/cm³,0.05,MT,17,39,9830,"[""REACH"",""ISO 9001:2015""]",false,true,"{""Na"":""≤0.0006%"",""Mg"":""≤0.0004%"",""Ca"":""≤0.0003%"",""Fe"":""≤0.0004%""}","{""base_price"":12074,""currency"":""USD"",""unit"":""MT"",""incoterms"":""EXW""}",active,2024-11-26T05:38:30.425Z,2025-12-13T05:38:30.425Z
6184f115-338d-42f3-812f-825d3b4fcc8f,af118ca3-20ec-42de-b6d2-05ac60311982,Industrial Grade Other 98.1%,High-quality industrial grade other for industrial applications. Reliable quality for manufacturing.,Other,Industrial Grade,98.1,,,,,1.02 g/cm³,0.03,MT,165,38,8936,"[""REACH"",""ISO 14001:2015""]",false,true,"{""Na"":""≤0.001%"",""Mg"":""≤0.0006%"",""Ca"":""≤0.002%"",""Fe"":""≤0.0003%""}","{""base_price"":9634,""currency"":""USD"",""unit"":""MT"",""incoterms"":""EXW""}",active,2024-04-24T05:38:30.425Z,2025-12-18T05:38:30.425Z
6d416b70-0a38-41c5-a6e2-744cdb46ec38,2937e4da-c227-4989-8313-267a692ccb74,Pharmaceutical Grade Lithium Carbonate 99.4%,High-quality pharmaceutical grade lithium carbonate for industrial applications. Reliable quality for manufacturing.,Lithium Carbonate,Pharmaceutical Grade,99.38,99.38,,,,1.37 g/cm³,0.15,MT,406,38,5639,[],false,true,"{""Na"":""≤0.0009%"",""Mg"":""≤0.001%"",""Ca"":""≤0.0014%"",""Fe"":""≤0.0005%""}","{""base_price"":5473,""currency"":""USD"",""unit"":""MT"",""incoterms"":""EXW""}",active,2025-06-09T05:38:30.425Z,2025-12-29T05:38:30.425Z
3a4b118b-d9be-451c-a0e9-b9344b13da5c,2937e4da-c227-4989-8313-267a692ccb74,Industrial Grade Lithium Carbonate 99.74%,High-quality industrial grade lithium carbonate for industrial applications. Reliable quality for manufacturing.,Lithium Carbonate,Industrial Grade,99.74,99.74,,,,1.39 g/cm³,0.09,MT,273,48,496,[],false,true,"{""Na"":""≤0.0005%"",""Mg"":""≤0.0009%"",""Ca"":""≤0.0003%"",""Fe"":""≤0.0004%""}","{""base_price"":6049,""currency"":""USD"",""unit"":""MT"",""incoterms"":""EXW""}",active,2024-01-13T05:38:30.425Z,2025-12-14T05:38:30.425Z
5c71c612-5b51-4ed9-a53a-95cf9714122d,2937e4da-c227-4989-8313-267a692ccb74,Battery Grade Lithium Hydroxide 99.80%,High-quality battery grade lithium hydroxide for EV battery applications. Meets strict automotive specifications.,Lithium Hydroxide,Battery Grade,99.8,,56.85,,D50: 55μm,0.84 g/cm³,0.06,MT,46,58,2600,[],false,true,"{""Na"":""≤0.0006%"",""Mg"":""≤0.0009%"",""Ca"":""≤0.0017%"",""Fe"":""≤0.0003%""}","{""base_price"":14938,""currency"":""USD"",""unit"":""MT"",""incoterms"":""FOB""}",active,2025-07-01T05:38:30.425Z,2025-12-14T05:38:30.425Z
855a9bc1-4e55-4756-abb0-45334f6f1096,2937e4da-c227-4989-8313-267a692ccb74,Battery Grade Lithium Chloride 99.0%,High-quality battery grade lithium chloride for EV battery applications. Meets strict automotive specifications.,Lithium Chloride,Battery Grade,98.95,,,,D50: 45μm,0.81 g/cm³,0.07,MT,12,49,4442,[],false,true,"{""Na"":""≤0.0006%"",""Mg"":""≤0.0001%"",""Ca"":""≤0.0004%"",""Fe"":""≤0.0002%""}","{""base_price"":823,""currency"":""USD"",""unit"":""MT"",""incoterms"":""FOB""}",active,2024-08-15T05:38:30.425Z,2025-12-23T05:38:30.425Z
ba7d29d9-34bc-4f11-bbf7-a82f3ea168e6,2937e4da-c227-4989-8313-267a692ccb74,Technical Grade Lithium Hydroxide 99.52%,High-quality technical grade lithium hydroxide for industrial applications. Reliable quality for manufacturing.,Lithium Hydroxide,Technical Grade,99.52,,56.87,,,1.19 g/cm³,0.05,MT,54,56,7993,[],false,true,"{""Na"":""≤0.0001%"",""Mg"":""≤0.0003%"",""Ca"":""≤0.0011%"",""Fe"":""≤0.0005%""}","{""base_price"":8685,""currency"":""USD"",""unit"":""MT"",""incoterms"":""CIF""}",active,2025-07-10T05:38:30.425Z,2025-12-03T05:38:30.425Z
29614b08-1689-4675-9cd2-f64bdbcc304f,2937e4da-c227-4989-8313-267a692ccb74,Pharmaceutical Grade Lithium Carbonate 99.73%,High-quality pharmaceutical grade lithium carbonate for industrial applications. Reliable quality for manufacturing.,Lithium Carbonate,Pharmaceutical Grade,99.73,99.73,,,,0.89 g/cm³,0.14,MT,406,74,344,[],false,true,"{""Na"":""≤0.0009%"",""Mg"":""≤0.0005%"",""Ca"":""≤0.0019%"",""Fe"":""≤0.0003%""}","{""base_price"":5915,""currency"":""USD"",""unit"":""MT"",""incoterms"":""FOB""}",active,2024-01-04T05:38:30.425Z,2025-12-09T05:38:30.425Z
8905aade-cb30-4e44-99d2-0126f4830d1b,2937e4da-c227-4989-8313-267a692ccb74,Pharmaceutical Grade Other 99.2%,High-quality pharmaceutical grade other for industrial applications. Reliable quality for manufacturing.,Other,Pharmaceutical Grade,99.23,,,,,1.05 g/cm³,0.11,MT,453,42,5618,[],false,true,"{""Na"":""≤0.0007%"",""Mg"":""≤0.0002%"",""Ca"":""≤0.0013%"",""Fe"":""≤0.0001%""}","{""base_price"":8991,""currency"":""USD"",""unit"":""MT"",""incoterms"":""FOB""}",active,2024-07-15T05:38:30.425Z,2025-12-31T05:38:30.425Z
be4b676c-c1fa-4c30-aaf0-0dd3848d7461,2937e4da-c227-4989-8313-267a692ccb74,Technical Grade Other 98.7%,High-quality technical grade other for industrial applications. Reliable quality for manufacturing.,Other,Technical Grade,98.68,,,,,1.35 g/cm³,0.13,MT,427,86,4802,[],false,true,"{""Na"":""≤0.0005%"",""Mg"":""≤0.001%"",""Ca"":""≤0.001%"",""Fe"":""≤0.0004%""}","{""base_price"":6409,""currency"":""USD"",""unit"":""MT"",""incoterms"":""CIF""}",active,2024-05-08T05:38:30.425Z,2025-12-12T05:38:30.425Z
2c1222ed-096f-4fbf-b61e-c0922638079e,2937e4da-c227-4989-8313-267a692ccb74,Industrial Grade Lithium Chloride 98.2%,High-quality industrial grade lithium chloride for industrial applications. Reliable quality for manufacturing.,Lithium Chloride,Industrial Grade,98.24,,,,,1 g/cm³,0.14,MT,174,85,8836,[],false,true,"{""Na"":""≤0.0009%"",""Mg"":""≤0.0004%"",""Ca"":""≤0.0016%"",""Fe"":""≤0.0003%""}","{""base_price"":7954,""currency"":""USD"",""unit"":""MT"",""incoterms"":""CIF""}",active,2024-02-13T05:38:30.425Z,2025-12-11T05:38:30.425Z
06753b73-8878-4404-b05d-fdd6fbdce7e8,2937e4da-c227-4989-8313-267a692ccb74,Battery Grade Other 98.5%,High-quality battery grade other for EV battery applications. Meets strict automotive specifications.,Other,Battery Grade,98.45,,,,D50: 16μm,1.3 g/cm³,0.06,MT,38,77,4990,[],false,true,"{""Na"":""≤0.0008%"",""Mg"":""≤0.001%"",""Ca"":""≤0.0011%"",""Fe"":""≤0.0005%""}","{""base_price"":1085,""currency"":""USD"",""unit"":""MT"",""incoterms"":""CIF""}",active,2024-06-10T05:38:30.425Z,2025-12-15T05:38:30.425Z
a86a9f4a-1eff-4397-9961-d4665eb23ed8,2937e4da-c227-4989-8313-267a692ccb74,Industrial Grade Other 98.3%,High-quality industrial grade other for industrial applications. Reliable quality for manufacturing.,Other,Industrial Grade,98.33,,,,,0.85 g/cm³,0.14,MT,391,84,9726,[],false,true,"{""Na"":""≤0.001%"",""Mg"":""≤0.0001%"",""Ca"":""≤0.0016%"",""Fe"":""≤0.0002%""}","{""base_price"":7107,""currency"":""USD"",""unit"":""MT"",""incoterms"":""FOB""}",active,2025-05-05T05:38:30.425Z,2025-12-20T05:38:30.425Z
a69fe942-674a-4a58-8bf3-e0437797562c,ede7df30-7bd2-4b90-8cff-36f93936be94,Pharmaceutical Grade Recycled Lithium 99.2%,High-quality pharmaceutical grade recycled lithium for industrial applications. Reliable quality for manufacturing.,Recycled Lithium,Pharmaceutical Grade,99.15,,,,,0.84 g/cm³,0.1,MT,371,90,3970,[],false,true,"{""Na"":""≤0.0008%"",""Mg"":""≤0.0007%"",""Ca"":""≤0.0012%"",""Fe"":""≤0.0002%""}","{""base_price"":6777,""currency"":""USD"",""unit"":""MT"",""incoterms"":""EXW""}",active,2024-09-20T05:38:30.425Z,2025-12-24T05:38:30.425Z
ce0e1e9d-6939-4471-8b1d-ad27f36c920f,ede7df30-7bd2-4b90-8cff-36f93936be94,Industrial Grade Other 99.3%,High-quality industrial grade other for industrial applications. Reliable quality for manufacturing.,Other,Industrial Grade,99.29,,,,,1.24 g/cm³,0.07,MT,330,88,6402,[],false,true,"{""Na"":""≤0.0007%"",""Mg"":""≤0.0001%"",""Ca"":""≤0.0003%"",""Fe"":""≤0.0001%""}","{""base_price"":7326,""currency"":""USD"",""unit"":""MT"",""incoterms"":""FOB""}",active,2024-12-02T05:38:30.425Z,2025-12-17T05:38:30.425Z
813ffb6b-7eb0-4023-9cee-e93dfcf3f3fc,ede7df30-7bd2-4b90-8cff-36f93936be94,Pharmaceutical Grade Lithium Hydroxide 99.78%,High-quality pharmaceutical grade lithium hydroxide for industrial applications. Reliable quality for manufacturing.,Lithium Hydroxide,Pharmaceutical Grade,99.78,,56.46,,,0.92 g/cm³,0.01,MT,450,77,9617,[],false,true,"{""Na"":""≤0.0008%"",""Mg"":""≤0.0002%"",""Ca"":""≤0.0018%"",""Fe"":""≤0.0002%""}","{""base_price"":9011,""currency"":""USD"",""unit"":""MT"",""incoterms"":""CIF""}",active,2024-06-17T05:38:30.425Z,2025-12-20T05:38:30.425Z
998b7231-b9b0-4dc9-82a5-96c70335d14b,ede7df30-7bd2-4b90-8cff-36f93936be94,Technical Grade Lithium Chloride 98.0%,High-quality technical grade lithium chloride for industrial applications. Reliable quality for manufacturing.,Lithium Chloride,Technical Grade,98.03,,,,,1.27 g/cm³,0.07,MT,356,34,3270,[],false,true,"{""Na"":""≤0.0005%"",""Mg"":""≤0.0001%"",""Ca"":""≤0.0018%"",""Fe"":""≤0.0004%""}","{""base_price"":6005,""currency"":""USD"",""unit"":""MT"",""incoterms"":""EXW""}",active,2024-06-16T05:38:30.425Z,2025-12-13T05:38:30.425Z
bc4f85ce-ead1-4b07-b8b3-f987b0453c32,ede7df30-7bd2-4b90-8cff-36f93936be94,Technical Grade Lithium Chloride 99.5%,High-quality technical grade lithium chloride for industrial applications. Reliable quality for manufacturing.,Lithium Chloride,Technical Grade,99.47,,,,,1.29 g/cm³,0.08,MT,180,30,5612,[],false,true,"{""Na"":""≤0.0003%"",""Mg"":""≤0.0001%"",""Ca"":""≤0.0005%"",""Fe"":""≤0.0005%""}","{""base_price"":6505,""currency"":""USD"",""unit"":""MT"",""incoterms"":""CIF""}",active,2024-07-16T05:38:30.425Z,2025-12-15T05:38:30.425Z
67bec00e-086b-40cc-af59-5ffb502fabdd,ede7df30-7bd2-4b90-8cff-36f93936be94,Battery Grade Lithium Chloride 99.5%,High-quality battery grade lithium chloride for EV battery applications. Meets strict automotive specifications.,Lithium Chloride,Battery Grade,99.49,,,,D50: 16μm,1.27 g/cm³,0.01,MT,18,88,1212,[],false,true,"{""Na"":""≤0.0007%"",""Mg"":""≤0.0005%"",""Ca"":""≤0.0006%"",""Fe"":""≤0.0004%""}","{""base_price"":864,""currency"":""USD"",""unit"":""MT"",""incoterms"":""CIF""}",active,2024-10-27T05:38:30.425Z,2025-12-28T05:38:30.425Z
52d7c2aa-45d6-4738-9ec7-2e0719e64b6e,ede7df30-7bd2-4b90-8cff-36f93936be94,Technical Grade Lithium Chloride 99.2%,High-quality technical grade lithium chloride for industrial applications. Reliable quality for manufacturing.,Lithium Chloride,Technical Grade,99.23,,,,,1.12 g/cm³,0.12,MT,145,30,3076,[],false,true,"{""Na"":""≤0.0006%"",""Mg"":""≤0.0005%"",""Ca"":""≤0.0007%"",""Fe"":""≤0.0003%""}","{""base_price"":9962,""currency"":""USD"",""unit"":""MT"",""incoterms"":""FOB""}",active,2025-04-04T05:38:30.425Z,2025-12-31T05:38:30.425Z
d78d5f78-e575-4905-becf-618f2af7e201,ede7df30-7bd2-4b90-8cff-36f93936be94,Battery Grade Other 98.5%,High-quality battery grade other for EV battery applications. Meets strict automotive specifications.,Other,Battery Grade,98.46,,,,D50: 11μm,1.09 g/cm³,0.12,MT,50,31,5520,[],false,true,"{""Na"":""≤0.0008%"",""Mg"":""≤0.0009%"",""Ca"":""≤0.0005%"",""Fe"":""≤0.0002%""}","{""base_price"":1190,""currency"":""USD"",""unit"":""MT"",""incoterms"":""EXW""}",active,2024-07-27T05:38:30.425Z,2025-12-24T05:38:30.425Z
c82e53b6-2e66-41c7-99eb-1e5f7c024503,ede7df30-7bd2-4b90-8cff-36f93936be94,Pharmaceutical Grade Recycled Lithium 98.5%,High-quality pharmaceutical grade recycled lithium for industrial applications. Reliable quality for manufacturing.,Recycled Lithium,Pharmaceutical Grade,98.51,,,,,0.98 g/cm³,0.03,MT,266,66,4651,[],false,true,"{""Na"":""≤0.0008%"",""Mg"":""≤0.0002%"",""Ca"":""≤0.0005%"",""Fe"":""≤0.0001%""}","{""base_price"":9791,""currency"":""USD"",""unit"":""MT"",""incoterms"":""CIF""}",active,2024-11-03T05:38:30.425Z,2025-12-14T05:38:30.425Z
a22515fd-5dd3-4c38-832e-e5fcac444c50,ede7df30-7bd2-4b90-8cff-36f93936be94,Battery Grade Lithium Chloride 98.7%,High-quality battery grade lithium chloride for EV battery applications. Meets strict automotive specifications.,Lithium Chloride,Battery Grade,98.65,,,,D50: 38μm,0.83 g/cm³,0.03,MT,21,48,7916,[],false,true,"{""Na"":""≤0.0006%"",""Mg"":""≤0.0006%"",""Ca"":""≤0.0013%"",""Fe"":""≤0.0002%""}","{""base_price"":802,""currency"":""USD"",""unit"":""MT"",""incoterms"":""FOB""}",active,2025-04-09T05:38:30.425Z,2025-12-04T05:38:30.425Z
936bba56-f698-4d75-8072-b9587945a868,ede7df30-7bd2-4b90-8cff-36f93936be94,Technical Grade Lithium Spodumene,High-quality technical grade lithium spodumene for industrial applications. Reliable quality for manufacturing.,Lithium Spodumene,Technical Grade,,,,6.66,,1.32 g/cm³,0.14,MT,475,63,9892,[],false,true,"{""Na"":""≤0.0005%"",""Mg"":""≤0.0008%"",""Ca"":""≤0.0014%"",""Fe"":""≤0.0004%""}","{""base_price"":6595,""currency"":""USD"",""unit"":""MT"",""incoterms"":""EXW""}",active,2024-10-01T05:38:30.425Z,2025-12-11T05:38:30.425Z
1c3d8e23-7295-4fd5-992a-544f44cb0092,67517fe0-7dcb-4ec1-9d30-cd456cb8c0af,Battery Grade Lithium Chloride 99.3%,High-quality battery grade lithium chloride for EV battery applications. Meets strict automotive specifications.,Lithium Chloride,Battery Grade,99.31,,,,D50: 16μm,1.15 g/cm³,0.01,MT,22,69,5319,[],false,true,"{""Na"":""≤0.0001%"",""Mg"":""≤0.0003%"",""Ca"":""≤0.0006%"",""Fe"":""≤0.0002%""}","{""base_price"":878,""currency"":""USD"",""unit"":""MT"",""incoterms"":""EXW""}",active,2024-11-24T05:38:30.425Z,2025-12-13T05:38:30.425Z
bdd93d99-6fb3-4bc0-977b-1f1a612e8d7b,67517fe0-7dcb-4ec1-9d30-cd456cb8c0af,Industrial Grade Other 98.9%,High-quality industrial grade other for industrial applications. Reliable quality for manufacturing.,Other,Industrial Grade,98.89,,,,,0.96 g/cm³,0.12,MT,108,34,3088,[],false,true,"{""Na"":""≤0.001%"",""Mg"":""≤0.0003%"",""Ca"":""≤0.0013%"",""Fe"":""≤0.0004%""}","{""base_price"":8946,""currency"":""USD"",""unit"":""MT"",""incoterms"":""CIF""}",active,2024-11-07T05:38:30.425Z,2025-12-24T05:38:30.425Z
57b2b5ea-f57a-4c4c-a0f0-dd890e1eeb0d,67517fe0-7dcb-4ec1-9d30-cd456cb8c0af,Industrial Grade Lithium Chloride 99.5%,High-quality industrial grade lithium chloride for industrial applications. Reliable quality for manufacturing.,Lithium Chloride,Industrial Grade,99.48,,,,,1.05 g/cm³,0.14,MT,322,71,5152,[],false,true,"{""Na"":""≤0.0003%"",""Mg"":""≤0.0005%"",""Ca"":""≤0.0013%"",""Fe"":""≤0.0005%""}","{""base_price"":6816,""currency"":""USD"",""unit"":""MT"",""incoterms"":""FOB""}",active,2024-01-18T05:38:30.425Z,2025-12-19T05:38:30.425Z
77328158-6742-436d-b813-0c5d44c8bdbd,67517fe0-7dcb-4ec1-9d30-cd456cb8c0af,Technical Grade Other 99.5%,High-quality technical grade other for industrial applications. Reliable quality for manufacturing.,Other,Technical Grade,99.49,,,,,1.37 g/cm³,0.03,MT,378,82,5622,[],false,true,"{""Na"":""≤0.0007%"",""Mg"":""≤0.0003%"",""Ca"":""≤0.0009%"",""Fe"":""≤0.0004%""}","{""base_price"":9378,""currency"":""USD"",""unit"":""MT"",""incoterms"":""FOB""}",active,2024-07-09T05:38:30.425Z,2025-12-23T05:38:30.425Z
b0cb8761-547d-45dc-8a6e-d437b4a3c60e,67517fe0-7dcb-4ec1-9d30-cd456cb8c0af,Pharmaceutical Grade Lithium Chloride 98.1%,High-quality pharmaceutical grade lithium chloride for industrial applications. Reliable quality for manufacturing.,Lithium Chloride,Pharmaceutical Grade,98.09,,,,,1.29 g/cm³,0.05,MT,407,67,5283,[],false,true,"{""Na"":""≤0.0008%"",""Mg"":""≤0.0003%"",""Ca"":""≤0.0005%"",""Fe"":""≤0.0005%""}","{""base_price"":5425,""currency"":""USD"",""unit"":""MT"",""incoterms"":""FOB""}",active,2024-04-06T05:38:30.425Z,2025-12-25T05:38:30.425Z
bec82ee9-7c00-4924-8bf2-8d8e5effd812,67517fe0-7dcb-4ec1-9d30-cd456cb8c0af,Battery Grade Lithium Carbonate 99.5%,High-quality battery grade lithium carbonate for EV battery applications. Meets strict automotive specifications.,Lithium Carbonate,Battery Grade,99.45,99.45,,,D50: 20μm,0.81 g/cm³,0.05,MT,25,66,5852,[],false,true,"{""Na"":""≤0.0008%"",""Mg"":""≤0.0008%"",""Ca"":""≤0.0004%"",""Fe"":""≤0.0005%""}","{""base_price"":14597,""currency"":""USD"",""unit"":""MT"",""incoterms"":""CIF""}",active,2025-02-14T05:38:30.425Z,2025-12-26T05:38:30.425Z
16b5cd1f-5d5a-4927-a066-12d8dba7fb1c,67517fe0-7dcb-4ec1-9d30-cd456cb8c0af,Industrial Grade Lithium Spodumene,High-quality industrial grade lithium spodumene for industrial applications. Reliable quality for manufacturing.,Lithium Spodumene,Industrial Grade,,,,5.62,,1.26 g/cm³,0.07,MT,276,37,7866,[],false,true,"{""Na"":""≤0.0006%"",""Mg"":""≤0.0008%"",""Ca"":""≤0.0016%"",""Fe"":""≤0.0001%""}","{""base_price"":6351,""currency"":""USD"",""unit"":""MT"",""incoterms"":""FOB""}",active,2024-10-27T05:38:30.425Z,2026-01-01T05:38:30.425Z
f971bbe1-c4c5-467a-961d-7039a9a2775c,67517fe0-7dcb-4ec1-9d30-cd456cb8c0af,Battery Grade Lithium Carbonate 99.80%,High-quality battery grade lithium carbonate for EV battery applications. Meets strict automotive specifications.,Lithium Carbonate,Battery Grade,99.8,99.8,,,D50: 49μm,1.12 g/cm³,0.04,MT,15,46,4084,[],false,true,"{""Na"":""≤0.0009%"",""Mg"":""≤0.0001%"",""Ca"":""≤0.0006%"",""Fe"":""≤0.0003%""}","{""base_price"":12385,""currency"":""USD"",""unit"":""MT"",""incoterms"":""FOB""}",active,2025-03-22T05:38:30.425Z,2025-12-31T05:38:30.425Z
ed8894e5-9b3a-4db8-a6b4-c82f31c5d538,67517fe0-7dcb-4ec1-9d30-cd456cb8c0af,Battery Grade Lithium Carbonate 99.4%,High-quality battery grade lithium carbonate for EV battery applications. Meets strict automotive specifications.,Lithium Carbonate,Battery Grade,99.39,99.39,,,D50: 17μm,1.26 g/cm³,0.02,MT,40,41,4751,[],false,true,"{""Na"":""≤0.0006%"",""Mg"":""≤0.0009%"",""Ca"":""≤0.0019%"",""Fe"":""≤0.0004%""}","{""base_price"":13702,""currency"":""USD"",""unit"":""MT"",""incoterms"":""FOB""}",active,2025-07-04T05:38:30.425Z,2025-12-17T05:38:30.425Z
65f79777-af01-4e6a-b975-7ce73d0723e6,67517fe0-7dcb-4ec1-9d30-cd456cb8c0af,Pharmaceutical Grade Lithium Chloride 99.3%,High-quality pharmaceutical grade lithium chloride for industrial applications. Reliable quality for manufacturing.,Lithium Chloride,Pharmaceutical Grade,99.35,,,,,1.08 g/cm³,0.1,MT,170,66,4556,[],false,true,"{""Na"":""≤0.0005%"",""Mg"":""≤0.0003%"",""Ca"":""≤0.0012%"",""Fe"":""≤0.0003%""}","{""base_price"":9327,""currency"":""USD"",""unit"":""MT"",""incoterms"":""EXW""}",active,2025-01-01T05:38:30.425Z,2025-12-22T05:38:30.425Z
47a683f2-2095-4d6e-9937-968e95bfb1b4,67517fe0-7dcb-4ec1-9d30-cd456cb8c0af,Battery Grade Lithium Hydroxide 99.69%,High-quality battery grade lithium hydroxide for EV battery applications. Meets strict automotive specifications.,Lithium Hydroxide,Battery Grade,99.69,,56.67,,D50: 48μm,1.32 g/cm³,0.02,MT,13,67,8296,[],false,true,"{""Na"":""≤0.0004%"",""Mg"":""≤0.0009%"",""Ca"":""≤0.0002%"",""Fe"":""≤0.0003%""}","{""base_price"":14997,""currency"":""USD"",""unit"":""MT"",""incoterms"":""FOB""}",active,2025-11-16T05:38:30.425Z,2025-12-18T05:38:30.425Z
21f369b0-598a-4b90-957b-746f162a815d,67517fe0-7dcb-4ec1-9d30-cd456cb8c0af,Pharmaceutical Grade Lithium Chloride 98.1%,High-quality pharmaceutical grade lithium chloride for industrial applications. Reliable quality for manufacturing.,Lithium Chloride,Pharmaceutical Grade,98.14,,,,,1.28 g/cm³,0.05,MT,499,81,158,[],false,true,"{""Na"":""≤0.0008%"",""Mg"":""≤0.0007%"",""Ca"":""≤0.0012%"",""Fe"":""≤0.0003%""}","{""base_price"":6394,""currency"":""USD"",""unit"":""MT"",""incoterms"":""CIF""}",active,2024-09-17T05:38:30.425Z,2025-12-22T05:38:30.425Z
0847d80c-adad-4ebb-8071-4229546d72d4,9359313b-6554-4d82-896a-f8df6fcd0ef6,Industrial Grade Lithium Spodumene,High-quality industrial grade lithium spodumene for industrial applications. Reliable quality for manufacturing.,Lithium Spodumene,Industrial Grade,,,,6.74,,0.97 g/cm³,0.03,MT,135,73,9647,[],false,true,"{""Na"":""≤0.001%"",""Mg"":""≤0.0003%"",""Ca"":""≤0.0012%"",""Fe"":""≤0.0005%""}","{""base_price"":7843,""currency"":""USD"",""unit"":""MT"",""incoterms"":""FOB""}",active,2025-07-21T05:38:30.425Z,2026-01-02T05:38:30.425Z
e676aa73-4bbd-4dc8-b92b-5c3e86c20006,9359313b-6554-4d82-896a-f8df6fcd0ef6,Pharmaceutical Grade Lithium Spodumene,High-quality pharmaceutical grade lithium spodumene for industrial applications. Reliable quality for manufacturing.,Lithium Spodumene,Pharmaceutical Grade,,,,6.68,,1.33 g/cm³,0.06,MT,249,53,6167,[],false,true,"{""Na"":""≤0.0003%"",""Mg"":""≤0.0007%"",""Ca"":""≤0.0009%"",""Fe"":""≤0.0002%""}","{""base_price"":5130,""currency"":""USD"",""unit"":""MT"",""incoterms"":""CIF""}",active,2024-01-17T05:38:30.425Z,2025-12-18T05:38:30.425Z
75ccc1f9-79f4-4a50-92eb-d4c34bdb2ffb,9359313b-6554-4d82-896a-f8df6fcd0ef6,Technical Grade Other 98.0%,High-quality technical grade other for industrial applications. Reliable quality for manufacturing.,Other,Technical Grade,98.03,,,,,1.1 g/cm³,0.14,MT,285,31,225,[],false,true,"{""Na"":""≤0.0005%"",""Mg"":""≤0.0008%"",""Ca"":""≤0.0006%"",""Fe"":""≤0.0003%""}","{""base_price"":6747,""currency"":""USD"",""unit"":""MT"",""incoterms"":""CIF""}",active,2025-02-17T05:38:30.425Z,2025-12-11T05:38:30.425Z
c88adff9-ce51-4b43-8906-64f7b0560684,9359313b-6554-4d82-896a-f8df6fcd0ef6,Technical Grade Lithium Hydroxide 99.78%,High-quality technical grade lithium hydroxide for industrial applications. Reliable quality for manufacturing.,Lithium Hydroxide,Technical Grade,99.78,,56.33,,,1.39 g/cm³,0.04,MT,167,52,2885,[],false,true,"{""Na"":""≤0.0008%"",""Mg"":""≤0.0001%"",""Ca"":""≤0.0011%"",""Fe"":""≤0.0003%""}","{""base_price"":7055,""currency"":""USD"",""unit"":""MT"",""incoterms"":""EXW""}",active,2025-06-06T05:38:30.425Z,2025-12-13T05:38:30.425Z
7ad756a9-32a3-4083-a210-e57d0dc82f06,9359313b-6554-4d82-896a-f8df6fcd0ef6,Industrial Grade Recycled Lithium 99.1%,High-quality industrial grade recycled lithium for industrial applications. Reliable quality for manufacturing.,Recycled Lithium,Industrial Grade,99.1,,,,,1.33 g/cm³,0.07,MT,269,78,1092,[],false,true,"{""Na"":""≤0.0008%"",""Mg"":""≤0.0006%"",""Ca"":""≤0.0003%"",""Fe"":""≤0.0001%""}","{""base_price"":6570,""currency"":""USD"",""unit"":""MT"",""incoterms"":""FOB""}",active,2025-01-15T05:38:30.425Z,2025-12-14T05:38:30.425Z
74c922a5-cb70-43ba-8fd4-aeb9455ffc3a,9359313b-6554-4d82-896a-f8df6fcd0ef6,Technical Grade Lithium Spodumene,High-quality technical grade lithium spodumene for industrial applications. Reliable quality for manufacturing.,Lithium Spodumene,Technical Grade,,,,5.61,,1.15 g/cm³,0.15,MT,96,68,7824,[],false,true,"{""Na"":""≤0.0003%"",""Mg"":""≤0.0003%"",""Ca"":""≤0.0017%"",""Fe"":""≤0.0003%""}","{""base_price"":9885,""currency"":""USD"",""unit"":""MT"",""incoterms"":""EXW""}",active,2025-06-16T05:38:30.425Z,2025-12-12T05:38:30.425Z
f4e638c1-46ee-47db-9e6d-e69c76039197,9359313b-6554-4d82-896a-f8df6fcd0ef6,Industrial Grade Recycled Lithium 98.1%,High-quality industrial grade recycled lithium for industrial applications. Reliable quality for manufacturing.,Recycled Lithium,Industrial Grade,98.13,,,,,1.15 g/cm³,0.01,MT,465,69,9633,[],false,true,"{""Na"":""≤0.0005%"",""Mg"":""≤0.0004%"",""Ca"":""≤0.0002%"",""Fe"":""≤0.0004%""}","{""base_price"":5856,""currency"":""USD"",""unit"":""MT"",""incoterms"":""CIF""}",active,2024-03-15T05:38:30.425Z,2025-12-05T05:38:30.425Z
2831c914-a079-42c5-9f5e-ded92345b9a7,8955fe2c-2821-4805-a0e0-4c4ddda19e0a,Pharmaceutical Grade Recycled Lithium 99.2%,High-quality pharmaceutical grade recycled lithium for industrial applications. Reliable quality for manufacturing.,Recycled Lithium,Pharmaceutical Grade,99.18,,,,,0.83 g/cm³,0.11,MT,330,42,259,[],false,true,"{""Na"":""≤0.0002%"",""Mg"":""≤0.0005%"",""Ca"":""≤0.001%"",""Fe"":""≤0.0005%""}","{""base_price"":7474,""currency"":""USD"",""unit"":""MT"",""incoterms"":""FOB""}",active,2025-05-26T05:38:30.425Z,2025-12-23T05:38:30.425Z
ed0bbb8f-d622-428d-9bf2-39891bc16a77,8955fe2c-2821-4805-a0e0-4c4ddda19e0a,Industrial Grade Recycled Lithium 99.3%,High-quality industrial grade recycled lithium for industrial applications. Reliable quality for manufacturing.,Recycled Lithium,Industrial Grade,99.29,,,,,1.03 g/cm³,0.03,MT,82,84,5524,[],false,true,"{""Na"":""≤0.0005%"",""Mg"":""≤0.0002%"",""Ca"":""≤0.0016%"",""Fe"":""≤0.0004%""}","{""base_price"":9444,""currency"":""USD"",""unit"":""MT"",""incoterms"":""CIF""}",active,2025-02-18T05:38:30.425Z,2025-12-27T05:38:30.425Z
42eb1953-8296-403a-a154-eb1b2850d909,8955fe2c-2821-4805-a0e0-4c4ddda19e0a,Battery Grade Recycled Lithium 99.2%,High-quality battery grade recycled lithium for EV battery applications. Meets strict automotive specifications.,Recycled Lithium,Battery Grade,99.17,,,,D50: 24μm,1.09 g/cm³,0.09,MT,33,62,8157,[],false,true,"{""Na"":""≤0.0009%"",""Mg"":""≤0.0007%"",""Ca"":""≤0.001%"",""Fe"":""≤0.0005%""}","{""base_price"":947,""currency"":""USD"",""unit"":""MT"",""incoterms"":""FOB""}",active,2024-04-16T05:38:30.425Z,2025-12-25T05:38:30.425Z
aee6bc16-ae8a-4355-94e2-8ef47d521534,8955fe2c-2821-4805-a0e0-4c4ddda19e0a,Technical Grade Lithium Carbonate 99.53%,High-quality technical grade lithium carbonate for industrial applications. Reliable quality for manufacturing.,Lithium Carbonate,Technical Grade,99.53,99.53,,,,1.35 g/cm³,0.02,MT,471,73,3474,[],false,true,"{""Na"":""≤0.0006%"",""Mg"":""≤0.0003%"",""Ca"":""≤0.0014%"",""Fe"":""≤0.0004%""}","{""base_price"":5246,""currency"":""USD"",""unit"":""MT"",""incoterms"":""EXW""}",active,2025-03-23T05:38:30.425Z,2025-12-18T05:38:30.425Z
a8573212-9d1a-43f1-8840-41fa9d3194ed,8955fe2c-2821-4805-a0e0-4c4ddda19e0a,Battery Grade Lithium Spodumene,High-quality battery grade lithium spodumene for EV battery applications. Meets strict automotive specifications.,Lithium Spodumene,Battery Grade,,,,6.15,D50: 59μm,0.86 g/cm³,0.03,MT,42,88,6867,[],false,true,"{""Na"":""≤0.0006%"",""Mg"":""≤0.0008%"",""Ca"":""≤0.0001%"",""Fe"":""≤0.0003%""}","{""base_price"":979,""currency"":""USD"",""unit"":""MT"",""incoterms"":""FOB""}",active,2024-05-13T05:38:30.425Z,2025-12-24T05:38:30.425Z
da0bbdbe-1668-48f3-ad00-4eed98d29ce6,8955fe2c-2821-4805-a0e0-4c4ddda19e0a,Industrial Grade Lithium Spodumene,High-quality industrial grade lithium spodumene for industrial applications. Reliable quality for manufacturing.,Lithium Spodumene,Industrial Grade,,,,6.32,,1.3 g/cm³,0.13,MT,139,89,9273,[],false,true,"{""Na"":""≤0.0008%"",""Mg"":""≤0.001%"",""Ca"":""≤0.0002%"",""Fe"":""≤0.0005%""}","{""base_price"":8782,""currency"":""USD"",""unit"":""MT"",""incoterms"":""FOB""}",active,2024-08-10T05:38:30.425Z,2025-12-13T05:38:30.425Z
bcb59037-d162-4284-ba09-060bffb65e21,8955fe2c-2821-4805-a0e0-4c4ddda19e0a,Industrial Grade Lithium Chloride 98.5%,High-quality industrial grade lithium chloride for industrial applications. Reliable quality for manufacturing.,Lithium Chloride,Industrial Grade,98.51,,,,,1.25 g/cm³,0.13,MT,418,47,7534,[],false,true,"{""Na"":""≤0.0004%"",""Mg"":""≤0.0001%"",""Ca"":""≤0.0008%"",""Fe"":""≤0.0002%""}","{""base_price"":6828,""currency"":""USD"",""unit"":""MT"",""incoterms"":""FOB""}",active,2024-06-29T05:38:30.425Z,2025-12-08T05:38:30.425Z
aff8f955-9c33-4d6b-8544-de766562182e,8955fe2c-2821-4805-a0e0-4c4ddda19e0a,Battery Grade Lithium Hydroxide 99.76%,High-quality battery grade lithium hydroxide for EV battery applications. Meets strict automotive specifications.,Lithium Hydroxide,Battery Grade,99.76,,56.92,,D50: 54μm,0.92 g/cm³,0.1,MT,19,58,1948,[],false,true,"{""Na"":""≤0.0007%"",""Mg"":""≤0.0008%"",""Ca"":""≤0.0002%"",""Fe"":""≤0.0002%""}","{""base_price"":14595,""currency"":""USD"",""unit"":""MT"",""incoterms"":""FOB""}",active,2024-03-24T05:38:30.425Z,2025-12-16T05:38:30.425Z
3dc19dd6-0227-4178-aac0-4e9e9b69d9a1,8955fe2c-2821-4805-a0e0-4c4ddda19e0a,Pharmaceutical Grade Lithium Chloride 98.8%,High-quality pharmaceutical grade lithium chloride for industrial applications. Reliable quality for manufacturing.,Lithium Chloride,Pharmaceutical Grade,98.79,,,,,0.86 g/cm³,0.11,MT,311,74,1465,[],false,true,"{""Na"":""≤0.0005%"",""Mg"":""≤0.0007%"",""Ca"":""≤0.0007%"",""Fe"":""≤0.0002%""}","{""base_price"":5329,""currency"":""USD"",""unit"":""MT"",""incoterms"":""FOB""}",active,2024-06-24T05:38:30.425Z,2025-12-17T05:38:30.425Z
a85df060-4614-4ca2-bc02-d92c1fffd41d,e73e62f8-b739-4184-9c94-fef86df770a0,Technical Grade Lithium Hydroxide 99.58%,High-quality technical grade lithium hydroxide for industrial applications. Reliable quality for manufacturing.,Lithium Hydroxide,Technical Grade,99.58,,56.4,,,1.05 g/cm³,0.11,MT,479,45,4110,[],false,true,"{""Na"":""≤0.0008%"",""Mg"":""≤0.0007%"",""Ca"":""≤0.0012%"",""Fe"":""≤0.0004%""}","{""base_price"":5160,""currency"":""USD"",""unit"":""MT"",""incoterms"":""FOB""}",active,2024-05-17T05:38:30.425Z,2025-12-20T05:38:30.425Z
fcb5cb4f-1b44-4a38-ba2c-54f6e6039e48,e73e62f8-b739-4184-9c94-fef86df770a0,Technical Grade Recycled Lithium 98.1%,High-quality technical grade recycled lithium for industrial applications. Reliable quality for manufacturing.,Recycled Lithium,Technical Grade,98.09,,,,,0.88 g/cm³,0.11,MT,388,68,1093,[],false,true,"{""Na"":""≤0.0005%"",""Mg"":""≤0.0006%"",""Ca"":""≤0.0002%"",""Fe"":""≤0.0002%""}","{""base_price"":9874,""currency"":""USD"",""unit"":""MT"",""incoterms"":""CIF""}",active,2025-08-04T05:38:30.425Z,2025-12-15T05:38:30.425Z
4f3bb1da-92e7-4581-a9bc-20bd47f55736,e73e62f8-b739-4184-9c94-fef86df770a0,Industrial Grade Lithium Carbonate 99.56%,High-quality industrial grade lithium carbonate for industrial applications. Reliable quality for manufacturing.,Lithium Carbonate,Industrial Grade,99.56,99.56,,,,0.97 g/cm³,0.1,MT,495,44,8068,[],false,true,"{""Na"":""≤0.0008%"",""Mg"":""≤0.0008%"",""Ca"":""≤0.0018%"",""Fe"":""≤0.0004%""}","{""base_price"":8085,""currency"":""USD"",""unit"":""MT"",""incoterms"":""FOB""}",active,2025-10-31T05:38:30.425Z,2025-12-05T05:38:30.425Z
913ec3c1-9a81-476a-a3b5-587ef2576468,e73e62f8-b739-4184-9c94-fef86df770a0,Industrial Grade Lithium Spodumene,High-quality industrial grade lithium spodumene for industrial applications. Reliable quality for manufacturing.,Lithium Spodumene,Industrial Grade,,,,6.52,,0.81 g/cm³,0.04,MT,447,44,4929,[],false,true,"{""Na"":""≤0.001%"",""Mg"":""≤0.0004%"",""Ca"":""≤0.0005%"",""Fe"":""≤0.0003%""}","{""base_price"":6450,""currency"":""USD"",""unit"":""MT"",""incoterms"":""FOB""}",active,2025-05-05T05:38:30.425Z,2025-12-20T05:38:30.425Z
2684e7bb-42f6-4b5c-8e9b-60b717b3f410,e73e62f8-b739-4184-9c94-fef86df770a0,Technical Grade Recycled Lithium 99.2%,High-quality technical grade recycled lithium for industrial applications. Reliable quality for manufacturing.,Recycled Lithium,Technical Grade,99.2,,,,,1.33 g/cm³,0.14,MT,344,60,6686,[],false,true,"{""Na"":""≤0.0002%"",""Mg"":""≤0.0008%"",""Ca"":""≤0.0013%"",""Fe"":""≤0.0004%""}","{""base_price"":5676,""currency"":""USD"",""unit"":""MT"",""incoterms"":""EXW""}",active,2025-04-25T05:38:30.425Z,2025-12-17T05:38:30.425Z
3c895701-05c1-47d1-8608-47938f5050f1,e73e62f8-b739-4184-9c94-fef86df770a0,Technical Grade Lithium Spodumene,High-quality technical grade lithium spodumene for industrial applications. Reliable quality for manufacturing.,Lithium Spodumene,Technical Grade,,,,6.56,,0.9 g/cm³,0.15,MT,239,30,4575,[],false,true,"{""Na"":""≤0.0006%"",""Mg"":""≤0.0005%"",""Ca"":""≤0.002%"",""Fe"":""≤0.0004%""}","{""base_price"":6727,""currency"":""USD"",""unit"":""MT"",""incoterms"":""EXW""}",out_of_stock,2025-11-13T05:38:30.425Z,2025-12-27T05:38:30.425Z
ae0e8538-8871-4781-a71c-838f50e5e059,e73e62f8-b739-4184-9c94-fef86df770a0,Technical Grade Lithium Carbonate 99.5%,High-quality technical grade lithium carbonate for industrial applications. Reliable quality for manufacturing.,Lithium Carbonate,Technical Grade,99.47,99.47,,,,1.04 g/cm³,0.08,MT,83,88,7389,[],false,true,"{""Na"":""≤0.0002%"",""Mg"":""≤0.0003%"",""Ca"":""≤0.0018%"",""Fe"":""≤0.0002%""}","{""base_price"":7352,""currency"":""USD"",""unit"":""MT"",""incoterms"":""EXW""}",active,2024-08-24T05:38:30.425Z,2025-12-29T05:38:30.425Z
8c6e80f1-309d-4500-be57-57a10696da4e,e73e62f8-b739-4184-9c94-fef86df770a0,Industrial Grade Lithium Carbonate 99.53%,High-quality industrial grade lithium carbonate for industrial applications. Reliable quality for manufacturing.,Lithium Carbonate,Industrial Grade,99.53,99.53,,,,1.2 g/cm³,0.1,MT,207,77,1449,[],false,true,"{""Na"":""≤0.0002%"",""Mg"":""≤0.0002%"",""Ca"":""≤0.0017%"",""Fe"":""≤0.0003%""}","{""base_price"":9661,""currency"":""USD"",""unit"":""MT"",""incoterms"":""CIF""}",active,2025-10-18T05:38:30.425Z,2025-12-03T05:38:30.425Z
db4afd65-7098-4344-a714-2de8258d0698,33ab3567-0b9c-4eda-afbd-56a0d6c58527,Technical Grade Lithium Hydroxide 99.81%,High-quality technical grade lithium hydroxide for industrial applications. Reliable quality for manufacturing.,Lithium Hydroxide,Technical Grade,99.81,,56.51,,,1.29 g/cm³,0.04,MT,394,89,6843,[],false,true,"{""Na"":""≤0.0003%"",""Mg"":""≤0.001%"",""Ca"":""≤0.0007%"",""Fe"":""≤0.0005%""}","{""base_price"":7733,""currency"":""USD"",""unit"":""MT"",""incoterms"":""FOB""}",active,2025-02-27T05:38:30.425Z,2025-12-14T05:38:30.425Z
04ca4606-32e3-449f-97eb-ef96c6882ef5,33ab3567-0b9c-4eda-afbd-56a0d6c58527,Industrial Grade Lithium Hydroxide 99.72%,High-quality industrial grade lithium hydroxide for industrial applications. Reliable quality for manufacturing.,Lithium Hydroxide,Industrial Grade,99.72,,56.24,,,0.82 g/cm³,0.02,MT,222,39,3594,[],false,true,"{""Na"":""≤0.001%"",""Mg"":""≤0.0008%"",""Ca"":""≤0.0018%"",""Fe"":""≤0.0004%""}","{""base_price"":7280,""currency"":""USD"",""unit"":""MT"",""incoterms"":""EXW""}",active,2025-07-02T05:38:30.425Z,2025-12-20T05:38:30.425Z
037470ba-2691-4517-82dd-bc59e2ea4ddb,33ab3567-0b9c-4eda-afbd-56a0d6c58527,Pharmaceutical Grade Lithium Carbonate 99.68%,High-quality pharmaceutical grade lithium carbonate for industrial applications. Reliable quality for manufacturing.,Lithium Carbonate,Pharmaceutical Grade,99.68,99.68,,,,1.35 g/cm³,0.1,MT,83,42,4572,[],false,true,"{""Na"":""≤0.0008%"",""Mg"":""≤0.0002%"",""Ca"":""≤0.0019%"",""Fe"":""≤0.0004%""}","{""base_price"":8744,""currency"":""USD"",""unit"":""MT"",""incoterms"":""EXW""}",out_of_stock,2024-01-25T05:38:30.425Z,2025-12-05T05:38:30.425Z
970d637e-63c9-4a0b-b485-e781f7d69cc0,33ab3567-0b9c-4eda-afbd-56a0d6c58527,Industrial Grade Lithium Spodumene,High-quality industrial grade lithium spodumene for industrial applications. Reliable quality for manufacturing.,Lithium Spodumene,Industrial Grade,,,,5.83,,1.25 g/cm³,0.03,MT,391,69,3273,[],false,true,"{""Na"":""≤0.0007%"",""Mg"":""≤0.0004%"",""Ca"":""≤0.0011%"",""Fe"":""≤0.0002%""}","{""base_price"":8783,""currency"":""USD"",""unit"":""MT"",""incoterms"":""FOB""}",active,2025-06-18T05:38:30.425Z,2025-12-25T05:38:30.425Z
d2f8765d-58ab-4c25-bd7c-cd76e50a04d2,33ab3567-0b9c-4eda-afbd-56a0d6c58527,Industrial Grade Lithium Hydroxide 99.77%,High-quality industrial grade lithium hydroxide for industrial applications. Reliable quality for manufacturing.,Lithium Hydroxide,Industrial Grade,99.77,,56.4,,,1.14 g/cm³,0.12,MT,144,56,992,[],false,true,"{""Na"":""≤0.0007%"",""Mg"":""≤0.0004%"",""Ca"":""≤0.001%"",""Fe"":""≤0.0002%""}","{""base_price"":6844,""currency"":""USD"",""unit"":""MT"",""incoterms"":""CIF""}",active,2024-07-15T05:38:30.425Z,2025-12-04T05:38:30.425Z
4b2edee0-fcf6-4d94-aa5d-8f83c6ff6fdc,33ab3567-0b9c-4eda-afbd-56a0d6c58527,Battery Grade Lithium Hydroxide 99.87%,High-quality battery grade lithium hydroxide for EV battery applications. Meets strict automotive specifications.,Lithium Hydroxide,Battery Grade,99.87,,56.09,,D50: 35μm,0.86 g/cm³,0.01,MT,39,79,847,[],false,true,"{""Na"":""≤0.0004%"",""Mg"":""≤0.0002%"",""Ca"":""≤0.0009%"",""Fe"":""≤0.0002%""}","{""base_price"":17585,""currency"":""USD"",""unit"":""MT"",""incoterms"":""EXW""}",active,2024-10-22T05:38:30.425Z,2025-12-06T05:38:30.425Z
3f7db513-e97b-4a13-a53f-d1efc874737b,33ab3567-0b9c-4eda-afbd-56a0d6c58527,Battery Grade Lithium Chloride 99.4%,High-quality battery grade lithium chloride for EV battery applications. Meets strict automotive specifications.,Lithium Chloride,Battery Grade,99.43,,,,D50: 37μm,0.84 g/cm³,0.07,MT,22,72,7636,[],false,true,"{""Na"":""≤0.0003%"",""Mg"":""≤0.001%"",""Ca"":""≤0.0002%"",""Fe"":""≤0.0002%""}","{""base_price"":996,""currency"":""USD"",""unit"":""MT"",""incoterms"":""FOB""}",active,2024-01-22T05:38:30.425Z,2025-12-04T05:38:30.425Z
3fe609be-12b0-42e3-b2be-f16267314e66,a9baa336-d8c1-4f17-a5a3-33647959e08d,Pharmaceutical Grade Recycled Lithium 98.7%,High-quality pharmaceutical grade recycled lithium for industrial applications. Reliable quality for manufacturing.,Recycled Lithium,Pharmaceutical Grade,98.72,,,,,1.34 g/cm³,0.08,MT,120,37,1102,[],false,true,"{""Na"":""≤0.0009%"",""Mg"":""≤0.0008%"",""Ca"":""≤0.0018%"",""Fe"":""≤0.0001%""}","{""base_price"":9072,""currency"":""USD"",""unit"":""MT"",""incoterms"":""EXW""}",active,2025-09-14T05:38:30.425Z,2025-12-10T05:38:30.425Z
3e12d45b-b1f3-4515-86c6-1ffec8b58ae1,a9baa336-d8c1-4f17-a5a3-33647959e08d,Industrial Grade Lithium Spodumene,High-quality industrial grade lithium spodumene for industrial applications. Reliable quality for manufacturing.,Lithium Spodumene,Industrial Grade,,,,5.99,,1.13 g/cm³,0.04,MT,477,52,3307,[],false,true,"{""Na"":""≤0.0002%"",""Mg"":""≤0.0002%"",""Ca"":""≤0.0004%"",""Fe"":""≤0.0004%""}","{""base_price"":7243,""currency"":""USD"",""unit"":""MT"",""incoterms"":""EXW""}",active,2024-01-05T05:38:30.425Z,2025-12-19T05:38:30.425Z
77db4128-05a6-46f7-ac93-65d588675367,a9baa336-d8c1-4f17-a5a3-33647959e08d,Pharmaceutical Grade Lithium Spodumene,High-quality pharmaceutical grade lithium spodumene for industrial applications. Reliable quality for manufacturing.,Lithium Spodumene,Pharmaceutical Grade,,,,6.49,,0.97 g/cm³,0.09,MT,352,49,4081,[],false,true,"{""Na"":""≤0.0002%"",""Mg"":""≤0.001%"",""Ca"":""≤0.001%"",""Fe"":""≤0.0002%""}","{""base_price"":9894,""currency"":""USD"",""unit"":""MT"",""incoterms"":""CIF""}",active,2024-06-18T05:38:30.425Z,2025-12-28T05:38:30.425Z
1ea83c75-2819-4b07-bee2-1749ca99524d,a9baa336-d8c1-4f17-a5a3-33647959e08d,Industrial Grade Lithium Carbonate 99.71%,High-quality industrial grade lithium carbonate for industrial applications. Reliable quality for manufacturing.,Lithium Carbonate,Industrial Grade,99.71,99.71,,,,1.34 g/cm³,0.1,MT,265,66,9336,[],false,true,"{""Na"":""≤0.0002%"",""Mg"":""≤0.0001%"",""Ca"":""≤0.0014%"",""Fe"":""≤0.0001%""}","{""base_price"":9656,""currency"":""USD"",""unit"":""MT"",""incoterms"":""EXW""}",active,2024-10-05T05:38:30.425Z,2025-12-13T05:38:30.425Z
1eb21961-fa96-412f-8874-fc163eecd323,a9baa336-d8c1-4f17-a5a3-33647959e08d,Industrial Grade Lithium Spodumene,High-quality industrial grade lithium spodumene for industrial applications. Reliable quality for manufacturing.,Lithium Spodumene,Industrial Grade,,,,6,,0.94 g/cm³,0.12,MT,464,39,7645,[],false,true,"{""Na"":""≤0.0007%"",""Mg"":""≤0.0009%"",""Ca"":""≤0.0009%"",""Fe"":""≤0.0003%""}","{""base_price"":6179,""currency"":""USD"",""unit"":""MT"",""incoterms"":""CIF""}",active,2024-03-14T05:38:30.425Z,2025-12-23T05:38:30.425Z
5fbaf520-d0a7-488e-94de-ac2d9ddfba25,a9baa336-d8c1-4f17-a5a3-33647959e08d,Battery Grade Lithium Carbonate 99.85%,High-quality battery grade lithium carbonate for EV battery applications. Meets strict automotive specifications.,Lithium Carbonate,Battery Grade,99.85,99.85,,,D50: 24μm,1.05 g/cm³,0.12,MT,26,79,4720,[],false,true,"{""Na"":""≤0.0004%"",""Mg"":""≤0.0007%"",""Ca"":""≤0.0017%"",""Fe"":""≤0.0004%""}","{""base_price"":13751,""currency"":""USD"",""unit"":""MT"",""incoterms"":""CIF""}",active,2024-07-09T05:38:30.425Z,2025-12-03T05:38:30.425Z
e50404ed-0cbe-48f5-96eb-80d68361881e,a9baa336-d8c1-4f17-a5a3-33647959e08d,Pharmaceutical Grade Lithium Carbonate 99.62%,High-quality pharmaceutical grade lithium carbonate for industrial applications. Reliable quality for manufacturing.,Lithium Carbonate,Pharmaceutical Grade,99.62,99.62,,,,1.33 g/cm³,0.07,MT,71,43,9083,[],false,true,"{""Na"":""≤0.0006%"",""Mg"":""≤0.0008%"",""Ca"":""≤0.0008%"",""Fe"":""≤0.0001%""}","{""base_price"":8538,""currency"":""USD"",""unit"":""MT"",""incoterms"":""EXW""}",active,2024-09-17T05:38:30.425Z,2025-12-23T05:38:30.425Z
2e56e6b3-034f-4221-9463-3fbf151e1b6a,a9baa336-d8c1-4f17-a5a3-33647959e08d,Battery Grade Other 98.4%,High-quality battery grade other for EV battery applications. Meets strict automotive specifications.,Other,Battery Grade,98.42,,,,D50: 29μm,0.88 g/cm³,0.12,MT,11,89,9327,[],false,true,"{""Na"":""≤0.0009%"",""Mg"":""≤0.0002%"",""Ca"":""≤0.0002%"",""Fe"":""≤0.0004%""}","{""base_price"":1166,""currency"":""USD"",""unit"":""MT"",""incoterms"":""CIF""}",active,2024-01-16T05:38:30.425Z,2025-12-30T05:38:30.425Z
7d5ce93d-05b7-4f67-9ce9-8584c415411e,a9baa336-d8c1-4f17-a5a3-33647959e08d,Industrial Grade Lithium Chloride 98.5%,High-quality industrial grade lithium chloride for industrial applications. Reliable quality for manufacturing.,Lithium Chloride,Industrial Grade,98.49,,,,,1.1 g/cm³,0.13,MT,433,90,2301,[],false,true,"{""Na"":""≤0.0009%"",""Mg"":""≤0.0004%"",""Ca"":""≤0.0001%"",""Fe"":""≤0.0005%""}","{""base_price"":6106,""currency"":""USD"",""unit"":""MT"",""incoterms"":""CIF""}",active,2024-02-01T05:38:30.425Z,2025-12-04T05:38:30.425Z
790d80e0-136c-43e1-80c5-7440322d482c,a9baa336-d8c1-4f17-a5a3-33647959e08d,Industrial Grade Lithium Carbonate 99.52%,High-quality industrial grade lithium carbonate for industrial applications. Reliable quality for manufacturing.,Lithium Carbonate,Industrial Grade,99.52,99.52,,,,1.25 g/cm³,0.03,MT,482,81,808,[],false,true,"{""Na"":""≤0.001%"",""Mg"":""≤0.0001%"",""Ca"":""≤0.0016%"",""Fe"":""≤0.0002%""}","{""base_price"":6532,""currency"":""USD"",""unit"":""MT"",""incoterms"":""FOB""}",active,2025-08-29T05:38:30.425Z,2025-12-08T05:38:30.425Z
e4135edf-668e-42c2-80bb-0a7292f2037c,a9baa336-d8c1-4f17-a5a3-33647959e08d,Pharmaceutical Grade Recycled Lithium 98.5%,High-quality pharmaceutical grade recycled lithium for industrial applications. Reliable quality for manufacturing.,Recycled Lithium,Pharmaceutical Grade,98.54,,,,,1.21 g/cm³,0.02,MT,284,33,6661,[],false,true,"{""Na"":""≤0.0005%"",""Mg"":""≤0.0006%"",""Ca"":""≤0.0011%"",""Fe"":""≤0.0005%""}","{""base_price"":7965,""currency"":""USD"",""unit"":""MT"",""incoterms"":""FOB""}",active,2024-09-10T05:38:30.425Z,2026-01-02T05:38:30.425Z
6ab3eb9a-73d9-4de9-a997-2b28d0e24485,a9baa336-d8c1-4f17-a5a3-33647959e08d,Battery Grade Recycled Lithium 99.5%,High-quality battery grade recycled lithium for EV battery applications. Meets strict automotive specifications.,Recycled Lithium,Battery Grade,99.49,,,,D50: 23μm,1.33 g/cm³,0.07,MT,48,88,5793,[],false,true,"{""Na"":""≤0.0002%"",""Mg"":""≤0.0002%"",""Ca"":""≤0.0013%"",""Fe"":""≤0.0003%""}","{""base_price"":1017,""currency"":""USD"",""unit"":""MT"",""incoterms"":""FOB""}",active,2024-09-09T05:38:30.425Z,2025-12-23T05:38:30.425Z
ba4d0417-6a56-42ac-94ad-100e018a4605,a9baa336-d8c1-4f17-a5a3-33647959e08d,Battery Grade Lithium Carbonate 99.5%,High-quality battery grade lithium carbonate for EV battery applications. Meets strict automotive specifications.,Lithium Carbonate,Battery Grade,99.45,99.45,,,D50: 33μm,0.92 g/cm³,0.06,MT,38,89,6891,[],false,true,"{""Na"":""≤0.0005%"",""Mg"":""≤0.0005%"",""Ca"":""≤0.0001%"",""Fe"":""≤0.0003%""}","{""base_price"":13248,""currency"":""USD"",""unit"":""MT"",""incoterms"":""EXW""}",active,2024-02-28T05:38:30.425Z,2025-12-07T05:38:30.425Z
45045dc4-9522-46cd-ac03-76ac73021db3,b2f50972-7222-46ff-beb2-4abf815821fe,Technical Grade Lithium Hydroxide 99.88%,High-quality technical grade lithium hydroxide for industrial applications. Reliable quality for manufacturing.,Lithium Hydroxide,Technical Grade,99.88,,56.47,,,1.31 g/cm³,0.06,MT,441,72,1601,[],false,true,"{""Na"":""≤0.0008%"",""Mg"":""≤0.0007%"",""Ca"":""≤0.0002%"",""Fe"":""≤0.0001%""}","{""base_price"":9188,""currency"":""USD"",""unit"":""MT"",""incoterms"":""EXW""}",active,2025-09-28T05:38:30.425Z,2025-12-11T05:38:30.425Z
9a608e92-5e88-4c40-a07f-f044a326d9bd,b2f50972-7222-46ff-beb2-4abf815821fe,Technical Grade Lithium Hydroxide 99.58%,High-quality technical grade lithium hydroxide for industrial applications. Reliable quality for manufacturing.,Lithium Hydroxide,Technical Grade,99.58,,56.86,,,0.94 g/cm³,0.14,MT,250,45,5419,[],false,true,"{""Na"":""≤0.0002%"",""Mg"":""≤0.0009%"",""Ca"":""≤0.0005%"",""Fe"":""≤0.0002%""}","{""base_price"":7286,""currency"":""USD"",""unit"":""MT"",""incoterms"":""EXW""}",active,2025-05-27T05:38:30.425Z,2025-12-24T05:38:30.425Z
2d7ac950-8d97-49cf-b5ff-07af57bb55f5,b2f50972-7222-46ff-beb2-4abf815821fe,Industrial Grade Lithium Hydroxide 99.90%,High-quality industrial grade lithium hydroxide for industrial applications. Reliable quality for manufacturing.,Lithium Hydroxide,Industrial Grade,99.9,,56.87,,,1.07 g/cm³,0.04,MT,186,71,9628,[],false,true,"{""Na"":""≤0.0007%"",""Mg"":""≤0.0004%"",""Ca"":""≤0.0016%"",""Fe"":""≤0.0002%""}","{""base_price"":8596,""currency"":""USD"",""unit"":""MT"",""incoterms"":""EXW""}",active,2025-09-18T05:38:30.425Z,2025-12-03T05:38:30.425Z
b4a72f23-ba69-40c5-b4d8-8044feb72b8b,b2f50972-7222-46ff-beb2-4abf815821fe,Battery Grade Recycled Lithium 98.7%,High-quality battery grade recycled lithium for EV battery applications. Meets strict automotive specifications.,Recycled Lithium,Battery Grade,98.68,,,,D50: 19μm,1.21 g/cm³,0.14,MT,34,66,5426,[],false,true,"{""Na"":""≤0.0007%"",""Mg"":""≤0.0009%"",""Ca"":""≤0.0003%"",""Fe"":""≤0.0004%""}","{""base_price"":886,""currency"":""USD"",""unit"":""MT"",""incoterms"":""CIF""}",active,2024-07-13T05:38:30.425Z,2025-12-23T05:38:30.425Z
1c6ff28c-432e-4dc4-a060-d9898f41a3e3,b2f50972-7222-46ff-beb2-4abf815821fe,Pharmaceutical Grade Lithium Hydroxide 99.95%,High-quality pharmaceutical grade lithium hydroxide for industrial applications. Reliable quality for manufacturing.,Lithium Hydroxide,Pharmaceutical Grade,99.95,,56.78,,,1.06 g/cm³,0.06,MT,267,41,9885,[],false,true,"{""Na"":""≤0.0007%"",""Mg"":""≤0.0008%"",""Ca"":""≤0.0003%"",""Fe"":""≤0.0004%""}","{""base_price"":7961,""currency"":""USD"",""unit"":""MT"",""incoterms"":""CIF""}",active,2025-08-25T05:38:30.425Z,2025-12-07T05:38:30.425Z
10791563-2336-4303-b0bb-62bf0537297f,b2f50972-7222-46ff-beb2-4abf815821fe,Industrial Grade Lithium Hydroxide 99.78%,High-quality industrial grade lithium hydroxide for industrial applications. Reliable quality for manufacturing.,Lithium Hydroxide,Industrial Grade,99.78,,56.9,,,1.33 g/cm³,0.03,MT,350,46,7983,[],false,true,"{""Na"":""≤0.0004%"",""Mg"":""≤0.0007%"",""Ca"":""≤0.0008%"",""Fe"":""≤0.0003%""}","{""base_price"":8670,""currency"":""USD"",""unit"":""MT"",""incoterms"":""EXW""}",active,2025-09-25T05:38:30.425Z,2025-12-28T05:38:30.425Z
60ecff96-9745-4c9a-bb9f-bf3e8b2be90f,b2f50972-7222-46ff-beb2-4abf815821fe,Technical Grade Lithium Hydroxide 99.82%,High-quality technical grade lithium hydroxide for industrial applications. Reliable quality for manufacturing.,Lithium Hydroxide,Technical Grade,99.82,,56.23,,,0.98 g/cm³,0.01,MT,366,66,761,[],false,true,"{""Na"":""≤0.0007%"",""Mg"":""≤0.0001%"",""Ca"":""≤0.0016%"",""Fe"":""≤0.0004%""}","{""base_price"":6865,""currency"":""USD"",""unit"":""MT"",""incoterms"":""EXW""}",active,2025-08-29T05:38:30.425Z,2025-12-18T05:38:30.425Z
aa65be5a-26cc-471b-a4a9-8aa66b748d16,b2f50972-7222-46ff-beb2-4abf815821fe,Pharmaceutical Grade Other 98.6%,High-quality pharmaceutical grade other for industrial applications. Reliable quality for manufacturing.,Other,Pharmaceutical Grade,98.61,,,,,1.09 g/cm³,0.02,MT,66,62,9949,[],false,true,"{""Na"":""≤0.0004%"",""Mg"":""≤0.0003%"",""Ca"":""≤0.0005%"",""Fe"":""≤0.0003%""}","{""base_price"":9673,""currency"":""USD"",""unit"":""MT"",""incoterms"":""EXW""}",active,2024-09-03T05:38:30.425Z,2025-12-13T05:38:30.425Z
37b54836-eb22-404b-b966-6df392d35895,b2f50972-7222-46ff-beb2-4abf815821fe,Technical Grade Lithium Spodumene,High-quality technical grade lithium spodumene for industrial applications. Reliable quality for manufacturing.,Lithium Spodumene,Technical Grade,,,,5.75,,1.3 g/cm³,0.13,MT,173,90,863,[],false,true,"{""Na"":""≤0.0002%"",""Mg"":""≤0.0005%"",""Ca"":""≤0.002%"",""Fe"":""≤0.0004%""}","{""base_price"":6441,""currency"":""USD"",""unit"":""MT"",""incoterms"":""CIF""}",active,2025-11-27T05:38:30.425Z,2025-12-23T05:38:30.425Z
4417e794-0f61-4c02-96ee-55b5747475ef,b2f50972-7222-46ff-beb2-4abf815821fe,Industrial Grade Lithium Spodumene,High-quality industrial grade lithium spodumene for industrial applications. Reliable quality for manufacturing.,Lithium Spodumene,Industrial Grade,,,,5.54,,0.89 g/cm³,0.12,MT,495,50,545,[],false,true,"{""Na"":""≤0.0002%"",""Mg"":""≤0.0004%"",""Ca"":""≤0.0011%"",""Fe"":""≤0.0003%""}","{""base_price"":8260,""currency"":""USD"",""unit"":""MT"",""incoterms"":""CIF""}",active,2024-03-28T05:38:30.425Z,2025-12-15T05:38:30.425Z
fc1c7ab8-9653-4591-840c-3f8731af6486,b2f50972-7222-46ff-beb2-4abf815821fe,Battery Grade Lithium Hydroxide 99.57%,High-quality battery grade lithium hydroxide for EV battery applications. Meets strict automotive specifications.,Lithium Hydroxide,Battery Grade,99.57,,56.76,,D50: 42μm,1.05 g/cm³,0.07,MT,48,57,7718,[],false,true,"{""Na"":""≤0.0005%"",""Mg"":""≤0.001%"",""Ca"":""≤0.0011%"",""Fe"":""≤0.0003%""}","{""base_price"":15306,""currency"":""USD"",""unit"":""MT"",""incoterms"":""EXW""}",active,2024-06-07T05:38:30.425Z,2025-12-26T05:38:30.425Z
7c678040-7dfc-486a-b70d-f5ddfd3d1bc3,b2f50972-7222-46ff-beb2-4abf815821fe,Battery Grade Lithium Spodumene,High-quality battery grade lithium spodumene for EV battery applications. Meets strict automotive specifications.,Lithium Spodumene,Battery Grade,,,,6.69,D50: 55μm,0.98 g/cm³,0.1,MT,14,58,6828,[],false,true,"{""Na"":""≤0.0009%"",""Mg"":""≤0.0003%"",""Ca"":""≤0.0013%"",""Fe"":""≤0.0002%""}","{""base_price"":1064,""currency"":""USD"",""unit"":""MT"",""incoterms"":""EXW""}",active,2024-02-27T05:38:30.425Z,2025-12-13T05:38:30.425Z
540d35e7-7ea1-4e7c-8d1c-1961aa28508d,7e6280d4-3563-4ed6-a2b0-1faeda9e2b74,Battery Grade Lithium Hydroxide 99.88%,High-quality battery grade lithium hydroxide for EV battery applications. Meets strict automotive specifications.,Lithium Hydroxide,Battery Grade,99.88,,56.48,,D50: 18μm,1.4 g/cm³,0.03,MT,27,74,4816,[],false,true,"{""Na"":""≤0.0007%"",""Mg"":""≤0.0002%"",""Ca"":""≤0.0006%"",""Fe"":""≤0.0001%""}","{""base_price"":17094,""currency"":""USD"",""unit"":""MT"",""incoterms"":""FOB""}",active,2024-07-13T05:38:30.425Z,2025-12-17T05:38:30.425Z
f0a926cf-f942-401c-8c80-9e0c79820fae,7e6280d4-3563-4ed6-a2b0-1faeda9e2b74,Battery Grade Lithium Spodumene,High-quality battery grade lithium spodumene for EV battery applications. Meets strict automotive specifications.,Lithium Spodumene,Battery Grade,,,,6.55,D50: 18μm,0.95 g/cm³,0.04,MT,17,88,5563,[],false,true,"{""Na"":""≤0.0007%"",""Mg"":""≤0.0003%"",""Ca"":""≤0.0005%"",""Fe"":""≤0.0002%""}","{""base_price"":850,""currency"":""USD"",""unit"":""MT"",""incoterms"":""CIF""}",active,2024-08-30T05:38:30.425Z,2025-12-09T05:38:30.425Z
c341d3a5-62a8-470c-a969-c8e0b4e759d3,7e6280d4-3563-4ed6-a2b0-1faeda9e2b74,Technical Grade Lithium Hydroxide 99.95%,High-quality technical grade lithium hydroxide for industrial applications. Reliable quality for manufacturing.,Lithium Hydroxide,Technical Grade,99.95,,56.55,,,0.85 g/cm³,0.01,MT,235,37,1029,[],false,true,"{""Na"":""≤0.0004%"",""Mg"":""≤0.0004%"",""Ca"":""≤0.0005%"",""Fe"":""≤0.0004%""}","{""base_price"":6005,""currency"":""USD"",""unit"":""MT"",""incoterms"":""CIF""}",out_of_stock,2025-05-14T05:38:30.425Z,2026-01-02T05:38:30.425Z
b843a0fc-10d8-4335-8a9d-5230c36cac69,7e6280d4-3563-4ed6-a2b0-1faeda9e2b74,Pharmaceutical Grade Other 98.9%,High-quality pharmaceutical grade other for industrial applications. Reliable quality for manufacturing.,Other,Pharmaceutical Grade,98.93,,,,,0.93 g/cm³,0.07,MT,392,83,7288,[],false,true,"{""Na"":""≤0.0005%"",""Mg"":""≤0.0008%"",""Ca"":""≤0.0019%"",""Fe"":""≤0.0004%""}","{""base_price"":5433,""currency"":""USD"",""unit"":""MT"",""incoterms"":""FOB""}",active,2025-08-05T05:38:30.427Z,2025-12-13T05:38:30.427Z
0d61992a-7a6d-425c-a091-ce1f899a0a4a,7e6280d4-3563-4ed6-a2b0-1faeda9e2b74,Pharmaceutical Grade Lithium Carbonate 99.5%,High-quality pharmaceutical grade lithium carbonate for industrial applications. Reliable quality for manufacturing.,Lithium Carbonate,Pharmaceutical Grade,99.49,99.49,,,,1.03 g/cm³,0.1,MT,211,34,4139,[],false,true,"{""Na"":""≤0.0006%"",""Mg"":""≤0.0009%"",""Ca"":""≤0.0005%"",""Fe"":""≤0.0002%""}","{""base_price"":7427,""currency"":""USD"",""unit"":""MT"",""incoterms"":""EXW""}",active,2024-05-15T05:38:30.427Z,2025-12-22T05:38:30.427Z
f7c68eec-c7b8-4e07-88c2-7261dead59dc,7e6280d4-3563-4ed6-a2b0-1faeda9e2b74,Battery Grade Lithium Hydroxide 99.79%,High-quality battery grade lithium hydroxide for EV battery applications. Meets strict automotive specifications.,Lithium Hydroxide,Battery Grade,99.79,,56.53,,D50: 59μm,1.28 g/cm³,0.13,MT,40,90,8114,[],false,true,"{""Na"":""≤0.0008%"",""Mg"":""≤0.0007%"",""Ca"":""≤0.0007%"",""Fe"":""≤0.0002%""}","{""base_price"":16520,""currency"":""USD"",""unit"":""MT"",""incoterms"":""FOB""}",active,2025-02-17T05:38:30.427Z,2025-12-16T05:38:30.427Z
0307fa74-ea45-4e87-be7b-bbe5513963f7,7e6280d4-3563-4ed6-a2b0-1faeda9e2b74,Battery Grade Recycled Lithium 98.4%,High-quality battery grade recycled lithium for EV battery applications. Meets strict automotive specifications.,Recycled Lithium,Battery Grade,98.36,,,,D50: 55μm,1.36 g/cm³,0.13,MT,22,49,8508,[],false,true,"{""Na"":""≤0.0002%"",""Mg"":""≤0.0005%"",""Ca"":""≤0.0003%"",""Fe"":""≤0.0001%""}","{""base_price"":1135,""currency"":""USD"",""unit"":""MT"",""incoterms"":""EXW""}",out_of_stock,2025-01-26T05:38:30.428Z,2026-01-01T05:38:30.428Z
4907bb2b-afed-46b9-9fef-3b2763dbbe82,7e6280d4-3563-4ed6-a2b0-1faeda9e2b74,Technical Grade Lithium Chloride 98.6%,High-quality technical grade lithium chloride for industrial applications. Reliable quality for manufacturing.,Lithium Chloride,Technical Grade,98.59,,,,,0.91 g/cm³,0.08,MT,435,65,7386,[],false,true,"{""Na"":""≤0.0006%"",""Mg"":""≤0.0008%"",""Ca"":""≤0.0015%"",""Fe"":""≤0.0002%""}","{""base_price"":6583,""currency"":""USD"",""unit"":""MT"",""incoterms"":""CIF""}",active,2024-04-09T05:38:30.428Z,2025-12-06T05:38:30.428Z
9ca401dd-eebb-48a4-b916-d050bb630ab8,7e6280d4-3563-4ed6-a2b0-1faeda9e2b74,Technical Grade Other 99.0%,High-quality technical grade other for industrial applications. Reliable quality for manufacturing.,Other,Technical Grade,99.04,,,,,1.09 g/cm³,0.11,MT,396,88,9104,[],false,true,"{""Na"":""≤0.0004%"",""Mg"":""≤0.0007%"",""Ca"":""≤0.0009%"",""Fe"":""≤0.0003%""}","{""base_price"":5996,""currency"":""USD"",""unit"":""MT"",""incoterms"":""CIF""}",active,2024-10-09T05:38:30.428Z,2025-12-07T05:38:30.428Z
5a65a63f-3bdd-4f1c-af6e-de94ca46d24d,56ccd334-43bc-4997-ae06-d6716b6e7101,Battery Grade Lithium Hydroxide 99.87%,High-quality battery grade lithium hydroxide for EV battery applications. Meets strict automotive specifications.,Lithium Hydroxide,Battery Grade,99.87,,56.51,,D50: 51μm,1.35 g/cm³,0.05,MT,11,39,4320,[],false,true,"{""Na"":""≤0.0005%"",""Mg"":""≤0.0006%"",""Ca"":""≤0.0015%"",""Fe"":""≤0.0003%""}","{""base_price"":16308,""currency"":""USD"",""unit"":""MT"",""incoterms"":""CIF""}",active,2024-03-05T05:38:30.428Z,2025-12-21T05:38:30.428Z
ff5b6e75-8244-4214-811d-918e24108624,56ccd334-43bc-4997-ae06-d6716b6e7101,Pharmaceutical Grade Lithium Carbonate 99.51%,High-quality pharmaceutical grade lithium carbonate for industrial applications. Reliable quality for manufacturing.,Lithium Carbonate,Pharmaceutical Grade,99.51,99.51,,,,1.04 g/cm³,0.05,MT,486,57,6398,[],false,true,"{""Na"":""≤0.0005%"",""Mg"":""≤0.0001%"",""Ca"":""≤0.0003%"",""Fe"":""≤0.0002%""}","{""base_price"":7645,""currency"":""USD"",""unit"":""MT"",""incoterms"":""FOB""}",active,2025-06-09T05:38:30.428Z,2025-12-22T05:38:30.428Z
dfd4c672-587f-494e-bb8d-511a24e3ef78,56ccd334-43bc-4997-ae06-d6716b6e7101,Technical Grade Lithium Chloride 98.5%,High-quality technical grade lithium chloride for industrial applications. Reliable quality for manufacturing.,Lithium Chloride,Technical Grade,98.45,,,,,0.95 g/cm³,0.02,MT,238,35,7800,[],false,true,"{""Na"":""≤0.0004%"",""Mg"":""≤0.0005%"",""Ca"":""≤0.0004%"",""Fe"":""≤0.0002%""}","{""base_price"":5797,""currency"":""USD"",""unit"":""MT"",""incoterms"":""CIF""}",active,2025-06-03T05:38:30.428Z,2025-12-11T05:38:30.428Z
49b22758-59ff-48e2-bda6-dabf1fc2410e,56ccd334-43bc-4997-ae06-d6716b6e7101,Pharmaceutical Grade Lithium Carbonate 99.3%,High-quality pharmaceutical grade lithium carbonate for industrial applications. Reliable quality for manufacturing.,Lithium Carbonate,Pharmaceutical Grade,99.31,99.31,,,,1.02 g/cm³,0.15,MT,206,30,1774,[],false,true,"{""Na"":""≤0.0002%"",""Mg"":""≤0.0004%"",""Ca"":""≤0.0003%"",""Fe"":""≤0.0005%""}","{""base_price"":9587,""currency"":""USD"",""unit"":""MT"",""incoterms"":""EXW""}",active,2024-03-16T05:38:30.428Z,2025-12-27T05:38:30.428Z
d34f8990-03e1-4d67-aacc-2e612a8706a5,56ccd334-43bc-4997-ae06-d6716b6e7101,Technical Grade Lithium Hydroxide 99.70%,High-quality technical grade lithium hydroxide for industrial applications. Reliable quality for manufacturing.,Lithium Hydroxide,Technical Grade,99.7,,56.24,,,1.29 g/cm³,0.1,MT,388,72,9928,[],false,true,"{""Na"":""≤0.0005%"",""Mg"":""≤0.0007%"",""Ca"":""≤0.0008%"",""Fe"":""≤0.0005%""}","{""base_price"":5915,""currency"":""USD"",""unit"":""MT"",""incoterms"":""FOB""}",active,2025-03-18T05:38:30.428Z,2025-12-13T05:38:30.428Z
8f56edd1-4135-45b4-a15d-5920295bf50d,56ccd334-43bc-4997-ae06-d6716b6e7101,Technical Grade Lithium Chloride 99.4%,High-quality technical grade lithium chloride for industrial applications. Reliable quality for manufacturing.,Lithium Chloride,Technical Grade,99.41,,,,,1.07 g/cm³,0.07,MT,191,81,5098,[],false,true,"{""Na"":""≤0.0002%"",""Mg"":""≤0.0003%"",""Ca"":""≤0.0006%"",""Fe"":""≤0.0004%""}","{""base_price"":8604,""currency"":""USD"",""unit"":""MT"",""incoterms"":""FOB""}",active,2024-04-24T05:38:30.428Z,2025-12-14T05:38:30.428Z
a86c7694-5431-47a1-89c0-e58a4a1aecba,56ccd334-43bc-4997-ae06-d6716b6e7101,Industrial Grade Recycled Lithium 98.3%,High-quality industrial grade recycled lithium for industrial applications. Reliable quality for manufacturing.,Recycled Lithium,Industrial Grade,98.33,,,,,1.29 g/cm³,0.14,MT,272,30,894,[],false,true,"{""Na"":""≤0.0003%"",""Mg"":""≤0.0009%"",""Ca"":""≤0.0007%"",""Fe"":""≤0.0002%""}","{""base_price"":6771,""currency"":""USD"",""unit"":""MT"",""incoterms"":""EXW""}",active,2024-10-25T05:38:30.428Z,2025-12-10T05:38:30.428Z
993df5aa-ce9d-4147-a617-6b510e0c75aa,56ccd334-43bc-4997-ae06-d6716b6e7101,Battery Grade Lithium Carbonate 99.77%,High-quality battery grade lithium carbonate for EV battery applications. Meets strict automotive specifications.,Lithium Carbonate,Battery Grade,99.77,99.77,,,D50: 55μm,0.88 g/cm³,0.04,MT,48,40,9281,[],false,true,"{""Na"":""≤0.0006%"",""Mg"":""≤0.0006%"",""Ca"":""≤0.0004%"",""Fe"":""≤0.0004%""}","{""base_price"":11004,""currency"":""USD"",""unit"":""MT"",""incoterms"":""CIF""}",active,2024-08-11T05:38:30.428Z,2025-12-13T05:38:30.428Z
9313159b-82e3-46fe-910e-adbb4bc170ce,56ccd334-43bc-4997-ae06-d6716b6e7101,Technical Grade Other 98.2%,High-quality technical grade other for industrial applications. Reliable quality for manufacturing.,Other,Technical Grade,98.18,,,,,1.2 g/cm³,0.1,MT,165,73,7368,[],false,true,"{""Na"":""≤0.0003%"",""Mg"":""≤0.0002%"",""Ca"":""≤0.0012%"",""Fe"":""≤0.0003%""}","{""base_price"":7459,""currency"":""USD"",""unit"":""MT"",""incoterms"":""FOB""}",active,2025-09-19T05:38:30.428Z,2025-12-07T05:38:30.428Z
01d67c2c-ae48-4e04-9fbf-099bf596ab3d,56ccd334-43bc-4997-ae06-d6716b6e7101,Technical Grade Lithium Spodumene,High-quality technical grade lithium spodumene for industrial applications. Reliable quality for manufacturing.,Lithium Spodumene,Technical Grade,,,,6.87,,0.94 g/cm³,0.05,MT,332,88,2020,[],false,true,"{""Na"":""≤0.0002%"",""Mg"":""≤0.0008%"",""Ca"":""≤0.0004%"",""Fe"":""≤0.0004%""}","{""base_price"":6984,""currency"":""USD"",""unit"":""MT"",""incoterms"":""FOB""}",active,2025-01-25T05:38:30.428Z,2025-12-23T05:38:30.428Z
4d1a1ed7-500c-4541-b2e2-b9b45f121025,56ccd334-43bc-4997-ae06-d6716b6e7101,Pharmaceutical Grade Recycled Lithium 99.1%,High-quality pharmaceutical grade recycled lithium for industrial applications. Reliable quality for manufacturing.,Recycled Lithium,Pharmaceutical Grade,99.12,,,,,0.82 g/cm³,0.04,MT,194,83,5867,[],false,true,"{""Na"":""≤0.0004%"",""Mg"":""≤0.0003%"",""Ca"":""≤0.0015%"",""Fe"":""≤0.0004%""}","{""base_price"":8766,""currency"":""USD"",""unit"":""MT"",""incoterms"":""CIF""}",active,2024-04-03T05:38:30.428Z,2025-12-13T05:38:30.428Z
72806a70-ad30-4ac3-bb29-1df56eff55a2,c816b440-d47f-4413-9dd3-2d8098f07ff8,Battery Grade Lithium Carbonate 99.73%,High-quality battery grade lithium carbonate for EV battery applications. Meets strict automotive specifications.,Lithium Carbonate,Battery Grade,99.73,99.73,,,D50: 60μm,1.32 g/cm³,0.15,MT,37,90,5192,[],false,true,"{""Na"":""≤0.0002%"",""Mg"":""≤0.0001%"",""Ca"":""≤0.0006%"",""Fe"":""≤0.0005%""}","{""base_price"":13485,""currency"":""USD"",""unit"":""MT"",""incoterms"":""EXW""}",active,2025-06-18T05:38:30.428Z,2025-12-20T05:38:30.428Z
9d3aae63-355d-4e65-a10e-e6f6465811d6,c816b440-d47f-4413-9dd3-2d8098f07ff8,Industrial Grade Other 98.2%,High-quality industrial grade other for industrial applications. Reliable quality for manufacturing.,Other,Industrial Grade,98.18,,,,,1.03 g/cm³,0.07,MT,382,64,8874,[],false,true,"{""Na"":""≤0.0002%"",""Mg"":""≤0.0005%"",""Ca"":""≤0.001%"",""Fe"":""≤0.0002%""}","{""base_price"":7336,""currency"":""USD"",""unit"":""MT"",""incoterms"":""EXW""}",active,2024-10-15T05:38:30.428Z,2025-12-09T05:38:30.428Z
9e19f5dc-c0db-41fa-aedf-24154ecb4895,c816b440-d47f-4413-9dd3-2d8098f07ff8,Battery Grade Other 98.5%,High-quality battery grade other for EV battery applications. Meets strict automotive specifications.,Other,Battery Grade,98.45,,,,D50: 17μm,1.13 g/cm³,0.04,MT,30,51,5228,[],false,true,"{""Na"":""≤0.0003%"",""Mg"":""≤0.0004%"",""Ca"":""≤0.0006%"",""Fe"":""≤0.0005%""}","{""base_price"":815,""currency"":""USD"",""unit"":""MT"",""incoterms"":""EXW""}",active,2025-03-07T05:38:30.428Z,2025-12-26T05:38:30.428Z
57cc2998-67b6-4b33-9510-ee850e136f77,c816b440-d47f-4413-9dd3-2d8098f07ff8,Industrial Grade Lithium Hydroxide 99.91%,High-quality industrial grade lithium hydroxide for industrial applications. Reliable quality for manufacturing.,Lithium Hydroxide,Industrial Grade,99.91,,56.35,,,0.81 g/cm³,0.11,MT,463,71,8908,[],false,true,"{""Na"":""≤0.0006%"",""Mg"":""≤0.0002%"",""Ca"":""≤0.0017%"",""Fe"":""≤0.0003%""}","{""base_price"":5939,""currency"":""USD"",""unit"":""MT"",""incoterms"":""EXW""}",active,2024-08-30T05:38:30.428Z,2025-12-22T05:38:30.428Z
a9abd236-dbec-4ca2-926f-6d49d959d67d,c816b440-d47f-4413-9dd3-2d8098f07ff8,Battery Grade Lithium Hydroxide 99.57%,High-quality battery grade lithium hydroxide for EV battery applications. Meets strict automotive specifications.,Lithium Hydroxide,Battery Grade,99.57,,56.36,,D50: 38μm,1.23 g/cm³,0.14,MT,19,84,941,[],false,true,"{""Na"":""≤0.0002%"",""Mg"":""≤0.0009%"",""Ca"":""≤0.0017%"",""Fe"":""≤0.0002%""}","{""base_price"":15047,""currency"":""USD"",""unit"":""MT"",""incoterms"":""FOB""}",active,2024-09-09T05:38:30.428Z,2025-12-05T05:38:30.428Z
a04d6abe-30b6-4b54-ab94-44bd3d9c41bd,c816b440-d47f-4413-9dd3-2d8098f07ff8,Technical Grade Lithium Spodumene,High-quality technical grade lithium spodumene for industrial applications. Reliable quality for manufacturing.,Lithium Spodumene,Technical Grade,,,,6.82,,1.01 g/cm³,0.04,MT,343,35,459,[],false,true,"{""Na"":""≤0.0002%"",""Mg"":""≤0.0007%"",""Ca"":""≤0.0015%"",""Fe"":""≤0.0002%""}","{""base_price"":5134,""currency"":""USD"",""unit"":""MT"",""incoterms"":""FOB""}",active,2024-03-08T05:38:30.428Z,2025-12-05T05:38:30.428Z
7cce1744-46a3-45bb-961c-07c694255a3e,c816b440-d47f-4413-9dd3-2d8098f07ff8,Pharmaceutical Grade Lithium Hydroxide 99.71%,High-quality pharmaceutical grade lithium hydroxide for industrial applications. Reliable quality for manufacturing.,Lithium Hydroxide,Pharmaceutical Grade,99.71,,56.03,,,1.18 g/cm³,0.09,MT,399,66,8350,[],false,true,"{""Na"":""≤0.0008%"",""Mg"":""≤0.0005%"",""Ca"":""≤0.0016%"",""Fe"":""≤0.0004%""}","{""base_price"":5845,""currency"":""USD"",""unit"":""MT"",""incoterms"":""CIF""}",active,2025-02-12T05:38:30.428Z,2025-12-23T05:38:30.428Z
15344b8f-c8d7-4800-b684-aab9b987b0ea,4496c558-39c2-486f-8c7b-d621e76a1d0b,Battery Grade Lithium Carbonate 99.89%,High-quality battery grade lithium carbonate for EV battery applications. Meets strict automotive specifications.,Lithium Carbonate,Battery Grade,99.89,99.89,,,D50: 33μm,1.3 g/cm³,0.03,MT,24,69,9905,[],false,true,"{""Na"":""≤0.0002%"",""Mg"":""≤0.0004%"",""Ca"":""≤0.0008%"",""Fe"":""≤0.0004%""}","{""base_price"":11316,""currency"":""USD"",""unit"":""MT"",""incoterms"":""EXW""}",active,2024-06-01T05:38:30.428Z,2025-12-09T05:38:30.428Z
f30b0869-6451-44bc-9f27-48f89f3dcfed,4496c558-39c2-486f-8c7b-d621e76a1d0b,Industrial Grade Other 98.7%,High-quality industrial grade other for industrial applications. Reliable quality for manufacturing.,Other,Industrial Grade,98.65,,,,,1.08 g/cm³,0.04,MT,491,55,2662,[],false,true,"{""Na"":""≤0.0005%"",""Mg"":""≤0.0007%"",""Ca"":""≤0.0012%"",""Fe"":""≤0.0004%""}","{""base_price"":9340,""currency"":""USD"",""unit"":""MT"",""incoterms"":""CIF""}",active,2024-09-21T05:38:30.428Z,2025-12-25T05:38:30.428Z
1552dfe2-35a3-46b6-8095-e374abf287bc,4496c558-39c2-486f-8c7b-d621e76a1d0b,Technical Grade Lithium Spodumene,High-quality technical grade lithium spodumene for industrial applications. Reliable quality for manufacturing.,Lithium Spodumene,Technical Grade,,,,5.91,,0.94 g/cm³,0.02,MT,437,45,9908,[],false,true,"{""Na"":""≤0.0005%"",""Mg"":""≤0.0005%"",""Ca"":""≤0.0015%"",""Fe"":""≤0.0002%""}","{""base_price"":5374,""currency"":""USD"",""unit"":""MT"",""incoterms"":""FOB""}",active,2024-04-14T05:38:30.428Z,2025-12-15T05:38:30.428Z
6fcbd794-9722-4923-b74f-765fe0ebc68f,4496c558-39c2-486f-8c7b-d621e76a1d0b,Pharmaceutical Grade Other 98.4%,High-quality pharmaceutical grade other for industrial applications. Reliable quality for manufacturing.,Other,Pharmaceutical Grade,98.37,,,,,1.27 g/cm³,0.02,MT,440,60,7006,[],false,true,"{""Na"":""≤0.001%"",""Mg"":""≤0.0004%"",""Ca"":""≤0.0002%"",""Fe"":""≤0.0005%""}","{""base_price"":8488,""currency"":""USD"",""unit"":""MT"",""incoterms"":""CIF""}",active,2024-01-18T05:38:30.428Z,2025-12-05T05:38:30.428Z
821245da-3ff3-412b-97d1-62020bd437e2,4496c558-39c2-486f-8c7b-d621e76a1d0b,Battery Grade Other 98.8%,High-quality battery grade other for EV battery applications. Meets strict automotive specifications.,Other,Battery Grade,98.83,,,,D50: 13μm,1.19 g/cm³,0.14,MT,12,62,9165,[],false,true,"{""Na"":""≤0.0002%"",""Mg"":""≤0.0007%"",""Ca"":""≤0.0007%"",""Fe"":""≤0.0002%""}","{""base_price"":1108,""currency"":""USD"",""unit"":""MT"",""incoterms"":""EXW""}",active,2024-03-26T05:38:30.428Z,2025-12-11T05:38:30.428Z
8b3b19d7-6866-411b-b188-969823e51e2c,4496c558-39c2-486f-8c7b-d621e76a1d0b,Industrial Grade Lithium Spodumene,High-quality industrial grade lithium spodumene for industrial applications. Reliable quality for manufacturing.,Lithium Spodumene,Industrial Grade,,,,5.98,,0.81 g/cm³,0.14,MT,411,77,1848,[],false,true,"{""Na"":""≤0.0008%"",""Mg"":""≤0.0007%"",""Ca"":""≤0.0008%"",""Fe"":""≤0.0003%""}","{""base_price"":6445,""currency"":""USD"",""unit"":""MT"",""incoterms"":""EXW""}",active,2025-06-07T05:38:30.428Z,2025-12-28T05:38:30.428Z
04de4729-3feb-4b21-84bb-3cf025aed7d2,4496c558-39c2-486f-8c7b-d621e76a1d0b,Technical Grade Lithium Carbonate 99.5%,High-quality technical grade lithium carbonate for industrial applications. Reliable quality for manufacturing.,Lithium Carbonate,Technical Grade,99.45,99.45,,,,0.95 g/cm³,0.11,MT,421,78,1876,[],false,true,"{""Na"":""≤0.0006%"",""Mg"":""≤0.0002%"",""Ca"":""≤0.0018%"",""Fe"":""≤0.0003%""}","{""base_price"":7661,""currency"":""USD"",""unit"":""MT"",""incoterms"":""FOB""}",active,2025-06-21T05:38:30.428Z,2025-12-10T05:38:30.428Z
3d5dbd02-d9c4-4a1b-8c27-e9f12ce17494,4496c558-39c2-486f-8c7b-d621e76a1d0b,Battery Grade Other 98.4%,High-quality battery grade other for EV battery applications. Meets strict automotive specifications.,Other,Battery Grade,98.43,,,,D50: 56μm,1.1 g/cm³,0.12,MT,28,86,5621,[],false,true,"{""Na"":""≤0.0002%"",""Mg"":""≤0.0005%"",""Ca"":""≤0.0011%"",""Fe"":""≤0.0004%""}","{""base_price"":1169,""currency"":""USD"",""unit"":""MT"",""incoterms"":""EXW""}",active,2024-06-05T05:38:30.428Z,2025-12-15T05:38:30.428Z
98a2b4de-8983-4693-b3c3-1ae1bf777d7c,4496c558-39c2-486f-8c7b-d621e76a1d0b,Technical Grade Lithium Chloride 99.2%,High-quality technical grade lithium chloride for industrial applications. Reliable quality for manufacturing.,Lithium Chloride,Technical Grade,99.21,,,,,0.9 g/cm³,0.14,MT,396,54,5107,[],false,true,"{""Na"":""≤0.0007%"",""Mg"":""≤0.0004%"",""Ca"":""≤0.0002%"",""Fe"":""≤0.0003%""}","{""base_price"":5016,""currency"":""USD"",""unit"":""MT"",""incoterms"":""CIF""}",active,2025-11-24T05:38:30.428Z,2025-12-07T05:38:30.428Z
c6d0e302-0764-4644-b88f-10cd99940691,4496c558-39c2-486f-8c7b-d621e76a1d0b,Industrial Grade Lithium Hydroxide 99.73%,High-quality industrial grade lithium hydroxide for industrial applications. Reliable quality for manufacturing.,Lithium Hydroxide,Industrial Grade,99.73,,56.79,,,0.96 g/cm³,0.05,MT,283,63,6870,[],false,true,"{""Na"":""≤0.0005%"",""Mg"":""≤0.0004%"",""Ca"":""≤0.0019%"",""Fe"":""≤0.0002%""}","{""base_price"":8566,""currency"":""USD"",""unit"":""MT"",""incoterms"":""CIF""}",out_of_stock,2025-09-18T05:38:30.428Z,2025-12-10T05:38:30.428Z
35623279-a37d-40c1-8e0e-354192b3db54,4496c558-39c2-486f-8c7b-d621e76a1d0b,Technical Grade Other 99.3%,High-quality technical grade other for industrial applications. Reliable quality for manufacturing.,Other,Technical Grade,99.26,,,,,0.9 g/cm³,0.07,MT,242,86,9753,[],false,true,"{""Na"":""≤0.0008%"",""Mg"":""≤0.0006%"",""Ca"":""≤0.0013%"",""Fe"":""≤0.0003%""}","{""base_price"":9821,""currency"":""USD"",""unit"":""MT"",""incoterms"":""EXW""}",active,2025-07-22T05:38:30.428Z,2025-12-25T05:38:30.428Z
b58ee17a-2474-4671-a5d5-fdffcf9955dd,4496c558-39c2-486f-8c7b-d621e76a1d0b,Pharmaceutical Grade Lithium Spodumene,High-quality pharmaceutical grade lithium spodumene for industrial applications. Reliable quality for manufacturing.,Lithium Spodumene,Pharmaceutical Grade,,,,5.73,,1.04 g/cm³,0.08,MT,392,36,2835,[],false,true,"{""Na"":""≤0.0004%"",""Mg"":""≤0.0006%"",""Ca"":""≤0.0002%"",""Fe"":""≤0.0003%""}","{""base_price"":6373,""currency"":""USD"",""unit"":""MT"",""incoterms"":""FOB""}",active,2024-12-17T05:38:30.428Z,2025-12-08T05:38:30.428Z
9ead42f3-54a1-4a9e-9381-69510a1dc66e,4496c558-39c2-486f-8c7b-d621e76a1d0b,Pharmaceutical Grade Lithium Chloride 99.4%,High-quality pharmaceutical grade lithium chloride for industrial applications. Reliable quality for manufacturing.,Lithium Chloride,Pharmaceutical Grade,99.39,,,,,1.19 g/cm³,0.1,MT,142,61,6646,[],false,true,"{""Na"":""≤0.0004%"",""Mg"":""≤0.0006%"",""Ca"":""≤0.0009%"",""Fe"":""≤0.0003%""}","{""base_price"":5513,""currency"":""USD"",""unit"":""MT"",""incoterms"":""CIF""}",active,2024-04-01T05:38:30.428Z,2025-12-15T05:38:30.428Z
7205e42b-14a3-4b45-8a99-5dfa674ee258,90be6962-3f84-4ae1-b418-fc65256c02d0,Pharmaceutical Grade Lithium Hydroxide 99.55%,High-quality pharmaceutical grade lithium hydroxide for industrial applications. Reliable quality for manufacturing.,Lithium Hydroxide,Pharmaceutical Grade,99.55,,56.87,,,1.25 g/cm³,0.05,MT,184,45,2713,[],false,true,"{""Na"":""≤0.0009%"",""Mg"":""≤0.0008%"",""Ca"":""≤0.0002%"",""Fe"":""≤0.0001%""}","{""base_price"":5557,""currency"":""USD"",""unit"":""MT"",""incoterms"":""CIF""}",active,2025-04-25T05:38:30.428Z,2025-12-20T05:38:30.428Z
72d3276f-7509-495f-baa6-235de9c1c34b,90be6962-3f84-4ae1-b418-fc65256c02d0,Technical Grade Other 99.4%,High-quality technical grade other for industrial applications. Reliable quality for manufacturing.,Other,Technical Grade,99.42,,,,,1.12 g/cm³,0.13,MT,160,86,9243,[],false,true,"{""Na"":""≤0.0002%"",""Mg"":""≤0.0006%"",""Ca"":""≤0.002%"",""Fe"":""≤0.0002%""}","{""base_price"":9554,""currency"":""USD"",""unit"":""MT"",""incoterms"":""EXW""}",active,2024-02-03T05:38:30.428Z,2025-12-24T05:38:30.428Z
2677dd17-ab10-48f1-ad61-3336ec0aad1e,90be6962-3f84-4ae1-b418-fc65256c02d0,Pharmaceutical Grade Lithium Chloride 99.2%,High-quality pharmaceutical grade lithium chloride for industrial applications. Reliable quality for manufacturing.,Lithium Chloride,Pharmaceutical Grade,99.16,,,,,1.22 g/cm³,0.09,MT,63,50,2163,[],false,true,"{""Na"":""≤0.0004%"",""Mg"":""≤0.001%"",""Ca"":""≤0.002%"",""Fe"":""≤0.0004%""}","{""base_price"":6134,""currency"":""USD"",""unit"":""MT"",""incoterms"":""EXW""}",active,2025-04-16T05:38:30.428Z,2025-12-03T05:38:30.428Z
78a1319b-0633-4cf2-8a5d-c994d17ec400,90be6962-3f84-4ae1-b418-fc65256c02d0,Technical Grade Lithium Carbonate 99.4%,High-quality technical grade lithium carbonate for industrial applications. Reliable quality for manufacturing.,Lithium Carbonate,Technical Grade,99.39,99.39,,,,1.02 g/cm³,0.14,MT,86,76,7593,[],false,true,"{""Na"":""≤0.0004%"",""Mg"":""≤0.0007%"",""Ca"":""≤0.001%"",""Fe"":""≤0.0001%""}","{""base_price"":7050,""currency"":""USD"",""unit"":""MT"",""incoterms"":""EXW""}",active,2025-01-14T05:38:30.428Z,2025-12-09T05:38:30.428Z
8e6fbe8e-245b-4dbf-8f38-fe394585136f,90be6962-3f84-4ae1-b418-fc65256c02d0,Battery Grade Recycled Lithium 98.6%,High-quality battery grade recycled lithium for EV battery applications. Meets strict automotive specifications.,Recycled Lithium,Battery Grade,98.57,,,,D50: 59μm,0.99 g/cm³,0.1,MT,43,72,5249,[],false,true,"{""Na"":""≤0.0007%"",""Mg"":""≤0.001%"",""Ca"":""≤0.0018%"",""Fe"":""≤0.0004%""}","{""base_price"":1148,""currency"":""USD"",""unit"":""MT"",""incoterms"":""FOB""}",active,2025-09-14T05:38:30.428Z,2025-12-13T05:38:30.428Z
dd2f48dd-a37e-45dd-ab58-35c00ccaa83e,90be6962-3f84-4ae1-b418-fc65256c02d0,Industrial Grade Lithium Chloride 98.4%,High-quality industrial grade lithium chloride for industrial applications. Reliable quality for manufacturing.,Lithium Chloride,Industrial Grade,98.37,,,,,1.11 g/cm³,0.03,MT,161,88,6487,[],false,true,"{""Na"":""≤0.001%"",""Mg"":""≤0.0002%"",""Ca"":""≤0.0002%"",""Fe"":""≤0.0002%""}","{""base_price"":9538,""currency"":""USD"",""unit"":""MT"",""incoterms"":""CIF""}",active,2024-11-04T05:38:30.428Z,2026-01-01T05:38:30.428Z
56fecd55-8884-4cc5-a710-3a9d814527a2,90be6962-3f84-4ae1-b418-fc65256c02d0,Technical Grade Recycled Lithium 98.2%,High-quality technical grade recycled lithium for industrial applications. Reliable quality for manufacturing.,Recycled Lithium,Technical Grade,98.22,,,,,1.01 g/cm³,0.05,MT,180,90,5252,[],false,true,"{""Na"":""≤0.0003%"",""Mg"":""≤0.0006%"",""Ca"":""≤0.0004%"",""Fe"":""≤0.0004%""}","{""base_price"":6053,""currency"":""USD"",""unit"":""MT"",""incoterms"":""EXW""}",active,2024-10-23T05:38:30.428Z,2025-12-31T05:38:30.428Z
8e6bb9be-2154-4d7a-8810-76846ef445a4,90be6962-3f84-4ae1-b418-fc65256c02d0,Technical Grade Other 99.5%,High-quality technical grade other for industrial applications. Reliable quality for manufacturing.,Other,Technical Grade,99.48,,,,,1.05 g/cm³,0.12,MT,403,41,4104,[],false,true,"{""Na"":""≤0.0006%"",""Mg"":""≤0.0004%"",""Ca"":""≤0.0006%"",""Fe"":""≤0.0001%""}","{""base_price"":6060,""currency"":""USD"",""unit"":""MT"",""incoterms"":""CIF""}",active,2025-01-01T05:38:30.428Z,2025-12-18T05:38:30.428Z
24ee55a0-4fac-43f2-8d7d-a31052b15854,90be6962-3f84-4ae1-b418-fc65256c02d0,Technical Grade Lithium Carbonate 99.4%,High-quality technical grade lithium carbonate for industrial applications. Reliable quality for manufacturing.,Lithium Carbonate,Technical Grade,99.44,99.44,,,,1.18 g/cm³,0.03,MT,324,59,9841,[],false,true,"{""Na"":""≤0.0002%"",""Mg"":""≤0.0006%"",""Ca"":""≤0.0013%"",""Fe"":""≤0.0004%""}","{""base_price"":9701,""currency"":""USD"",""unit"":""MT"",""incoterms"":""EXW""}",out_of_stock,2024-08-04T05:38:30.428Z,2025-12-13T05:38:30.428Z
6d5c3798-cbc9-4fa7-bf40-104eecb83237,90be6962-3f84-4ae1-b418-fc65256c02d0,Pharmaceutical Grade Recycled Lithium 98.7%,High-quality pharmaceutical grade recycled lithium for industrial applications. Reliable quality for manufacturing.,Recycled Lithium,Pharmaceutical Grade,98.65,,,,,0.97 g/cm³,0.12,MT,464,67,1429,[],false,true,"{""Na"":""≤0.0002%"",""Mg"":""≤0.0008%"",""Ca"":""≤0.0012%"",""Fe"":""≤0.0004%""}","{""base_price"":9636,""currency"":""USD"",""unit"":""MT"",""incoterms"":""EXW""}",active,2024-04-14T05:38:30.428Z,2025-12-05T05:38:30.428Z
ed9c2636-21cb-43ba-a088-419f982dfa69,b7b17528-c4fd-4a36-a27a-eb178e66ee70,Industrial Grade Lithium Spodumene,High-quality industrial grade lithium spodumene for industrial applications. Reliable quality for manufacturing.,Lithium Spodumene,Industrial Grade,,,,6.38,,0.87 g/cm³,0.06,MT,170,44,6525,[],false,true,"{""Na"":""≤0.0007%"",""Mg"":""≤0.0007%"",""Ca"":""≤0.001%"",""Fe"":""≤0.0003%""}","{""base_price"":7393,""currency"":""USD"",""unit"":""MT"",""incoterms"":""CIF""}",active,2024-07-30T05:38:30.428Z,2025-12-27T05:38:30.428Z
ec7024da-062e-4346-8004-325bf2f8ab3b,b7b17528-c4fd-4a36-a27a-eb178e66ee70,Pharmaceutical Grade Lithium Spodumene,High-quality pharmaceutical grade lithium spodumene for industrial applications. Reliable quality for manufacturing.,Lithium Spodumene,Pharmaceutical Grade,,,,6.46,,1.17 g/cm³,0.02,MT,343,56,5126,[],false,true,"{""Na"":""≤0.0003%"",""Mg"":""≤0.0009%"",""Ca"":""≤0.0011%"",""Fe"":""≤0.0003%""}","{""base_price"":6617,""currency"":""USD"",""unit"":""MT"",""incoterms"":""FOB""}",active,2025-04-29T05:38:30.428Z,2025-12-10T05:38:30.428Z
64e57476-73d1-4beb-8109-2d0f661b3a6a,b7b17528-c4fd-4a36-a27a-eb178e66ee70,Pharmaceutical Grade Lithium Spodumene,High-quality pharmaceutical grade lithium spodumene for industrial applications. Reliable quality for manufacturing.,Lithium Spodumene,Pharmaceutical Grade,,,,6.32,,1.24 g/cm³,0.02,MT,358,57,6873,[],false,true,"{""Na"":""≤0.0003%"",""Mg"":""≤0.0009%"",""Ca"":""≤0.0009%"",""Fe"":""≤0.0003%""}","{""base_price"":5529,""currency"":""USD"",""unit"":""MT"",""incoterms"":""FOB""}",active,2025-01-06T05:38:30.428Z,2025-12-08T05:38:30.428Z
0ae13f4b-d0cb-4821-954c-d5a1d75a752a,b7b17528-c4fd-4a36-a27a-eb178e66ee70,Technical Grade Lithium Carbonate 99.59%,High-quality technical grade lithium carbonate for industrial applications. Reliable quality for manufacturing.,Lithium Carbonate,Technical Grade,99.59,99.59,,,,1.19 g/cm³,0.11,MT,368,35,9286,[],false,true,"{""Na"":""≤0.0003%"",""Mg"":""≤0.001%"",""Ca"":""≤0.0004%"",""Fe"":""≤0.0003%""}","{""base_price"":8828,""currency"":""USD"",""unit"":""MT"",""incoterms"":""EXW""}",out_of_stock,2024-09-20T05:38:30.428Z,2025-12-18T05:38:30.428Z
0f92dfcf-3b2b-416e-b060-e0c8b34c0c42,b7b17528-c4fd-4a36-a27a-eb178e66ee70,Industrial Grade Lithium Hydroxide 99.54%,High-quality industrial grade lithium hydroxide for industrial applications. Reliable quality for manufacturing.,Lithium Hydroxide,Industrial Grade,99.54,,57,,,0.97 g/cm³,0.08,MT,255,51,7061,[],false,true,"{""Na"":""≤0.001%"",""Mg"":""≤0.0008%"",""Ca"":""≤0.0015%"",""Fe"":""≤0.0003%""}","{""base_price"":5626,""currency"":""USD"",""unit"":""MT"",""incoterms"":""EXW""}",active,2024-10-25T05:38:30.428Z,2025-12-11T05:38:30.428Z
62d621cf-b305-44b3-ae48-776fc9759f6f,b7b17528-c4fd-4a36-a27a-eb178e66ee70,Battery Grade Lithium Spodumene,High-quality battery grade lithium spodumene for EV battery applications. Meets strict automotive specifications.,Lithium Spodumene,Battery Grade,,,,6.85,D50: 24μm,1.27 g/cm³,0.06,MT,43,31,9228,[],false,true,"{""Na"":""≤0.0009%"",""Mg"":""≤0.0006%"",""Ca"":""≤0.0018%"",""Fe"":""≤0.0001%""}","{""base_price"":1088,""currency"":""USD"",""unit"":""MT"",""incoterms"":""EXW""}",active,2025-01-27T05:38:30.428Z,2025-12-13T05:38:30.428Z
a96a786a-4cc6-4c81-ad7d-fdb3f6e2752e,b7b17528-c4fd-4a36-a27a-eb178e66ee70,Pharmaceutical Grade Recycled Lithium 98.8%,High-quality pharmaceutical grade recycled lithium for industrial applications. Reliable quality for manufacturing.,Recycled Lithium,Pharmaceutical Grade,98.81,,,,,1.1 g/cm³,0.07,MT,179,60,5871,[],false,true,"{""Na"":""≤0.0002%"",""Mg"":""≤0.0004%"",""Ca"":""≤0.0013%"",""Fe"":""≤0.0002%""}","{""base_price"":8297,""currency"":""USD"",""unit"":""MT"",""incoterms"":""FOB""}",active,2024-07-23T05:38:30.428Z,2025-12-28T05:38:30.428Z
0c9f06ad-f5f4-4305-a5de-9f81f5957bc9,b7b17528-c4fd-4a36-a27a-eb178e66ee70,Technical Grade Lithium Carbonate 99.5%,High-quality technical grade lithium carbonate for industrial applications. Reliable quality for manufacturing.,Lithium Carbonate,Technical Grade,99.48,99.48,,,,0.96 g/cm³,0.07,MT,177,87,1863,[],false,true,"{""Na"":""≤0.0008%"",""Mg"":""≤0.0002%"",""Ca"":""≤0.0018%"",""Fe"":""≤0.0004%""}","{""base_price"":5007,""currency"":""USD"",""unit"":""MT"",""incoterms"":""CIF""}",active,2024-04-06T05:38:30.428Z,2025-12-25T05:38:30.428Z
4cfba69e-a609-467b-958f-a454f96dade3,b7b17528-c4fd-4a36-a27a-eb178e66ee70,Technical Grade Lithium Hydroxide 99.66%,High-quality technical grade lithium hydroxide for industrial applications. Reliable quality for manufacturing.,Lithium Hydroxide,Technical Grade,99.66,,56.55,,,1.3 g/cm³,0.01,MT,207,78,6332,[],false,true,"{""Na"":""≤0.0008%"",""Mg"":""≤0.0006%"",""Ca"":""≤0.0012%"",""Fe"":""≤0.0002%""}","{""base_price"":5745,""currency"":""USD"",""unit"":""MT"",""incoterms"":""CIF""}",out_of_stock,2025-05-28T05:38:30.428Z,2025-12-20T05:38:30.428Z
f82d344a-e0ad-4dc2-8749-0f128a288435,b7b17528-c4fd-4a36-a27a-eb178e66ee70,Technical Grade Lithium Carbonate 99.75%,High-quality technical grade lithium carbonate for industrial applications. Reliable quality for manufacturing.,Lithium Carbonate,Technical Grade,99.75,99.75,,,,1.11 g/cm³,0.1,MT,262,82,7791,[],false,true,"{""Na"":""≤0.0003%"",""Mg"":""≤0.0005%"",""Ca"":""≤0.0003%"",""Fe"":""≤0.0001%""}","{""base_price"":8021,""currency"":""USD"",""unit"":""MT"",""incoterms"":""CIF""}",active,2024-02-05T05:38:30.428Z,2025-12-31T05:38:30.428Z
90b5031b-6a44-4529-a190-df0b7acd08a5,170c951d-32a9-4902-8594-379c4591e480,Battery Grade Lithium Spodumene,High-quality battery grade lithium spodumene for EV battery applications. Meets strict automotive specifications.,Lithium Spodumene,Battery Grade,,,,5.82,D50: 37μm,0.92 g/cm³,0.03,MT,31,88,3575,[],false,true,"{""Na"":""≤0.0006%"",""Mg"":""≤0.0007%"",""Ca"":""≤0.0009%"",""Fe"":""≤0.0002%""}","{""base_price"":944,""currency"":""USD"",""unit"":""MT"",""incoterms"":""CIF""}",active,2025-03-16T05:38:30.428Z,2025-12-03T05:38:30.428Z
897be41d-a61e-47f5-adcb-9a03e4e78ca5,170c951d-32a9-4902-8594-379c4591e480,Battery Grade Other 99.50%,High-quality battery grade other for EV battery applications. Meets strict automotive specifications.,Other,Battery Grade,99.5,,,,D50: 39μm,1.12 g/cm³,0.06,MT,16,41,4820,[],false,true,"{""Na"":""≤0.0009%"",""Mg"":""≤0.0009%"",""Ca"":""≤0.0006%"",""Fe"":""≤0.0004%""}","{""base_price"":1033,""currency"":""USD"",""unit"":""MT"",""incoterms"":""CIF""}",active,2024-08-17T05:38:30.428Z,2025-12-25T05:38:30.428Z
bdbc0244-877e-430f-810e-fedf06fc0dbb,170c951d-32a9-4902-8594-379c4591e480,Pharmaceutical Grade Lithium Carbonate 99.65%,High-quality pharmaceutical grade lithium carbonate for industrial applications. Reliable quality for manufacturing.,Lithium Carbonate,Pharmaceutical Grade,99.65,99.65,,,,1.06 g/cm³,0.04,MT,489,65,9936,[],false,true,"{""Na"":""≤0.0009%"",""Mg"":""≤0.0005%"",""Ca"":""≤0.0009%"",""Fe"":""≤0.0004%""}","{""base_price"":5525,""currency"":""USD"",""unit"":""MT"",""incoterms"":""EXW""}",active,2025-10-06T05:38:30.428Z,2026-01-01T05:38:30.428Z
e00dcce2-3663-41be-a18c-e702d5dd91f1,170c951d-32a9-4902-8594-379c4591e480,Battery Grade Lithium Carbonate 99.3%,High-quality battery grade lithium carbonate for EV battery applications. Meets strict automotive specifications.,Lithium Carbonate,Battery Grade,99.32,99.32,,,D50: 60μm,1.16 g/cm³,0.07,MT,41,72,5398,[],false,true,"{""Na"":""≤0.0005%"",""Mg"":""≤0.0002%"",""Ca"":""≤0.0016%"",""Fe"":""≤0.0002%""}","{""base_price"":14348,""currency"":""USD"",""unit"":""MT"",""incoterms"":""FOB""}",active,2025-03-11T05:38:30.428Z,2025-12-16T05:38:30.428Z
492b07fb-a990-48cf-babc-ebd99a918b06,170c951d-32a9-4902-8594-379c4591e480,Industrial Grade Lithium Chloride 99.3%,High-quality industrial grade lithium chloride for industrial applications. Reliable quality for manufacturing.,Lithium Chloride,Industrial Grade,99.32,,,,,1.26 g/cm³,0.09,MT,138,84,3539,[],false,true,"{""Na"":""≤0.0005%"",""Mg"":""≤0.0009%"",""Ca"":""≤0.0017%"",""Fe"":""≤0.0005%""}","{""base_price"":9971,""currency"":""USD"",""unit"":""MT"",""incoterms"":""FOB""}",active,2024-10-17T05:38:30.428Z,2025-12-27T05:38:30.428Z
d8c02380-9975-45ee-8e69-cab64d692379,170c951d-32a9-4902-8594-379c4591e480,Battery Grade Other 98.8%,High-quality battery grade other for EV battery applications. Meets strict automotive specifications.,Other,Battery Grade,98.81,,,,D50: 60μm,1.32 g/cm³,0.13,MT,12,41,3660,[],false,true,"{""Na"":""≤0.001%"",""Mg"":""≤0.0009%"",""Ca"":""≤0.0015%"",""Fe"":""≤0.0004%""}","{""base_price"":874,""currency"":""USD"",""unit"":""MT"",""incoterms"":""CIF""}",active,2024-08-05T05:38:30.428Z,2025-12-12T05:38:30.428Z
ad1be46d-8568-4a3d-876a-8e8b17f1dc8e,170c951d-32a9-4902-8594-379c4591e480,Pharmaceutical Grade Other 98.9%,High-quality pharmaceutical grade other for industrial applications. Reliable quality for manufacturing.,Other,Pharmaceutical Grade,98.94,,,,,1.02 g/cm³,0.08,MT,221,51,162,[],false,true,"{""Na"":""≤0.001%"",""Mg"":""≤0.0005%"",""Ca"":""≤0.0006%"",""Fe"":""≤0.0002%""}","{""base_price"":8913,""currency"":""USD"",""unit"":""MT"",""incoterms"":""EXW""}",active,2024-09-26T05:38:30.428Z,2026-01-02T05:38:30.428Z
8f25f20b-ea0a-47a3-9b2b-2ac1448a63d3,170c951d-32a9-4902-8594-379c4591e480,Industrial Grade Lithium Chloride 98.6%,High-quality industrial grade lithium chloride for industrial applications. Reliable quality for manufacturing.,Lithium Chloride,Industrial Grade,98.58,,,,,0.83 g/cm³,0.13,MT,234,49,8965,[],false,true,"{""Na"":""≤0.0003%"",""Mg"":""≤0.0009%"",""Ca"":""≤0.0005%"",""Fe"":""≤0.0002%""}","{""base_price"":8091,""currency"":""USD"",""unit"":""MT"",""incoterms"":""EXW""}",active,2024-04-06T05:38:30.428Z,2025-12-10T05:38:30.428Z
b0e45ab2-71e3-453f-a6f4-23a2c4a329b1,170c951d-32a9-4902-8594-379c4591e480,Pharmaceutical Grade Lithium Hydroxide 99.94%,High-quality pharmaceutical grade lithium hydroxide for industrial applications. Reliable quality for manufacturing.,Lithium Hydroxide,Pharmaceutical Grade,99.94,,56.5,,,0.85 g/cm³,0.07,MT,421,31,6088,[],false,true,"{""Na"":""≤0.0006%"",""Mg"":""≤0.0003%"",""Ca"":""≤0.0008%"",""Fe"":""≤0.0001%""}","{""base_price"":7161,""currency"":""USD"",""unit"":""MT"",""incoterms"":""FOB""}",active,2025-08-22T05:38:30.428Z,2025-12-30T05:38:30.428Z
d635407a-3c64-4804-96ef-3d986381fa2a,170c951d-32a9-4902-8594-379c4591e480,Industrial Grade Other 99.1%,High-quality industrial grade other for industrial applications. Reliable quality for manufacturing.,Other,Industrial Grade,99.1,,,,,0.9 g/cm³,0.08,MT,284,88,6780,[],false,true,"{""Na"":""≤0.001%"",""Mg"":""≤0.0008%"",""Ca"":""≤0.0012%"",""Fe"":""≤0.0003%""}","{""base_price"":9696,""currency"":""USD"",""unit"":""MT"",""incoterms"":""EXW""}",active,2024-01-12T05:38:30.428Z,2025-12-13T05:38:30.428Z
2810d86c-7e56-487b-a539-fff86e1d77aa,170c951d-32a9-4902-8594-379c4591e480,Pharmaceutical Grade Lithium Spodumene,High-quality pharmaceutical grade lithium spodumene for industrial applications. Reliable quality for manufacturing.,Lithium Spodumene,Pharmaceutical Grade,,,,6.22,,1.29 g/cm³,0.07,MT,189,68,7341,[],false,true,"{""Na"":""≤0.0007%"",""Mg"":""≤0.0007%"",""Ca"":""≤0.0005%"",""Fe"":""≤0.0003%""}","{""base_price"":9229,""currency"":""USD"",""unit"":""MT"",""incoterms"":""EXW""}",active,2025-10-28T05:38:30.428Z,2025-12-29T05:38:30.428Z
a5e5d76b-5bcb-449d-b809-0e372fa0f545,170c951d-32a9-4902-8594-379c4591e480,Pharmaceutical Grade Recycled Lithium 98.4%,High-quality pharmaceutical grade recycled lithium for industrial applications. Reliable quality for manufacturing.,Recycled Lithium,Pharmaceutical Grade,98.38,,,,,1.03 g/cm³,0.02,MT,472,45,5569,[],false,true,"{""Na"":""≤0.0009%"",""Mg"":""≤0.0009%"",""Ca"":""≤0.0005%"",""Fe"":""≤0.0002%""}","{""base_price"":6853,""currency"":""USD"",""unit"":""MT"",""incoterms"":""EXW""}",active,2025-09-03T05:38:30.428Z,2025-12-19T05:38:30.428Z
e1d74c48-379d-4130-9fc6-a14d87918379,170c951d-32a9-4902-8594-379c4591e480,Pharmaceutical Grade Lithium Spodumene,High-quality pharmaceutical grade lithium spodumene for industrial applications. Reliable quality for manufacturing.,Lithium Spodumene,Pharmaceutical Grade,,,,6.86,,1.22 g/cm³,0.1,MT,185,32,2058,[],false,true,"{""Na"":""≤0.0003%"",""Mg"":""≤0.0004%"",""Ca"":""≤0.002%"",""Fe"":""≤0.0004%""}","{""base_price"":6801,""currency"":""USD"",""unit"":""MT"",""incoterms"":""CIF""}",active,2025-01-22T05:38:30.428Z,2025-12-18T05:38:30.428Z
c959200d-f806-4103-be92-1fb18e6059aa,71d2fbdb-0b1f-45df-b294-45de2760278a,Industrial Grade Lithium Spodumene,High-quality industrial grade lithium spodumene for industrial applications. Reliable quality for manufacturing.,Lithium Spodumene,Industrial Grade,,,,5.84,,0.82 g/cm³,0.08,MT,190,81,4011,[],false,true,"{""Na"":""≤0.0007%"",""Mg"":""≤0.0003%"",""Ca"":""≤0.0016%"",""Fe"":""≤0.0002%""}","{""base_price"":6946,""currency"":""USD"",""unit"":""MT"",""incoterms"":""EXW""}",active,2025-01-10T05:38:30.428Z,2025-12-25T05:38:30.428Z
32e4c225-7316-4c9d-9a68-d6f5b19ff345,71d2fbdb-0b1f-45df-b294-45de2760278a,Industrial Grade Lithium Chloride 98.3%,High-quality industrial grade lithium chloride for industrial applications. Reliable quality for manufacturing.,Lithium Chloride,Industrial Grade,98.28,,,,,0.99 g/cm³,0.07,MT,256,61,7865,[],false,true,"{""Na"":""≤0.0002%"",""Mg"":""≤0.0005%"",""Ca"":""≤0.0013%"",""Fe"":""≤0.0003%""}","{""base_price"":6081,""currency"":""USD"",""unit"":""MT"",""incoterms"":""CIF""}",active,2024-11-15T05:38:30.428Z,2025-12-09T05:38:30.428Z
a7ceedfc-5df3-44e9-b2f2-48631e0ad499,71d2fbdb-0b1f-45df-b294-45de2760278a,Battery Grade Recycled Lithium 99.1%,High-quality battery grade recycled lithium for EV battery applications. Meets strict automotive specifications.,Recycled Lithium,Battery Grade,99.08,,,,D50: 46μm,1.19 g/cm³,0.06,MT,32,54,5979,[],false,true,"{""Na"":""≤0.0002%"",""Mg"":""≤0.0005%"",""Ca"":""≤0.0002%"",""Fe"":""≤0.0004%""}","{""base_price"":1178,""currency"":""USD"",""unit"":""MT"",""incoterms"":""EXW""}",active,2025-01-26T05:38:30.428Z,2025-12-24T05:38:30.428Z
934aca28-8a46-46c4-b1d8-146bd5fcc300,71d2fbdb-0b1f-45df-b294-45de2760278a,Technical Grade Other 98.4%,High-quality technical grade other for industrial applications. Reliable quality for manufacturing.,Other,Technical Grade,98.39,,,,,1.32 g/cm³,0.11,MT,367,37,4167,[],false,true,"{""Na"":""≤0.0003%"",""Mg"":""≤0.0002%"",""Ca"":""≤0.0004%"",""Fe"":""≤0.0003%""}","{""base_price"":7466,""currency"":""USD"",""unit"":""MT"",""incoterms"":""FOB""}",active,2024-09-06T05:38:30.428Z,2025-12-08T05:38:30.428Z
3bc94c49-f229-4b13-9a7d-07c15e5113bb,71d2fbdb-0b1f-45df-b294-45de2760278a,Technical Grade Lithium Hydroxide 99.83%,High-quality technical grade lithium hydroxide for industrial applications. Reliable quality for manufacturing.,Lithium Hydroxide,Technical Grade,99.83,,56.74,,,0.85 g/cm³,0.14,MT,132,63,4962,[],false,true,"{""Na"":""≤0.0006%"",""Mg"":""≤0.0006%"",""Ca"":""≤0.0009%"",""Fe"":""≤0.0004%""}","{""base_price"":9848,""currency"":""USD"",""unit"":""MT"",""incoterms"":""EXW""}",active,2025-08-08T05:38:30.428Z,2025-12-08T05:38:30.428Z
c1c7ea7d-3bdc-469a-ad90-cfa1bbcdb9f3,71d2fbdb-0b1f-45df-b294-45de2760278a,Pharmaceutical Grade Lithium Chloride 99.0%,High-quality pharmaceutical grade lithium chloride for industrial applications. Reliable quality for manufacturing.,Lithium Chloride,Pharmaceutical Grade,99.05,,,,,1.07 g/cm³,0.11,MT,439,71,3540,[],false,true,"{""Na"":""≤0.0008%"",""Mg"":""≤0.0005%"",""Ca"":""≤0.0015%"",""Fe"":""≤0.0004%""}","{""base_price"":5027,""currency"":""USD"",""unit"":""MT"",""incoterms"":""EXW""}",active,2024-08-06T05:38:30.428Z,2025-12-12T05:38:30.428Z
eeb041aa-b422-4b93-b167-eac6b132a8b7,71d2fbdb-0b1f-45df-b294-45de2760278a,Battery Grade Lithium Chloride 98.6%,High-quality battery grade lithium chloride for EV battery applications. Meets strict automotive specifications.,Lithium Chloride,Battery Grade,98.59,,,,D50: 28μm,1 g/cm³,0.05,MT,35,65,8062,[],false,true,"{""Na"":""≤0.0006%"",""Mg"":""≤0.0008%"",""Ca"":""≤0.0003%"",""Fe"":""≤0.0003%""}","{""base_price"":1015,""currency"":""USD"",""unit"":""MT"",""incoterms"":""FOB""}",active,2025-02-03T05:38:30.428Z,2025-12-20T05:38:30.428Z
81f39bf9-58cb-4ae9-baf7-3451c7cda764,cbf172d5-a1ac-4e8a-afc0-e4f5ac9c76ac,Industrial Grade Lithium Chloride 98.7%,High-quality industrial grade lithium chloride for industrial applications. Reliable quality for manufacturing.,Lithium Chloride,Industrial Grade,98.74,,,,,1.25 g/cm³,0.04,MT,278,86,3583,[],false,true,"{""Na"":""≤0.0001%"",""Mg"":""≤0.0002%"",""Ca"":""≤0.0001%"",""Fe"":""≤0.0003%""}","{""base_price"":8067,""currency"":""USD"",""unit"":""MT"",""incoterms"":""FOB""}",active,2025-08-17T05:38:30.428Z,2025-12-22T05:38:30.428Z
e8aa077d-9ebc-4d71-a98c-3a542b335d52,cbf172d5-a1ac-4e8a-afc0-e4f5ac9c76ac,Industrial Grade Other 98.4%,High-quality industrial grade other for industrial applications. Reliable quality for manufacturing.,Other,Industrial Grade,98.44,,,,,1.28 g/cm³,0.02,MT,51,53,8769,[],false,true,"{""Na"":""≤0.0003%"",""Mg"":""≤0.0008%"",""Ca"":""≤0.001%"",""Fe"":""≤0.0002%""}","{""base_price"":6235,""currency"":""USD"",""unit"":""MT"",""incoterms"":""EXW""}",out_of_stock,2025-11-07T05:38:30.428Z,2025-12-31T05:38:30.428Z
8197775f-ed58-4eb9-b903-473e7fe14800,cbf172d5-a1ac-4e8a-afc0-e4f5ac9c76ac,Industrial Grade Lithium Hydroxide 99.85%,High-quality industrial grade lithium hydroxide for industrial applications. Reliable quality for manufacturing.,Lithium Hydroxide,Industrial Grade,99.85,,56.31,,,1.11 g/cm³,0.09,MT,163,54,3410,[],false,true,"{""Na"":""≤0.0009%"",""Mg"":""≤0.0001%"",""Ca"":""≤0.0018%"",""Fe"":""≤0.0005%""}","{""base_price"":8055,""currency"":""USD"",""unit"":""MT"",""incoterms"":""EXW""}",active,2024-03-02T05:38:30.428Z,2025-12-21T05:38:30.428Z
523681ce-6a16-4fe6-8339-c5e7d80a01f7,cbf172d5-a1ac-4e8a-afc0-e4f5ac9c76ac,Technical Grade Lithium Spodumene,High-quality technical grade lithium spodumene for industrial applications. Reliable quality for manufacturing.,Lithium Spodumene,Technical Grade,,,,6.27,,1.2 g/cm³,0.02,MT,299,45,4880,[],false,true,"{""Na"":""≤0.0005%"",""Mg"":""≤0.0003%"",""Ca"":""≤0.0019%"",""Fe"":""≤0.0003%""}","{""base_price"":6894,""currency"":""USD"",""unit"":""MT"",""incoterms"":""EXW""}",active,2024-10-31T05:38:30.428Z,2025-12-16T05:38:30.428Z
e2c33d76-6730-4f9a-b0ae-722247221afe,cbf172d5-a1ac-4e8a-afc0-e4f5ac9c76ac,Industrial Grade Lithium Spodumene,High-quality industrial grade lithium spodumene for industrial applications. Reliable quality for manufacturing.,Lithium Spodumene,Industrial Grade,,,,5.77,,1.03 g/cm³,0.08,MT,82,89,9928,[],false,true,"{""Na"":""≤0.0005%"",""Mg"":""≤0.0004%"",""Ca"":""≤0.0001%"",""Fe"":""≤0.0002%""}","{""base_price"":9640,""currency"":""USD"",""unit"":""MT"",""incoterms"":""FOB""}",active,2025-11-03T05:38:30.428Z,2025-12-19T05:38:30.428Z
66951a91-d37f-44a1-af8c-ddaaedb5e626,cbf172d5-a1ac-4e8a-afc0-e4f5ac9c76ac,Industrial Grade Lithium Chloride 98.5%,High-quality industrial grade lithium chloride for industrial applications. Reliable quality for manufacturing.,Lithium Chloride,Industrial Grade,98.53,,,,,1.35 g/cm³,0.06,MT,64,72,270,[],false,true,"{""Na"":""≤0.0008%"",""Mg"":""≤0.0003%"",""Ca"":""≤0.0011%"",""Fe"":""≤0.0002%""}","{""base_price"":6992,""currency"":""USD"",""unit"":""MT"",""incoterms"":""EXW""}",active,2025-06-04T05:38:30.428Z,2025-12-23T05:38:30.428Z
a5a219f6-ac4f-4eb9-9d38-e64f0a1a3f14,cbf172d5-a1ac-4e8a-afc0-e4f5ac9c76ac,Pharmaceutical Grade Lithium Hydroxide 99.94%,High-quality pharmaceutical grade lithium hydroxide for industrial applications. Reliable quality for manufacturing.,Lithium Hydroxide,Pharmaceutical Grade,99.94,,56.2,,,0.97 g/cm³,0.1,MT,188,81,2974,[],false,true,"{""Na"":""≤0.0004%"",""Mg"":""≤0.0009%"",""Ca"":""≤0.0017%"",""Fe"":""≤0.0002%""}","{""base_price"":6779,""currency"":""USD"",""unit"":""MT"",""incoterms"":""EXW""}",active,2024-04-10T05:38:30.428Z,2025-12-12T05:38:30.428Z
cb5f6de3-9cad-437c-870e-c18b626482f9,9df72f32-5c7d-4901-98e1-1b6eb377f49c,Technical Grade Lithium Chloride 98.2%,High-quality technical grade lithium chloride for industrial applications. Reliable quality for manufacturing.,Lithium Chloride,Technical Grade,98.15,,,,,0.81 g/cm³,0.07,MT,157,76,9051,[],false,true,"{""Na"":""≤0.0005%"",""Mg"":""≤0.0008%"",""Ca"":""≤0.0002%"",""Fe"":""≤0.0004%""}","{""base_price"":5288,""currency"":""USD"",""unit"":""MT"",""incoterms"":""EXW""}",active,2025-08-14T05:38:30.428Z,2025-12-08T05:38:30.428Z
bbbc670e-5728-404e-bd41-9518d904fc3b,9df72f32-5c7d-4901-98e1-1b6eb377f49c,Pharmaceutical Grade Recycled Lithium 99.1%,High-quality pharmaceutical grade recycled lithium for industrial applications. Reliable quality for manufacturing.,Recycled Lithium,Pharmaceutical Grade,99.07,,,,,1.13 g/cm³,0.14,MT,199,88,2958,[],false,true,"{""Na"":""≤0.0005%"",""Mg"":""≤0.0001%"",""Ca"":""≤0.0014%"",""Fe"":""≤0.0005%""}","{""base_price"":8959,""currency"":""USD"",""unit"":""MT"",""incoterms"":""FOB""}",active,2025-04-02T05:38:30.428Z,2025-12-21T05:38:30.428Z
4374621e-e1f2-44de-b95e-1dd633a4ec60,9df72f32-5c7d-4901-98e1-1b6eb377f49c,Battery Grade Lithium Carbonate 99.88%,High-quality battery grade lithium carbonate for EV battery applications. Meets strict automotive specifications.,Lithium Carbonate,Battery Grade,99.88,99.88,,,D50: 60μm,0.92 g/cm³,0.11,MT,47,60,9738,[],false,true,"{""Na"":""≤0.0003%"",""Mg"":""≤0.0008%"",""Ca"":""≤0.0015%"",""Fe"":""≤0.0001%""}","{""base_price"":11714,""currency"":""USD"",""unit"":""MT"",""incoterms"":""EXW""}",active,2024-02-28T05:38:30.428Z,2025-12-15T05:38:30.428Z
95c2e70f-2fc8-47a0-993f-f323e03d2844,9df72f32-5c7d-4901-98e1-1b6eb377f49c,Pharmaceutical Grade Lithium Hydroxide 99.80%,High-quality pharmaceutical grade lithium hydroxide for industrial applications. Reliable quality for manufacturing.,Lithium Hydroxide,Pharmaceutical Grade,99.8,,56.78,,,1.07 g/cm³,0.12,MT,115,87,1029,[],false,true,"{""Na"":""≤0.0001%"",""Mg"":""≤0.0005%"",""Ca"":""≤0.0005%"",""Fe"":""≤0.0003%""}","{""base_price"":6042,""currency"":""USD"",""unit"":""MT"",""incoterms"":""CIF""}",active,2025-02-08T05:38:30.428Z,2025-12-18T05:38:30.428Z
cb20429c-7eb3-4388-9cd9-032f45c184c5,9df72f32-5c7d-4901-98e1-1b6eb377f49c,Battery Grade Lithium Hydroxide 99.91%,High-quality battery grade lithium hydroxide for EV battery applications. Meets strict automotive specifications.,Lithium Hydroxide,Battery Grade,99.91,,56.08,,D50: 54μm,1.36 g/cm³,0.04,MT,49,42,9895,[],false,true,"{""Na"":""≤0.0007%"",""Mg"":""≤0.0009%"",""Ca"":""≤0.0019%"",""Fe"":""≤0.0004%""}","{""base_price"":14748,""currency"":""USD"",""unit"":""MT"",""incoterms"":""FOB""}",active,2025-03-06T05:38:30.428Z,2025-12-27T05:38:30.428Z
ead7dab5-ceb7-4223-9c34-f767504d32bc,9df72f32-5c7d-4901-98e1-1b6eb377f49c,Pharmaceutical Grade Lithium Chloride 98.9%,High-quality pharmaceutical grade lithium chloride for industrial applications. Reliable quality for manufacturing.,Lithium Chloride,Pharmaceutical Grade,98.91,,,,,1.11 g/cm³,0.14,MT,326,72,8070,[],false,true,"{""Na"":""≤0.0001%"",""Mg"":""≤0.0001%"",""Ca"":""≤0.0013%"",""Fe"":""≤0.0005%""}","{""base_price"":8593,""currency"":""USD"",""unit"":""MT"",""incoterms"":""FOB""}",active,2025-04-26T05:38:30.428Z,2025-12-07T05:38:30.428Z
07222fb6-50b6-4458-934c-793078a0d9d7,9df72f32-5c7d-4901-98e1-1b6eb377f49c,Pharmaceutical Grade Lithium Chloride 98.2%,High-quality pharmaceutical grade lithium chloride for industrial applications. Reliable quality for manufacturing.,Lithium Chloride,Pharmaceutical Grade,98.18,,,,,0.82 g/cm³,0.08,MT,106,65,8289,[],false,true,"{""Na"":""≤0.0006%"",""Mg"":""≤0.0004%"",""Ca"":""≤0.0018%"",""Fe"":""≤0.0004%""}","{""base_price"":6948,""currency"":""USD"",""unit"":""MT"",""incoterms"":""EXW""}",active,2025-09-21T05:38:30.428Z,2025-12-16T05:38:30.428Z
476f49a9-307e-45d5-92cf-ab9a44afb938,9df72f32-5c7d-4901-98e1-1b6eb377f49c,Technical Grade Lithium Chloride 99.5%,High-quality technical grade lithium chloride for industrial applications. Reliable quality for manufacturing.,Lithium Chloride,Technical Grade,99.49,,,,,0.82 g/cm³,0.06,MT,100,34,5491,[],false,true,"{""Na"":""≤0.0009%"",""Mg"":""≤0.0005%"",""Ca"":""≤0.0004%"",""Fe"":""≤0.0005%""}","{""base_price"":9579,""currency"":""USD"",""unit"":""MT"",""incoterms"":""EXW""}",active,2024-02-11T05:38:30.428Z,2025-12-27T05:38:30.428Z
8c96bfa3-aa4c-4fe6-bcb6-453adf190674,9df72f32-5c7d-4901-98e1-1b6eb377f49c,Pharmaceutical Grade Lithium Hydroxide 99.66%,High-quality pharmaceutical grade lithium hydroxide for industrial applications. Reliable quality for manufacturing.,Lithium Hydroxide,Pharmaceutical Grade,99.66,,56.7,,,1.12 g/cm³,0.13,MT,72,82,7635,[],false,true,"{""Na"":""≤0.0008%"",""Mg"":""≤0.0002%"",""Ca"":""≤0.0015%"",""Fe"":""≤0.0002%""}","{""base_price"":8876,""currency"":""USD"",""unit"":""MT"",""incoterms"":""EXW""}",active,2024-11-05T05:38:30.428Z,2025-12-22T05:38:30.428Z
3a3f4a29-0502-4ef7-b29c-c604dd71c4bb,84eff56b-69e2-4013-a4c7-e08471bda854,Battery Grade Lithium Carbonate 99.71%,High-quality battery grade lithium carbonate for EV battery applications. Meets strict automotive specifications.,Lithium Carbonate,Battery Grade,99.71,99.71,,,D50: 20μm,0.91 g/cm³,0.06,MT,32,39,6361,[],false,true,"{""Na"":""≤0.0008%"",""Mg"":""≤0.0009%"",""Ca"":""≤0.0017%"",""Fe"":""≤0.0002%""}","{""base_price"":13202,""currency"":""USD"",""unit"":""MT"",""incoterms"":""FOB""}",active,2024-07-25T05:38:30.428Z,2025-12-30T05:38:30.428Z
5dc170f6-f500-4d00-80aa-da29ef2ef1c5,84eff56b-69e2-4013-a4c7-e08471bda854,Industrial Grade Lithium Hydroxide 99.54%,High-quality industrial grade lithium hydroxide for industrial applications. Reliable quality for manufacturing.,Lithium Hydroxide,Industrial Grade,99.54,,56.44,,,0.84 g/cm³,0.02,MT,326,84,7769,[],false,true,"{""Na"":""≤0.0006%"",""Mg"":""≤0.001%"",""Ca"":""≤0.0015%"",""Fe"":""≤0.0003%""}","{""base_price"":9740,""currency"":""USD"",""unit"":""MT"",""incoterms"":""EXW""}",active,2025-09-26T05:38:30.428Z,2026-01-02T05:38:30.428Z
f64b7b86-3fce-4b4a-b135-0130d859dbca,84eff56b-69e2-4013-a4c7-e08471bda854,Technical Grade Recycled Lithium 98.3%,High-quality technical grade recycled lithium for industrial applications. Reliable quality for manufacturing.,Recycled Lithium,Technical Grade,98.29,,,,,0.94 g/cm³,0.09,MT,324,64,8924,[],false,true,"{""Na"":""≤0.0009%"",""Mg"":""≤0.0002%"",""Ca"":""≤0.0002%"",""Fe"":""≤0.0005%""}","{""base_price"":7040,""currency"":""USD"",""unit"":""MT"",""incoterms"":""EXW""}",active,2025-07-05T05:38:30.428Z,2025-12-16T05:38:30.428Z
db02bb55-7f55-4200-9497-1c667c8780e0,84eff56b-69e2-4013-a4c7-e08471bda854,Pharmaceutical Grade Lithium Chloride 99.0%,High-quality pharmaceutical grade lithium chloride for industrial applications. Reliable quality for manufacturing.,Lithium Chloride,Pharmaceutical Grade,98.97,,,,,0.96 g/cm³,0.12,MT,145,73,1878,[],false,true,"{""Na"":""≤0.0005%"",""Mg"":""≤0.0008%"",""Ca"":""≤0.0019%"",""Fe"":""≤0.0005%""}","{""base_price"":6119,""currency"":""USD"",""unit"":""MT"",""incoterms"":""FOB""}",active,2025-05-07T05:38:30.428Z,2025-12-20T05:38:30.428Z
88b169b8-38c7-4f51-a2a7-60828cab3452,84eff56b-69e2-4013-a4c7-e08471bda854,Industrial Grade Lithium Hydroxide 99.74%,High-quality industrial grade lithium hydroxide for industrial applications. Reliable quality for manufacturing.,Lithium Hydroxide,Industrial Grade,99.74,,56.35,,,1.13 g/cm³,0.04,MT,63,68,7973,[],false,true,"{""Na"":""≤0.0002%"",""Mg"":""≤0.0002%"",""Ca"":""≤0.0012%"",""Fe"":""≤0.0004%""}","{""base_price"":8312,""currency"":""USD"",""unit"":""MT"",""incoterms"":""FOB""}",active,2024-01-16T05:38:30.428Z,2025-12-20T05:38:30.428Z
c43da4ce-161a-47b8-8419-e0d8d3e89a49,84eff56b-69e2-4013-a4c7-e08471bda854,Industrial Grade Lithium Carbonate 99.81%,High-quality industrial grade lithium carbonate for industrial applications. Reliable quality for manufacturing.,Lithium Carbonate,Industrial Grade,99.81,99.81,,,,1.26 g/cm³,0.01,MT,323,55,2927,[],false,true,"{""Na"":""≤0.0009%"",""Mg"":""≤0.0007%"",""Ca"":""≤0.0008%"",""Fe"":""≤0.0004%""}","{""base_price"":8970,""currency"":""USD"",""unit"":""MT"",""incoterms"":""FOB""}",active,2024-07-12T05:38:30.428Z,2025-12-09T05:38:30.428Z
d2ae86fa-e461-42c0-8bda-79e6439bda52,84eff56b-69e2-4013-a4c7-e08471bda854,Battery Grade Other 98.7%,High-quality battery grade other for EV battery applications. Meets strict automotive specifications.,Other,Battery Grade,98.67,,,,D50: 22μm,1.25 g/cm³,0.05,MT,39,90,6579,[],false,true,"{""Na"":""≤0.0003%"",""Mg"":""≤0.0004%"",""Ca"":""≤0.0018%"",""Fe"":""≤0.0002%""}","{""base_price"":874,""currency"":""USD"",""unit"":""MT"",""incoterms"":""EXW""}",active,2025-09-03T05:38:30.428Z,2025-12-13T05:38:30.428Z
f44aacdf-a9d8-4c8f-8e9a-539a5c374723,84eff56b-69e2-4013-a4c7-e08471bda854,Industrial Grade Lithium Hydroxide 99.85%,High-quality industrial grade lithium hydroxide for industrial applications. Reliable quality for manufacturing.,Lithium Hydroxide,Industrial Grade,99.85,,56.91,,,1.32 g/cm³,0.04,MT,281,69,4790,[],false,true,"{""Na"":""≤0.0005%"",""Mg"":""≤0.0006%"",""Ca"":""≤0.001%"",""Fe"":""≤0.0002%""}","{""base_price"":6976,""currency"":""USD"",""unit"":""MT"",""incoterms"":""CIF""}",active,2024-09-12T05:38:30.428Z,2026-01-02T05:38:30.428Z
bc74d687-936a-4d89-98e0-c6f730856cdf,84eff56b-69e2-4013-a4c7-e08471bda854,Battery Grade Recycled Lithium 99.3%,High-quality battery grade recycled lithium for EV battery applications. Meets strict automotive specifications.,Recycled Lithium,Battery Grade,99.32,,,,D50: 51μm,0.86 g/cm³,0.06,MT,29,50,545,[],false,true,"{""Na"":""≤0.0001%"",""Mg"":""≤0.0006%"",""Ca"":""≤0.0011%"",""Fe"":""≤0.0005%""}","{""base_price"":1054,""currency"":""USD"",""unit"":""MT"",""incoterms"":""FOB""}",active,2024-07-31T05:38:30.428Z,2025-12-16T05:38:30.428Z
0a4614ec-ad3d-4b0c-b01b-f2e0bb24592b,84eff56b-69e2-4013-a4c7-e08471bda854,Technical Grade Lithium Carbonate 99.4%,High-quality technical grade lithium carbonate for industrial applications. Reliable quality for manufacturing.,Lithium Carbonate,Technical Grade,99.44,99.44,,,,1.08 g/cm³,0.11,MT,486,84,293,[],false,true,"{""Na"":""≤0.0006%"",""Mg"":""≤0.0003%"",""Ca"":""≤0.0005%"",""Fe"":""≤0.0004%""}","{""base_price"":9322,""currency"":""USD"",""unit"":""MT"",""incoterms"":""EXW""}",active,2024-01-12T05:38:30.428Z,2025-12-19T05:38:30.428Z
37ec005c-8d93-4277-90d6-2bec22dd6fd7,84eff56b-69e2-4013-a4c7-e08471bda854,Battery Grade Lithium Carbonate 99.4%,High-quality battery grade lithium carbonate for EV battery applications. Meets strict automotive specifications.,Lithium Carbonate,Battery Grade,99.39,99.39,,,D50: 35μm,0.95 g/cm³,0.04,MT,41,36,7472,[],false,true,"{""Na"":""≤0.0006%"",""Mg"":""≤0.0009%"",""Ca"":""≤0.0014%"",""Fe"":""≤0.0003%""}","{""base_price"":12652,""currency"":""USD"",""unit"":""MT"",""incoterms"":""CIF""}",active,2025-01-24T05:38:30.428Z,2025-12-23T05:38:30.428Z
196eec87-f148-4575-96aa-b008ca7a469a,84eff56b-69e2-4013-a4c7-e08471bda854,Industrial Grade Lithium Carbonate 99.3%,High-quality industrial grade lithium carbonate for industrial applications. Reliable quality for manufacturing.,Lithium Carbonate,Industrial Grade,99.33,99.33,,,,1.08 g/cm³,0.09,MT,101,75,6182,[],false,true,"{""Na"":""≤0.0008%"",""Mg"":""≤0.0008%"",""Ca"":""≤0.0019%"",""Fe"":""≤0.0002%""}","{""base_price"":8877,""currency"":""USD"",""unit"":""MT"",""incoterms"":""FOB""}",out_of_stock,2024-12-25T05:38:30.428Z,2025-12-23T05:38:30.428Z
96d1635b-83de-4787-9ad6-f735f771b635,3325ba7a-77e0-4a21-85bc-6ec7759c8e05,Technical Grade Other 98.8%,High-quality technical grade other for industrial applications. Reliable quality for manufacturing.,Other,Technical Grade,98.76,,,,,0.95 g/cm³,0.07,MT,491,55,1537,[],false,true,"{""Na"":""≤0.0002%"",""Mg"":""≤0.0004%"",""Ca"":""≤0.0012%"",""Fe"":""≤0.0003%""}","{""base_price"":6800,""currency"":""USD"",""unit"":""MT"",""incoterms"":""FOB""}",active,2025-02-27T05:38:30.428Z,2025-12-11T05:38:30.428Z
8a622690-c0bb-47fa-be7e-94f3f38c7b2f,3325ba7a-77e0-4a21-85bc-6ec7759c8e05,Industrial Grade Recycled Lithium 98.8%,High-quality industrial grade recycled lithium for industrial applications. Reliable quality for manufacturing.,Recycled Lithium,Industrial Grade,98.83,,,,,1 g/cm³,0.07,MT,368,34,2407,[],false,true,"{""Na"":""≤0.0006%"",""Mg"":""≤0.0003%"",""Ca"":""≤0.0006%"",""Fe"":""≤0.0003%""}","{""base_price"":6502,""currency"":""USD"",""unit"":""MT"",""incoterms"":""CIF""}",active,2024-06-06T05:38:30.428Z,2025-12-19T05:38:30.428Z
af6588d1-8284-476e-9891-cd39371653a8,3325ba7a-77e0-4a21-85bc-6ec7759c8e05,Pharmaceutical Grade Lithium Hydroxide 99.57%,High-quality pharmaceutical grade lithium hydroxide for industrial applications. Reliable quality for manufacturing.,Lithium Hydroxide,Pharmaceutical Grade,99.57,,56.5,,,1.23 g/cm³,0.03,MT,231,37,1218,[],false,true,"{""Na"":""≤0.0007%"",""Mg"":""≤0.0009%"",""Ca"":""≤0.0008%"",""Fe"":""≤0.0003%""}","{""base_price"":7273,""currency"":""USD"",""unit"":""MT"",""incoterms"":""FOB""}",active,2025-10-03T05:38:30.428Z,2025-12-08T05:38:30.428Z
dae1fe4b-6da1-4a96-a855-42685980316e,3325ba7a-77e0-4a21-85bc-6ec7759c8e05,Industrial Grade Lithium Chloride 98.3%,High-quality industrial grade lithium chloride for industrial applications. Reliable quality for manufacturing.,Lithium Chloride,Industrial Grade,98.31,,,,,1.4 g/cm³,0.09,MT,454,85,5032,[],false,true,"{""Na"":""≤0.0008%"",""Mg"":""≤0.0004%"",""Ca"":""≤0.0003%"",""Fe"":""≤0.0004%""}","{""base_price"":6928,""currency"":""USD"",""unit"":""MT"",""incoterms"":""CIF""}",active,2024-12-28T05:38:30.428Z,2025-12-28T05:38:30.428Z
39a41ad2-eff7-415f-9533-74c0d50befc2,3325ba7a-77e0-4a21-85bc-6ec7759c8e05,Pharmaceutical Grade Recycled Lithium 98.9%,High-quality pharmaceutical grade recycled lithium for industrial applications. Reliable quality for manufacturing.,Recycled Lithium,Pharmaceutical Grade,98.87,,,,,1.06 g/cm³,0.08,MT,241,83,1064,[],false,true,"{""Na"":""≤0.0004%"",""Mg"":""≤0.0003%"",""Ca"":""≤0.0009%"",""Fe"":""≤0.0002%""}","{""base_price"":9808,""currency"":""USD"",""unit"":""MT"",""incoterms"":""CIF""}",active,2024-07-22T05:38:30.428Z,2025-12-31T05:38:30.428Z
766382b9-31ef-483f-8ac0-986cc91111e9,3325ba7a-77e0-4a21-85bc-6ec7759c8e05,Pharmaceutical Grade Lithium Hydroxide 99.83%,High-quality pharmaceutical grade lithium hydroxide for industrial applications. Reliable quality for manufacturing.,Lithium Hydroxide,Pharmaceutical Grade,99.83,,56.74,,,1.18 g/cm³,0.03,MT,301,36,3631,[],false,true,"{""Na"":""≤0.0002%"",""Mg"":""≤0.0008%"",""Ca"":""≤0.0013%"",""Fe"":""≤0.0004%""}","{""base_price"":8542,""currency"":""USD"",""unit"":""MT"",""incoterms"":""EXW""}",active,2024-03-21T05:38:30.428Z,2025-12-28T05:38:30.428Z
85906afc-d81d-429e-a184-23f3a6e53fa8,3325ba7a-77e0-4a21-85bc-6ec7759c8e05,Battery Grade Recycled Lithium 98.8%,High-quality battery grade recycled lithium for EV battery applications. Meets strict automotive specifications.,Recycled Lithium,Battery Grade,98.79,,,,D50: 44μm,1.11 g/cm³,0.02,MT,31,78,2789,[],false,true,"{""Na"":""≤0.0005%"",""Mg"":""≤0.0008%"",""Ca"":""≤0.0014%"",""Fe"":""≤0.0002%""}","{""base_price"":872,""currency"":""USD"",""unit"":""MT"",""incoterms"":""EXW""}",active,2025-01-11T05:38:30.428Z,2025-12-04T05:38:30.428Z
737136d1-2aae-4efe-8ee7-e9213279feb2,3325ba7a-77e0-4a21-85bc-6ec7759c8e05,Battery Grade Lithium Spodumene,High-quality battery grade lithium spodumene for EV battery applications. Meets strict automotive specifications.,Lithium Spodumene,Battery Grade,,,,6.15,D50: 53μm,1.16 g/cm³,0.13,MT,15,44,3833,[],false,true,"{""Na"":""≤0.0001%"",""Mg"":""≤0.0006%"",""Ca"":""≤0.0005%"",""Fe"":""≤0.0002%""}","{""base_price"":945,""currency"":""USD"",""unit"":""MT"",""incoterms"":""CIF""}",active,2024-11-20T05:38:30.428Z,2025-12-09T05:38:30.428Z
dffc2325-8893-4c31-b437-09ab172b71e9,3325ba7a-77e0-4a21-85bc-6ec7759c8e05,Battery Grade Lithium Carbonate 99.80%,High-quality battery grade lithium carbonate for EV battery applications. Meets strict automotive specifications.,Lithium Carbonate,Battery Grade,99.8,99.8,,,D50: 12μm,1.03 g/cm³,0.01,MT,48,47,1465,[],false,true,"{""Na"":""≤0.0004%"",""Mg"":""≤0.0003%"",""Ca"":""≤0.0002%"",""Fe"":""≤0.0004%""}","{""base_price"":11714,""currency"":""USD"",""unit"":""MT"",""incoterms"":""FOB""}",active,2024-01-07T05:38:30.428Z,2026-01-02T05:38:30.428Z
1a208cbc-ab18-412b-b793-b3a92ae09624,3325ba7a-77e0-4a21-85bc-6ec7759c8e05,Battery Grade Other 98.6%,High-quality battery grade other for EV battery applications. Meets strict automotive specifications.,Other,Battery Grade,98.58,,,,D50: 36μm,1.1 g/cm³,0.11,MT,42,50,5694,[],false,true,"{""Na"":""≤0.0006%"",""Mg"":""≤0.0009%"",""Ca"":""≤0.0014%"",""Fe"":""≤0.0004%""}","{""base_price"":996,""currency"":""USD"",""unit"":""MT"",""incoterms"":""CIF""}",active,2025-09-06T05:38:30.428Z,2025-12-24T05:38:30.428Z
46070d11-6dbf-49b1-9e69-1c24443532e2,3325ba7a-77e0-4a21-85bc-6ec7759c8e05,Technical Grade Recycled Lithium 99.3%,High-quality technical grade recycled lithium for industrial applications. Reliable quality for manufacturing.,Recycled Lithium,Technical Grade,99.34,,,,,1.36 g/cm³,0.02,MT,364,83,2034,[],false,true,"{""Na"":""≤0.0004%"",""Mg"":""≤0.0003%"",""Ca"":""≤0.0016%"",""Fe"":""≤0.0005%""}","{""base_price"":9876,""currency"":""USD"",""unit"":""MT"",""incoterms"":""FOB""}",active,2025-10-02T05:38:30.428Z,2025-12-13T05:38:30.428Z
cb605ceb-48b1-420b-b6e6-de7e181eef84,3325ba7a-77e0-4a21-85bc-6ec7759c8e05,Technical Grade Recycled Lithium 99.3%,High-quality technical grade recycled lithium for industrial applications. Reliable quality for manufacturing.,Recycled Lithium,Technical Grade,99.27,,,,,0.83 g/cm³,0.09,MT,388,86,9568,[],false,true,"{""Na"":""≤0.0008%"",""Mg"":""≤0.001%"",""Ca"":""≤0.0018%"",""Fe"":""≤0.0005%""}","{""base_price"":6659,""currency"":""USD"",""unit"":""MT"",""incoterms"":""EXW""}",active,2024-02-13T05:38:30.428Z,2025-12-11T05:38:30.428Z
77bab548-e77e-4afd-b8dd-c4dc83b54370,3325ba7a-77e0-4a21-85bc-6ec7759c8e05,Battery Grade Lithium Spodumene,High-quality battery grade lithium spodumene for EV battery applications. Meets strict automotive specifications.,Lithium Spodumene,Battery Grade,,,,6.28,D50: 32μm,1.21 g/cm³,0.12,MT,25,41,1719,[],false,true,"{""Na"":""≤0.0003%"",""Mg"":""≤0.0008%"",""Ca"":""≤0.0017%"",""Fe"":""≤0.0004%""}","{""base_price"":993,""currency"":""USD"",""unit"":""MT"",""incoterms"":""EXW""}",active,2024-10-07T05:38:30.428Z,2025-12-14T05:38:30.428Z
1ebe41a6-f6e7-401c-8e1f-e5da5271faf6,f08d4e0c-46b6-43a9-b92f-a84f674de151,Industrial Grade Other 98.7%,High-quality industrial grade other for industrial applications. Reliable quality for manufacturing.,Other,Industrial Grade,98.73,,,,,1.07 g/cm³,0.05,MT,180,33,7274,[],false,true,"{""Na"":""≤0.0005%"",""Mg"":""≤0.0007%"",""Ca"":""≤0.0002%"",""Fe"":""≤0.0002%""}","{""base_price"":5952,""currency"":""USD"",""unit"":""MT"",""incoterms"":""CIF""}",active,2025-05-03T05:38:30.428Z,2025-12-08T05:38:30.428Z
dec5eb4c-bdba-494f-8a9d-caaf4a25f763,f08d4e0c-46b6-43a9-b92f-a84f674de151,Industrial Grade Lithium Chloride 98.4%,High-quality industrial grade lithium chloride for industrial applications. Reliable quality for manufacturing.,Lithium Chloride,Industrial Grade,98.41,,,,,1.06 g/cm³,0.06,MT,138,45,968,[],false,true,"{""Na"":""≤0.0009%"",""Mg"":""≤0.0003%"",""Ca"":""≤0.0003%"",""Fe"":""≤0.0005%""}","{""base_price"":5610,""currency"":""USD"",""unit"":""MT"",""incoterms"":""CIF""}",active,2024-07-14T05:38:30.429Z,2025-12-18T05:38:30.429Z
69326ba8-74b2-459b-a5df-39625efe6ab7,f08d4e0c-46b6-43a9-b92f-a84f674de151,Battery Grade Other 99.0%,High-quality battery grade other for EV battery applications. Meets strict automotive specifications.,Other,Battery Grade,98.98,,,,D50: 48μm,0.96 g/cm³,0.03,MT,21,85,1788,[],false,true,"{""Na"":""≤0.0006%"",""Mg"":""≤0.0007%"",""Ca"":""≤0.0007%"",""Fe"":""≤0.0001%""}","{""base_price"":1029,""currency"":""USD"",""unit"":""MT"",""incoterms"":""FOB""}",active,2024-05-06T05:38:30.429Z,2025-12-31T05:38:30.429Z
edda6300-d34e-48d2-9d45-3d0658b93a55,f08d4e0c-46b6-43a9-b92f-a84f674de151,Technical Grade Lithium Spodumene,High-quality technical grade lithium spodumene for industrial applications. Reliable quality for manufacturing.,Lithium Spodumene,Technical Grade,,,,6.66,,0.86 g/cm³,0.02,MT,169,56,412,[],false,true,"{""Na"":""≤0.0001%"",""Mg"":""≤0.0007%"",""Ca"":""≤0.0012%"",""Fe"":""≤0.0002%""}","{""base_price"":5448,""currency"":""USD"",""unit"":""MT"",""incoterms"":""CIF""}",active,2025-08-10T05:38:30.429Z,2025-12-21T05:38:30.429Z
fd4fec6c-e45c-4da0-8178-83f6faf83b34,f08d4e0c-46b6-43a9-b92f-a84f674de151,Industrial Grade Lithium Chloride 99.0%,High-quality industrial grade lithium chloride for industrial applications. Reliable quality for manufacturing.,Lithium Chloride,Industrial Grade,98.97,,,,,0.92 g/cm³,0.06,MT,194,64,7982,[],false,true,"{""Na"":""≤0.0004%"",""Mg"":""≤0.0006%"",""Ca"":""≤0.0015%"",""Fe"":""≤0.0004%""}","{""base_price"":9794,""currency"":""USD"",""unit"":""MT"",""incoterms"":""FOB""}",out_of_stock,2025-10-19T05:38:30.429Z,2025-12-22T05:38:30.429Z
3f2f9dfa-12c6-41dd-a8b3-e1f19f31b18b,f08d4e0c-46b6-43a9-b92f-a84f674de151,Pharmaceutical Grade Lithium Spodumene,High-quality pharmaceutical grade lithium spodumene for industrial applications. Reliable quality for manufacturing.,Lithium Spodumene,Pharmaceutical Grade,,,,5.92,,1.18 g/cm³,0.02,MT,187,43,554,[],false,true,"{""Na"":""≤0.0003%"",""Mg"":""≤0.0003%"",""Ca"":""≤0.002%"",""Fe"":""≤0.0004%""}","{""base_price"":6766,""currency"":""USD"",""unit"":""MT"",""incoterms"":""EXW""}",active,2025-01-02T05:38:30.429Z,2025-12-28T05:38:30.429Z
519adf6a-1a35-4714-b659-2037299f607d,f08d4e0c-46b6-43a9-b92f-a84f674de151,Pharmaceutical Grade Recycled Lithium 98.4%,High-quality pharmaceutical grade recycled lithium for industrial applications. Reliable quality for manufacturing.,Recycled Lithium,Pharmaceutical Grade,98.38,,,,,0.85 g/cm³,0.11,MT,165,42,1584,[],false,true,"{""Na"":""≤0.0002%"",""Mg"":""≤0.0004%"",""Ca"":""≤0.0004%"",""Fe"":""≤0.0002%""}","{""base_price"":6669,""currency"":""USD"",""unit"":""MT"",""incoterms"":""EXW""}",active,2024-08-08T05:38:30.429Z,2025-12-16T05:38:30.429Z
e7cc70a8-86d7-46b3-aef6-ad74d4ec458f,69db692c-92e1-4c78-ab13-98260c2b8785,Pharmaceutical Grade Lithium Chloride 99.0%,High-quality pharmaceutical grade lithium chloride for industrial applications. Reliable quality for manufacturing.,Lithium Chloride,Pharmaceutical Grade,99,,,,,1.05 g/cm³,0.04,MT,269,72,416,[],false,true,"{""Na"":""≤0.0008%"",""Mg"":""≤0.0002%"",""Ca"":""≤0.0014%"",""Fe"":""≤0.0004%""}","{""base_price"":9756,""currency"":""USD"",""unit"":""MT"",""incoterms"":""EXW""}",active,2025-08-03T05:38:30.429Z,2025-12-31T05:38:30.429Z
d460897f-5665-4132-9934-18e251d927cc,69db692c-92e1-4c78-ab13-98260c2b8785,Battery Grade Lithium Carbonate 99.52%,High-quality battery grade lithium carbonate for EV battery applications. Meets strict automotive specifications.,Lithium Carbonate,Battery Grade,99.52,99.52,,,D50: 48μm,0.96 g/cm³,0.06,MT,19,87,3412,[],false,true,"{""Na"":""≤0.0005%"",""Mg"":""≤0.0003%"",""Ca"":""≤0.0003%"",""Fe"":""≤0.0004%""}","{""base_price"":12368,""currency"":""USD"",""unit"":""MT"",""incoterms"":""CIF""}",active,2024-09-12T05:38:30.429Z,2026-01-01T05:38:30.429Z
f65109ee-802c-49e5-90fb-356c00398d3f,69db692c-92e1-4c78-ab13-98260c2b8785,Pharmaceutical Grade Other 99.0%,High-quality pharmaceutical grade other for industrial applications. Reliable quality for manufacturing.,Other,Pharmaceutical Grade,98.97,,,,,1.4 g/cm³,0.02,MT,221,68,6097,[],false,true,"{""Na"":""≤0.0004%"",""Mg"":""≤0.0005%"",""Ca"":""≤0.0018%"",""Fe"":""≤0.0001%""}","{""base_price"":8472,""currency"":""USD"",""unit"":""MT"",""incoterms"":""CIF""}",out_of_stock,2025-09-30T05:38:30.429Z,2025-12-10T05:38:30.429Z
a32385e9-f548-4235-b583-f15e77db64c9,69db692c-92e1-4c78-ab13-98260c2b8785,Industrial Grade Recycled Lithium 98.2%,High-quality industrial grade recycled lithium for industrial applications. Reliable quality for manufacturing.,Recycled Lithium,Industrial Grade,98.17,,,,,1.09 g/cm³,0.04,MT,128,88,8732,[],false,true,"{""Na"":""≤0.0004%"",""Mg"":""≤0.0009%"",""Ca"":""≤0.0016%"",""Fe"":""≤0.0002%""}","{""base_price"":5884,""currency"":""USD"",""unit"":""MT"",""incoterms"":""EXW""}",active,2024-12-22T05:38:30.429Z,2025-12-25T05:38:30.429Z
8a8f203c-c85f-470d-8741-6ef94fe6f1f6,69db692c-92e1-4c78-ab13-98260c2b8785,Technical Grade Lithium Spodumene,High-quality technical grade lithium spodumene for industrial applications. Reliable quality for manufacturing.,Lithium Spodumene,Technical Grade,,,,5.76,,1.12 g/cm³,0.1,MT,201,84,9747,[],false,true,"{""Na"":""≤0.0009%"",""Mg"":""≤0.0009%"",""Ca"":""≤0.0006%"",""Fe"":""≤0.0002%""}","{""base_price"":9155,""currency"":""USD"",""unit"":""MT"",""incoterms"":""FOB""}",active,2024-07-26T05:38:30.429Z,2025-12-13T05:38:30.429Z
66bdaea7-bd55-465f-8b54-8ad530a3ebd9,69db692c-92e1-4c78-ab13-98260c2b8785,Technical Grade Lithium Chloride 98.6%,High-quality technical grade lithium chloride for industrial applications. Reliable quality for manufacturing.,Lithium Chloride,Technical Grade,98.59,,,,,1.2 g/cm³,0.1,MT,227,45,9779,[],false,true,"{""Na"":""≤0.0008%"",""Mg"":""≤0.0008%"",""Ca"":""≤0.0008%"",""Fe"":""≤0.0002%""}","{""base_price"":9019,""currency"":""USD"",""unit"":""MT"",""incoterms"":""CIF""}",active,2025-11-23T05:38:30.429Z,2025-12-31T05:38:30.429Z
4f69441b-9194-4af6-bf57-2ca776c8206d,69db692c-92e1-4c78-ab13-98260c2b8785,Technical Grade Recycled Lithium 98.8%,High-quality technical grade recycled lithium for industrial applications. Reliable quality for manufacturing.,Recycled Lithium,Technical Grade,98.81,,,,,1.02 g/cm³,0.08,MT,103,58,2575,[],false,true,"{""Na"":""≤0.0009%"",""Mg"":""≤0.0003%"",""Ca"":""≤0.0013%"",""Fe"":""≤0.0002%""}","{""base_price"":5926,""currency"":""USD"",""unit"":""MT"",""incoterms"":""CIF""}",active,2024-05-31T05:38:30.429Z,2025-12-15T05:38:30.429Z
8de6fef5-3d0d-4fc2-93d7-5ed176d609bb,69db692c-92e1-4c78-ab13-98260c2b8785,Industrial Grade Lithium Carbonate 99.72%,High-quality industrial grade lithium carbonate for industrial applications. Reliable quality for manufacturing.,Lithium Carbonate,Industrial Grade,99.72,99.72,,,,0.99 g/cm³,0.03,MT,292,65,568,[],false,true,"{""Na"":""≤0.0002%"",""Mg"":""≤0.0002%"",""Ca"":""≤0.0004%"",""Fe"":""≤0.0003%""}","{""base_price"":7159,""currency"":""USD"",""unit"":""MT"",""incoterms"":""CIF""}",active,2024-05-13T05:38:30.429Z,2025-12-10T05:38:30.429Z
9c87453f-85df-4a69-b776-e080919b41c8,69db692c-92e1-4c78-ab13-98260c2b8785,Pharmaceutical Grade Other 99.2%,High-quality pharmaceutical grade other for industrial applications. Reliable quality for manufacturing.,Other,Pharmaceutical Grade,99.22,,,,,0.93 g/cm³,0.1,MT,260,77,744,[],false,true,"{""Na"":""≤0.0005%"",""Mg"":""≤0.0001%"",""Ca"":""≤0.0002%"",""Fe"":""≤0.0003%""}","{""base_price"":5172,""currency"":""USD"",""unit"":""MT"",""incoterms"":""EXW""}",active,2024-12-19T05:38:30.429Z,2025-12-17T05:38:30.429Z
2fba76e8-dea4-4177-b47a-279d85f924f7,69db692c-92e1-4c78-ab13-98260c2b8785,Technical Grade Lithium Hydroxide 99.72%,High-quality technical grade lithium hydroxide for industrial applications. Reliable quality for manufacturing.,Lithium Hydroxide,Technical Grade,99.72,,56.47,,,0.81 g/cm³,0.02,MT,87,72,9465,[],false,true,"{""Na"":""≤0.0005%"",""Mg"":""≤0.001%"",""Ca"":""≤0.0017%"",""Fe"":""≤0.0003%""}","{""base_price"":8849,""currency"":""USD"",""unit"":""MT"",""incoterms"":""FOB""}",active,2025-06-12T05:38:30.429Z,2025-12-28T05:38:30.429Z
eefd2290-bb78-4c5e-ba19-daf95fc58b5d,69db692c-92e1-4c78-ab13-98260c2b8785,Industrial Grade Lithium Hydroxide 99.84%,High-quality industrial grade lithium hydroxide for industrial applications. Reliable quality for manufacturing.,Lithium Hydroxide,Industrial Grade,99.84,,56.32,,,1.1 g/cm³,0.09,MT,230,90,7100,[],false,true,"{""Na"":""≤0.0007%"",""Mg"":""≤0.0006%"",""Ca"":""≤0.0016%"",""Fe"":""≤0.0002%""}","{""base_price"":9310,""currency"":""USD"",""unit"":""MT"",""incoterms"":""FOB""}",active,2025-02-23T05:38:30.429Z,2025-12-11T05:38:30.429Z
df441bb4-4d7d-41d2-9a9b-a5c3d1a4b848,69db692c-92e1-4c78-ab13-98260c2b8785,Pharmaceutical Grade Lithium Carbonate 99.4%,High-quality pharmaceutical grade lithium carbonate for industrial applications. Reliable quality for manufacturing.,Lithium Carbonate,Pharmaceutical Grade,99.38,99.38,,,,0.97 g/cm³,0.05,MT,59,52,6492,[],false,true,"{""Na"":""≤0.0006%"",""Mg"":""≤0.0006%"",""Ca"":""≤0.0012%"",""Fe"":""≤0.0002%""}","{""base_price"":9532,""currency"":""USD"",""unit"":""MT"",""incoterms"":""EXW""}",active,2024-02-10T05:38:30.429Z,2025-12-05T05:38:30.429Z
462dd0c6-f383-476a-8e64-191883981caa,0a271ac4-898b-4e9e-b0a8-7dab203ae956,Battery Grade Lithium Hydroxide 99.55%,High-quality battery grade lithium hydroxide for EV battery applications. Meets strict automotive specifications.,Lithium Hydroxide,Battery Grade,99.55,,56.94,,D50: 48μm,0.82 g/cm³,0.07,MT,35,90,3101,[],false,true,"{""Na"":""≤0.0007%"",""Mg"":""≤0.0005%"",""Ca"":""≤0.0014%"",""Fe"":""≤0.0001%""}","{""base_price"":17208,""currency"":""USD"",""unit"":""MT"",""incoterms"":""CIF""}",active,2024-03-14T05:38:30.429Z,2025-12-08T05:38:30.429Z
dd9b57b7-ca25-40c3-a834-22720c79fa41,0a271ac4-898b-4e9e-b0a8-7dab203ae956,Pharmaceutical Grade Recycled Lithium 99.4%,High-quality pharmaceutical grade recycled lithium for industrial applications. Reliable quality for manufacturing.,Recycled Lithium,Pharmaceutical Grade,99.41,,,,,1.13 g/cm³,0.12,MT,123,42,7193,[],false,true,"{""Na"":""≤0.0009%"",""Mg"":""≤0.0004%"",""Ca"":""≤0.0006%"",""Fe"":""≤0.0003%""}","{""base_price"":9033,""currency"":""USD"",""unit"":""MT"",""incoterms"":""CIF""}",active,2024-07-17T05:38:30.429Z,2025-12-16T05:38:30.429Z
7874b70e-439f-40bc-b935-6155b34cd13a,0a271ac4-898b-4e9e-b0a8-7dab203ae956,Pharmaceutical Grade Recycled Lithium 99.4%,High-quality pharmaceutical grade recycled lithium for industrial applications. Reliable quality for manufacturing.,Recycled Lithium,Pharmaceutical Grade,99.44,,,,,1.14 g/cm³,0.15,MT,406,82,8340,[],false,true,"{""Na"":""≤0.0003%"",""Mg"":""≤0.0004%"",""Ca"":""≤0.0005%"",""Fe"":""≤0.0002%""}","{""base_price"":5626,""currency"":""USD"",""unit"":""MT"",""incoterms"":""CIF""}",active,2025-02-24T05:38:30.429Z,2025-12-08T05:38:30.429Z
feebe8dc-576a-49f2-98db-08fb7460d602,0a271ac4-898b-4e9e-b0a8-7dab203ae956,Battery Grade Lithium Spodumene,High-quality battery grade lithium spodumene for EV battery applications. Meets strict automotive specifications.,Lithium Spodumene,Battery Grade,,,,6.7,D50: 52μm,1.2 g/cm³,0.07,MT,30,47,3815,[],false,true,"{""Na"":""≤0.0001%"",""Mg"":""≤0.0005%"",""Ca"":""≤0.0006%"",""Fe"":""≤0.0004%""}","{""base_price"":1027,""currency"":""USD"",""unit"":""MT"",""incoterms"":""FOB""}",out_of_stock,2025-09-11T05:38:30.429Z,2025-12-23T05:38:30.429Z
30d5df9a-e503-43b6-8c23-78bb32ac7eeb,0a271ac4-898b-4e9e-b0a8-7dab203ae956,Battery Grade Lithium Carbonate 99.51%,High-quality battery grade lithium carbonate for EV battery applications. Meets strict automotive specifications.,Lithium Carbonate,Battery Grade,99.51,99.51,,,D50: 26μm,0.97 g/cm³,0.06,MT,43,71,5013,[],false,true,"{""Na"":""≤0.0002%"",""Mg"":""≤0.0008%"",""Ca"":""≤0.0019%"",""Fe"":""≤0.0004%""}","{""base_price"":14633,""currency"":""USD"",""unit"":""MT"",""incoterms"":""CIF""}",active,2025-10-17T05:38:30.429Z,2025-12-14T05:38:30.429Z
53c98442-ad80-48bd-ac49-3cfd154a037f,0a271ac4-898b-4e9e-b0a8-7dab203ae956,Technical Grade Other 98.5%,High-quality technical grade other for industrial applications. Reliable quality for manufacturing.,Other,Technical Grade,98.51,,,,,0.98 g/cm³,0.12,MT,422,34,4636,[],false,true,"{""Na"":""≤0.0007%"",""Mg"":""≤0.0002%"",""Ca"":""≤0.0012%"",""Fe"":""≤0.0005%""}","{""base_price"":5391,""currency"":""USD"",""unit"":""MT"",""incoterms"":""EXW""}",active,2025-03-02T05:38:30.429Z,2025-12-11T05:38:30.429Z
96763db6-a1cc-449b-99fe-0e4306f3b750,0a271ac4-898b-4e9e-b0a8-7dab203ae956,Battery Grade Lithium Chloride 99.5%,High-quality battery grade lithium chloride for EV battery applications. Meets strict automotive specifications.,Lithium Chloride,Battery Grade,99.45,,,,D50: 16μm,1.29 g/cm³,0.1,MT,31,46,9447,[],false,true,"{""Na"":""≤0.0009%"",""Mg"":""≤0.0004%"",""Ca"":""≤0.0008%"",""Fe"":""≤0.0004%""}","{""base_price"":990,""currency"":""USD"",""unit"":""MT"",""incoterms"":""EXW""}",active,2024-12-18T05:38:30.429Z,2026-01-02T05:38:30.429Z
e0d17ec3-d8e8-4313-8370-9f34e6238b21,0a271ac4-898b-4e9e-b0a8-7dab203ae956,Technical Grade Lithium Spodumene,High-quality technical grade lithium spodumene for industrial applications. Reliable quality for manufacturing.,Lithium Spodumene,Technical Grade,,,,5.82,,0.92 g/cm³,0.11,MT,55,43,8978,[],false,true,"{""Na"":""≤0.0003%"",""Mg"":""≤0.001%"",""Ca"":""≤0.0012%"",""Fe"":""≤0.0002%""}","{""base_price"":9614,""currency"":""USD"",""unit"":""MT"",""incoterms"":""CIF""}",active,2024-01-22T05:38:30.429Z,2026-01-02T05:38:30.429Z
2b23ee01-b546-4474-acf9-ea4041b2628f,0a271ac4-898b-4e9e-b0a8-7dab203ae956,Industrial Grade Lithium Spodumene,High-quality industrial grade lithium spodumene for industrial applications. Reliable quality for manufacturing.,Lithium Spodumene,Industrial Grade,,,,6.09,,1.26 g/cm³,0.03,MT,469,38,2142,[],false,true,"{""Na"":""≤0.0009%"",""Mg"":""≤0.0002%"",""Ca"":""≤0.0004%"",""Fe"":""≤0.0004%""}","{""base_price"":8335,""currency"":""USD"",""unit"":""MT"",""incoterms"":""CIF""}",active,2025-07-29T05:38:30.429Z,2026-01-01T05:38:30.429Z
11d50de2-683f-4b2c-9d09-c42a37070072,0a271ac4-898b-4e9e-b0a8-7dab203ae956,Battery Grade Lithium Carbonate 99.5%,High-quality battery grade lithium carbonate for EV battery applications. Meets strict automotive specifications.,Lithium Carbonate,Battery Grade,99.47,99.47,,,D50: 38μm,1.1 g/cm³,0.07,MT,17,45,3216,[],false,true,"{""Na"":""≤0.0001%"",""Mg"":""≤0.001%"",""Ca"":""≤0.0017%"",""Fe"":""≤0.0001%""}","{""base_price"":13571,""currency"":""USD"",""unit"":""MT"",""incoterms"":""FOB""}",active,2024-05-31T05:38:30.429Z,2025-12-19T05:38:30.429Z
b697abac-b891-41f1-931d-9448b455e36d,a8c6fa9f-f909-4d6b-bd41-e31472c2c9fb,Pharmaceutical Grade Other 98.2%,High-quality pharmaceutical grade other for industrial applications. Reliable quality for manufacturing.,Other,Pharmaceutical Grade,98.16,,,,,0.95 g/cm³,0.09,MT,476,81,1493,[],false,true,"{""Na"":""≤0.0002%"",""Mg"":""≤0.001%"",""Ca"":""≤0.001%"",""Fe"":""≤0.0002%""}","{""base_price"":6151,""currency"":""USD"",""unit"":""MT"",""incoterms"":""EXW""}",active,2024-03-31T05:38:30.429Z,2025-12-23T05:38:30.429Z
43ababc2-2e0d-47ae-bd5f-c1837aab20e2,a8c6fa9f-f909-4d6b-bd41-e31472c2c9fb,Industrial Grade Lithium Hydroxide 99.94%,High-quality industrial grade lithium hydroxide for industrial applications. Reliable quality for manufacturing.,Lithium Hydroxide,Industrial Grade,99.94,,56.17,,,0.99 g/cm³,0.12,MT,67,54,5698,[],false,true,"{""Na"":""≤0.0004%"",""Mg"":""≤0.0002%"",""Ca"":""≤0.0015%"",""Fe"":""≤0.0002%""}","{""base_price"":7232,""currency"":""USD"",""unit"":""MT"",""incoterms"":""FOB""}",active,2024-09-15T05:38:30.429Z,2025-12-20T05:38:30.429Z
704773ba-4df1-4901-b9c4-7b83247b656e,a8c6fa9f-f909-4d6b-bd41-e31472c2c9fb,Industrial Grade Lithium Carbonate 99.77%,High-quality industrial grade lithium carbonate for industrial applications. Reliable quality for manufacturing.,Lithium Carbonate,Industrial Grade,99.77,99.77,,,,1.13 g/cm³,0.1,MT,164,87,2246,[],false,true,"{""Na"":""≤0.0004%"",""Mg"":""≤0.0002%"",""Ca"":""≤0.0007%"",""Fe"":""≤0.0004%""}","{""base_price"":7278,""currency"":""USD"",""unit"":""MT"",""incoterms"":""EXW""}",active,2025-11-28T05:38:30.429Z,2025-12-30T05:38:30.429Z
ac16156b-ead0-4a2c-9aa7-381ad6207084,a8c6fa9f-f909-4d6b-bd41-e31472c2c9fb,Battery Grade Lithium Chloride 99.0%,High-quality battery grade lithium chloride for EV battery applications. Meets strict automotive specifications.,Lithium Chloride,Battery Grade,98.99,,,,D50: 21μm,0.92 g/cm³,0.06,MT,28,38,7467,[],false,true,"{""Na"":""≤0.0002%"",""Mg"":""≤0.0008%"",""Ca"":""≤0.0006%"",""Fe"":""≤0.0004%""}","{""base_price"":1175,""currency"":""USD"",""unit"":""MT"",""incoterms"":""CIF""}",active,2025-06-26T05:38:30.429Z,2025-12-10T05:38:30.429Z
8367ad8c-2b71-4c60-a8cb-aa01bf0320bc,a8c6fa9f-f909-4d6b-bd41-e31472c2c9fb,Pharmaceutical Grade Lithium Carbonate 99.5%,High-quality pharmaceutical grade lithium carbonate for industrial applications. Reliable quality for manufacturing.,Lithium Carbonate,Pharmaceutical Grade,99.45,99.45,,,,1.02 g/cm³,0.15,MT,256,36,3294,[],false,true,"{""Na"":""≤0.0004%"",""Mg"":""≤0.0004%"",""Ca"":""≤0.0003%"",""Fe"":""≤0.0003%""}","{""base_price"":5169,""currency"":""USD"",""unit"":""MT"",""incoterms"":""CIF""}",out_of_stock,2024-02-25T05:38:30.429Z,2025-12-08T05:38:30.429Z
f3781c23-0d99-410a-842a-2a1e7de8cfc5,a8c6fa9f-f909-4d6b-bd41-e31472c2c9fb,Technical Grade Lithium Chloride 98.8%,High-quality technical grade lithium chloride for industrial applications. Reliable quality for manufacturing.,Lithium Chloride,Technical Grade,98.84,,,,,0.95 g/cm³,0.09,MT,115,76,4285,[],false,true,"{""Na"":""≤0.0002%"",""Mg"":""≤0.0007%"",""Ca"":""≤0.0001%"",""Fe"":""≤0.0004%""}","{""base_price"":5749,""currency"":""USD"",""unit"":""MT"",""incoterms"":""CIF""}",active,2024-09-04T05:38:30.429Z,2025-12-14T05:38:30.429Z
86db8c3d-285b-401d-9abf-9ce20c63fe37,a8c6fa9f-f909-4d6b-bd41-e31472c2c9fb,Industrial Grade Other 98.9%,High-quality industrial grade other for industrial applications. Reliable quality for manufacturing.,Other,Industrial Grade,98.94,,,,,1.15 g/cm³,0.06,MT,247,54,2690,[],false,true,"{""Na"":""≤0.0007%"",""Mg"":""≤0.0006%"",""Ca"":""≤0.0014%"",""Fe"":""≤0.0003%""}","{""base_price"":9325,""currency"":""USD"",""unit"":""MT"",""incoterms"":""EXW""}",active,2024-08-29T05:38:30.429Z,2025-12-12T05:38:30.429Z
4f178137-c2fb-4e0e-9df4-9cda8278ac15,a8c6fa9f-f909-4d6b-bd41-e31472c2c9fb,Technical Grade Lithium Carbonate 99.81%,High-quality technical grade lithium carbonate for industrial applications. Reliable quality for manufacturing.,Lithium Carbonate,Technical Grade,99.81,99.81,,,,1.19 g/cm³,0.09,MT,210,78,7130,[],false,true,"{""Na"":""≤0.0009%"",""Mg"":""≤0.0006%"",""Ca"":""≤0.0014%"",""Fe"":""≤0.0002%""}","{""base_price"":7473,""currency"":""USD"",""unit"":""MT"",""incoterms"":""CIF""}",active,2025-10-09T05:38:30.429Z,2025-12-16T05:38:30.429Z
f954fc32-8c20-4497-a16e-bf02a5aec469,a8c6fa9f-f909-4d6b-bd41-e31472c2c9fb,Pharmaceutical Grade Lithium Hydroxide 99.53%,High-quality pharmaceutical grade lithium hydroxide for industrial applications. Reliable quality for manufacturing.,Lithium Hydroxide,Pharmaceutical Grade,99.53,,56.04,,,1.19 g/cm³,0.13,MT,270,35,3897,[],false,true,"{""Na"":""≤0.0001%"",""Mg"":""≤0.0004%"",""Ca"":""≤0.0009%"",""Fe"":""≤0.0004%""}","{""base_price"":7658,""currency"":""USD"",""unit"":""MT"",""incoterms"":""EXW""}",active,2024-11-27T05:38:30.429Z,2026-01-02T05:38:30.429Z
73c95346-ad68-4207-bbd7-076d4cb35189,a8c6fa9f-f909-4d6b-bd41-e31472c2c9fb,Industrial Grade Lithium Carbonate 99.4%,High-quality industrial grade lithium carbonate for industrial applications. Reliable quality for manufacturing.,Lithium Carbonate,Industrial Grade,99.37,99.37,,,,1.2 g/cm³,0.04,MT,74,82,3015,[],false,true,"{""Na"":""≤0.0007%"",""Mg"":""≤0.0009%"",""Ca"":""≤0.0003%"",""Fe"":""≤0.0003%""}","{""base_price"":5247,""currency"":""USD"",""unit"":""MT"",""incoterms"":""EXW""}",active,2025-04-16T05:38:30.429Z,2025-12-14T05:38:30.429Z
48fe5350-a1ad-42a6-948b-693b5e7ea138,a8c6fa9f-f909-4d6b-bd41-e31472c2c9fb,Technical Grade Lithium Carbonate 99.75%,High-quality technical grade lithium carbonate for industrial applications. Reliable quality for manufacturing.,Lithium Carbonate,Technical Grade,99.75,99.75,,,,1.14 g/cm³,0.08,MT,209,81,3990,[],false,true,"{""Na"":""≤0.0004%"",""Mg"":""≤0.0003%"",""Ca"":""≤0.0011%"",""Fe"":""≤0.0004%""}","{""base_price"":5058,""currency"":""USD"",""unit"":""MT"",""incoterms"":""EXW""}",active,2024-02-01T05:38:30.429Z,2025-12-12T05:38:30.429Z
f7ab9965-19fe-435c-a409-d95ee6c3e39b,a8c6fa9f-f909-4d6b-bd41-e31472c2c9fb,Industrial Grade Other 98.3%,High-quality industrial grade other for industrial applications. Reliable quality for manufacturing.,Other,Industrial Grade,98.26,,,,,1.24 g/cm³,0.01,MT,176,49,1068,[],false,true,"{""Na"":""≤0.0006%"",""Mg"":""≤0.0008%"",""Ca"":""≤0.0012%"",""Fe"":""≤0.0002%""}","{""base_price"":5046,""currency"":""USD"",""unit"":""MT"",""incoterms"":""CIF""}",active,2025-03-12T05:38:30.429Z,2025-12-05T05:38:30.429Z
5730465e-5616-423c-8495-57986af32717,4b7b5184-e4a5-40a9-8953-c01a40ae7bb1,Pharmaceutical Grade Lithium Spodumene,High-quality pharmaceutical grade lithium spodumene for industrial applications. Reliable quality for manufacturing.,Lithium Spodumene,Pharmaceutical Grade,,,,5.97,,1.33 g/cm³,0.09,MT,51,42,5688,[],false,true,"{""Na"":""≤0.0005%"",""Mg"":""≤0.001%"",""Ca"":""≤0.0012%"",""Fe"":""≤0.0005%""}","{""base_price"":9098,""currency"":""USD"",""unit"":""MT"",""incoterms"":""FOB""}",active,2024-05-31T05:38:30.429Z,2025-12-25T05:38:30.429Z
2694d888-9094-4944-8b04-6e0ee80e3fad,4b7b5184-e4a5-40a9-8953-c01a40ae7bb1,Battery Grade Lithium Hydroxide 99.94%,High-quality battery grade lithium hydroxide for EV battery applications. Meets strict automotive specifications.,Lithium Hydroxide,Battery Grade,99.94,,56.94,,D50: 58μm,0.85 g/cm³,0.12,MT,48,45,2313,[],false,true,"{""Na"":""≤0.0007%"",""Mg"":""≤0.0007%"",""Ca"":""≤0.0018%"",""Fe"":""≤0.0004%""}","{""base_price"":15867,""currency"":""USD"",""unit"":""MT"",""incoterms"":""CIF""}",active,2025-05-29T05:38:30.429Z,2025-12-13T05:38:30.429Z
5a4b6077-02d1-43e0-802d-44b7c973cb75,4b7b5184-e4a5-40a9-8953-c01a40ae7bb1,Technical Grade Lithium Spodumene,High-quality technical grade lithium spodumene for industrial applications. Reliable quality for manufacturing.,Lithium Spodumene,Technical Grade,,,,5.72,,0.92 g/cm³,0.04,MT,320,85,2673,[],false,true,"{""Na"":""≤0.0008%"",""Mg"":""≤0.001%"",""Ca"":""≤0.0004%"",""Fe"":""≤0.0003%""}","{""base_price"":6881,""currency"":""USD"",""unit"":""MT"",""incoterms"":""EXW""}",active,2024-07-10T05:38:30.429Z,2025-12-20T05:38:30.429Z
16d2dba3-9559-4c22-b6c0-a3ffd4dfe1e3,4b7b5184-e4a5-40a9-8953-c01a40ae7bb1,Technical Grade Recycled Lithium 98.7%,High-quality technical grade recycled lithium for industrial applications. Reliable quality for manufacturing.,Recycled Lithium,Technical Grade,98.7,,,,,0.97 g/cm³,0.08,MT,318,67,1445,[],false,true,"{""Na"":""≤0.0006%"",""Mg"":""≤0.0005%"",""Ca"":""≤0.0006%"",""Fe"":""≤0.0005%""}","{""base_price"":5086,""currency"":""USD"",""unit"":""MT"",""incoterms"":""EXW""}",active,2024-09-23T05:38:30.429Z,2025-12-16T05:38:30.429Z
bb542edd-6edb-4bab-b827-451bea7d4171,4b7b5184-e4a5-40a9-8953-c01a40ae7bb1,Battery Grade Lithium Hydroxide 99.59%,High-quality battery grade lithium hydroxide for EV battery applications. Meets strict automotive specifications.,Lithium Hydroxide,Battery Grade,99.59,,56.05,,D50: 17μm,0.85 g/cm³,0.14,MT,42,82,670,[],false,true,"{""Na"":""≤0.0004%"",""Mg"":""≤0.0008%"",""Ca"":""≤0.0009%"",""Fe"":""≤0.0002%""}","{""base_price"":17196,""currency"":""USD"",""unit"":""MT"",""incoterms"":""FOB""}",active,2025-02-12T05:38:30.429Z,2025-12-13T05:38:30.429Z
8fb54e9b-810e-425f-87b0-001dcce54fd1,4b7b5184-e4a5-40a9-8953-c01a40ae7bb1,Pharmaceutical Grade Lithium Chloride 98.8%,High-quality pharmaceutical grade lithium chloride for industrial applications. Reliable quality for manufacturing.,Lithium Chloride,Pharmaceutical Grade,98.76,,,,,1.34 g/cm³,0.04,MT,279,78,3213,[],false,true,"{""Na"":""≤0.0006%"",""Mg"":""≤0.0008%"",""Ca"":""≤0.0007%"",""Fe"":""≤0.0003%""}","{""base_price"":5685,""currency"":""USD"",""unit"":""MT"",""incoterms"":""EXW""}",active,2025-01-19T05:38:30.429Z,2025-12-15T05:38:30.429Z
634b7853-b96a-4cfd-9853-814b4a25548f,4b7b5184-e4a5-40a9-8953-c01a40ae7bb1,Industrial Grade Lithium Carbonate 99.79%,High-quality industrial grade lithium carbonate for industrial applications. Reliable quality for manufacturing.,Lithium Carbonate,Industrial Grade,99.79,99.79,,,,0.97 g/cm³,0.02,MT,282,71,3545,[],false,true,"{""Na"":""≤0.0005%"",""Mg"":""≤0.0003%"",""Ca"":""≤0.0005%"",""Fe"":""≤0.0003%""}","{""base_price"":9518,""currency"":""USD"",""unit"":""MT"",""incoterms"":""FOB""}",active,2024-03-01T05:38:30.429Z,2025-12-30T05:38:30.429Z
256267c0-cc69-45dc-8d12-ca445d873531,0208e2ff-4c35-4e75-8fc2-e9999728b4e3,Battery Grade Other 98.9%,High-quality battery grade other for EV battery applications. Meets strict automotive specifications.,Other,Battery Grade,98.91,,,,D50: 42μm,1.15 g/cm³,0.1,MT,21,78,5825,[],false,true,"{""Na"":""≤0.0009%"",""Mg"":""≤0.0004%"",""Ca"":""≤0.0004%"",""Fe"":""≤0.0003%""}","{""base_price"":1109,""currency"":""USD"",""unit"":""MT"",""incoterms"":""EXW""}",active,2025-05-20T05:38:30.429Z,2025-12-30T05:38:30.429Z
40f44970-3a2d-48fc-ac69-c47322e2b5eb,0208e2ff-4c35-4e75-8fc2-e9999728b4e3,Industrial Grade Lithium Chloride 99.2%,High-quality industrial grade lithium chloride for industrial applications. Reliable quality for manufacturing.,Lithium Chloride,Industrial Grade,99.24,,,,,1.24 g/cm³,0.08,MT,217,62,656,[],false,true,"{""Na"":""≤0.0003%"",""Mg"":""≤0.0001%"",""Ca"":""≤0.0011%"",""Fe"":""≤0.0002%""}","{""base_price"":8697,""currency"":""USD"",""unit"":""MT"",""incoterms"":""FOB""}",active,2025-07-26T05:38:30.429Z,2025-12-05T05:38:30.429Z
44f62300-6e4d-4308-b5c0-58f6889cd221,0208e2ff-4c35-4e75-8fc2-e9999728b4e3,Pharmaceutical Grade Recycled Lithium 99.0%,High-quality pharmaceutical grade recycled lithium for industrial applications. Reliable quality for manufacturing.,Recycled Lithium,Pharmaceutical Grade,99,,,,,1.4 g/cm³,0.08,MT,310,71,5524,[],false,true,"{""Na"":""≤0.0002%"",""Mg"":""≤0.0006%"",""Ca"":""≤0.0009%"",""Fe"":""≤0.0004%""}","{""base_price"":5702,""currency"":""USD"",""unit"":""MT"",""incoterms"":""CIF""}",active,2025-02-21T05:38:30.429Z,2025-12-24T05:38:30.429Z
9921f0a4-22d9-4eb7-90dc-d2f2aa077856,0208e2ff-4c35-4e75-8fc2-e9999728b4e3,Battery Grade Other 98.2%,High-quality battery grade other for EV battery applications. Meets strict automotive specifications.,Other,Battery Grade,98.21,,,,D50: 30μm,0.83 g/cm³,0.01,MT,25,86,9639,[],false,true,"{""Na"":""≤0.0008%"",""Mg"":""≤0.0006%"",""Ca"":""≤0.0017%"",""Fe"":""≤0.0001%""}","{""base_price"":972,""currency"":""USD"",""unit"":""MT"",""incoterms"":""FOB""}",active,2024-04-13T05:38:30.429Z,2025-12-30T05:38:30.429Z
c7814851-cbff-4f5b-a5d8-be59e1d81348,0208e2ff-4c35-4e75-8fc2-e9999728b4e3,Pharmaceutical Grade Lithium Chloride 99.2%,High-quality pharmaceutical grade lithium chloride for industrial applications. Reliable quality for manufacturing.,Lithium Chloride,Pharmaceutical Grade,99.18,,,,,0.97 g/cm³,0.07,MT,130,72,8974,[],false,true,"{""Na"":""≤0.0003%"",""Mg"":""≤0.0005%"",""Ca"":""≤0.0004%"",""Fe"":""≤0.0003%""}","{""base_price"":6448,""currency"":""USD"",""unit"":""MT"",""incoterms"":""EXW""}",active,2025-02-12T05:38:30.429Z,2025-12-12T05:38:30.429Z
919a2b7f-44f4-4890-a35c-6506d99f033c,0208e2ff-4c35-4e75-8fc2-e9999728b4e3,Pharmaceutical Grade Lithium Hydroxide 99.93%,High-quality pharmaceutical grade lithium hydroxide for industrial applications. Reliable quality for manufacturing.,Lithium Hydroxide,Pharmaceutical Grade,99.93,,56,,,1.31 g/cm³,0.09,MT,111,65,9600,[],false,true,"{""Na"":""≤0.0003%"",""Mg"":""≤0.0007%"",""Ca"":""≤0.0013%"",""Fe"":""≤0.0004%""}","{""base_price"":5771,""currency"":""USD"",""unit"":""MT"",""incoterms"":""EXW""}",active,2025-06-24T05:38:30.429Z,2025-12-22T05:38:30.429Z
a4585da6-1ca6-4022-bb45-c2e0db11b3f6,0208e2ff-4c35-4e75-8fc2-e9999728b4e3,Pharmaceutical Grade Recycled Lithium 98.4%,High-quality pharmaceutical grade recycled lithium for industrial applications. Reliable quality for manufacturing.,Recycled Lithium,Pharmaceutical Grade,98.44,,,,,0.84 g/cm³,0.05,MT,470,71,1970,[],false,true,"{""Na"":""≤0.0003%"",""Mg"":""≤0.0009%"",""Ca"":""≤0.0013%"",""Fe"":""≤0.0002%""}","{""base_price"":6017,""currency"":""USD"",""unit"":""MT"",""incoterms"":""EXW""}",active,2025-11-09T05:38:30.429Z,2025-12-10T05:38:30.429Z
11850f24-8878-4d7f-82ec-711fd1d704f1,0208e2ff-4c35-4e75-8fc2-e9999728b4e3,Pharmaceutical Grade Recycled Lithium 98.2%,High-quality pharmaceutical grade recycled lithium for industrial applications. Reliable quality for manufacturing.,Recycled Lithium,Pharmaceutical Grade,98.2,,,,,1.33 g/cm³,0.13,MT,477,68,5998,[],false,true,"{""Na"":""≤0.001%"",""Mg"":""≤0.0008%"",""Ca"":""≤0.0017%"",""Fe"":""≤0.0002%""}","{""base_price"":7765,""currency"":""USD"",""unit"":""MT"",""incoterms"":""EXW""}",active,2025-11-18T05:38:30.429Z,2025-12-29T05:38:30.429Z
1dc412cc-1976-4130-942c-6c0fed759a74,5c40cade-c942-4528-8048-02a989eed85d,Industrial Grade Lithium Spodumene,High-quality industrial grade lithium spodumene for industrial applications. Reliable quality for manufacturing.,Lithium Spodumene,Industrial Grade,,,,6.09,,1.29 g/cm³,0.04,MT,475,80,3896,[],false,true,"{""Na"":""≤0.0008%"",""Mg"":""≤0.0006%"",""Ca"":""≤0.0009%"",""Fe"":""≤0.0004%""}","{""base_price"":6690,""currency"":""USD"",""unit"":""MT"",""incoterms"":""FOB""}",active,2024-09-19T05:38:30.429Z,2025-12-08T05:38:30.429Z
0218c9c5-b875-4feb-a741-430e789cf5ea,5c40cade-c942-4528-8048-02a989eed85d,Pharmaceutical Grade Other 99.3%,High-quality pharmaceutical grade other for industrial applications. Reliable quality for manufacturing.,Other,Pharmaceutical Grade,99.34,,,,,1.35 g/cm³,0.02,MT,113,62,2321,[],false,true,"{""Na"":""≤0.0002%"",""Mg"":""≤0.0004%"",""Ca"":""≤0.0008%"",""Fe"":""≤0.0001%""}","{""base_price"":7354,""currency"":""USD"",""unit"":""MT"",""incoterms"":""CIF""}",active,2024-12-20T05:38:30.429Z,2025-12-20T05:38:30.429Z
2cda2a08-e24a-4a66-bdf2-7c8189a053b3,5c40cade-c942-4528-8048-02a989eed85d,Technical Grade Lithium Chloride 99.4%,High-quality technical grade lithium chloride for industrial applications. Reliable quality for manufacturing.,Lithium Chloride,Technical Grade,99.41,,,,,1.34 g/cm³,0.05,MT,151,66,7418,[],false,true,"{""Na"":""≤0.0001%"",""Mg"":""≤0.0005%"",""Ca"":""≤0.0014%"",""Fe"":""≤0.0004%""}","{""base_price"":9430,""currency"":""USD"",""unit"":""MT"",""incoterms"":""CIF""}",active,2024-11-30T05:38:30.429Z,2025-12-20T05:38:30.429Z
8ce630f0-8e18-40d8-8ce4-f1b2b37ebb03,5c40cade-c942-4528-8048-02a989eed85d,Technical Grade Other 99.0%,High-quality technical grade other for industrial applications. Reliable quality for manufacturing.,Other,Technical Grade,99.05,,,,,1.38 g/cm³,0.07,MT,135,86,7554,[],false,true,"{""Na"":""≤0.0004%"",""Mg"":""≤0.0002%"",""Ca"":""≤0.0019%"",""Fe"":""≤0.0002%""}","{""base_price"":5744,""currency"":""USD"",""unit"":""MT"",""incoterms"":""FOB""}",active,2024-10-27T05:38:30.429Z,2025-12-12T05:38:30.429Z
21e21731-ba28-4627-b64d-2c55dde75c9e,5c40cade-c942-4528-8048-02a989eed85d,Battery Grade Recycled Lithium 98.3%,High-quality battery grade recycled lithium for EV battery applications. Meets strict automotive specifications.,Recycled Lithium,Battery Grade,98.26,,,,D50: 54μm,0.9 g/cm³,0.1,MT,48,46,1050,[],false,true,"{""Na"":""≤0.0007%"",""Mg"":""≤0.0006%"",""Ca"":""≤0.0004%"",""Fe"":""≤0.0002%""}","{""base_price"":900,""currency"":""USD"",""unit"":""MT"",""incoterms"":""FOB""}",active,2025-09-08T05:38:30.429Z,2025-12-13T05:38:30.429Z
c26fe078-596a-415d-b656-44c4960bf53c,5c40cade-c942-4528-8048-02a989eed85d,Industrial Grade Other 98.2%,High-quality industrial grade other for industrial applications. Reliable quality for manufacturing.,Other,Industrial Grade,98.19,,,,,0.85 g/cm³,0.07,MT,251,49,2224,[],false,true,"{""Na"":""≤0.0005%"",""Mg"":""≤0.0008%"",""Ca"":""≤0.0008%"",""Fe"":""≤0.0002%""}","{""base_price"":9579,""currency"":""USD"",""unit"":""MT"",""incoterms"":""FOB""}",active,2024-04-01T05:38:30.429Z,2025-12-15T05:38:30.429Z
6bc7b9f0-437c-494f-bf30-3fe880788a1e,5c40cade-c942-4528-8048-02a989eed85d,Technical Grade Lithium Spodumene,High-quality technical grade lithium spodumene for industrial applications. Reliable quality for manufacturing.,Lithium Spodumene,Technical Grade,,,,6.54,,1.37 g/cm³,0.08,MT,372,60,8854,[],false,true,"{""Na"":""≤0.0004%"",""Mg"":""≤0.0005%"",""Ca"":""≤0.0005%"",""Fe"":""≤0.0003%""}","{""base_price"":5911,""currency"":""USD"",""unit"":""MT"",""incoterms"":""FOB""}",active,2025-11-17T05:38:30.429Z,2025-12-19T05:38:30.429Z
b35a632c-dc48-4cce-9dad-812fbd58f975,4942af99-35dc-4674-8541-92dc7395fa0b,Industrial Grade Other 98.2%,High-quality industrial grade other for industrial applications. Reliable quality for manufacturing.,Other,Industrial Grade,98.15,,,,,1.25 g/cm³,0.11,MT,412,82,6679,[],false,true,"{""Na"":""≤0.0005%"",""Mg"":""≤0.0009%"",""Ca"":""≤0.0015%"",""Fe"":""≤0.0005%""}","{""base_price"":5410,""currency"":""USD"",""unit"":""MT"",""incoterms"":""CIF""}",active,2024-05-16T05:38:30.429Z,2025-12-08T05:38:30.429Z
e145714e-730a-4b7e-954d-8dadb3409445,4942af99-35dc-4674-8541-92dc7395fa0b,Pharmaceutical Grade Lithium Carbonate 99.71%,High-quality pharmaceutical grade lithium carbonate for industrial applications. Reliable quality for manufacturing.,Lithium Carbonate,Pharmaceutical Grade,99.71,99.71,,,,1.18 g/cm³,0.14,MT,108,86,8865,[],false,true,"{""Na"":""≤0.0006%"",""Mg"":""≤0.0001%"",""Ca"":""≤0.0013%"",""Fe"":""≤0.0003%""}","{""base_price"":8968,""currency"":""USD"",""unit"":""MT"",""incoterms"":""CIF""}",active,2025-07-27T05:38:30.429Z,2025-12-05T05:38:30.429Z
c540635b-0d18-4f5f-ba4b-04ec9d6613f6,4942af99-35dc-4674-8541-92dc7395fa0b,Pharmaceutical Grade Lithium Carbonate 99.3%,High-quality pharmaceutical grade lithium carbonate for industrial applications. Reliable quality for manufacturing.,Lithium Carbonate,Pharmaceutical Grade,99.32,99.32,,,,1.1 g/cm³,0.08,MT,88,82,5154,[],false,true,"{""Na"":""≤0.0002%"",""Mg"":""≤0.0007%"",""Ca"":""≤0.001%"",""Fe"":""≤0.0004%""}","{""base_price"":6938,""currency"":""USD"",""unit"":""MT"",""incoterms"":""CIF""}",active,2025-03-12T05:38:30.429Z,2025-12-27T05:38:30.429Z
f61b8cbe-bae6-4ce4-9ff8-9ec11be71fed,4942af99-35dc-4674-8541-92dc7395fa0b,Battery Grade Recycled Lithium 99.0%,High-quality battery grade recycled lithium for EV battery applications. Meets strict automotive specifications.,Recycled Lithium,Battery Grade,99.02,,,,D50: 55μm,1.37 g/cm³,0.06,MT,14,75,7785,[],false,true,"{""Na"":""≤0.0002%"",""Mg"":""≤0.0004%"",""Ca"":""≤0.0013%"",""Fe"":""≤0.0004%""}","{""base_price"":963,""currency"":""USD"",""unit"":""MT"",""incoterms"":""CIF""}",active,2025-06-07T05:38:30.429Z,2025-12-17T05:38:30.429Z
75b84bf6-86c8-4761-883f-456d466d8015,4942af99-35dc-4674-8541-92dc7395fa0b,Technical Grade Recycled Lithium 99.2%,High-quality technical grade recycled lithium for industrial applications. Reliable quality for manufacturing.,Recycled Lithium,Technical Grade,99.17,,,,,0.86 g/cm³,0.04,MT,265,57,9843,[],false,true,"{""Na"":""≤0.0006%"",""Mg"":""≤0.0005%"",""Ca"":""≤0.0017%"",""Fe"":""≤0.0004%""}","{""base_price"":6787,""currency"":""USD"",""unit"":""MT"",""incoterms"":""EXW""}",active,2024-06-02T05:38:30.429Z,2025-12-04T05:38:30.429Z
6ae8f88c-8d20-4f55-a42d-3321e431707a,4942af99-35dc-4674-8541-92dc7395fa0b,Industrial Grade Lithium Spodumene,High-quality industrial grade lithium spodumene for industrial applications. Reliable quality for manufacturing.,Lithium Spodumene,Industrial Grade,,,,6.7,,0.91 g/cm³,0.07,MT,338,33,3777,[],false,true,"{""Na"":""≤0.0003%"",""Mg"":""≤0.0004%"",""Ca"":""≤0.0015%"",""Fe"":""≤0.0001%""}","{""base_price"":5426,""currency"":""USD"",""unit"":""MT"",""incoterms"":""CIF""}",active,2025-09-20T05:38:30.429Z,2025-12-13T05:38:30.429Z
9e549295-6613-4a6d-911f-30e4f8557a9f,4942af99-35dc-4674-8541-92dc7395fa0b,Battery Grade Lithium Chloride 99.4%,High-quality battery grade lithium chloride for EV battery applications. Meets strict automotive specifications.,Lithium Chloride,Battery Grade,99.38,,,,D50: 33μm,1.22 g/cm³,0.1,MT,26,48,6461,[],false,true,"{""Na"":""≤0.0005%"",""Mg"":""≤0.0003%"",""Ca"":""≤0.0005%"",""Fe"":""≤0.0001%""}","{""base_price"":1107,""currency"":""USD"",""unit"":""MT"",""incoterms"":""EXW""}",active,2025-04-18T05:38:30.429Z,2025-12-10T05:38:30.429Z
3414d609-19e5-4481-b155-d635601af105,4942af99-35dc-4674-8541-92dc7395fa0b,Industrial Grade Other 98.2%,High-quality industrial grade other for industrial applications. Reliable quality for manufacturing.,Other,Industrial Grade,98.23,,,,,1.11 g/cm³,0.1,MT,259,70,1338,[],false,true,"{""Na"":""≤0.0007%"",""Mg"":""≤0.0003%"",""Ca"":""≤0.0014%"",""Fe"":""≤0.0002%""}","{""base_price"":8835,""currency"":""USD"",""unit"":""MT"",""incoterms"":""EXW""}",active,2025-05-22T05:38:30.429Z,2025-12-11T05:38:30.429Z
ff3f267e-13e5-4179-8150-17577d729a49,4942af99-35dc-4674-8541-92dc7395fa0b,Battery Grade Lithium Chloride 98.9%,High-quality battery grade lithium chloride for EV battery applications. Meets strict automotive specifications.,Lithium Chloride,Battery Grade,98.93,,,,D50: 47μm,1.27 g/cm³,0.01,MT,46,61,1652,[],false,true,"{""Na"":""≤0.0007%"",""Mg"":""≤0.0002%"",""Ca"":""≤0.0018%"",""Fe"":""≤0.0003%""}","{""base_price"":1077,""currency"":""USD"",""unit"":""MT"",""incoterms"":""FOB""}",active,2025-06-27T05:38:30.429Z,2025-12-10T05:38:30.429Z
135c42d1-95a0-4020-a662-0a75a4b74415,4942af99-35dc-4674-8541-92dc7395fa0b,Technical Grade Lithium Hydroxide 99.84%,High-quality technical grade lithium hydroxide for industrial applications. Reliable quality for manufacturing.,Lithium Hydroxide,Technical Grade,99.84,,56.27,,,1.06 g/cm³,0.08,MT,244,33,8469,[],false,true,"{""Na"":""≤0.0001%"",""Mg"":""≤0.0005%"",""Ca"":""≤0.0009%"",""Fe"":""≤0.0003%""}","{""base_price"":5091,""currency"":""USD"",""unit"":""MT"",""incoterms"":""FOB""}",active,2024-05-28T05:38:30.429Z,2025-12-29T05:38:30.429Z
56296436-c57d-4479-9683-063f42bf2283,4942af99-35dc-4674-8541-92dc7395fa0b,Industrial Grade Other 98.8%,High-quality industrial grade other for industrial applications. Reliable quality for manufacturing.,Other,Industrial Grade,98.75,,,,,1.19 g/cm³,0.08,MT,170,54,2154,[],false,true,"{""Na"":""≤0.0005%"",""Mg"":""≤0.0009%"",""Ca"":""≤0.0013%"",""Fe"":""≤0.0002%""}","{""base_price"":6245,""currency"":""USD"",""unit"":""MT"",""incoterms"":""CIF""}",active,2024-07-05T05:38:30.429Z,2025-12-16T05:38:30.429Z
f80fe52c-e593-4ea0-89e3-7cfea3f50f6b,4942af99-35dc-4674-8541-92dc7395fa0b,Battery Grade Lithium Hydroxide 99.65%,High-quality battery grade lithium hydroxide for EV battery applications. Meets strict automotive specifications.,Lithium Hydroxide,Battery Grade,99.65,,56.73,,D50: 27μm,1.23 g/cm³,0.11,MT,23,63,7488,[],false,true,"{""Na"":""≤0.0002%"",""Mg"":""≤0.0005%"",""Ca"":""≤0.0019%"",""Fe"":""≤0.0004%""}","{""base_price"":17423,""currency"":""USD"",""unit"":""MT"",""incoterms"":""FOB""}",out_of_stock,2025-07-15T05:38:30.429Z,2026-01-02T05:38:30.429Z
1e41cf7b-cc13-42d4-b069-7ac0f15ccb50,b76f14c3-32ac-44cf-9716-780bbb7f98f9,Pharmaceutical Grade Lithium Spodumene,High-quality pharmaceutical grade lithium spodumene for industrial applications. Reliable quality for manufacturing.,Lithium Spodumene,Pharmaceutical Grade,,,,5.58,,1.14 g/cm³,0.1,MT,425,87,2239,[],false,true,"{""Na"":""≤0.0005%"",""Mg"":""≤0.0003%"",""Ca"":""≤0.0004%"",""Fe"":""≤0.0003%""}","{""base_price"":5928,""currency"":""USD"",""unit"":""MT"",""incoterms"":""EXW""}",active,2025-08-03T05:38:30.429Z,2025-12-16T05:38:30.429Z
17968c96-3ecb-48a3-b7c8-5df85b0eb5b4,b76f14c3-32ac-44cf-9716-780bbb7f98f9,Pharmaceutical Grade Other 99.5%,High-quality pharmaceutical grade other for industrial applications. Reliable quality for manufacturing.,Other,Pharmaceutical Grade,99.46,,,,,0.92 g/cm³,0.06,MT,408,44,9615,[],false,true,"{""Na"":""≤0.0008%"",""Mg"":""≤0.0005%"",""Ca"":""≤0.0001%"",""Fe"":""≤0.0003%""}","{""base_price"":8667,""currency"":""USD"",""unit"":""MT"",""incoterms"":""EXW""}",out_of_stock,2024-10-09T05:38:30.429Z,2025-12-09T05:38:30.429Z
d10a472e-08a2-4779-976a-1f8fc9891b3f,b76f14c3-32ac-44cf-9716-780bbb7f98f9,Pharmaceutical Grade Lithium Spodumene,High-quality pharmaceutical grade lithium spodumene for industrial applications. Reliable quality for manufacturing.,Lithium Spodumene,Pharmaceutical Grade,,,,6.26,,0.84 g/cm³,0.1,MT,366,52,6584,[],false,true,"{""Na"":""≤0.0007%"",""Mg"":""≤0.0005%"",""Ca"":""≤0.0011%"",""Fe"":""≤0.0001%""}","{""base_price"":6679,""currency"":""USD"",""unit"":""MT"",""incoterms"":""FOB""}",active,2025-10-26T05:38:30.429Z,2025-12-13T05:38:30.429Z
660c3d47-031e-4d62-8245-c0581db8a265,b76f14c3-32ac-44cf-9716-780bbb7f98f9,Pharmaceutical Grade Other 99.1%,High-quality pharmaceutical grade other for industrial applications. Reliable quality for manufacturing.,Other,Pharmaceutical Grade,99.13,,,,,1.17 g/cm³,0.13,MT,489,78,1447,[],false,true,"{""Na"":""≤0.0009%"",""Mg"":""≤0.0006%"",""Ca"":""≤0.0004%"",""Fe"":""≤0.0002%""}","{""base_price"":5109,""currency"":""USD"",""unit"":""MT"",""incoterms"":""CIF""}",active,2025-08-07T05:38:30.429Z,2025-12-30T05:38:30.429Z
120c6a8c-2722-4d31-bdfc-35d721e7ee97,b76f14c3-32ac-44cf-9716-780bbb7f98f9,Pharmaceutical Grade Recycled Lithium 99.4%,High-quality pharmaceutical grade recycled lithium for industrial applications. Reliable quality for manufacturing.,Recycled Lithium,Pharmaceutical Grade,99.44,,,,,1.14 g/cm³,0.07,MT,255,39,7869,[],false,true,"{""Na"":""≤0.0006%"",""Mg"":""≤0.0001%"",""Ca"":""≤0.0012%"",""Fe"":""≤0.0001%""}","{""base_price"":7975,""currency"":""USD"",""unit"":""MT"",""incoterms"":""FOB""}",active,2024-06-07T05:38:30.429Z,2025-12-06T05:38:30.429Z
b456bed5-aca9-4a00-babb-11fc944535fc,b76f14c3-32ac-44cf-9716-780bbb7f98f9,Battery Grade Lithium Chloride 98.2%,High-quality battery grade lithium chloride for EV battery applications. Meets strict automotive specifications.,Lithium Chloride,Battery Grade,98.19,,,,D50: 26μm,1.24 g/cm³,0.07,MT,40,37,5201,[],false,true,"{""Na"":""≤0.0007%"",""Mg"":""≤0.0004%"",""Ca"":""≤0.0007%"",""Fe"":""≤0.0003%""}","{""base_price"":956,""currency"":""USD"",""unit"":""MT"",""incoterms"":""CIF""}",active,2024-01-14T05:38:30.429Z,2025-12-14T05:38:30.429Z
847986a7-4ec1-4fd6-aad4-b9466a9ed9e4,b76f14c3-32ac-44cf-9716-780bbb7f98f9,Technical Grade Lithium Hydroxide 99.82%,High-quality technical grade lithium hydroxide for industrial applications. Reliable quality for manufacturing.,Lithium Hydroxide,Technical Grade,99.82,,56.87,,,1.06 g/cm³,0.08,MT,497,55,1167,[],false,true,"{""Na"":""≤0.0007%"",""Mg"":""≤0.0009%"",""Ca"":""≤0.0008%"",""Fe"":""≤0.0004%""}","{""base_price"":7467,""currency"":""USD"",""unit"":""MT"",""incoterms"":""EXW""}",active,2024-06-25T05:38:30.429Z,2025-12-04T05:38:30.429Z
41d3b248-e3e8-4611-97b7-5cb6c2b7c141,b76f14c3-32ac-44cf-9716-780bbb7f98f9,Battery Grade Lithium Spodumene,High-quality battery grade lithium spodumene for EV battery applications. Meets strict automotive specifications.,Lithium Spodumene,Battery Grade,,,,6.55,D50: 39μm,1.37 g/cm³,0.12,MT,29,80,3190,[],false,true,"{""Na"":""≤0.0005%"",""Mg"":""≤0.0006%"",""Ca"":""≤0.0005%"",""Fe"":""≤0.0001%""}","{""base_price"":870,""currency"":""USD"",""unit"":""MT"",""incoterms"":""FOB""}",active,2024-01-06T05:38:30.429Z,2025-12-07T05:38:30.429Z
a58380c0-4ed4-4e85-b68f-9d2630601672,b76f14c3-32ac-44cf-9716-780bbb7f98f9,Industrial Grade Lithium Chloride 98.3%,High-quality industrial grade lithium chloride for industrial applications. Reliable quality for manufacturing.,Lithium Chloride,Industrial Grade,98.26,,,,,1 g/cm³,0.09,MT,180,84,1872,[],false,true,"{""Na"":""≤0.001%"",""Mg"":""≤0.0006%"",""Ca"":""≤0.0016%"",""Fe"":""≤0.0004%""}","{""base_price"":6833,""currency"":""USD"",""unit"":""MT"",""incoterms"":""FOB""}",active,2024-02-09T05:38:30.429Z,2025-12-07T05:38:30.429Z
0e288a7d-5b08-4251-af5f-ed65e8c5faa4,b76f14c3-32ac-44cf-9716-780bbb7f98f9,Technical Grade Other 98.6%,High-quality technical grade other for industrial applications. Reliable quality for manufacturing.,Other,Technical Grade,98.6,,,,,1.35 g/cm³,0.03,MT,232,44,8500,[],false,true,"{""Na"":""≤0.0004%"",""Mg"":""≤0.0007%"",""Ca"":""≤0.0007%"",""Fe"":""≤0.0003%""}","{""base_price"":7133,""currency"":""USD"",""unit"":""MT"",""incoterms"":""CIF""}",active,2025-05-16T05:38:30.429Z,2025-12-21T05:38:30.429Z
67cb7f4f-b39a-4d7f-a340-03acacfb073d,b76f14c3-32ac-44cf-9716-780bbb7f98f9,Industrial Grade Lithium Carbonate 99.77%,High-quality industrial grade lithium carbonate for industrial applications. Reliable quality for manufacturing.,Lithium Carbonate,Industrial Grade,99.77,99.77,,,,0.9 g/cm³,0.13,MT,387,39,8903,[],false,true,"{""Na"":""≤0.0009%"",""Mg"":""≤0.0006%"",""Ca"":""≤0.0018%"",""Fe"":""≤0.0004%""}","{""base_price"":9299,""currency"":""USD"",""unit"":""MT"",""incoterms"":""FOB""}",active,2024-11-11T05:38:30.429Z,2025-12-30T05:38:30.429Z
aede8b7e-3fb9-4c67-ac8a-4cb215bd8a89,b76f14c3-32ac-44cf-9716-780bbb7f98f9,Battery Grade Lithium Carbonate 99.79%,High-quality battery grade lithium carbonate for EV battery applications. Meets strict automotive specifications.,Lithium Carbonate,Battery Grade,99.79,99.79,,,D50: 20μm,0.86 g/cm³,0.12,MT,49,75,6193,[],false,true,"{""Na"":""≤0.0004%"",""Mg"":""≤0.0008%"",""Ca"":""≤0.0014%"",""Fe"":""≤0.0002%""}","{""base_price"":12306,""currency"":""USD"",""unit"":""MT"",""incoterms"":""EXW""}",active,2024-11-06T05:38:30.429Z,2025-12-19T05:38:30.429Z
d05e9bb6-ea51-45d4-9e84-218866a5fd9d,b76f14c3-32ac-44cf-9716-780bbb7f98f9,Industrial Grade Other 99.0%,High-quality industrial grade other for industrial applications. Reliable quality for manufacturing.,Other,Industrial Grade,98.97,,,,,0.92 g/cm³,0.14,MT,333,62,4882,[],false,true,"{""Na"":""≤0.0009%"",""Mg"":""≤0.0009%"",""Ca"":""≤0.0015%"",""Fe"":""≤0.0004%""}","{""base_price"":8271,""currency"":""USD"",""unit"":""MT"",""incoterms"":""FOB""}",active,2025-09-18T05:38:30.429Z,2025-12-10T05:38:30.429Z
60f64f77-889a-47a6-b35b-ac2c832e8478,6a83ca53-c0a9-42ef-85a8-c6007f6d97b5,Pharmaceutical Grade Lithium Spodumene,High-quality pharmaceutical grade lithium spodumene for industrial applications. Reliable quality for manufacturing.,Lithium Spodumene,Pharmaceutical Grade,,,,6.76,,1.06 g/cm³,0.09,MT,261,39,4190,[],false,true,"{""Na"":""≤0.0007%"",""Mg"":""≤0.0007%"",""Ca"":""≤0.0012%"",""Fe"":""≤0.0001%""}","{""base_price"":9075,""currency"":""USD"",""unit"":""MT"",""incoterms"":""EXW""}",active,2024-10-13T05:38:30.429Z,2025-12-08T05:38:30.429Z
409fd569-5695-40e8-b2d0-b58e926eecf7,6a83ca53-c0a9-42ef-85a8-c6007f6d97b5,Industrial Grade Lithium Spodumene,High-quality industrial grade lithium spodumene for industrial applications. Reliable quality for manufacturing.,Lithium Spodumene,Industrial Grade,,,,6.54,,1.22 g/cm³,0.1,MT,465,85,6785,[],false,true,"{""Na"":""≤0.0003%"",""Mg"":""≤0.0006%"",""Ca"":""≤0.0017%"",""Fe"":""≤0.0005%""}","{""base_price"":5773,""currency"":""USD"",""unit"":""MT"",""incoterms"":""CIF""}",active,2025-10-17T05:38:30.429Z,2025-12-30T05:38:30.429Z
d87f573d-5371-474b-8c7d-1fd2b5788923,6a83ca53-c0a9-42ef-85a8-c6007f6d97b5,Battery Grade Lithium Carbonate 99.4%,High-quality battery grade lithium carbonate for EV battery applications. Meets strict automotive specifications.,Lithium Carbonate,Battery Grade,99.4,99.4,,,D50: 36μm,1.34 g/cm³,0.11,MT,19,87,5266,[],false,true,"{""Na"":""≤0.0005%"",""Mg"":""≤0.0006%"",""Ca"":""≤0.0003%"",""Fe"":""≤0.0004%""}","{""base_price"":12898,""currency"":""USD"",""unit"":""MT"",""incoterms"":""FOB""}",active,2024-06-30T05:38:30.429Z,2025-12-05T05:38:30.429Z
d850329a-6622-40f1-9e87-9e17234b14fb,6a83ca53-c0a9-42ef-85a8-c6007f6d97b5,Battery Grade Lithium Chloride 98.8%,High-quality battery grade lithium chloride for EV battery applications. Meets strict automotive specifications.,Lithium Chloride,Battery Grade,98.83,,,,D50: 59μm,1.32 g/cm³,0.13,MT,37,62,2464,[],false,true,"{""Na"":""≤0.0002%"",""Mg"":""≤0.0004%"",""Ca"":""≤0.0003%"",""Fe"":""≤0.0002%""}","{""base_price"":822,""currency"":""USD"",""unit"":""MT"",""incoterms"":""FOB""}",active,2025-06-22T05:38:30.429Z,2025-12-07T05:38:30.429Z
60d7b9ec-ba62-4341-a54c-cb31a4753d7b,6a83ca53-c0a9-42ef-85a8-c6007f6d97b5,Technical Grade Recycled Lithium 98.5%,High-quality technical grade recycled lithium for industrial applications. Reliable quality for manufacturing.,Recycled Lithium,Technical Grade,98.46,,,,,1.38 g/cm³,0.12,MT,134,44,4389,[],false,true,"{""Na"":""≤0.0006%"",""Mg"":""≤0.0009%"",""Ca"":""≤0.0015%"",""Fe"":""≤0.0005%""}","{""base_price"":9790,""currency"":""USD"",""unit"":""MT"",""incoterms"":""CIF""}",active,2024-12-05T05:38:30.429Z,2025-12-28T05:38:30.429Z
f2611637-f78d-4dfa-8296-ecf6e8dc3346,6a83ca53-c0a9-42ef-85a8-c6007f6d97b5,Industrial Grade Lithium Chloride 98.4%,High-quality industrial grade lithium chloride for industrial applications. Reliable quality for manufacturing.,Lithium Chloride,Industrial Grade,98.41,,,,,1.37 g/cm³,0.07,MT,428,60,5267,[],false,true,"{""Na"":""≤0.0007%"",""Mg"":""≤0.0008%"",""Ca"":""≤0.002%"",""Fe"":""≤0.0002%""}","{""base_price"":9712,""currency"":""USD"",""unit"":""MT"",""incoterms"":""EXW""}",active,2025-07-15T05:38:30.429Z,2025-12-11T05:38:30.429Z
6e1f7d3d-8322-4f62-9965-1fd572cb179d,6a83ca53-c0a9-42ef-85a8-c6007f6d97b5,Technical Grade Lithium Spodumene,High-quality technical grade lithium spodumene for industrial applications. Reliable quality for manufacturing.,Lithium Spodumene,Technical Grade,,,,6.69,,1.27 g/cm³,0.11,MT,192,83,6269,[],false,true,"{""Na"":""≤0.0004%"",""Mg"":""≤0.0003%"",""Ca"":""≤0.0009%"",""Fe"":""≤0.0002%""}","{""base_price"":8735,""currency"":""USD"",""unit"":""MT"",""incoterms"":""FOB""}",active,2024-06-29T05:38:30.429Z,2025-12-09T05:38:30.429Z
b9c057fc-bd12-48ca-b543-5c1c8e20733f,6a83ca53-c0a9-42ef-85a8-c6007f6d97b5,Battery Grade Lithium Spodumene,High-quality battery grade lithium spodumene for EV battery applications. Meets strict automotive specifications.,Lithium Spodumene,Battery Grade,,,,6.62,D50: 46μm,1.04 g/cm³,0.09,MT,41,61,383,[],false,true,"{""Na"":""≤0.0007%"",""Mg"":""≤0.0003%"",""Ca"":""≤0.0007%"",""Fe"":""≤0.0004%""}","{""base_price"":891,""currency"":""USD"",""unit"":""MT"",""incoterms"":""FOB""}",active,2024-05-24T05:38:30.429Z,2025-12-28T05:38:30.429Z
cb425567-3b4e-46cd-91c1-2455649e51bf,6a83ca53-c0a9-42ef-85a8-c6007f6d97b5,Battery Grade Lithium Carbonate 99.80%,High-quality battery grade lithium carbonate for EV battery applications. Meets strict automotive specifications.,Lithium Carbonate,Battery Grade,99.8,99.8,,,D50: 12μm,0.9 g/cm³,0.03,MT,35,49,6571,[],false,true,"{""Na"":""≤0.0006%"",""Mg"":""≤0.0003%"",""Ca"":""≤0.0003%"",""Fe"":""≤0.0005%""}","{""base_price"":11405,""currency"":""USD"",""unit"":""MT"",""incoterms"":""EXW""}",active,2024-01-07T05:38:30.429Z,2025-12-06T05:38:30.429Z
cacc43f8-8889-43a5-82c0-db2537dd880b,6a83ca53-c0a9-42ef-85a8-c6007f6d97b5,Battery Grade Lithium Chloride 98.3%,High-quality battery grade lithium chloride for EV battery applications. Meets strict automotive specifications.,Lithium Chloride,Battery Grade,98.26,,,,D50: 40μm,1.02 g/cm³,0.02,MT,23,76,418,[],false,true,"{""Na"":""≤0.0003%"",""Mg"":""≤0.001%"",""Ca"":""≤0.0017%"",""Fe"":""≤0.0003%""}","{""base_price"":1010,""currency"":""USD"",""unit"":""MT"",""incoterms"":""FOB""}",active,2024-09-13T05:38:30.429Z,2025-12-22T05:38:30.429Z
233a42f1-b0dd-4a3b-b406-aef56bac3d5e,6a83ca53-c0a9-42ef-85a8-c6007f6d97b5,Industrial Grade Lithium Carbonate 99.84%,High-quality industrial grade lithium carbonate for industrial applications. Reliable quality for manufacturing.,Lithium Carbonate,Industrial Grade,99.84,99.84,,,,1.04 g/cm³,0.05,MT,234,86,5687,[],false,true,"{""Na"":""≤0.0009%"",""Mg"":""≤0.0004%"",""Ca"":""≤0.0006%"",""Fe"":""≤0.0004%""}","{""base_price"":7503,""currency"":""USD"",""unit"":""MT"",""incoterms"":""CIF""}",active,2025-05-14T05:38:30.429Z,2025-12-25T05:38:30.429Z
7907f16a-473e-44fe-8abf-d07263f9c246,6a83ca53-c0a9-42ef-85a8-c6007f6d97b5,Technical Grade Lithium Spodumene,High-quality technical grade lithium spodumene for industrial applications. Reliable quality for manufacturing.,Lithium Spodumene,Technical Grade,,,,6.61,,1.07 g/cm³,0.06,MT,160,74,7835,[],false,true,"{""Na"":""≤0.0009%"",""Mg"":""≤0.0004%"",""Ca"":""≤0.0008%"",""Fe"":""≤0.0002%""}","{""base_price"":6705,""currency"":""USD"",""unit"":""MT"",""incoterms"":""FOB""}",active,2024-10-09T05:38:30.429Z,2025-12-12T05:38:30.429Z
fc1c7495-8648-4e7a-9b66-8b10e916e4ed,6a83ca53-c0a9-42ef-85a8-c6007f6d97b5,Technical Grade Other 99.5%,High-quality technical grade other for industrial applications. Reliable quality for manufacturing.,Other,Technical Grade,99.45,,,,,1.27 g/cm³,0.13,MT,335,71,2783,[],false,true,"{""Na"":""≤0.0006%"",""Mg"":""≤0.0003%"",""Ca"":""≤0.0013%"",""Fe"":""≤0.0005%""}","{""base_price"":7774,""currency"":""USD"",""unit"":""MT"",""incoterms"":""FOB""}",out_of_stock,2025-07-26T05:38:30.429Z,2025-12-20T05:38:30.429Z
b8558f18-30a5-45c0-8967-41b8a56b29b5,5ae88a11-3e4e-44bd-882c-16084a57f8cc,Industrial Grade Lithium Hydroxide 99.58%,High-quality industrial grade lithium hydroxide for industrial applications. Reliable quality for manufacturing.,Lithium Hydroxide,Industrial Grade,99.58,,56.23,,,0.95 g/cm³,0.09,MT,214,71,4770,[],false,true,"{""Na"":""≤0.0007%"",""Mg"":""≤0.0004%"",""Ca"":""≤0.0009%"",""Fe"":""≤0.0004%""}","{""base_price"":6386,""currency"":""USD"",""unit"":""MT"",""incoterms"":""EXW""}",active,2024-10-08T05:38:30.429Z,2025-12-30T05:38:30.429Z
e96a79fd-42f7-4d14-a38d-be82be7c860d,5ae88a11-3e4e-44bd-882c-16084a57f8cc,Industrial Grade Lithium Spodumene,High-quality industrial grade lithium spodumene for industrial applications. Reliable quality for manufacturing.,Lithium Spodumene,Industrial Grade,,,,5.6,,1.38 g/cm³,0.11,MT,245,42,8661,[],false,true,"{""Na"":""≤0.0008%"",""Mg"":""≤0.0009%"",""Ca"":""≤0.0006%"",""Fe"":""≤0.0002%""}","{""base_price"":7187,""currency"":""USD"",""unit"":""MT"",""incoterms"":""EXW""}",active,2024-07-16T05:38:30.429Z,2025-12-18T05:38:30.429Z
cace1c8a-b05a-4b55-901a-e99da9d1c720,5ae88a11-3e4e-44bd-882c-16084a57f8cc,Technical Grade Lithium Chloride 98.5%,High-quality technical grade lithium chloride for industrial applications. Reliable quality for manufacturing.,Lithium Chloride,Technical Grade,98.46,,,,,0.92 g/cm³,0.13,MT,467,56,3283,[],false,true,"{""Na"":""≤0.001%"",""Mg"":""≤0.0002%"",""Ca"":""≤0.001%"",""Fe"":""≤0.0003%""}","{""base_price"":7025,""currency"":""USD"",""unit"":""MT"",""incoterms"":""EXW""}",active,2025-04-25T05:38:30.429Z,2025-12-15T05:38:30.429Z
6daa801a-c632-4364-b6ce-66e437c2236f,5ae88a11-3e4e-44bd-882c-16084a57f8cc,Technical Grade Lithium Chloride 99.2%,High-quality technical grade lithium chloride for industrial applications. Reliable quality for manufacturing.,Lithium Chloride,Technical Grade,99.24,,,,,1.24 g/cm³,0.08,MT,199,63,7762,[],false,true,"{""Na"":""≤0.0009%"",""Mg"":""≤0.0003%"",""Ca"":""≤0.0005%"",""Fe"":""≤0.0002%""}","{""base_price"":8181,""currency"":""USD"",""unit"":""MT"",""incoterms"":""FOB""}",active,2024-08-14T05:38:30.429Z,2026-01-01T05:38:30.429Z
64caee97-bf96-44bb-aad4-30597e4859a0,5ae88a11-3e4e-44bd-882c-16084a57f8cc,Industrial Grade Lithium Carbonate 99.87%,High-quality industrial grade lithium carbonate for industrial applications. Reliable quality for manufacturing.,Lithium Carbonate,Industrial Grade,99.87,99.87,,,,1.16 g/cm³,0.13,MT,481,30,302,[],false,true,"{""Na"":""≤0.0002%"",""Mg"":""≤0.0004%"",""Ca"":""≤0.0013%"",""Fe"":""≤0.0002%""}","{""base_price"":8284,""currency"":""USD"",""unit"":""MT"",""incoterms"":""FOB""}",out_of_stock,2024-01-06T05:38:30.429Z,2025-12-03T05:38:30.429Z
13e979cc-9217-4b91-b71c-f66320ac77bc,5ae88a11-3e4e-44bd-882c-16084a57f8cc,Industrial Grade Other 98.2%,High-quality industrial grade other for industrial applications. Reliable quality for manufacturing.,Other,Industrial Grade,98.18,,,,,0.85 g/cm³,0.11,MT,146,78,7525,[],false,true,"{""Na"":""≤0.0001%"",""Mg"":""≤0.0004%"",""Ca"":""≤0.0008%"",""Fe"":""≤0.0002%""}","{""base_price"":5799,""currency"":""USD"",""unit"":""MT"",""incoterms"":""FOB""}",active,2025-09-22T05:38:30.429Z,2025-12-29T05:38:30.429Z
e3ea14fe-6cdf-48ff-b181-57dc3f9af5b5,5ae88a11-3e4e-44bd-882c-16084a57f8cc,Technical Grade Recycled Lithium 98.6%,High-quality technical grade recycled lithium for industrial applications. Reliable quality for manufacturing.,Recycled Lithium,Technical Grade,98.58,,,,,1.14 g/cm³,0.04,MT,442,57,1312,[],false,true,"{""Na"":""≤0.0004%"",""Mg"":""≤0.0002%"",""Ca"":""≤0.0019%"",""Fe"":""≤0.0005%""}","{""base_price"":8232,""currency"":""USD"",""unit"":""MT"",""incoterms"":""FOB""}",active,2025-07-15T05:38:30.429Z,2025-12-15T05:38:30.429Z
a3852e40-121d-4ba5-8ee2-10c0de378091,5ae88a11-3e4e-44bd-882c-16084a57f8cc,Technical Grade Recycled Lithium 98.5%,High-quality technical grade recycled lithium for industrial applications. Reliable quality for manufacturing.,Recycled Lithium,Technical Grade,98.51,,,,,0.9 g/cm³,0.09,MT,102,79,4906,[],false,true,"{""Na"":""≤0.0005%"",""Mg"":""≤0.0008%"",""Ca"":""≤0.0006%"",""Fe"":""≤0.0001%""}","{""base_price"":7659,""currency"":""USD"",""unit"":""MT"",""incoterms"":""FOB""}",out_of_stock,2025-09-09T05:38:30.429Z,2025-12-23T05:38:30.429Z
39368966-1bbc-4777-ab48-dc7af729b8bb,870dc9ac-795a-4851-ac2a-3cf9f083df9f,Battery Grade Lithium Spodumene,High-quality battery grade lithium spodumene for EV battery applications. Meets strict automotive specifications.,Lithium Spodumene,Battery Grade,,,,5.55,D50: 23μm,1.36 g/cm³,0.08,MT,43,37,7292,[],false,true,"{""Na"":""≤0.0006%"",""Mg"":""≤0.0002%"",""Ca"":""≤0.0018%"",""Fe"":""≤0.0001%""}","{""base_price"":1111,""currency"":""USD"",""unit"":""MT"",""incoterms"":""FOB""}",active,2025-11-15T05:38:30.429Z,2025-12-21T05:38:30.429Z
4cd96692-16e1-4441-8099-5b7a70cd2dbf,870dc9ac-795a-4851-ac2a-3cf9f083df9f,Technical Grade Lithium Carbonate 99.5%,High-quality technical grade lithium carbonate for industrial applications. Reliable quality for manufacturing.,Lithium Carbonate,Technical Grade,99.48,99.48,,,,1.3 g/cm³,0.01,MT,367,67,8442,[],false,true,"{""Na"":""≤0.0004%"",""Mg"":""≤0.0002%"",""Ca"":""≤0.0008%"",""Fe"":""≤0.0005%""}","{""base_price"":6670,""currency"":""USD"",""unit"":""MT"",""incoterms"":""FOB""}",active,2024-09-16T05:38:30.429Z,2025-12-17T05:38:30.429Z
93879a7d-937c-4dfe-9192-496abdc33cc8,870dc9ac-795a-4851-ac2a-3cf9f083df9f,Industrial Grade Other 98.8%,High-quality industrial grade other for industrial applications. Reliable quality for manufacturing.,Other,Industrial Grade,98.81,,,,,1.3 g/cm³,0.11,MT,485,36,5341,[],false,true,"{""Na"":""≤0.0007%"",""Mg"":""≤0.0004%"",""Ca"":""≤0.0003%"",""Fe"":""≤0.0002%""}","{""base_price"":7375,""currency"":""USD"",""unit"":""MT"",""incoterms"":""EXW""}",active,2025-06-09T05:38:30.429Z,2025-12-04T05:38:30.429Z
90b35aa8-75a1-4316-980b-1ffa5cc50a4c,870dc9ac-795a-4851-ac2a-3cf9f083df9f,Industrial Grade Lithium Carbonate 99.56%,High-quality industrial grade lithium carbonate for industrial applications. Reliable quality for manufacturing.,Lithium Carbonate,Industrial Grade,99.56,99.56,,,,1.21 g/cm³,0.12,MT,264,51,261,[],false,true,"{""Na"":""≤0.0002%"",""Mg"":""≤0.0005%"",""Ca"":""≤0.0007%"",""Fe"":""≤0.0002%""}","{""base_price"":7418,""currency"":""USD"",""unit"":""MT"",""incoterms"":""EXW""}",active,2025-04-05T05:38:30.429Z,2025-12-30T05:38:30.429Z
3b3a2361-0409-437e-a9a8-dc378da6e855,870dc9ac-795a-4851-ac2a-3cf9f083df9f,Technical Grade Recycled Lithium 98.1%,High-quality technical grade recycled lithium for industrial applications. Reliable quality for manufacturing.,Recycled Lithium,Technical Grade,98.1,,,,,1.03 g/cm³,0.01,MT,69,60,8302,[],false,true,"{""Na"":""≤0.0009%"",""Mg"":""≤0.001%"",""Ca"":""≤0.0017%"",""Fe"":""≤0.0003%""}","{""base_price"":6732,""currency"":""USD"",""unit"":""MT"",""incoterms"":""FOB""}",active,2025-11-17T05:38:30.429Z,2025-12-03T05:38:30.429Z
e7a535d3-c360-4384-84a1-fd453500873a,870dc9ac-795a-4851-ac2a-3cf9f083df9f,Battery Grade Lithium Chloride 98.6%,High-quality battery grade lithium chloride for EV battery applications. Meets strict automotive specifications.,Lithium Chloride,Battery Grade,98.57,,,,D50: 40μm,0.9 g/cm³,0.04,MT,31,86,886,[],false,true,"{""Na"":""≤0.0006%"",""Mg"":""≤0.0005%"",""Ca"":""≤0.0019%"",""Fe"":""≤0.0001%""}","{""base_price"":1031,""currency"":""USD"",""unit"":""MT"",""incoterms"":""EXW""}",active,2024-03-10T05:38:30.429Z,2026-01-02T05:38:30.429Z
bcf8b936-1928-4051-9b6f-b3faa6722ea6,870dc9ac-795a-4851-ac2a-3cf9f083df9f,Pharmaceutical Grade Lithium Hydroxide 99.51%,High-quality pharmaceutical grade lithium hydroxide for industrial applications. Reliable quality for manufacturing.,Lithium Hydroxide,Pharmaceutical Grade,99.51,,56.41,,,0.96 g/cm³,0.12,MT,475,86,624,[],false,true,"{""Na"":""≤0.0002%"",""Mg"":""≤0.0006%"",""Ca"":""≤0.0002%"",""Fe"":""≤0.0001%""}","{""base_price"":8753,""currency"":""USD"",""unit"":""MT"",""incoterms"":""CIF""}",active,2024-10-26T05:38:30.429Z,2025-12-05T05:38:30.429Z
b6453092-22b9-400c-b9ab-4cf2eac955b3,68db7c08-8dcd-4cb6-b001-eec88539af33,Industrial Grade Lithium Carbonate 99.75%,High-quality industrial grade lithium carbonate for industrial applications. Reliable quality for manufacturing.,Lithium Carbonate,Industrial Grade,99.75,99.75,,,,1.2 g/cm³,0.05,MT,471,32,8550,[],false,true,"{""Na"":""≤0.0007%"",""Mg"":""≤0.0007%"",""Ca"":""≤0.0019%"",""Fe"":""≤0.0005%""}","{""base_price"":9858,""currency"":""USD"",""unit"":""MT"",""incoterms"":""FOB""}",active,2025-11-30T05:38:30.429Z,2025-12-10T05:38:30.429Z
4d466b9c-4283-4a3b-afd2-0bd61bc2f150,68db7c08-8dcd-4cb6-b001-eec88539af33,Pharmaceutical Grade Lithium Chloride 99.2%,High-quality pharmaceutical grade lithium chloride for industrial applications. Reliable quality for manufacturing.,Lithium Chloride,Pharmaceutical Grade,99.16,,,,,1.07 g/cm³,0.02,MT,215,57,9286,[],false,true,"{""Na"":""≤0.0006%"",""Mg"":""≤0.001%"",""Ca"":""≤0.0005%"",""Fe"":""≤0.0003%""}","{""base_price"":5067,""currency"":""USD"",""unit"":""MT"",""incoterms"":""CIF""}",active,2025-09-09T05:38:30.429Z,2025-12-19T05:38:30.429Z
fae8bf74-25b9-4c4d-a3f2-9366cfa51ac2,68db7c08-8dcd-4cb6-b001-eec88539af33,Industrial Grade Other 99.5%,High-quality industrial grade other for industrial applications. Reliable quality for manufacturing.,Other,Industrial Grade,99.45,,,,,1.26 g/cm³,0.03,MT,152,90,7638,[],false,true,"{""Na"":""≤0.0001%"",""Mg"":""≤0.0005%"",""Ca"":""≤0.0015%"",""Fe"":""≤0.0003%""}","{""base_price"":5645,""currency"":""USD"",""unit"":""MT"",""incoterms"":""EXW""}",active,2025-06-03T05:38:30.429Z,2025-12-31T05:38:30.429Z
9d06ada8-26f4-4aeb-b5cb-cbebfafd3598,68db7c08-8dcd-4cb6-b001-eec88539af33,Technical Grade Lithium Carbonate 99.84%,High-quality technical grade lithium carbonate for industrial applications. Reliable quality for manufacturing.,Lithium Carbonate,Technical Grade,99.84,99.84,,,,1.1 g/cm³,0.07,MT,319,83,9053,[],false,true,"{""Na"":""≤0.0005%"",""Mg"":""≤0.0005%"",""Ca"":""≤0.0011%"",""Fe"":""≤0.0002%""}","{""base_price"":7419,""currency"":""USD"",""unit"":""MT"",""incoterms"":""CIF""}",active,2024-05-25T05:38:30.429Z,2025-12-07T05:38:30.429Z
8335c727-294b-46bb-bdc0-ef4e219f638f,68db7c08-8dcd-4cb6-b001-eec88539af33,Battery Grade Lithium Chloride 99.2%,High-quality battery grade lithium chloride for EV battery applications. Meets strict automotive specifications.,Lithium Chloride,Battery Grade,99.2,,,,D50: 18μm,0.96 g/cm³,0.1,MT,35,55,8962,[],false,true,"{""Na"":""≤0.0007%"",""Mg"":""≤0.0009%"",""Ca"":""≤0.0005%"",""Fe"":""≤0.0002%""}","{""base_price"":825,""currency"":""USD"",""unit"":""MT"",""incoterms"":""FOB""}",active,2025-05-17T05:38:30.429Z,2025-12-15T05:38:30.429Z
3b6129df-f030-412e-bdf3-d4fa81c7eafe,68db7c08-8dcd-4cb6-b001-eec88539af33,Industrial Grade Lithium Carbonate 99.64%,High-quality industrial grade lithium carbonate for industrial applications. Reliable quality for manufacturing.,Lithium Carbonate,Industrial Grade,99.64,99.64,,,,0.82 g/cm³,0.11,MT,196,66,6048,[],false,true,"{""Na"":""≤0.0003%"",""Mg"":""≤0.0009%"",""Ca"":""≤0.0003%"",""Fe"":""≤0.0001%""}","{""base_price"":7386,""currency"":""USD"",""unit"":""MT"",""incoterms"":""CIF""}",active,2024-03-28T05:38:30.429Z,2026-01-02T05:38:30.430Z
87bc7c96-b079-43f8-b00e-09e9c2e4cb0d,68db7c08-8dcd-4cb6-b001-eec88539af33,Battery Grade Other 98.4%,High-quality battery grade other for EV battery applications. Meets strict automotive specifications.,Other,Battery Grade,98.43,,,,D50: 21μm,0.94 g/cm³,0.1,MT,32,35,1458,[],false,true,"{""Na"":""≤0.001%"",""Mg"":""≤0.0004%"",""Ca"":""≤0.0006%"",""Fe"":""≤0.0004%""}","{""base_price"":1015,""currency"":""USD"",""unit"":""MT"",""incoterms"":""FOB""}",active,2024-05-14T05:38:30.430Z,2025-12-19T05:38:30.430Z
fc04e307-c346-4dc4-a39d-d5b0a6494b4c,68db7c08-8dcd-4cb6-b001-eec88539af33,Industrial Grade Lithium Hydroxide 99.66%,High-quality industrial grade lithium hydroxide for industrial applications. Reliable quality for manufacturing.,Lithium Hydroxide,Industrial Grade,99.66,,56.63,,,0.96 g/cm³,0.15,MT,282,57,9280,[],false,true,"{""Na"":""≤0.0008%"",""Mg"":""≤0.0009%"",""Ca"":""≤0.0016%"",""Fe"":""≤0.0005%""}","{""base_price"":6225,""currency"":""USD"",""unit"":""MT"",""incoterms"":""EXW""}",active,2025-03-15T05:38:30.430Z,2025-12-25T05:38:30.430Z
735af884-dc81-4457-a2f0-4036fca24f8d,68db7c08-8dcd-4cb6-b001-eec88539af33,Pharmaceutical Grade Lithium Spodumene,High-quality pharmaceutical grade lithium spodumene for industrial applications. Reliable quality for manufacturing.,Lithium Spodumene,Pharmaceutical Grade,,,,6.04,,0.8 g/cm³,0.08,MT,446,57,4031,[],false,true,"{""Na"":""≤0.0007%"",""Mg"":""≤0.0003%"",""Ca"":""≤0.0012%"",""Fe"":""≤0.0004%""}","{""base_price"":5925,""currency"":""USD"",""unit"":""MT"",""incoterms"":""FOB""}",active,2025-06-18T05:38:30.430Z,2025-12-20T05:38:30.430Z
2777e3d9-455a-475f-b423-6feb96c5f855,68db7c08-8dcd-4cb6-b001-eec88539af33,Pharmaceutical Grade Other 98.4%,High-quality pharmaceutical grade other for industrial applications. Reliable quality for manufacturing.,Other,Pharmaceutical Grade,98.43,,,,,1.4 g/cm³,0.1,MT,131,90,6168,[],false,true,"{""Na"":""≤0.0004%"",""Mg"":""≤0.0005%"",""Ca"":""≤0.0007%"",""Fe"":""≤0.0004%""}","{""base_price"":7031,""currency"":""USD"",""unit"":""MT"",""incoterms"":""CIF""}",active,2024-11-05T05:38:30.430Z,2025-12-13T05:38:30.430Z
d3559cf4-9ab2-420b-b85f-8e1a5a6f6bf2,9639e31d-91c0-43bd-a926-d55c4211676e,Pharmaceutical Grade Lithium Carbonate 99.63%,High-quality pharmaceutical grade lithium carbonate for industrial applications. Reliable quality for manufacturing.,Lithium Carbonate,Pharmaceutical Grade,99.63,99.63,,,,1.16 g/cm³,0.11,MT,168,54,2386,[],false,true,"{""Na"":""≤0.0009%"",""Mg"":""≤0.001%"",""Ca"":""≤0.0011%"",""Fe"":""≤0.0004%""}","{""base_price"":5086,""currency"":""USD"",""unit"":""MT"",""incoterms"":""EXW""}",active,2025-11-07T05:38:30.430Z,2025-12-13T05:38:30.430Z
92138eb2-445e-4875-8bc1-b346375be392,9639e31d-91c0-43bd-a926-d55c4211676e,Battery Grade Lithium Chloride 98.9%,High-quality battery grade lithium chloride for EV battery applications. Meets strict automotive specifications.,Lithium Chloride,Battery Grade,98.88,,,,D50: 53μm,0.87 g/cm³,0.03,MT,39,61,3215,[],false,true,"{""Na"":""≤0.0009%"",""Mg"":""≤0.0006%"",""Ca"":""≤0.0013%"",""Fe"":""≤0.0002%""}","{""base_price"":895,""currency"":""USD"",""unit"":""MT"",""incoterms"":""FOB""}",active,2025-06-12T05:38:30.430Z,2025-12-12T05:38:30.430Z
c3156ff1-43a8-4995-bb0e-811284c9463b,9639e31d-91c0-43bd-a926-d55c4211676e,Pharmaceutical Grade Recycled Lithium 98.6%,High-quality pharmaceutical grade recycled lithium for industrial applications. Reliable quality for manufacturing.,Recycled Lithium,Pharmaceutical Grade,98.6,,,,,0.91 g/cm³,0.02,MT,246,35,7917,[],false,true,"{""Na"":""≤0.0003%"",""Mg"":""≤0.0005%"",""Ca"":""≤0.0018%"",""Fe"":""≤0.0002%""}","{""base_price"":9037,""currency"":""USD"",""unit"":""MT"",""incoterms"":""CIF""}",active,2025-11-14T05:38:30.430Z,2025-12-16T05:38:30.430Z
20368ed9-f0fe-4f87-aca3-5a5ca8c4d5ca,9639e31d-91c0-43bd-a926-d55c4211676e,Pharmaceutical Grade Lithium Carbonate 99.50%,High-quality pharmaceutical grade lithium carbonate for industrial applications. Reliable quality for manufacturing.,Lithium Carbonate,Pharmaceutical Grade,99.5,99.5,,,,1.25 g/cm³,0.03,MT,348,58,1493,[],false,true,"{""Na"":""≤0.0005%"",""Mg"":""≤0.0004%"",""Ca"":""≤0.0013%"",""Fe"":""≤0.0002%""}","{""base_price"":9285,""currency"":""USD"",""unit"":""MT"",""incoterms"":""CIF""}",active,2024-07-17T05:38:30.430Z,2025-12-28T05:38:30.430Z
065b13d1-b2a1-43e7-b06c-63b18ded08ce,9639e31d-91c0-43bd-a926-d55c4211676e,Technical Grade Lithium Carbonate 99.4%,High-quality technical grade lithium carbonate for industrial applications. Reliable quality for manufacturing.,Lithium Carbonate,Technical Grade,99.43,99.43,,,,1 g/cm³,0.14,MT,229,48,9440,[],false,true,"{""Na"":""≤0.0002%"",""Mg"":""≤0.0008%"",""Ca"":""≤0.0001%"",""Fe"":""≤0.0002%""}","{""base_price"":7935,""currency"":""USD"",""unit"":""MT"",""incoterms"":""FOB""}",active,2024-12-14T05:38:30.430Z,2025-12-29T05:38:30.430Z
97cb8f2c-4af3-4f2b-893b-9a3b0d6e5bfd,9639e31d-91c0-43bd-a926-d55c4211676e,Pharmaceutical Grade Other 98.6%,High-quality pharmaceutical grade other for industrial applications. Reliable quality for manufacturing.,Other,Pharmaceutical Grade,98.62,,,,,0.99 g/cm³,0.02,MT,133,52,2489,[],false,true,"{""Na"":""≤0.0001%"",""Mg"":""≤0.0003%"",""Ca"":""≤0.0016%"",""Fe"":""≤0.0004%""}","{""base_price"":9197,""currency"":""USD"",""unit"":""MT"",""incoterms"":""CIF""}",active,2024-12-14T05:38:30.430Z,2025-12-20T05:38:30.430Z
f36545da-74f1-4da3-9d50-e9d8ce629e5e,9639e31d-91c0-43bd-a926-d55c4211676e,Pharmaceutical Grade Lithium Chloride 99.4%,High-quality pharmaceutical grade lithium chloride for industrial applications. Reliable quality for manufacturing.,Lithium Chloride,Pharmaceutical Grade,99.36,,,,,1.03 g/cm³,0.03,MT,250,54,3429,[],false,true,"{""Na"":""≤0.0006%"",""Mg"":""≤0.0003%"",""Ca"":""≤0.0014%"",""Fe"":""≤0.0004%""}","{""base_price"":8780,""currency"":""USD"",""unit"":""MT"",""incoterms"":""EXW""}",active,2024-12-01T05:38:30.430Z,2025-12-25T05:38:30.430Z
abbd2a6b-c4b5-43a3-98da-a50e6f58ff28,9639e31d-91c0-43bd-a926-d55c4211676e,Technical Grade Recycled Lithium 99.4%,High-quality technical grade recycled lithium for industrial applications. Reliable quality for manufacturing.,Recycled Lithium,Technical Grade,99.38,,,,,1.13 g/cm³,0.02,MT,432,89,5184,[],false,true,"{""Na"":""≤0.001%"",""Mg"":""≤0.0006%"",""Ca"":""≤0.0011%"",""Fe"":""≤0.0004%""}","{""base_price"":8480,""currency"":""USD"",""unit"":""MT"",""incoterms"":""EXW""}",active,2025-01-22T05:38:30.430Z,2026-01-01T05:38:30.430Z
e06b804d-d0c8-4406-836b-714a97757b93,9639e31d-91c0-43bd-a926-d55c4211676e,Industrial Grade Other 99.2%,High-quality industrial grade other for industrial applications. Reliable quality for manufacturing.,Other,Industrial Grade,99.16,,,,,1.08 g/cm³,0.11,MT,79,30,8407,[],false,true,"{""Na"":""≤0.0005%"",""Mg"":""≤0.0003%"",""Ca"":""≤0.0011%"",""Fe"":""≤0.0003%""}","{""base_price"":8576,""currency"":""USD"",""unit"":""MT"",""incoterms"":""CIF""}",out_of_stock,2024-06-18T05:38:30.430Z,2025-12-06T05:38:30.430Z
ffc8d75f-8218-4433-922f-667fc27a5a03,9639e31d-91c0-43bd-a926-d55c4211676e,Industrial Grade Recycled Lithium 98.4%,High-quality industrial grade recycled lithium for industrial applications. Reliable quality for manufacturing.,Recycled Lithium,Industrial Grade,98.4,,,,,1.08 g/cm³,0.07,MT,120,89,7145,[],false,true,"{""Na"":""≤0.0001%"",""Mg"":""≤0.0008%"",""Ca"":""≤0.0003%"",""Fe"":""≤0.0005%""}","{""base_price"":5825,""currency"":""USD"",""unit"":""MT"",""incoterms"":""CIF""}",active,2024-12-26T05:38:30.430Z,2025-12-21T05:38:30.430Z
778d1712-3500-4462-982f-c6ce7d7565b0,9639e31d-91c0-43bd-a926-d55c4211676e,Pharmaceutical Grade Lithium Spodumene,High-quality pharmaceutical grade lithium spodumene for industrial applications. Reliable quality for manufacturing.,Lithium Spodumene,Pharmaceutical Grade,,,,5.71,,1.07 g/cm³,0.09,MT,202,49,8061,[],false,true,"{""Na"":""≤0.0007%"",""Mg"":""≤0.0001%"",""Ca"":""≤0.0008%"",""Fe"":""≤0.0002%""}","{""base_price"":6808,""currency"":""USD"",""unit"":""MT"",""incoterms"":""FOB""}",active,2025-04-11T05:38:30.430Z,2025-12-13T05:38:30.430Z
4675adea-9853-4db8-944e-558a7e264d78,9639e31d-91c0-43bd-a926-d55c4211676e,Battery Grade Lithium Carbonate 99.76%,High-quality battery grade lithium carbonate for EV battery applications. Meets strict automotive specifications.,Lithium Carbonate,Battery Grade,99.76,99.76,,,D50: 32μm,1.25 g/cm³,0.03,MT,21,56,7108,[],false,true,"{""Na"":""≤0.0001%"",""Mg"":""≤0.0002%"",""Ca"":""≤0.001%"",""Fe"":""≤0.0002%""}","{""base_price"":13737,""currency"":""USD"",""unit"":""MT"",""incoterms"":""FOB""}",active,2025-08-21T05:38:30.430Z,2025-12-07T05:38:30.430Z
57e92721-b6b4-4023-86ca-a4114c142e0d,b545402d-b565-41e7-90b2-a32cc86317c3,Industrial Grade Lithium Hydroxide 99.65%,High-quality industrial grade lithium hydroxide for industrial applications. Reliable quality for manufacturing.,Lithium Hydroxide,Industrial Grade,99.65,,56.73,,,1.3 g/cm³,0.07,MT,459,68,7754,[],false,true,"{""Na"":""≤0.0005%"",""Mg"":""≤0.0008%"",""Ca"":""≤0.0019%"",""Fe"":""≤0.0004%""}","{""base_price"":8541,""currency"":""USD"",""unit"":""MT"",""incoterms"":""CIF""}",active,2024-12-15T05:38:30.430Z,2025-12-15T05:38:30.430Z
2c4933d6-e9ea-4996-981b-cb79d4cec6f7,b545402d-b565-41e7-90b2-a32cc86317c3,Pharmaceutical Grade Lithium Carbonate 99.51%,High-quality pharmaceutical grade lithium carbonate for industrial applications. Reliable quality for manufacturing.,Lithium Carbonate,Pharmaceutical Grade,99.51,99.51,,,,1.19 g/cm³,0.02,MT,327,63,8520,[],false,true,"{""Na"":""≤0.001%"",""Mg"":""≤0.0003%"",""Ca"":""≤0.0006%"",""Fe"":""≤0.0005%""}","{""base_price"":7916,""currency"":""USD"",""unit"":""MT"",""incoterms"":""CIF""}",active,2024-03-06T05:38:30.430Z,2025-12-16T05:38:30.430Z
13e0c9da-ce0a-48ff-ad85-7bc0c415e7e3,b545402d-b565-41e7-90b2-a32cc86317c3,Pharmaceutical Grade Lithium Chloride 98.9%,High-quality pharmaceutical grade lithium chloride for industrial applications. Reliable quality for manufacturing.,Lithium Chloride,Pharmaceutical Grade,98.88,,,,,0.92 g/cm³,0.04,MT,287,83,2788,[],false,true,"{""Na"":""≤0.0007%"",""Mg"":""≤0.0007%"",""Ca"":""≤0.0009%"",""Fe"":""≤0.0003%""}","{""base_price"":8959,""currency"":""USD"",""unit"":""MT"",""incoterms"":""FOB""}",active,2024-09-23T05:38:30.430Z,2025-12-30T05:38:30.430Z
347d5713-0e05-4df7-ad0a-f099b0dc075b,b545402d-b565-41e7-90b2-a32cc86317c3,Industrial Grade Lithium Spodumene,High-quality industrial grade lithium spodumene for industrial applications. Reliable quality for manufacturing.,Lithium Spodumene,Industrial Grade,,,,6.3,,1.19 g/cm³,0.15,MT,486,90,3328,[],false,true,"{""Na"":""≤0.0002%"",""Mg"":""≤0.0009%"",""Ca"":""≤0.0003%"",""Fe"":""≤0.0004%""}","{""base_price"":8269,""currency"":""USD"",""unit"":""MT"",""incoterms"":""EXW""}",active,2025-09-13T05:38:30.430Z,2025-12-05T05:38:30.430Z
bf93787d-15a1-42cf-afae-3b6e6b3e106d,b545402d-b565-41e7-90b2-a32cc86317c3,Battery Grade Lithium Chloride 98.8%,High-quality battery grade lithium chloride for EV battery applications. Meets strict automotive specifications.,Lithium Chloride,Battery Grade,98.83,,,,D50: 48μm,1.27 g/cm³,0.08,MT,19,38,7804,[],false,true,"{""Na"":""≤0.0009%"",""Mg"":""≤0.0009%"",""Ca"":""≤0.001%"",""Fe"":""≤0.0002%""}","{""base_price"":1085,""currency"":""USD"",""unit"":""MT"",""incoterms"":""FOB""}",active,2024-12-16T05:38:30.430Z,2025-12-13T05:38:30.430Z
b4aeecca-8ad9-4e4c-9643-05bdb13128ae,b545402d-b565-41e7-90b2-a32cc86317c3,Battery Grade Lithium Hydroxide 99.65%,High-quality battery grade lithium hydroxide for EV battery applications. Meets strict automotive specifications.,Lithium Hydroxide,Battery Grade,99.65,,56.62,,D50: 54μm,1.38 g/cm³,0.08,MT,25,46,971,[],false,true,"{""Na"":""≤0.0005%"",""Mg"":""≤0.0001%"",""Ca"":""≤0.0002%"",""Fe"":""≤0.0004%""}","{""base_price"":17500,""currency"":""USD"",""unit"":""MT"",""incoterms"":""FOB""}",active,2024-08-09T05:38:30.430Z,2026-01-01T05:38:30.430Z
8ce3b40b-c278-4fc1-93b8-74628745c146,b545402d-b565-41e7-90b2-a32cc86317c3,Pharmaceutical Grade Lithium Carbonate 99.4%,High-quality pharmaceutical grade lithium carbonate for industrial applications. Reliable quality for manufacturing.,Lithium Carbonate,Pharmaceutical Grade,99.37,99.37,,,,0.95 g/cm³,0.06,MT,306,38,778,[],false,true,"{""Na"":""≤0.0006%"",""Mg"":""≤0.0001%"",""Ca"":""≤0.0017%"",""Fe"":""≤0.0002%""}","{""base_price"":7280,""currency"":""USD"",""unit"":""MT"",""incoterms"":""FOB""}",active,2024-11-27T05:38:30.430Z,2025-12-09T05:38:30.430Z
486e3fcc-dd6e-4754-b47b-8a9432b584fb,b545402d-b565-41e7-90b2-a32cc86317c3,Industrial Grade Recycled Lithium 99.3%,High-quality industrial grade recycled lithium for industrial applications. Reliable quality for manufacturing.,Recycled Lithium,Industrial Grade,99.25,,,,,1.37 g/cm³,0.15,MT,202,47,8251,[],false,true,"{""Na"":""≤0.0005%"",""Mg"":""≤0.0002%"",""Ca"":""≤0.0011%"",""Fe"":""≤0.0002%""}","{""base_price"":9802,""currency"":""USD"",""unit"":""MT"",""incoterms"":""CIF""}",active,2024-01-26T05:38:30.430Z,2025-12-11T05:38:30.430Z
654d0fe5-f79c-49ae-bd05-ee7dab8eb099,b545402d-b565-41e7-90b2-a32cc86317c3,Battery Grade Lithium Carbonate 99.60%,High-quality battery grade lithium carbonate for EV battery applications. Meets strict automotive specifications.,Lithium Carbonate,Battery Grade,99.6,99.6,,,D50: 47μm,1.12 g/cm³,0.08,MT,27,46,5328,[],false,true,"{""Na"":""≤0.0005%"",""Mg"":""≤0.0008%"",""Ca"":""≤0.0017%"",""Fe"":""≤0.0005%""}","{""base_price"":13835,""currency"":""USD"",""unit"":""MT"",""incoterms"":""FOB""}",active,2025-09-04T05:38:30.430Z,2025-12-13T05:38:30.430Z
a3c787cb-4a3d-4fa1-9627-394fc1f9b248,4d60b8b2-a348-477a-a5e2-969415d5b2ad,Industrial Grade Lithium Spodumene,High-quality industrial grade lithium spodumene for industrial applications. Reliable quality for manufacturing.,Lithium Spodumene,Industrial Grade,,,,6.11,,0.96 g/cm³,0.14,MT,333,76,1821,[],false,true,"{""Na"":""≤0.0008%"",""Mg"":""≤0.0008%"",""Ca"":""≤0.0002%"",""Fe"":""≤0.0002%""}","{""base_price"":9574,""currency"":""USD"",""unit"":""MT"",""incoterms"":""FOB""}",active,2025-03-27T05:38:30.430Z,2025-12-09T05:38:30.430Z
ef1f908c-03da-498a-9bb3-d1248f3331a4,4d60b8b2-a348-477a-a5e2-969415d5b2ad,Battery Grade Recycled Lithium 99.2%,High-quality battery grade recycled lithium for EV battery applications. Meets strict automotive specifications.,Recycled Lithium,Battery Grade,99.2,,,,D50: 12μm,0.94 g/cm³,0.11,MT,41,78,9619,[],false,true,"{""Na"":""≤0.0008%"",""Mg"":""≤0.0004%"",""Ca"":""≤0.0008%"",""Fe"":""≤0.0004%""}","{""base_price"":997,""currency"":""USD"",""unit"":""MT"",""incoterms"":""FOB""}",active,2024-06-19T05:38:30.430Z,2025-12-23T05:38:30.430Z
4de73d1b-eaa1-4966-955c-3bb65c62b284,4d60b8b2-a348-477a-a5e2-969415d5b2ad,Technical Grade Lithium Hydroxide 99.73%,High-quality technical grade lithium hydroxide for industrial applications. Reliable quality for manufacturing.,Lithium Hydroxide,Technical Grade,99.73,,56.01,,,1.26 g/cm³,0.11,MT,304,55,2256,[],false,true,"{""Na"":""≤0.0007%"",""Mg"":""≤0.0006%"",""Ca"":""≤0.0019%"",""Fe"":""≤0.0004%""}","{""base_price"":7935,""currency"":""USD"",""unit"":""MT"",""incoterms"":""CIF""}",active,2025-03-26T05:38:30.430Z,2025-12-24T05:38:30.430Z
7136ca40-e96e-4190-a4d0-ca0238478151,4d60b8b2-a348-477a-a5e2-969415d5b2ad,Technical Grade Lithium Hydroxide 99.53%,High-quality technical grade lithium hydroxide for industrial applications. Reliable quality for manufacturing.,Lithium Hydroxide,Technical Grade,99.53,,56.05,,,1.13 g/cm³,0.05,MT,235,31,6576,[],false,true,"{""Na"":""≤0.0009%"",""Mg"":""≤0.0002%"",""Ca"":""≤0.0019%"",""Fe"":""≤0.0003%""}","{""base_price"":8874,""currency"":""USD"",""unit"":""MT"",""incoterms"":""FOB""}",active,2025-10-27T05:38:30.430Z,2025-12-24T05:38:30.430Z
6b754e97-7991-4bc8-8d93-de759b33970c,4d60b8b2-a348-477a-a5e2-969415d5b2ad,Technical Grade Other 99.0%,High-quality technical grade other for industrial applications. Reliable quality for manufacturing.,Other,Technical Grade,99.02,,,,,1.08 g/cm³,0.04,MT,391,40,7219,[],false,true,"{""Na"":""≤0.0005%"",""Mg"":""≤0.001%"",""Ca"":""≤0.0003%"",""Fe"":""≤0.0002%""}","{""base_price"":6360,""currency"":""USD"",""unit"":""MT"",""incoterms"":""FOB""}",active,2024-11-20T05:38:30.430Z,2025-12-31T05:38:30.430Z
72a5c824-88c6-46b6-90b3-0e2fa8cd2ee7,4d60b8b2-a348-477a-a5e2-969415d5b2ad,Industrial Grade Recycled Lithium 99.0%,High-quality industrial grade recycled lithium for industrial applications. Reliable quality for manufacturing.,Recycled Lithium,Industrial Grade,99.03,,,,,0.85 g/cm³,0.07,MT,468,58,767,[],false,true,"{""Na"":""≤0.0006%"",""Mg"":""≤0.0002%"",""Ca"":""≤0.0009%"",""Fe"":""≤0.0003%""}","{""base_price"":5803,""currency"":""USD"",""unit"":""MT"",""incoterms"":""CIF""}",active,2024-01-11T05:38:30.430Z,2025-12-11T05:38:30.430Z
783924ab-a6df-404b-80ed-2111266e5634,4d60b8b2-a348-477a-a5e2-969415d5b2ad,Pharmaceutical Grade Lithium Spodumene,High-quality pharmaceutical grade lithium spodumene for industrial applications. Reliable quality for manufacturing.,Lithium Spodumene,Pharmaceutical Grade,,,,6.44,,0.84 g/cm³,0.1,MT,152,65,9216,[],false,true,"{""Na"":""≤0.0003%"",""Mg"":""≤0.0007%"",""Ca"":""≤0.0018%"",""Fe"":""≤0.0004%""}","{""base_price"":6706,""currency"":""USD"",""unit"":""MT"",""incoterms"":""FOB""}",active,2024-11-24T05:38:30.430Z,2025-12-29T05:38:30.430Z
e2c5f48d-9b41-4884-8150-d3a28c018c85,4d60b8b2-a348-477a-a5e2-969415d5b2ad,Industrial Grade Other 98.4%,High-quality industrial grade other for industrial applications. Reliable quality for manufacturing.,Other,Industrial Grade,98.39,,,,,1.21 g/cm³,0.14,MT,485,79,7486,[],false,true,"{""Na"":""≤0.0003%"",""Mg"":""≤0.0009%"",""Ca"":""≤0.0003%"",""Fe"":""≤0.0002%""}","{""base_price"":7040,""currency"":""USD"",""unit"":""MT"",""incoterms"":""EXW""}",active,2025-03-23T05:38:30.430Z,2025-12-13T05:38:30.430Z
07ba5c11-6a55-4898-a825-55358a4c0674,4d60b8b2-a348-477a-a5e2-969415d5b2ad,Pharmaceutical Grade Lithium Carbonate 99.5%,High-quality pharmaceutical grade lithium carbonate for industrial applications. Reliable quality for manufacturing.,Lithium Carbonate,Pharmaceutical Grade,99.47,99.47,,,,1.18 g/cm³,0.12,MT,268,33,744,[],false,true,"{""Na"":""≤0.0008%"",""Mg"":""≤0.001%"",""Ca"":""≤0.0002%"",""Fe"":""≤0.0005%""}","{""base_price"":6272,""currency"":""USD"",""unit"":""MT"",""incoterms"":""EXW""}",active,2025-03-08T05:38:30.430Z,2025-12-30T05:38:30.430Z
71041646-7a64-4a66-bcaf-53c1e126b30f,57d13328-0d73-48eb-aff2-7a029e192419,Industrial Grade Lithium Spodumene,High-quality industrial grade lithium spodumene for industrial applications. Reliable quality for manufacturing.,Lithium Spodumene,Industrial Grade,,,,6.41,,1.32 g/cm³,0.09,MT,308,88,9274,[],false,true,"{""Na"":""≤0.0004%"",""Mg"":""≤0.0006%"",""Ca"":""≤0.0012%"",""Fe"":""≤0.0003%""}","{""base_price"":8005,""currency"":""USD"",""unit"":""MT"",""incoterms"":""CIF""}",active,2025-04-17T05:38:30.430Z,2025-12-08T05:38:30.430Z
e6cbdde2-bcad-4f2f-9148-fc74a7e74f05,57d13328-0d73-48eb-aff2-7a029e192419,Pharmaceutical Grade Lithium Carbonate 99.77%,High-quality pharmaceutical grade lithium carbonate for industrial applications. Reliable quality for manufacturing.,Lithium Carbonate,Pharmaceutical Grade,99.77,99.77,,,,0.91 g/cm³,0.1,MT,489,77,3841,[],false,true,"{""Na"":""≤0.0003%"",""Mg"":""≤0.0002%"",""Ca"":""≤0.0005%"",""Fe"":""≤0.0002%""}","{""base_price"":8149,""currency"":""USD"",""unit"":""MT"",""incoterms"":""CIF""}",out_of_stock,2025-11-08T05:38:30.430Z,2025-12-21T05:38:30.430Z
33272cb3-de05-4f43-bd3c-a3bc3df113a5,57d13328-0d73-48eb-aff2-7a029e192419,Battery Grade Lithium Hydroxide 99.67%,High-quality battery grade lithium hydroxide for EV battery applications. Meets strict automotive specifications.,Lithium Hydroxide,Battery Grade,99.67,,56.67,,D50: 27μm,1.2 g/cm³,0.06,MT,36,33,4067,[],false,true,"{""Na"":""≤0.0003%"",""Mg"":""≤0.0007%"",""Ca"":""≤0.002%"",""Fe"":""≤0.0004%""}","{""base_price"":17241,""currency"":""USD"",""unit"":""MT"",""incoterms"":""EXW""}",active,2025-10-13T05:38:30.430Z,2025-12-07T05:38:30.430Z
2e6358dd-9393-4d6e-8c7d-b27baa56c08d,57d13328-0d73-48eb-aff2-7a029e192419,Pharmaceutical Grade Lithium Spodumene,High-quality pharmaceutical grade lithium spodumene for industrial applications. Reliable quality for manufacturing.,Lithium Spodumene,Pharmaceutical Grade,,,,5.83,,1.38 g/cm³,0.11,MT,325,32,3935,[],false,true,"{""Na"":""≤0.0009%"",""Mg"":""≤0.0007%"",""Ca"":""≤0.0007%"",""Fe"":""≤0.0002%""}","{""base_price"":9928,""currency"":""USD"",""unit"":""MT"",""incoterms"":""FOB""}",active,2024-01-14T05:38:30.430Z,2025-12-15T05:38:30.430Z
26b251d3-3367-4c2c-b567-07b084a5b6d1,57d13328-0d73-48eb-aff2-7a029e192419,Technical Grade Lithium Hydroxide 99.69%,High-quality technical grade lithium hydroxide for industrial applications. Reliable quality for manufacturing.,Lithium Hydroxide,Technical Grade,99.69,,56.71,,,0.88 g/cm³,0.06,MT,367,50,5019,[],false,true,"{""Na"":""≤0.0009%"",""Mg"":""≤0.0009%"",""Ca"":""≤0.0011%"",""Fe"":""≤0.0004%""}","{""base_price"":7460,""currency"":""USD"",""unit"":""MT"",""incoterms"":""EXW""}",active,2024-11-13T05:38:30.430Z,2026-01-02T05:38:30.430Z
8e79154e-1530-49d4-b243-ae76b91a5bbf,57d13328-0d73-48eb-aff2-7a029e192419,Industrial Grade Lithium Chloride 98.2%,High-quality industrial grade lithium chloride for industrial applications. Reliable quality for manufacturing.,Lithium Chloride,Industrial Grade,98.23,,,,,1.04 g/cm³,0.1,MT,417,82,7566,[],false,true,"{""Na"":""≤0.0004%"",""Mg"":""≤0.0002%"",""Ca"":""≤0.0005%"",""Fe"":""≤0.0004%""}","{""base_price"":7715,""currency"":""USD"",""unit"":""MT"",""incoterms"":""CIF""}",active,2024-08-12T05:38:30.430Z,2025-12-10T05:38:30.430Z
67155234-6c29-484b-aa33-d7bf48c104c0,57d13328-0d73-48eb-aff2-7a029e192419,Battery Grade Lithium Hydroxide 99.66%,High-quality battery grade lithium hydroxide for EV battery applications. Meets strict automotive specifications.,Lithium Hydroxide,Battery Grade,99.66,,56.34,,D50: 50μm,1.16 g/cm³,0.11,MT,14,52,9949,[],false,true,"{""Na"":""≤0.0003%"",""Mg"":""≤0.0002%"",""Ca"":""≤0.0018%"",""Fe"":""≤0.0004%""}","{""base_price"":16418,""currency"":""USD"",""unit"":""MT"",""incoterms"":""FOB""}",active,2025-01-08T05:38:30.430Z,2025-12-09T05:38:30.430Z
abce72bf-107a-44ea-a7c1-e471b8d66ae1,2ab13aab-6094-4c0d-9d45-af607b1c664e,Industrial Grade Lithium Chloride 99.4%,High-quality industrial grade lithium chloride for industrial applications. Reliable quality for manufacturing.,Lithium Chloride,Industrial Grade,99.39,,,,,1.39 g/cm³,0.11,MT,448,79,6720,[],false,true,"{""Na"":""≤0.0004%"",""Mg"":""≤0.0003%"",""Ca"":""≤0.0012%"",""Fe"":""≤0.0003%""}","{""base_price"":8265,""currency"":""USD"",""unit"":""MT"",""incoterms"":""FOB""}",active,2024-10-26T05:38:30.430Z,2026-01-02T05:38:30.430Z
1929e7b3-11c9-4134-89fc-d83babaf2a3c,2ab13aab-6094-4c0d-9d45-af607b1c664e,Industrial Grade Lithium Spodumene,High-quality industrial grade lithium spodumene for industrial applications. Reliable quality for manufacturing.,Lithium Spodumene,Industrial Grade,,,,6.79,,1.28 g/cm³,0.06,MT,255,69,9892,[],false,true,"{""Na"":""≤0.0003%"",""Mg"":""≤0.0005%"",""Ca"":""≤0.0016%"",""Fe"":""≤0.0003%""}","{""base_price"":5455,""currency"":""USD"",""unit"":""MT"",""incoterms"":""FOB""}",active,2025-10-20T05:38:30.430Z,2025-12-16T05:38:30.430Z
32dba0a8-a40d-4521-932c-2d2b6bc04e8a,2ab13aab-6094-4c0d-9d45-af607b1c664e,Industrial Grade Other 98.2%,High-quality industrial grade other for industrial applications. Reliable quality for manufacturing.,Other,Industrial Grade,98.24,,,,,1.29 g/cm³,0.01,MT,75,33,471,[],false,true,"{""Na"":""≤0.001%"",""Mg"":""≤0.0009%"",""Ca"":""≤0.0011%"",""Fe"":""≤0.0004%""}","{""base_price"":7887,""currency"":""USD"",""unit"":""MT"",""incoterms"":""CIF""}",active,2025-03-08T05:38:30.430Z,2025-12-13T05:38:30.430Z
8387b02c-07da-40dc-b488-be39597140b1,2ab13aab-6094-4c0d-9d45-af607b1c664e,Technical Grade Other 98.3%,High-quality technical grade other for industrial applications. Reliable quality for manufacturing.,Other,Technical Grade,98.29,,,,,0.81 g/cm³,0.04,MT,435,87,5125,[],false,true,"{""Na"":""≤0.001%"",""Mg"":""≤0.0005%"",""Ca"":""≤0.0018%"",""Fe"":""≤0.0003%""}","{""base_price"":8436,""currency"":""USD"",""unit"":""MT"",""incoterms"":""EXW""}",active,2025-04-09T05:38:30.430Z,2025-12-21T05:38:30.430Z
961a8539-557d-4c66-aba0-ca26efc7a883,2ab13aab-6094-4c0d-9d45-af607b1c664e,Industrial Grade Lithium Carbonate 99.77%,High-quality industrial grade lithium carbonate for industrial applications. Reliable quality for manufacturing.,Lithium Carbonate,Industrial Grade,99.77,99.77,,,,0.81 g/cm³,0.05,MT,398,89,7010,[],false,true,"{""Na"":""≤0.0001%"",""Mg"":""≤0.0008%"",""Ca"":""≤0.0011%"",""Fe"":""≤0.0004%""}","{""base_price"":6419,""currency"":""USD"",""unit"":""MT"",""incoterms"":""EXW""}",active,2025-04-25T05:38:30.430Z,2025-12-09T05:38:30.430Z
271c148a-7156-4de7-8857-38942d52a1f3,2ab13aab-6094-4c0d-9d45-af607b1c664e,Pharmaceutical Grade Lithium Chloride 98.1%,High-quality pharmaceutical grade lithium chloride for industrial applications. Reliable quality for manufacturing.,Lithium Chloride,Pharmaceutical Grade,98.08,,,,,1.34 g/cm³,0.12,MT,248,42,1730,[],false,true,"{""Na"":""≤0.0003%"",""Mg"":""≤0.0006%"",""Ca"":""≤0.0018%"",""Fe"":""≤0.0004%""}","{""base_price"":6120,""currency"":""USD"",""unit"":""MT"",""incoterms"":""CIF""}",active,2024-03-16T05:38:30.430Z,2025-12-08T05:38:30.430Z
cdc76983-555a-4198-bd39-385fda500f59,2ab13aab-6094-4c0d-9d45-af607b1c664e,Pharmaceutical Grade Lithium Carbonate 99.72%,High-quality pharmaceutical grade lithium carbonate for industrial applications. Reliable quality for manufacturing.,Lithium Carbonate,Pharmaceutical Grade,99.72,99.72,,,,1.25 g/cm³,0.01,MT,330,35,4005,[],false,true,"{""Na"":""≤0.0002%"",""Mg"":""≤0.0006%"",""Ca"":""≤0.0005%"",""Fe"":""≤0.0003%""}","{""base_price"":6576,""currency"":""USD"",""unit"":""MT"",""incoterms"":""FOB""}",active,2025-11-05T05:38:30.430Z,2025-12-11T05:38:30.430Z
1aa5f4db-1e4c-4cf5-8141-bb7bdb251a90,2ab13aab-6094-4c0d-9d45-af607b1c664e,Industrial Grade Recycled Lithium 98.6%,High-quality industrial grade recycled lithium for industrial applications. Reliable quality for manufacturing.,Recycled Lithium,Industrial Grade,98.64,,,,,1.12 g/cm³,0.04,MT,215,32,6857,[],false,true,"{""Na"":""≤0.0006%"",""Mg"":""≤0.0002%"",""Ca"":""≤0.0006%"",""Fe"":""≤0.0004%""}","{""base_price"":9307,""currency"":""USD"",""unit"":""MT"",""incoterms"":""CIF""}",active,2024-11-06T05:38:30.430Z,2025-12-18T05:38:30.430Z
91f9a8d8-80de-4dbf-89bd-17717dd8cbd9,2ab13aab-6094-4c0d-9d45-af607b1c664e,Technical Grade Lithium Chloride 98.3%,High-quality technical grade lithium chloride for industrial applications. Reliable quality for manufacturing.,Lithium Chloride,Technical Grade,98.32,,,,,1.31 g/cm³,0.15,MT,285,79,7831,[],false,true,"{""Na"":""≤0.0009%"",""Mg"":""≤0.0004%"",""Ca"":""≤0.002%"",""Fe"":""≤0.0002%""}","{""base_price"":9611,""currency"":""USD"",""unit"":""MT"",""incoterms"":""EXW""}",active,2025-10-29T05:38:30.430Z,2025-12-20T05:38:30.430Z
8c353642-50aa-4aea-aed0-0e521bb28551,2ab13aab-6094-4c0d-9d45-af607b1c664e,Industrial Grade Lithium Chloride 98.6%,High-quality industrial grade lithium chloride for industrial applications. Reliable quality for manufacturing.,Lithium Chloride,Industrial Grade,98.62,,,,,1.38 g/cm³,0.09,MT,69,76,6388,[],false,true,"{""Na"":""≤0.0005%"",""Mg"":""≤0.0005%"",""Ca"":""≤0.0016%"",""Fe"":""≤0.0004%""}","{""base_price"":8617,""currency"":""USD"",""unit"":""MT"",""incoterms"":""FOB""}",active,2025-04-13T05:38:30.430Z,2025-12-29T05:38:30.430Z
74117a7b-d35e-4963-af4c-b115e3a03144,2ab13aab-6094-4c0d-9d45-af607b1c664e,Battery Grade Lithium Carbonate 99.51%,High-quality battery grade lithium carbonate for EV battery applications. Meets strict automotive specifications.,Lithium Carbonate,Battery Grade,99.51,99.51,,,D50: 32μm,1.12 g/cm³,0.02,MT,19,39,3157,[],false,true,"{""Na"":""≤0.0007%"",""Mg"":""≤0.0003%"",""Ca"":""≤0.0011%"",""Fe"":""≤0.0002%""}","{""base_price"":13957,""currency"":""USD"",""unit"":""MT"",""incoterms"":""CIF""}",active,2025-08-05T05:38:30.430Z,2025-12-13T05:38:30.430Z
150bb9d8-cce3-489b-86d8-a999fe4f85d3,2ab13aab-6094-4c0d-9d45-af607b1c664e,Battery Grade Lithium Chloride 99.2%,High-quality battery grade lithium chloride for EV battery applications. Meets strict automotive specifications.,Lithium Chloride,Battery Grade,99.17,,,,D50: 47μm,1.17 g/cm³,0.11,MT,31,57,254,[],false,true,"{""Na"":""≤0.0001%"",""Mg"":""≤0.0005%"",""Ca"":""≤0.0014%"",""Fe"":""≤0.0001%""}","{""base_price"":874,""currency"":""USD"",""unit"":""MT"",""incoterms"":""CIF""}",active,2025-04-07T05:38:30.430Z,2025-12-29T05:38:30.430Z
55e8f316-4ab5-4c2b-8d40-f4abf7d94491,8d89e775-abf3-4f31-aa0f-9466b6fecfb4,Battery Grade Lithium Spodumene,High-quality battery grade lithium spodumene for EV battery applications. Meets strict automotive specifications.,Lithium Spodumene,Battery Grade,,,,6.29,D50: 33μm,1.02 g/cm³,0.03,MT,15,84,6323,[],false,true,"{""Na"":""≤0.0004%"",""Mg"":""≤0.001%"",""Ca"":""≤0.0016%"",""Fe"":""≤0.0003%""}","{""base_price"":869,""currency"":""USD"",""unit"":""MT"",""incoterms"":""CIF""}",active,2025-11-30T05:38:30.430Z,2025-12-28T05:38:30.430Z
15b3cd0f-b925-4635-bc21-a42021eeac17,8d89e775-abf3-4f31-aa0f-9466b6fecfb4,Technical Grade Lithium Chloride 99.3%,High-quality technical grade lithium chloride for industrial applications. Reliable quality for manufacturing.,Lithium Chloride,Technical Grade,99.27,,,,,1.15 g/cm³,0.03,MT,59,84,7304,[],false,true,"{""Na"":""≤0.001%"",""Mg"":""≤0.0006%"",""Ca"":""≤0.0002%"",""Fe"":""≤0.0003%""}","{""base_price"":7227,""currency"":""USD"",""unit"":""MT"",""incoterms"":""CIF""}",active,2024-05-11T05:38:30.430Z,2025-12-13T05:38:30.430Z
d128c95d-c5b1-4d53-9bad-6bbfb80a4117,8d89e775-abf3-4f31-aa0f-9466b6fecfb4,Pharmaceutical Grade Other 99.2%,High-quality pharmaceutical grade other for industrial applications. Reliable quality for manufacturing.,Other,Pharmaceutical Grade,99.22,,,,,1.29 g/cm³,0.06,MT,336,36,7482,[],false,true,"{""Na"":""≤0.0006%"",""Mg"":""≤0.0009%"",""Ca"":""≤0.0015%"",""Fe"":""≤0.0004%""}","{""base_price"":7952,""currency"":""USD"",""unit"":""MT"",""incoterms"":""EXW""}",active,2024-01-21T05:38:30.430Z,2025-12-16T05:38:30.430Z
7882651a-13eb-4dcd-a0ba-52723b83e6ab,8d89e775-abf3-4f31-aa0f-9466b6fecfb4,Pharmaceutical Grade Lithium Carbonate 99.66%,High-quality pharmaceutical grade lithium carbonate for industrial applications. Reliable quality for manufacturing.,Lithium Carbonate,Pharmaceutical Grade,99.66,99.66,,,,0.95 g/cm³,0.05,MT,258,86,8706,[],false,true,"{""Na"":""≤0.0002%"",""Mg"":""≤0.0004%"",""Ca"":""≤0.0019%"",""Fe"":""≤0.0005%""}","{""base_price"":5149,""currency"":""USD"",""unit"":""MT"",""incoterms"":""CIF""}",active,2024-05-14T05:38:30.430Z,2025-12-05T05:38:30.430Z
4df2b82a-a4e0-46b5-bb91-546dd42dc986,8d89e775-abf3-4f31-aa0f-9466b6fecfb4,Pharmaceutical Grade Lithium Chloride 98.3%,High-quality pharmaceutical grade lithium chloride for industrial applications. Reliable quality for manufacturing.,Lithium Chloride,Pharmaceutical Grade,98.33,,,,,1.14 g/cm³,0.08,MT,434,31,1354,[],false,true,"{""Na"":""≤0.0008%"",""Mg"":""≤0.0003%"",""Ca"":""≤0.0009%"",""Fe"":""≤0.0002%""}","{""base_price"":9709,""currency"":""USD"",""unit"":""MT"",""incoterms"":""CIF""}",active,2025-04-23T05:38:30.430Z,2025-12-16T05:38:30.430Z
7b08ec82-0984-4b47-a24a-1607abd65097,8d89e775-abf3-4f31-aa0f-9466b6fecfb4,Battery Grade Lithium Hydroxide 99.68%,High-quality battery grade lithium hydroxide for EV battery applications. Meets strict automotive specifications.,Lithium Hydroxide,Battery Grade,99.68,,56.54,,D50: 18μm,0.83 g/cm³,0.12,MT,50,42,2648,[],false,true,"{""Na"":""≤0.0005%"",""Mg"":""≤0.0008%"",""Ca"":""≤0.0012%"",""Fe"":""≤0.0004%""}","{""base_price"":15002,""currency"":""USD"",""unit"":""MT"",""incoterms"":""CIF""}",active,2024-01-04T05:38:30.430Z,2025-12-25T05:38:30.430Z
1302f81c-5b46-48b1-a1a1-2b7265fe20a0,8d89e775-abf3-4f31-aa0f-9466b6fecfb4,Industrial Grade Lithium Spodumene,High-quality industrial grade lithium spodumene for industrial applications. Reliable quality for manufacturing.,Lithium Spodumene,Industrial Grade,,,,6.76,,1.24 g/cm³,0.02,MT,481,81,6340,[],false,true,"{""Na"":""≤0.0008%"",""Mg"":""≤0.001%"",""Ca"":""≤0.0018%"",""Fe"":""≤0.0003%""}","{""base_price"":6015,""currency"":""USD"",""unit"":""MT"",""incoterms"":""FOB""}",active,2025-09-18T05:38:30.430Z,2025-12-04T05:38:30.430Z
f8e5db83-d76e-4674-856d-a624608eafe9,8d89e775-abf3-4f31-aa0f-9466b6fecfb4,Technical Grade Recycled Lithium 98.8%,High-quality technical grade recycled lithium for industrial applications. Reliable quality for manufacturing.,Recycled Lithium,Technical Grade,98.78,,,,,0.91 g/cm³,0.06,MT,244,74,6351,[],false,true,"{""Na"":""≤0.0004%"",""Mg"":""≤0.0004%"",""Ca"":""≤0.0015%"",""Fe"":""≤0.0004%""}","{""base_price"":8792,""currency"":""USD"",""unit"":""MT"",""incoterms"":""EXW""}",active,2025-11-30T05:38:30.430Z,2025-12-10T05:38:30.430Z
416d8ffd-a306-46b1-9d81-4dcd7b593297,8d89e775-abf3-4f31-aa0f-9466b6fecfb4,Pharmaceutical Grade Lithium Carbonate 99.4%,High-quality pharmaceutical grade lithium carbonate for industrial applications. Reliable quality for manufacturing.,Lithium Carbonate,Pharmaceutical Grade,99.39,99.39,,,,0.93 g/cm³,0.06,MT,495,56,7138,[],false,true,"{""Na"":""≤0.0008%"",""Mg"":""≤0.0004%"",""Ca"":""≤0.0008%"",""Fe"":""≤0.0001%""}","{""base_price"":5133,""currency"":""USD"",""unit"":""MT"",""incoterms"":""CIF""}",active,2025-06-22T05:38:30.430Z,2026-01-02T05:38:30.430Z
bf39a445-37a8-434e-8fe6-1225f1ddd6ea,8d89e775-abf3-4f31-aa0f-9466b6fecfb4,Pharmaceutical Grade Recycled Lithium 98.8%,High-quality pharmaceutical grade recycled lithium for industrial applications. Reliable quality for manufacturing.,Recycled Lithium,Pharmaceutical Grade,98.85,,,,,0.85 g/cm³,0.15,MT,318,51,4942,[],false,true,"{""Na"":""≤0.0006%"",""Mg"":""≤0.0008%"",""Ca"":""≤0.0003%"",""Fe"":""≤0.0004%""}","{""base_price"":7976,""currency"":""USD"",""unit"":""MT"",""incoterms"":""CIF""}",active,2024-03-06T05:38:30.430Z,2025-12-22T05:38:30.430Z
802baf4d-cf4d-4a7b-827c-94d00ee7b2f5,8d89e775-abf3-4f31-aa0f-9466b6fecfb4,Pharmaceutical Grade Lithium Hydroxide 99.71%,High-quality pharmaceutical grade lithium hydroxide for industrial applications. Reliable quality for manufacturing.,Lithium Hydroxide,Pharmaceutical Grade,99.71,,56.89,,,1.05 g/cm³,0.09,MT,435,37,5949,[],false,true,"{""Na"":""≤0.0004%"",""Mg"":""≤0.0009%"",""Ca"":""≤0.0017%"",""Fe"":""≤0.0004%""}","{""base_price"":7666,""currency"":""USD"",""unit"":""MT"",""incoterms"":""CIF""}",active,2024-05-19T05:38:30.430Z,2025-12-25T05:38:30.430Z
8af69af6-6f81-4a7d-9262-e488c40125cd,732065c3-9210-49c5-9c01-d28eb1e753cd,Battery Grade Lithium Carbonate 99.75%,High-quality battery grade lithium carbonate for EV battery applications. Meets strict automotive specifications.,Lithium Carbonate,Battery Grade,99.75,99.75,,,D50: 32μm,1.08 g/cm³,0.06,MT,34,67,7272,[],false,true,"{""Na"":""≤0.0009%"",""Mg"":""≤0.0002%"",""Ca"":""≤0.0008%"",""Fe"":""≤0.0001%""}","{""base_price"":11082,""currency"":""USD"",""unit"":""MT"",""incoterms"":""CIF""}",active,2025-04-08T05:38:30.430Z,2025-12-23T05:38:30.430Z
abc8f6fb-ccdb-42d8-81aa-c132f7c65059,732065c3-9210-49c5-9c01-d28eb1e753cd,Battery Grade Lithium Chloride 98.9%,High-quality battery grade lithium chloride for EV battery applications. Meets strict automotive specifications.,Lithium Chloride,Battery Grade,98.87,,,,D50: 60μm,1.06 g/cm³,0.09,MT,11,87,9765,[],false,true,"{""Na"":""≤0.0006%"",""Mg"":""≤0.0009%"",""Ca"":""≤0.0004%"",""Fe"":""≤0.0004%""}","{""base_price"":1186,""currency"":""USD"",""unit"":""MT"",""incoterms"":""FOB""}",active,2025-10-12T05:38:30.430Z,2025-12-25T05:38:30.430Z
bdc50abe-e61a-4c6a-9c0d-00f0bd313824,732065c3-9210-49c5-9c01-d28eb1e753cd,Industrial Grade Lithium Carbonate 99.83%,High-quality industrial grade lithium carbonate for industrial applications. Reliable quality for manufacturing.,Lithium Carbonate,Industrial Grade,99.83,99.83,,,,1.27 g/cm³,0.05,MT,379,83,5547,[],false,true,"{""Na"":""≤0.0003%"",""Mg"":""≤0.0002%"",""Ca"":""≤0.0002%"",""Fe"":""≤0.0001%""}","{""base_price"":8785,""currency"":""USD"",""unit"":""MT"",""incoterms"":""CIF""}",active,2024-08-08T05:38:30.430Z,2025-12-08T05:38:30.430Z
724eb252-ff7d-4a0d-aabf-afdb9280c0e4,732065c3-9210-49c5-9c01-d28eb1e753cd,Technical Grade Other 98.2%,High-quality technical grade other for industrial applications. Reliable quality for manufacturing.,Other,Technical Grade,98.2,,,,,1.05 g/cm³,0.07,MT,306,76,998,[],false,true,"{""Na"":""≤0.0007%"",""Mg"":""≤0.0008%"",""Ca"":""≤0.0013%"",""Fe"":""≤0.0003%""}","{""base_price"":9384,""currency"":""USD"",""unit"":""MT"",""incoterms"":""FOB""}",active,2025-03-12T05:38:30.430Z,2025-12-10T05:38:30.430Z
f93d188c-bc04-4e65-9f89-e61e0545d58a,732065c3-9210-49c5-9c01-d28eb1e753cd,Battery Grade Lithium Carbonate 99.82%,High-quality battery grade lithium carbonate for EV battery applications. Meets strict automotive specifications.,Lithium Carbonate,Battery Grade,99.82,99.82,,,D50: 37μm,1.29 g/cm³,0.06,MT,32,56,6473,[],false,true,"{""Na"":""≤0.0009%"",""Mg"":""≤0.0006%"",""Ca"":""≤0.0017%"",""Fe"":""≤0.0005%""}","{""base_price"":13096,""currency"":""USD"",""unit"":""MT"",""incoterms"":""CIF""}",active,2025-10-05T05:38:30.430Z,2025-12-31T05:38:30.430Z
9f65f241-0b2d-4161-a677-a10c6c70c970,732065c3-9210-49c5-9c01-d28eb1e753cd,Battery Grade Lithium Carbonate 99.4%,High-quality battery grade lithium carbonate for EV battery applications. Meets strict automotive specifications.,Lithium Carbonate,Battery Grade,99.43,99.43,,,D50: 48μm,0.8 g/cm³,0.07,MT,23,34,1405,[],false,true,"{""Na"":""≤0.0002%"",""Mg"":""≤0.0004%"",""Ca"":""≤0.0012%"",""Fe"":""≤0.0003%""}","{""base_price"":11194,""currency"":""USD"",""unit"":""MT"",""incoterms"":""EXW""}",active,2025-02-06T05:38:30.430Z,2025-12-17T05:38:30.430Z
de4779b7-91b0-4654-8e34-c7c7e39d5688,732065c3-9210-49c5-9c01-d28eb1e753cd,Technical Grade Other 98.9%,High-quality technical grade other for industrial applications. Reliable quality for manufacturing.,Other,Technical Grade,98.88,,,,,1.03 g/cm³,0.14,MT,484,41,4563,[],false,true,"{""Na"":""≤0.0008%"",""Mg"":""≤0.0005%"",""Ca"":""≤0.0016%"",""Fe"":""≤0.0002%""}","{""base_price"":9113,""currency"":""USD"",""unit"":""MT"",""incoterms"":""FOB""}",active,2025-02-06T05:38:30.430Z,2025-12-30T05:38:30.430Z
9c1feae6-ad68-4189-88e0-1a1f77030943,732065c3-9210-49c5-9c01-d28eb1e753cd,Technical Grade Other 98.2%,High-quality technical grade other for industrial applications. Reliable quality for manufacturing.,Other,Technical Grade,98.15,,,,,1.33 g/cm³,0.09,MT,480,84,5696,[],false,true,"{""Na"":""≤0.0009%"",""Mg"":""≤0.0002%"",""Ca"":""≤0.0008%"",""Fe"":""≤0.0002%""}","{""base_price"":9241,""currency"":""USD"",""unit"":""MT"",""incoterms"":""EXW""}",active,2024-06-19T05:38:30.430Z,2025-12-17T05:38:30.430Z
9da31646-ce0a-45ca-b18d-d7b55f7f3966,732065c3-9210-49c5-9c01-d28eb1e753cd,Industrial Grade Lithium Carbonate 99.73%,High-quality industrial grade lithium carbonate for industrial applications. Reliable quality for manufacturing.,Lithium Carbonate,Industrial Grade,99.73,99.73,,,,1.34 g/cm³,0.05,MT,460,38,6359,[],false,true,"{""Na"":""≤0.0002%"",""Mg"":""≤0.0007%"",""Ca"":""≤0.0008%"",""Fe"":""≤0.0002%""}","{""base_price"":8172,""currency"":""USD"",""unit"":""MT"",""incoterms"":""FOB""}",active,2024-11-16T05:38:30.430Z,2025-12-29T05:38:30.430Z
52b9e3b5-d69b-4f63-b632-05bbabe2f08b,732065c3-9210-49c5-9c01-d28eb1e753cd,Technical Grade Lithium Spodumene,High-quality technical grade lithium spodumene for industrial applications. Reliable quality for manufacturing.,Lithium Spodumene,Technical Grade,,,,6.31,,1.02 g/cm³,0.14,MT,93,82,6094,[],false,true,"{""Na"":""≤0.0006%"",""Mg"":""≤0.001%"",""Ca"":""≤0.0016%"",""Fe"":""≤0.0003%""}","{""base_price"":8662,""currency"":""USD"",""unit"":""MT"",""incoterms"":""EXW""}",active,2025-06-26T05:38:30.430Z,2025-12-16T05:38:30.430Z
f917a3b0-939b-48b4-9ab2-baf836c668d7,732065c3-9210-49c5-9c01-d28eb1e753cd,Technical Grade Other 98.9%,High-quality technical grade other for industrial applications. Reliable quality for manufacturing.,Other,Technical Grade,98.94,,,,,1.22 g/cm³,0.12,MT,58,41,638,[],false,true,"{""Na"":""≤0.0005%"",""Mg"":""≤0.0005%"",""Ca"":""≤0.0005%"",""Fe"":""≤0.0003%""}","{""base_price"":8141,""currency"":""USD"",""unit"":""MT"",""incoterms"":""FOB""}",active,2025-03-15T05:38:30.430Z,2025-12-11T05:38:30.430Z
40c12802-575a-4317-8964-68febf9ce2bc,732065c3-9210-49c5-9c01-d28eb1e753cd,Industrial Grade Lithium Spodumene,High-quality industrial grade lithium spodumene for industrial applications. Reliable quality for manufacturing.,Lithium Spodumene,Industrial Grade,,,,5.94,,0.88 g/cm³,0.13,MT,250,39,5727,[],false,true,"{""Na"":""≤0.0009%"",""Mg"":""≤0.0008%"",""Ca"":""≤0.0005%"",""Fe"":""≤0.0001%""}","{""base_price"":8069,""currency"":""USD"",""unit"":""MT"",""incoterms"":""EXW""}",active,2024-08-16T05:38:30.430Z,2025-12-28T05:38:30.430Z
4241a1b0-094b-47df-bf85-19ed504e5ccd,732065c3-9210-49c5-9c01-d28eb1e753cd,Pharmaceutical Grade Other 99.5%,High-quality pharmaceutical grade other for industrial applications. Reliable quality for manufacturing.,Other,Pharmaceutical Grade,99.45,,,,,1.36 g/cm³,0.07,MT,255,64,493,[],false,true,"{""Na"":""≤0.0001%"",""Mg"":""≤0.0003%"",""Ca"":""≤0.0014%"",""Fe"":""≤0.0002%""}","{""base_price"":7427,""currency"":""USD"",""unit"":""MT"",""incoterms"":""EXW""}",active,2025-09-26T05:38:30.430Z,2025-12-23T05:38:30.430Z
059a2afa-4400-44d2-8579-c57af195bc63,de1ef6ef-b100-4b42-ad00-48f03487068e,Technical Grade Lithium Chloride 99.3%,High-quality technical grade lithium chloride for industrial applications. Reliable quality for manufacturing.,Lithium Chloride,Technical Grade,99.33,,,,,0.98 g/cm³,0.07,MT,144,39,8579,[],false,true,"{""Na"":""≤0.0004%"",""Mg"":""≤0.0008%"",""Ca"":""≤0.0006%"",""Fe"":""≤0.0005%""}","{""base_price"":7404,""currency"":""USD"",""unit"":""MT"",""incoterms"":""EXW""}",active,2025-05-17T05:38:30.430Z,2025-12-31T05:38:30.430Z
1ab235fe-9e5c-4692-bb9c-164ff44b4bf9,de1ef6ef-b100-4b42-ad00-48f03487068e,Pharmaceutical Grade Lithium Hydroxide 99.76%,High-quality pharmaceutical grade lithium hydroxide for industrial applications. Reliable quality for manufacturing.,Lithium Hydroxide,Pharmaceutical Grade,99.76,,56.61,,,1.31 g/cm³,0.06,MT,117,49,7414,[],false,true,"{""Na"":""≤0.0008%"",""Mg"":""≤0.0005%"",""Ca"":""≤0.0001%"",""Fe"":""≤0.0001%""}","{""base_price"":5252,""currency"":""USD"",""unit"":""MT"",""incoterms"":""CIF""}",active,2024-05-02T05:38:30.430Z,2025-12-25T05:38:30.430Z
741e9743-a8bc-47ec-aeda-e57e421112d0,de1ef6ef-b100-4b42-ad00-48f03487068e,Battery Grade Lithium Hydroxide 99.79%,High-quality battery grade lithium hydroxide for EV battery applications. Meets strict automotive specifications.,Lithium Hydroxide,Battery Grade,99.79,,56.79,,D50: 10μm,0.91 g/cm³,0.07,MT,26,86,2259,[],false,true,"{""Na"":""≤0.0007%"",""Mg"":""≤0.0006%"",""Ca"":""≤0.0016%"",""Fe"":""≤0.0003%""}","{""base_price"":17366,""currency"":""USD"",""unit"":""MT"",""incoterms"":""EXW""}",active,2025-10-07T05:38:30.430Z,2026-01-01T05:38:30.430Z
d6ddcf36-3280-4b0c-a606-4a22df95cf14,de1ef6ef-b100-4b42-ad00-48f03487068e,Technical Grade Recycled Lithium 99.2%,High-quality technical grade recycled lithium for industrial applications. Reliable quality for manufacturing.,Recycled Lithium,Technical Grade,99.21,,,,,0.94 g/cm³,0.06,MT,414,62,6269,[],false,true,"{""Na"":""≤0.001%"",""Mg"":""≤0.0005%"",""Ca"":""≤0.0012%"",""Fe"":""≤0.0002%""}","{""base_price"":5881,""currency"":""USD"",""unit"":""MT"",""incoterms"":""FOB""}",active,2025-06-29T05:38:30.430Z,2025-12-22T05:38:30.430Z
bc990efa-abe5-4a69-af7f-78dd0203317d,de1ef6ef-b100-4b42-ad00-48f03487068e,Technical Grade Lithium Hydroxide 99.62%,High-quality technical grade lithium hydroxide for industrial applications. Reliable quality for manufacturing.,Lithium Hydroxide,Technical Grade,99.62,,56.78,,,1.13 g/cm³,0.1,MT,253,66,8476,[],false,true,"{""Na"":""≤0.0005%"",""Mg"":""≤0.0002%"",""Ca"":""≤0.0015%"",""Fe"":""≤0.0004%""}","{""base_price"":6298,""currency"":""USD"",""unit"":""MT"",""incoterms"":""EXW""}",active,2024-12-04T05:38:30.430Z,2025-12-18T05:38:30.430Z
1267ffc1-d5be-4a9f-9dca-5b3b05b11752,de1ef6ef-b100-4b42-ad00-48f03487068e,Battery Grade Lithium Carbonate 99.70%,High-quality battery grade lithium carbonate for EV battery applications. Meets strict automotive specifications.,Lithium Carbonate,Battery Grade,99.7,99.7,,,D50: 58μm,0.82 g/cm³,0.03,MT,48,90,249,[],false,true,"{""Na"":""≤0.0002%"",""Mg"":""≤0.0002%"",""Ca"":""≤0.0008%"",""Fe"":""≤0.0003%""}","{""base_price"":11276,""currency"":""USD"",""unit"":""MT"",""incoterms"":""FOB""}",active,2025-05-08T05:38:30.430Z,2025-12-21T05:38:30.430Z
090a6786-8c68-4fd9-9c1c-f1bf1a7d2dec,de1ef6ef-b100-4b42-ad00-48f03487068e,Industrial Grade Lithium Hydroxide 99.63%,High-quality industrial grade lithium hydroxide for industrial applications. Reliable quality for manufacturing.,Lithium Hydroxide,Industrial Grade,99.63,,56.1,,,1.05 g/cm³,0.06,MT,444,71,8297,[],false,true,"{""Na"":""≤0.0004%"",""Mg"":""≤0.0003%"",""Ca"":""≤0.0004%"",""Fe"":""≤0.0003%""}","{""base_price"":5374,""currency"":""USD"",""unit"":""MT"",""incoterms"":""CIF""}",active,2025-01-19T05:38:30.430Z,2025-12-07T05:38:30.430Z
dbcb39d6-dfd5-40f1-a012-ca94cee2328c,de1ef6ef-b100-4b42-ad00-48f03487068e,Pharmaceutical Grade Lithium Hydroxide 99.54%,High-quality pharmaceutical grade lithium hydroxide for industrial applications. Reliable quality for manufacturing.,Lithium Hydroxide,Pharmaceutical Grade,99.54,,56.91,,,1.26 g/cm³,0.05,MT,250,44,3229,[],false,true,"{""Na"":""≤0.0009%"",""Mg"":""≤0.0005%"",""Ca"":""≤0.0012%"",""Fe"":""≤0.0004%""}","{""base_price"":7879,""currency"":""USD"",""unit"":""MT"",""incoterms"":""EXW""}",active,2025-02-07T05:38:30.430Z,2025-12-05T05:38:30.430Z
3934f1c7-dbbf-4bf7-af5b-1abf09c6d9f8,de1ef6ef-b100-4b42-ad00-48f03487068e,Technical Grade Other 99.2%,High-quality technical grade other for industrial applications. Reliable quality for manufacturing.,Other,Technical Grade,99.18,,,,,1.25 g/cm³,0.12,MT,444,60,2421,[],false,true,"{""Na"":""≤0.0005%"",""Mg"":""≤0.0009%"",""Ca"":""≤0.0017%"",""Fe"":""≤0.0004%""}","{""base_price"":9479,""currency"":""USD"",""unit"":""MT"",""incoterms"":""EXW""}",active,2025-05-31T05:38:30.430Z,2026-01-02T05:38:30.430Z
a7391e00-8fdf-4b1e-b04c-38a132b698cd,41d792b5-41a9-4c17-b696-2ec29efd8321,Battery Grade Lithium Carbonate 99.65%,High-quality battery grade lithium carbonate for EV battery applications. Meets strict automotive specifications.,Lithium Carbonate,Battery Grade,99.65,99.65,,,D50: 16μm,0.98 g/cm³,0.07,MT,46,87,3066,[],false,true,"{""Na"":""≤0.0004%"",""Mg"":""≤0.0003%"",""Ca"":""≤0.0007%"",""Fe"":""≤0.0005%""}","{""base_price"":13299,""currency"":""USD"",""unit"":""MT"",""incoterms"":""CIF""}",active,2025-10-01T05:38:30.430Z,2025-12-27T05:38:30.430Z
d6f1aaf0-2899-4377-9788-e687f205b074,41d792b5-41a9-4c17-b696-2ec29efd8321,Technical Grade Lithium Carbonate 99.52%,High-quality technical grade lithium carbonate for industrial applications. Reliable quality for manufacturing.,Lithium Carbonate,Technical Grade,99.52,99.52,,,,1.04 g/cm³,0.13,MT,214,76,3079,[],false,true,"{""Na"":""≤0.0009%"",""Mg"":""≤0.0008%"",""Ca"":""≤0.0012%"",""Fe"":""≤0.0002%""}","{""base_price"":7408,""currency"":""USD"",""unit"":""MT"",""incoterms"":""CIF""}",active,2025-09-02T05:38:30.430Z,2025-12-16T05:38:30.430Z
5f8cc61a-fae5-4822-b0b6-669a078b96c8,41d792b5-41a9-4c17-b696-2ec29efd8321,Industrial Grade Other 98.8%,High-quality industrial grade other for industrial applications. Reliable quality for manufacturing.,Other,Industrial Grade,98.79,,,,,1.01 g/cm³,0.12,MT,348,41,3647,[],false,true,"{""Na"":""≤0.0002%"",""Mg"":""≤0.0009%"",""Ca"":""≤0.0009%"",""Fe"":""≤0.0003%""}","{""base_price"":7695,""currency"":""USD"",""unit"":""MT"",""incoterms"":""FOB""}",active,2024-08-17T05:38:30.430Z,2025-12-29T05:38:30.430Z
abf49e6e-0036-4bd4-8207-62c630e88969,41d792b5-41a9-4c17-b696-2ec29efd8321,Industrial Grade Lithium Hydroxide 99.51%,High-quality industrial grade lithium hydroxide for industrial applications. Reliable quality for manufacturing.,Lithium Hydroxide,Industrial Grade,99.51,,56.91,,,0.91 g/cm³,0.15,MT,119,80,7885,[],false,true,"{""Na"":""≤0.0002%"",""Mg"":""≤0.0003%"",""Ca"":""≤0.0015%"",""Fe"":""≤0.0003%""}","{""base_price"":8700,""currency"":""USD"",""unit"":""MT"",""incoterms"":""CIF""}",active,2024-07-19T05:38:30.430Z,2025-12-11T05:38:30.430Z
9cb87026-fce4-4beb-a83d-8f204a0daa1d,41d792b5-41a9-4c17-b696-2ec29efd8321,Industrial Grade Lithium Hydroxide 99.73%,High-quality industrial grade lithium hydroxide for industrial applications. Reliable quality for manufacturing.,Lithium Hydroxide,Industrial Grade,99.73,,56.74,,,1 g/cm³,0.14,MT,244,70,2967,[],false,true,"{""Na"":""≤0.0002%"",""Mg"":""≤0.0003%"",""Ca"":""≤0.0015%"",""Fe"":""≤0.0002%""}","{""base_price"":7736,""currency"":""USD"",""unit"":""MT"",""incoterms"":""CIF""}",active,2024-01-30T05:38:30.430Z,2025-12-24T05:38:30.430Z
0677eeb9-ca1c-4ba2-b588-c3dc414c318e,41d792b5-41a9-4c17-b696-2ec29efd8321,Technical Grade Other 98.8%,High-quality technical grade other for industrial applications. Reliable quality for manufacturing.,Other,Technical Grade,98.81,,,,,1.19 g/cm³,0.11,MT,69,67,3120,[],false,true,"{""Na"":""≤0.0008%"",""Mg"":""≤0.0004%"",""Ca"":""≤0.002%"",""Fe"":""≤0.0005%""}","{""base_price"":7547,""currency"":""USD"",""unit"":""MT"",""incoterms"":""CIF""}",active,2025-01-13T05:38:30.430Z,2026-01-01T05:38:30.430Z
2683607e-2db4-4295-b076-f74e842b60c1,41d792b5-41a9-4c17-b696-2ec29efd8321,Pharmaceutical Grade Lithium Spodumene,High-quality pharmaceutical grade lithium spodumene for industrial applications. Reliable quality for manufacturing.,Lithium Spodumene,Pharmaceutical Grade,,,,5.97,,1.18 g/cm³,0.04,MT,346,32,8182,[],false,true,"{""Na"":""≤0.0007%"",""Mg"":""≤0.0006%"",""Ca"":""≤0.0016%"",""Fe"":""≤0.0002%""}","{""base_price"":6786,""currency"":""USD"",""unit"":""MT"",""incoterms"":""FOB""}",active,2024-02-21T05:38:30.430Z,2025-12-14T05:38:30.430Z
3fe28986-d428-4604-9b14-1ff20603446d,41d792b5-41a9-4c17-b696-2ec29efd8321,Industrial Grade Recycled Lithium 98.5%,High-quality industrial grade recycled lithium for industrial applications. Reliable quality for manufacturing.,Recycled Lithium,Industrial Grade,98.49,,,,,1.05 g/cm³,0.05,MT,143,50,8171,[],false,true,"{""Na"":""≤0.0009%"",""Mg"":""≤0.0004%"",""Ca"":""≤0.001%"",""Fe"":""≤0.0005%""}","{""base_price"":5525,""currency"":""USD"",""unit"":""MT"",""incoterms"":""EXW""}",active,2025-06-05T05:38:30.430Z,2025-12-11T05:38:30.430Z
da939065-13f2-4c08-9416-4c45f89eee1e,41d792b5-41a9-4c17-b696-2ec29efd8321,Battery Grade Lithium Carbonate 99.60%,High-quality battery grade lithium carbonate for EV battery applications. Meets strict automotive specifications.,Lithium Carbonate,Battery Grade,99.6,99.6,,,D50: 15μm,1.33 g/cm³,0.14,MT,41,66,8558,[],false,true,"{""Na"":""≤0.0009%"",""Mg"":""≤0.0001%"",""Ca"":""≤0.0015%"",""Fe"":""≤0.0004%""}","{""base_price"":14801,""currency"":""USD"",""unit"":""MT"",""incoterms"":""CIF""}",active,2024-11-17T05:38:30.430Z,2025-12-25T05:38:30.430Z
7d444598-c9f3-4d74-ba58-2a574e175a51,41d792b5-41a9-4c17-b696-2ec29efd8321,Pharmaceutical Grade Lithium Chloride 98.9%,High-quality pharmaceutical grade lithium chloride for industrial applications. Reliable quality for manufacturing.,Lithium Chloride,Pharmaceutical Grade,98.94,,,,,1.12 g/cm³,0.06,MT,487,34,6695,[],false,true,"{""Na"":""≤0.0008%"",""Mg"":""≤0.0008%"",""Ca"":""≤0.0003%"",""Fe"":""≤0.0004%""}","{""base_price"":9925,""currency"":""USD"",""unit"":""MT"",""incoterms"":""EXW""}",active,2024-01-20T05:38:30.430Z,2025-12-04T05:38:30.430Z
0c76438d-1939-4a00-9025-67c8365b757d,cae4d6b6-f6a4-4fc0-a3e6-123a72de64fa,Battery Grade Other 98.2%,High-quality battery grade other for EV battery applications. Meets strict automotive specifications.,Other,Battery Grade,98.21,,,,D50: 19μm,0.98 g/cm³,0.09,MT,14,42,9437,[],false,true,"{""Na"":""≤0.0003%"",""Mg"":""≤0.0008%"",""Ca"":""≤0.0002%"",""Fe"":""≤0.0002%""}","{""base_price"":989,""currency"":""USD"",""unit"":""MT"",""incoterms"":""FOB""}",active,2025-08-04T05:38:30.430Z,2025-12-19T05:38:30.430Z
0e4514da-e043-426b-b331-4092c79a8e75,cae4d6b6-f6a4-4fc0-a3e6-123a72de64fa,Technical Grade Lithium Chloride 98.1%,High-quality technical grade lithium chloride for industrial applications. Reliable quality for manufacturing.,Lithium Chloride,Technical Grade,98.14,,,,,1.34 g/cm³,0.05,MT,425,35,1925,[],false,true,"{""Na"":""≤0.0006%"",""Mg"":""≤0.0005%"",""Ca"":""≤0.0016%"",""Fe"":""≤0.0001%""}","{""base_price"":5199,""currency"":""USD"",""unit"":""MT"",""incoterms"":""FOB""}",active,2025-03-20T05:38:30.430Z,2025-12-26T05:38:30.430Z
d9d4b3fe-3c39-443f-b9d5-b916f7dd1bd9,cae4d6b6-f6a4-4fc0-a3e6-123a72de64fa,Technical Grade Lithium Chloride 99.4%,High-quality technical grade lithium chloride for industrial applications. Reliable quality for manufacturing.,Lithium Chloride,Technical Grade,99.43,,,,,1.09 g/cm³,0.09,MT,177,35,7160,[],false,true,"{""Na"":""≤0.0002%"",""Mg"":""≤0.0004%"",""Ca"":""≤0.0003%"",""Fe"":""≤0.0005%""}","{""base_price"":6434,""currency"":""USD"",""unit"":""MT"",""incoterms"":""EXW""}",active,2024-05-25T05:38:30.430Z,2025-12-26T05:38:30.430Z
4e80525e-ce20-4caf-bc35-a6a2834131a5,cae4d6b6-f6a4-4fc0-a3e6-123a72de64fa,Battery Grade Other 99.4%,High-quality battery grade other for EV battery applications. Meets strict automotive specifications.,Other,Battery Grade,99.41,,,,D50: 29μm,1.08 g/cm³,0.1,MT,42,31,8056,[],false,true,"{""Na"":""≤0.0006%"",""Mg"":""≤0.0006%"",""Ca"":""≤0.0007%"",""Fe"":""≤0.0004%""}","{""base_price"":1080,""currency"":""USD"",""unit"":""MT"",""incoterms"":""FOB""}",active,2025-02-07T05:38:30.430Z,2025-12-11T05:38:30.430Z
dec71cda-72fa-44a2-a2cc-0339da51fb60,cae4d6b6-f6a4-4fc0-a3e6-123a72de64fa,Technical Grade Recycled Lithium 98.8%,High-quality technical grade recycled lithium for industrial applications. Reliable quality for manufacturing.,Recycled Lithium,Technical Grade,98.76,,,,,1.04 g/cm³,0.08,MT,189,56,9156,[],false,true,"{""Na"":""≤0.0009%"",""Mg"":""≤0.001%"",""Ca"":""≤0.0009%"",""Fe"":""≤0.0002%""}","{""base_price"":6885,""currency"":""USD"",""unit"":""MT"",""incoterms"":""FOB""}",active,2024-05-11T05:38:30.430Z,2025-12-16T05:38:30.430Z
7c1702e7-1a9d-4eec-a7f9-05d789a413dd,cae4d6b6-f6a4-4fc0-a3e6-123a72de64fa,Pharmaceutical Grade Lithium Hydroxide 99.85%,High-quality pharmaceutical grade lithium hydroxide for industrial applications. Reliable quality for manufacturing.,Lithium Hydroxide,Pharmaceutical Grade,99.85,,56.03,,,1.14 g/cm³,0.08,MT,217,32,3623,[],false,true,"{""Na"":""≤0.0003%"",""Mg"":""≤0.0003%"",""Ca"":""≤0.0009%"",""Fe"":""≤0.0004%""}","{""base_price"":5434,""currency"":""USD"",""unit"":""MT"",""incoterms"":""FOB""}",active,2024-11-26T05:38:30.430Z,2025-12-29T05:38:30.430Z
be0e5609-39cc-4240-979f-73740c173475,cae4d6b6-f6a4-4fc0-a3e6-123a72de64fa,Industrial Grade Lithium Chloride 99.1%,High-quality industrial grade lithium chloride for industrial applications. Reliable quality for manufacturing.,Lithium Chloride,Industrial Grade,99.08,,,,,0.94 g/cm³,0.15,MT,435,90,2233,[],false,true,"{""Na"":""≤0.0004%"",""Mg"":""≤0.0002%"",""Ca"":""≤0.0005%"",""Fe"":""≤0.0003%""}","{""base_price"":7682,""currency"":""USD"",""unit"":""MT"",""incoterms"":""CIF""}",active,2024-03-27T05:38:30.430Z,2025-12-24T05:38:30.430Z
351e1155-711d-4010-a9a3-dc6eb9edf159,86840899-7fd7-43ef-bb0b-d9662d595c82,Industrial Grade Lithium Carbonate 99.76%,High-quality industrial grade lithium carbonate for industrial applications. Reliable quality for manufacturing.,Lithium Carbonate,Industrial Grade,99.76,99.76,,,,0.94 g/cm³,0.14,MT,333,53,3825,[],false,true,"{""Na"":""≤0.0005%"",""Mg"":""≤0.0005%"",""Ca"":""≤0.0019%"",""Fe"":""≤0.0004%""}","{""base_price"":6305,""currency"":""USD"",""unit"":""MT"",""incoterms"":""CIF""}",active,2025-07-20T05:38:30.430Z,2025-12-03T05:38:30.430Z
dbdbe83b-e937-4323-962a-d285fd7d0c33,86840899-7fd7-43ef-bb0b-d9662d595c82,Technical Grade Lithium Chloride 98.3%,High-quality technical grade lithium chloride for industrial applications. Reliable quality for manufacturing.,Lithium Chloride,Technical Grade,98.3,,,,,0.98 g/cm³,0.03,MT,213,79,4347,[],false,true,"{""Na"":""≤0.0003%"",""Mg"":""≤0.0007%"",""Ca"":""≤0.0004%"",""Fe"":""≤0.0004%""}","{""base_price"":7041,""currency"":""USD"",""unit"":""MT"",""incoterms"":""CIF""}",active,2025-05-04T05:38:30.430Z,2025-12-11T05:38:30.430Z
20c4c963-0aa3-4ed5-ac2e-0dd0e64b4f45,86840899-7fd7-43ef-bb0b-d9662d595c82,Battery Grade Lithium Hydroxide 99.62%,High-quality battery grade lithium hydroxide for EV battery applications. Meets strict automotive specifications.,Lithium Hydroxide,Battery Grade,99.62,,56.9,,D50: 56μm,1.16 g/cm³,0.02,MT,42,68,482,[],false,true,"{""Na"":""≤0.0008%"",""Mg"":""≤0.0007%"",""Ca"":""≤0.0013%"",""Fe"":""≤0.0003%""}","{""base_price"":15323,""currency"":""USD"",""unit"":""MT"",""incoterms"":""CIF""}",active,2024-10-13T05:38:30.430Z,2025-12-22T05:38:30.430Z
f535120d-ab42-4b54-9d1d-9cf41c9ea2f6,86840899-7fd7-43ef-bb0b-d9662d595c82,Pharmaceutical Grade Lithium Carbonate 99.85%,High-quality pharmaceutical grade lithium carbonate for industrial applications. Reliable quality for manufacturing.,Lithium Carbonate,Pharmaceutical Grade,99.85,99.85,,,,0.83 g/cm³,0.1,MT,230,49,3468,[],false,true,"{""Na"":""≤0.0002%"",""Mg"":""≤0.0003%"",""Ca"":""≤0.0009%"",""Fe"":""≤0.0002%""}","{""base_price"":7624,""currency"":""USD"",""unit"":""MT"",""incoterms"":""CIF""}",active,2025-11-25T05:38:30.430Z,2025-12-22T05:38:30.430Z
011714e9-23fe-4080-b053-803b77a6e460,86840899-7fd7-43ef-bb0b-d9662d595c82,Industrial Grade Other 98.5%,High-quality industrial grade other for industrial applications. Reliable quality for manufacturing.,Other,Industrial Grade,98.52,,,,,1.4 g/cm³,0.05,MT,139,60,5816,[],false,true,"{""Na"":""≤0.0006%"",""Mg"":""≤0.0001%"",""Ca"":""≤0.0012%"",""Fe"":""≤0.0001%""}","{""base_price"":9376,""currency"":""USD"",""unit"":""MT"",""incoterms"":""EXW""}",active,2025-11-12T05:38:30.430Z,2025-12-24T05:38:30.430Z
927707ce-7499-4828-a75f-93c9918306a3,86840899-7fd7-43ef-bb0b-d9662d595c82,Industrial Grade Recycled Lithium 98.3%,High-quality industrial grade recycled lithium for industrial applications. Reliable quality for manufacturing.,Recycled Lithium,Industrial Grade,98.27,,,,,1.13 g/cm³,0.1,MT,351,36,5472,[],false,true,"{""Na"":""≤0.0003%"",""Mg"":""≤0.0001%"",""Ca"":""≤0.0007%"",""Fe"":""≤0.0005%""}","{""base_price"":5604,""currency"":""USD"",""unit"":""MT"",""incoterms"":""CIF""}",active,2025-07-17T05:38:30.430Z,2025-12-29T05:38:30.430Z
325c41c1-db00-4005-80a2-e9241e493098,86840899-7fd7-43ef-bb0b-d9662d595c82,Pharmaceutical Grade Lithium Carbonate 99.5%,High-quality pharmaceutical grade lithium carbonate for industrial applications. Reliable quality for manufacturing.,Lithium Carbonate,Pharmaceutical Grade,99.48,99.48,,,,1.27 g/cm³,0.14,MT,57,57,1983,[],false,true,"{""Na"":""≤0.0004%"",""Mg"":""≤0.0007%"",""Ca"":""≤0.0008%"",""Fe"":""≤0.0004%""}","{""base_price"":8390,""currency"":""USD"",""unit"":""MT"",""incoterms"":""EXW""}",active,2025-01-08T05:38:30.430Z,2026-01-01T05:38:30.430Z
3f9f486e-3a22-451e-9182-365037b2c612,86840899-7fd7-43ef-bb0b-d9662d595c82,Industrial Grade Lithium Spodumene,High-quality industrial grade lithium spodumene for industrial applications. Reliable quality for manufacturing.,Lithium Spodumene,Industrial Grade,,,,6.14,,1.32 g/cm³,0.14,MT,76,45,2979,[],false,true,"{""Na"":""≤0.0005%"",""Mg"":""≤0.0009%"",""Ca"":""≤0.0018%"",""Fe"":""≤0.0003%""}","{""base_price"":8752,""currency"":""USD"",""unit"":""MT"",""incoterms"":""CIF""}",active,2025-10-27T05:38:30.430Z,2025-12-16T05:38:30.430Z
262ebe74-9f5b-4abf-9a01-e80f69f0d18d,3dd84518-e6a3-4089-ad2e-b1da5f19f97b,Battery Grade Lithium Chloride 99.1%,High-quality battery grade lithium chloride for EV battery applications. Meets strict automotive specifications.,Lithium Chloride,Battery Grade,99.07,,,,D50: 14μm,1.32 g/cm³,0.13,MT,24,86,5768,[],false,true,"{""Na"":""≤0.0004%"",""Mg"":""≤0.0005%"",""Ca"":""≤0.0015%"",""Fe"":""≤0.0002%""}","{""base_price"":1155,""currency"":""USD"",""unit"":""MT"",""incoterms"":""FOB""}",active,2024-01-21T05:38:30.430Z,2025-12-19T05:38:30.430Z
89e44927-75b2-4f2e-9541-0529af4f3f2a,3dd84518-e6a3-4089-ad2e-b1da5f19f97b,Battery Grade Other 99.3%,High-quality battery grade other for EV battery applications. Meets strict automotive specifications.,Other,Battery Grade,99.25,,,,D50: 34μm,1.09 g/cm³,0.08,MT,46,31,4753,[],false,true,"{""Na"":""≤0.0009%"",""Mg"":""≤0.0004%"",""Ca"":""≤0.0016%"",""Fe"":""≤0.0002%""}","{""base_price"":838,""currency"":""USD"",""unit"":""MT"",""incoterms"":""EXW""}",active,2024-06-26T05:38:30.430Z,2025-12-31T05:38:30.430Z
547c8154-cad1-4b1f-8554-5d4e45e4d40e,3dd84518-e6a3-4089-ad2e-b1da5f19f97b,Pharmaceutical Grade Lithium Carbonate 99.83%,High-quality pharmaceutical grade lithium carbonate for industrial applications. Reliable quality for manufacturing.,Lithium Carbonate,Pharmaceutical Grade,99.83,99.83,,,,1.15 g/cm³,0.13,MT,319,71,9662,[],false,true,"{""Na"":""≤0.0003%"",""Mg"":""≤0.0002%"",""Ca"":""≤0.0005%"",""Fe"":""≤0.0002%""}","{""base_price"":6747,""currency"":""USD"",""unit"":""MT"",""incoterms"":""EXW""}",active,2024-01-08T05:38:30.430Z,2025-12-20T05:38:30.430Z
fbb7ceb3-8b73-4f2b-b6ea-dda2c566e8e4,3dd84518-e6a3-4089-ad2e-b1da5f19f97b,Battery Grade Lithium Hydroxide 99.79%,High-quality battery grade lithium hydroxide for EV battery applications. Meets strict automotive specifications.,Lithium Hydroxide,Battery Grade,99.79,,56.98,,D50: 60μm,1.18 g/cm³,0.03,MT,26,40,2174,[],false,true,"{""Na"":""≤0.0009%"",""Mg"":""≤0.0008%"",""Ca"":""≤0.0008%"",""Fe"":""≤0.0001%""}","{""base_price"":14885,""currency"":""USD"",""unit"":""MT"",""incoterms"":""EXW""}",active,2024-05-01T05:38:30.430Z,2025-12-19T05:38:30.430Z
a7e254bb-e35e-45be-8dd1-7276ee79f811,3dd84518-e6a3-4089-ad2e-b1da5f19f97b,Industrial Grade Other 98.3%,High-quality industrial grade other for industrial applications. Reliable quality for manufacturing.,Other,Industrial Grade,98.34,,,,,1.27 g/cm³,0.03,MT,457,39,3693,[],false,true,"{""Na"":""≤0.0006%"",""Mg"":""≤0.0004%"",""Ca"":""≤0.001%"",""Fe"":""≤0.0001%""}","{""base_price"":7360,""currency"":""USD"",""unit"":""MT"",""incoterms"":""EXW""}",active,2025-02-06T05:38:30.430Z,2025-12-22T05:38:30.430Z
c8981e9e-1834-43a4-aeb2-abb4f0c302db,3dd84518-e6a3-4089-ad2e-b1da5f19f97b,Industrial Grade Lithium Hydroxide 99.92%,High-quality industrial grade lithium hydroxide for industrial applications. Reliable quality for manufacturing.,Lithium Hydroxide,Industrial Grade,99.92,,56,,,1.22 g/cm³,0.06,MT,139,80,3040,[],false,true,"{""Na"":""≤0.0008%"",""Mg"":""≤0.0006%"",""Ca"":""≤0.0016%"",""Fe"":""≤0.0003%""}","{""base_price"":6588,""currency"":""USD"",""unit"":""MT"",""incoterms"":""EXW""}",active,2025-02-16T05:38:30.430Z,2025-12-22T05:38:30.430Z
f791d056-3baa-40fc-8bbb-7f3d10dcba36,3dd84518-e6a3-4089-ad2e-b1da5f19f97b,Pharmaceutical Grade Other 98.8%,High-quality pharmaceutical grade other for industrial applications. Reliable quality for manufacturing.,Other,Pharmaceutical Grade,98.82,,,,,1.09 g/cm³,0.05,MT,426,57,4266,[],false,true,"{""Na"":""≤0.0007%"",""Mg"":""≤0.0007%"",""Ca"":""≤0.0018%"",""Fe"":""≤0.0003%""}","{""base_price"":6209,""currency"":""USD"",""unit"":""MT"",""incoterms"":""FOB""}",active,2024-10-12T05:38:30.430Z,2025-12-19T05:38:30.430Z
f2526db1-d62d-4bcd-a0d4-6edea7b9a4bf,3dd84518-e6a3-4089-ad2e-b1da5f19f97b,Technical Grade Lithium Chloride 99.1%,High-quality technical grade lithium chloride for industrial applications. Reliable quality for manufacturing.,Lithium Chloride,Technical Grade,99.06,,,,,0.91 g/cm³,0.03,MT,104,50,1512,[],false,true,"{""Na"":""≤0.0009%"",""Mg"":""≤0.0005%"",""Ca"":""≤0.001%"",""Fe"":""≤0.0002%""}","{""base_price"":7400,""currency"":""USD"",""unit"":""MT"",""incoterms"":""CIF""}",active,2024-09-27T05:38:30.430Z,2025-12-24T05:38:30.430Z
69399948-d2a8-4409-bfd1-418a0cb5cc93,3dd84518-e6a3-4089-ad2e-b1da5f19f97b,Battery Grade Lithium Spodumene,High-quality battery grade lithium spodumene for EV battery applications. Meets strict automotive specifications.,Lithium Spodumene,Battery Grade,,,,6.9,D50: 46μm,1.29 g/cm³,0.11,MT,20,48,3822,[],false,true,"{""Na"":""≤0.0008%"",""Mg"":""≤0.0003%"",""Ca"":""≤0.002%"",""Fe"":""≤0.0004%""}","{""base_price"":1026,""currency"":""USD"",""unit"":""MT"",""incoterms"":""FOB""}",active,2024-02-18T05:38:30.431Z,2025-12-14T05:38:30.431Z
f253f095-5271-465d-ab11-8a50be0f2776,27fd484d-a62a-4a6b-9724-a3a1ef7169ca,Battery Grade Lithium Carbonate 99.79%,High-quality battery grade lithium carbonate for EV battery applications. Meets strict automotive specifications.,Lithium Carbonate,Battery Grade,99.79,99.79,,,D50: 26μm,1.17 g/cm³,0.09,MT,23,35,4839,[],false,true,"{""Na"":""≤0.0008%"",""Mg"":""≤0.0003%"",""Ca"":""≤0.0005%"",""Fe"":""≤0.0003%""}","{""base_price"":11841,""currency"":""USD"",""unit"":""MT"",""incoterms"":""FOB""}",active,2025-02-20T05:38:30.431Z,2025-12-05T05:38:30.431Z
b5dfed7e-6457-414e-a155-a2f56de3f8e2,27fd484d-a62a-4a6b-9724-a3a1ef7169ca,Pharmaceutical Grade Recycled Lithium 98.3%,High-quality pharmaceutical grade recycled lithium for industrial applications. Reliable quality for manufacturing.,Recycled Lithium,Pharmaceutical Grade,98.28,,,,,0.85 g/cm³,0.13,MT,482,31,8082,[],false,true,"{""Na"":""≤0.0004%"",""Mg"":""≤0.0004%"",""Ca"":""≤0.0013%"",""Fe"":""≤0.0004%""}","{""base_price"":6630,""currency"":""USD"",""unit"":""MT"",""incoterms"":""FOB""}",active,2025-05-17T05:38:30.431Z,2025-12-23T05:38:30.431Z
4e7604f1-253c-47f2-af5d-47b725cb225d,27fd484d-a62a-4a6b-9724-a3a1ef7169ca,Technical Grade Other 99.3%,High-quality technical grade other for industrial applications. Reliable quality for manufacturing.,Other,Technical Grade,99.26,,,,,0.8 g/cm³,0.02,MT,469,53,9250,[],false,true,"{""Na"":""≤0.0008%"",""Mg"":""≤0.0006%"",""Ca"":""≤0.0002%"",""Fe"":""≤0.0004%""}","{""base_price"":9497,""currency"":""USD"",""unit"":""MT"",""incoterms"":""EXW""}",active,2025-11-12T05:38:30.431Z,2025-12-10T05:38:30.431Z
63d17268-260f-49e8-aebf-6481e90d548b,27fd484d-a62a-4a6b-9724-a3a1ef7169ca,Technical Grade Lithium Carbonate 99.5%,High-quality technical grade lithium carbonate for industrial applications. Reliable quality for manufacturing.,Lithium Carbonate,Technical Grade,99.45,99.45,,,,0.87 g/cm³,0.01,MT,304,85,6405,[],false,true,"{""Na"":""≤0.0007%"",""Mg"":""≤0.0003%"",""Ca"":""≤0.0018%"",""Fe"":""≤0.0001%""}","{""base_price"":9043,""currency"":""USD"",""unit"":""MT"",""incoterms"":""EXW""}",out_of_stock,2025-07-25T05:38:30.431Z,2025-12-12T05:38:30.431Z
913dc736-7b15-49e8-bd3c-7a55d4a062c2,27fd484d-a62a-4a6b-9724-a3a1ef7169ca,Pharmaceutical Grade Lithium Chloride 98.5%,High-quality pharmaceutical grade lithium chloride for industrial applications. Reliable quality for manufacturing.,Lithium Chloride,Pharmaceutical Grade,98.52,,,,,0.85 g/cm³,0.04,MT,482,87,4487,[],false,true,"{""Na"":""≤0.0008%"",""Mg"":""≤0.0008%"",""Ca"":""≤0.0017%"",""Fe"":""≤0.0003%""}","{""base_price"":6086,""currency"":""USD"",""unit"":""MT"",""incoterms"":""EXW""}",active,2025-05-31T05:38:30.431Z,2025-12-10T05:38:30.431Z
6f32d5e2-7d41-491e-b6ab-bf7b30da5cdc,27fd484d-a62a-4a6b-9724-a3a1ef7169ca,Pharmaceutical Grade Lithium Chloride 99.2%,High-quality pharmaceutical grade lithium chloride for industrial applications. Reliable quality for manufacturing.,Lithium Chloride,Pharmaceutical Grade,99.17,,,,,1.07 g/cm³,0.14,MT,311,62,8624,[],false,true,"{""Na"":""≤0.0004%"",""Mg"":""≤0.0006%"",""Ca"":""≤0.0003%"",""Fe"":""≤0.0004%""}","{""base_price"":9252,""currency"":""USD"",""unit"":""MT"",""incoterms"":""EXW""}",active,2025-06-16T05:38:30.431Z,2025-12-23T05:38:30.431Z
ce2c10a9-5b39-46b8-8de7-343d3c5cbe3f,27fd484d-a62a-4a6b-9724-a3a1ef7169ca,Technical Grade Lithium Hydroxide 99.74%,High-quality technical grade lithium hydroxide for industrial applications. Reliable quality for manufacturing.,Lithium Hydroxide,Technical Grade,99.74,,56.46,,,1.39 g/cm³,0.09,MT,446,43,3137,[],false,true,"{""Na"":""≤0.0006%"",""Mg"":""≤0.0008%"",""Ca"":""≤0.0013%"",""Fe"":""≤0.0003%""}","{""base_price"":5711,""currency"":""USD"",""unit"":""MT"",""incoterms"":""FOB""}",active,2024-01-10T05:38:30.431Z,2025-12-26T05:38:30.431Z
eb46f89a-01ea-496b-aa23-7d9a5c2ad432,27fd484d-a62a-4a6b-9724-a3a1ef7169ca,Battery Grade Other 98.3%,High-quality battery grade other for EV battery applications. Meets strict automotive specifications.,Other,Battery Grade,98.33,,,,D50: 23μm,1.19 g/cm³,0.08,MT,45,51,9245,[],false,true,"{""Na"":""≤0.0001%"",""Mg"":""≤0.0006%"",""Ca"":""≤0.0003%"",""Fe"":""≤0.0003%""}","{""base_price"":1070,""currency"":""USD"",""unit"":""MT"",""incoterms"":""EXW""}",active,2024-03-15T05:38:30.431Z,2026-01-01T05:38:30.431Z
02fc8ffc-c255-4be9-8ad6-18560b36e97d,9111d683-0be7-422c-b2d1-c65d47891556,Battery Grade Lithium Spodumene,High-quality battery grade lithium spodumene for EV battery applications. Meets strict automotive specifications.,Lithium Spodumene,Battery Grade,,,,6.69,D50: 60μm,1.19 g/cm³,0.04,MT,29,43,9457,[],false,true,"{""Na"":""≤0.0006%"",""Mg"":""≤0.0006%"",""Ca"":""≤0.0018%"",""Fe"":""≤0.0004%""}","{""base_price"":1105,""currency"":""USD"",""unit"":""MT"",""incoterms"":""EXW""}",active,2024-08-21T05:38:30.431Z,2025-12-29T05:38:30.431Z
a8845675-af57-4913-b79c-734c1e9d6e3f,9111d683-0be7-422c-b2d1-c65d47891556,Technical Grade Other 99.1%,High-quality technical grade other for industrial applications. Reliable quality for manufacturing.,Other,Technical Grade,99.08,,,,,0.91 g/cm³,0.12,MT,108,53,5084,[],false,true,"{""Na"":""≤0.0005%"",""Mg"":""≤0.0004%"",""Ca"":""≤0.001%"",""Fe"":""≤0.0003%""}","{""base_price"":6302,""currency"":""USD"",""unit"":""MT"",""incoterms"":""EXW""}",active,2024-01-14T05:38:30.431Z,2025-12-22T05:38:30.431Z
9c53aaed-06a8-4a9e-8532-7f5787e0561f,9111d683-0be7-422c-b2d1-c65d47891556,Industrial Grade Other 99.4%,High-quality industrial grade other for industrial applications. Reliable quality for manufacturing.,Other,Industrial Grade,99.38,,,,,1.12 g/cm³,0.07,MT,413,82,9139,[],false,true,"{""Na"":""≤0.0004%"",""Mg"":""≤0.0009%"",""Ca"":""≤0.0003%"",""Fe"":""≤0.0004%""}","{""base_price"":8829,""currency"":""USD"",""unit"":""MT"",""incoterms"":""EXW""}",active,2025-11-08T05:38:30.431Z,2025-12-21T05:38:30.431Z
d0895a79-68a6-4905-bb9c-7fce28742e46,9111d683-0be7-422c-b2d1-c65d47891556,Battery Grade Lithium Carbonate 99.65%,High-quality battery grade lithium carbonate for EV battery applications. Meets strict automotive specifications.,Lithium Carbonate,Battery Grade,99.65,99.65,,,D50: 52μm,1.38 g/cm³,0.15,MT,34,57,4028,[],false,true,"{""Na"":""≤0.0006%"",""Mg"":""≤0.0009%"",""Ca"":""≤0.0015%"",""Fe"":""≤0.0003%""}","{""base_price"":13784,""currency"":""USD"",""unit"":""MT"",""incoterms"":""FOB""}",active,2024-11-25T05:38:30.431Z,2025-12-28T05:38:30.431Z
fa962c39-9fff-496d-a78a-a2b12f3b445f,9111d683-0be7-422c-b2d1-c65d47891556,Battery Grade Lithium Spodumene,High-quality battery grade lithium spodumene for EV battery applications. Meets strict automotive specifications.,Lithium Spodumene,Battery Grade,,,,6.76,D50: 15μm,1.09 g/cm³,0.03,MT,23,69,3608,[],false,true,"{""Na"":""≤0.0004%"",""Mg"":""≤0.0004%"",""Ca"":""≤0.0003%"",""Fe"":""≤0.0002%""}","{""base_price"":860,""currency"":""USD"",""unit"":""MT"",""incoterms"":""EXW""}",active,2024-10-23T05:38:30.431Z,2025-12-17T05:38:30.431Z
a4456260-7ae5-483f-9d84-22c7d8f3e275,9111d683-0be7-422c-b2d1-c65d47891556,Industrial Grade Lithium Spodumene,High-quality industrial grade lithium spodumene for industrial applications. Reliable quality for manufacturing.,Lithium Spodumene,Industrial Grade,,,,5.95,,1.1 g/cm³,0.14,MT,296,36,5983,[],false,true,"{""Na"":""≤0.0008%"",""Mg"":""≤0.0003%"",""Ca"":""≤0.0006%"",""Fe"":""≤0.0005%""}","{""base_price"":9104,""currency"":""USD"",""unit"":""MT"",""incoterms"":""EXW""}",active,2025-06-20T05:38:30.431Z,2025-12-18T05:38:30.431Z
64549671-73fb-4a02-accd-ae999eda60b2,9111d683-0be7-422c-b2d1-c65d47891556,Battery Grade Other 99.1%,High-quality battery grade other for EV battery applications. Meets strict automotive specifications.,Other,Battery Grade,99.14,,,,D50: 41μm,0.85 g/cm³,0.02,MT,35,57,517,[],false,true,"{""Na"":""≤0.0005%"",""Mg"":""≤0.0008%"",""Ca"":""≤0.0018%"",""Fe"":""≤0.0003%""}","{""base_price"":1104,""currency"":""USD"",""unit"":""MT"",""incoterms"":""FOB""}",active,2025-03-14T05:38:30.431Z,2025-12-18T05:38:30.431Z
b79a3d92-fa10-4a54-820a-ed989ad65888,9111d683-0be7-422c-b2d1-c65d47891556,Battery Grade Recycled Lithium 99.3%,High-quality battery grade recycled lithium for EV battery applications. Meets strict automotive specifications.,Recycled Lithium,Battery Grade,99.35,,,,D50: 43μm,1.24 g/cm³,0.02,MT,14,30,965,[],false,true,"{""Na"":""≤0.0008%"",""Mg"":""≤0.0007%"",""Ca"":""≤0.0001%"",""Fe"":""≤0.0002%""}","{""base_price"":857,""currency"":""USD"",""unit"":""MT"",""incoterms"":""EXW""}",out_of_stock,2024-10-06T05:38:30.431Z,2025-12-11T05:38:30.431Z
3abdd97f-3792-4222-add4-c008dc46012e,9111d683-0be7-422c-b2d1-c65d47891556,Technical Grade Recycled Lithium 98.3%,High-quality technical grade recycled lithium for industrial applications. Reliable quality for manufacturing.,Recycled Lithium,Technical Grade,98.28,,,,,1.35 g/cm³,0.09,MT,162,74,3663,[],false,true,"{""Na"":""≤0.0003%"",""Mg"":""≤0.0002%"",""Ca"":""≤0.0003%"",""Fe"":""≤0.0003%""}","{""base_price"":9651,""currency"":""USD"",""unit"":""MT"",""incoterms"":""CIF""}",active,2025-07-01T05:38:30.431Z,2025-12-15T05:38:30.431Z
99253859-8eed-4751-afe0-5e628902d486,9111d683-0be7-422c-b2d1-c65d47891556,Industrial Grade Lithium Chloride 98.3%,High-quality industrial grade lithium chloride for industrial applications. Reliable quality for manufacturing.,Lithium Chloride,Industrial Grade,98.34,,,,,1.31 g/cm³,0.09,MT,57,62,8241,[],false,true,"{""Na"":""≤0.0004%"",""Mg"":""≤0.0006%"",""Ca"":""≤0.0013%"",""Fe"":""≤0.0003%""}","{""base_price"":5206,""currency"":""USD"",""unit"":""MT"",""incoterms"":""FOB""}",active,2025-03-18T05:38:30.431Z,2025-12-14T05:38:30.431Z
b7ea1481-376b-4ea4-b647-1cb6822237b2,9111d683-0be7-422c-b2d1-c65d47891556,Pharmaceutical Grade Lithium Carbonate 99.70%,High-quality pharmaceutical grade lithium carbonate for industrial applications. Reliable quality for manufacturing.,Lithium Carbonate,Pharmaceutical Grade,99.7,99.7,,,,1.1 g/cm³,0.1,MT,236,88,9908,[],false,true,"{""Na"":""≤0.0002%"",""Mg"":""≤0.0005%"",""Ca"":""≤0.0004%"",""Fe"":""≤0.0004%""}","{""base_price"":5866,""currency"":""USD"",""unit"":""MT"",""incoterms"":""CIF""}",out_of_stock,2025-09-03T05:38:30.431Z,2025-12-05T05:38:30.431Z
8960087d-091a-4e3b-a1c2-affbebce1cf7,9111d683-0be7-422c-b2d1-c65d47891556,Industrial Grade Lithium Spodumene,High-quality industrial grade lithium spodumene for industrial applications. Reliable quality for manufacturing.,Lithium Spodumene,Industrial Grade,,,,6.76,,0.97 g/cm³,0.11,MT,401,64,8111,[],false,true,"{""Na"":""≤0.0006%"",""Mg"":""≤0.0007%"",""Ca"":""≤0.0014%"",""Fe"":""≤0.0005%""}","{""base_price"":5432,""currency"":""USD"",""unit"":""MT"",""incoterms"":""CIF""}",active,2024-01-26T05:38:30.431Z,2025-12-28T05:38:30.431Z
424a9c0f-0483-4dab-8e3e-0fdf9d80ad62,9111d683-0be7-422c-b2d1-c65d47891556,Pharmaceutical Grade Lithium Carbonate 99.3%,High-quality pharmaceutical grade lithium carbonate for industrial applications. Reliable quality for manufacturing.,Lithium Carbonate,Pharmaceutical Grade,99.31,99.31,,,,1.34 g/cm³,0.1,MT,410,65,8615,[],false,true,"{""Na"":""≤0.0001%"",""Mg"":""≤0.0001%"",""Ca"":""≤0.0003%"",""Fe"":""≤0.0001%""}","{""base_price"":6891,""currency"":""USD"",""unit"":""MT"",""incoterms"":""FOB""}",active,2025-02-27T05:38:30.431Z,2025-12-23T05:38:30.431Z
bdee2968-9c4d-46e6-ae35-295455c0a77e,5cdac5bc-c951-45be-a3ba-070a1a280fde,Pharmaceutical Grade Recycled Lithium 98.6%,High-quality pharmaceutical grade recycled lithium for industrial applications. Reliable quality for manufacturing.,Recycled Lithium,Pharmaceutical Grade,98.64,,,,,0.88 g/cm³,0.06,MT,121,81,5417,[],false,true,"{""Na"":""≤0.0004%"",""Mg"":""≤0.001%"",""Ca"":""≤0.0013%"",""Fe"":""≤0.0004%""}","{""base_price"":5746,""currency"":""USD"",""unit"":""MT"",""incoterms"":""CIF""}",active,2024-02-03T05:38:30.431Z,2025-12-14T05:38:30.431Z
9eb78043-2866-4747-9f35-b7f24c7e9334,5cdac5bc-c951-45be-a3ba-070a1a280fde,Battery Grade Lithium Chloride 98.5%,High-quality battery grade lithium chloride for EV battery applications. Meets strict automotive specifications.,Lithium Chloride,Battery Grade,98.54,,,,D50: 45μm,1.19 g/cm³,0.13,MT,30,40,938,[],false,true,"{""Na"":""≤0.0008%"",""Mg"":""≤0.0003%"",""Ca"":""≤0.002%"",""Fe"":""≤0.0002%""}","{""base_price"":1116,""currency"":""USD"",""unit"":""MT"",""incoterms"":""EXW""}",active,2024-10-03T05:38:30.431Z,2025-12-19T05:38:30.431Z
daf2d20a-a3df-4eb4-80ec-9c1a1921650c,5cdac5bc-c951-45be-a3ba-070a1a280fde,Battery Grade Recycled Lithium 98.1%,High-quality battery grade recycled lithium for EV battery applications. Meets strict automotive specifications.,Recycled Lithium,Battery Grade,98.14,,,,D50: 29μm,1.13 g/cm³,0.15,MT,49,74,2995,[],false,true,"{""Na"":""≤0.0003%"",""Mg"":""≤0.0002%"",""Ca"":""≤0.0005%"",""Fe"":""≤0.0003%""}","{""base_price"":905,""currency"":""USD"",""unit"":""MT"",""incoterms"":""CIF""}",active,2025-09-14T05:38:30.431Z,2025-12-19T05:38:30.431Z
0b279a24-e667-435d-9a58-bd371ec2d466,5cdac5bc-c951-45be-a3ba-070a1a280fde,Battery Grade Lithium Carbonate 99.53%,High-quality battery grade lithium carbonate for EV battery applications. Meets strict automotive specifications.,Lithium Carbonate,Battery Grade,99.53,99.53,,,D50: 51μm,0.85 g/cm³,0.02,MT,35,82,2803,[],false,true,"{""Na"":""≤0.001%"",""Mg"":""≤0.0001%"",""Ca"":""≤0.0009%"",""Fe"":""≤0.0004%""}","{""base_price"":13011,""currency"":""USD"",""unit"":""MT"",""incoterms"":""FOB""}",active,2024-09-19T05:38:30.431Z,2025-12-04T05:38:30.431Z
c9a6d903-e863-4c03-9d29-be4b1fde9542,5cdac5bc-c951-45be-a3ba-070a1a280fde,Battery Grade Lithium Spodumene,High-quality battery grade lithium spodumene for EV battery applications. Meets strict automotive specifications.,Lithium Spodumene,Battery Grade,,,,6.9,D50: 11μm,1.19 g/cm³,0.03,MT,27,48,7873,[],false,true,"{""Na"":""≤0.0005%"",""Mg"":""≤0.0009%"",""Ca"":""≤0.0009%"",""Fe"":""≤0.0005%""}","{""base_price"":1094,""currency"":""USD"",""unit"":""MT"",""incoterms"":""EXW""}",active,2025-10-12T05:38:30.431Z,2025-12-07T05:38:30.431Z
f0525624-30e4-4e00-b0f5-e6ad4887bbc4,5cdac5bc-c951-45be-a3ba-070a1a280fde,Industrial Grade Other 99.1%,High-quality industrial grade other for industrial applications. Reliable quality for manufacturing.,Other,Industrial Grade,99.12,,,,,1.07 g/cm³,0.09,MT,361,36,5311,[],false,true,"{""Na"":""≤0.0003%"",""Mg"":""≤0.0002%"",""Ca"":""≤0.0018%"",""Fe"":""≤0.0003%""}","{""base_price"":8620,""currency"":""USD"",""unit"":""MT"",""incoterms"":""CIF""}",active,2024-08-17T05:38:30.431Z,2025-12-16T05:38:30.431Z
0938d253-3c5f-41cc-9ed4-9b3cff30279b,5cdac5bc-c951-45be-a3ba-070a1a280fde,Industrial Grade Recycled Lithium 98.7%,High-quality industrial grade recycled lithium for industrial applications. Reliable quality for manufacturing.,Recycled Lithium,Industrial Grade,98.74,,,,,0.91 g/cm³,0.11,MT,480,61,5802,[],false,true,"{""Na"":""≤0.0002%"",""Mg"":""≤0.0008%"",""Ca"":""≤0.0014%"",""Fe"":""≤0.0003%""}","{""base_price"":5924,""currency"":""USD"",""unit"":""MT"",""incoterms"":""CIF""}",active,2024-08-14T05:38:30.431Z,2025-12-31T05:38:30.431Z
2e886670-41bf-4488-a07d-55a1fc802e11,5cdac5bc-c951-45be-a3ba-070a1a280fde,Pharmaceutical Grade Lithium Hydroxide 99.54%,High-quality pharmaceutical grade lithium hydroxide for industrial applications. Reliable quality for manufacturing.,Lithium Hydroxide,Pharmaceutical Grade,99.54,,56.83,,,1.1 g/cm³,0.1,MT,349,35,3277,[],false,true,"{""Na"":""≤0.0009%"",""Mg"":""≤0.0009%"",""Ca"":""≤0.0008%"",""Fe"":""≤0.0005%""}","{""base_price"":8507,""currency"":""USD"",""unit"":""MT"",""incoterms"":""FOB""}",active,2025-11-30T05:38:30.431Z,2025-12-17T05:38:30.431Z
6d3e4d40-1da4-4ba8-95b5-6437dab9968a,5cdac5bc-c951-45be-a3ba-070a1a280fde,Technical Grade Lithium Hydroxide 99.52%,High-quality technical grade lithium hydroxide for industrial applications. Reliable quality for manufacturing.,Lithium Hydroxide,Technical Grade,99.52,,56.73,,,1.28 g/cm³,0.02,MT,54,70,8546,[],false,true,"{""Na"":""≤0.0007%"",""Mg"":""≤0.0003%"",""Ca"":""≤0.0016%"",""Fe"":""≤0.0003%""}","{""base_price"":7329,""currency"":""USD"",""unit"":""MT"",""incoterms"":""CIF""}",active,2024-08-16T05:38:30.431Z,2025-12-22T05:38:30.431Z
9b48f062-6f4f-4ca8-90b5-395770069d0b,5cdac5bc-c951-45be-a3ba-070a1a280fde,Pharmaceutical Grade Recycled Lithium 98.7%,High-quality pharmaceutical grade recycled lithium for industrial applications. Reliable quality for manufacturing.,Recycled Lithium,Pharmaceutical Grade,98.7,,,,,0.82 g/cm³,0.02,MT,336,42,6016,[],false,true,"{""Na"":""≤0.0008%"",""Mg"":""≤0.0001%"",""Ca"":""≤0.0007%"",""Fe"":""≤0.0003%""}","{""base_price"":8205,""currency"":""USD"",""unit"":""MT"",""incoterms"":""CIF""}",active,2024-04-07T05:38:30.431Z,2025-12-13T05:38:30.431Z
70938594-d5c9-4653-9ba3-16722ae9f52e,5cdac5bc-c951-45be-a3ba-070a1a280fde,Battery Grade Other 99.3%,High-quality battery grade other for EV battery applications. Meets strict automotive specifications.,Other,Battery Grade,99.31,,,,D50: 33μm,1.24 g/cm³,0.12,MT,24,54,9005,[],false,true,"{""Na"":""≤0.0004%"",""Mg"":""≤0.0004%"",""Ca"":""≤0.0014%"",""Fe"":""≤0.0003%""}","{""base_price"":1024,""currency"":""USD"",""unit"":""MT"",""incoterms"":""CIF""}",active,2024-10-22T05:38:30.431Z,2025-12-18T05:38:30.431Z
f80349c6-ac61-4c0c-bff0-ce99547139e5,5cdac5bc-c951-45be-a3ba-070a1a280fde,Pharmaceutical Grade Lithium Carbonate 99.3%,High-quality pharmaceutical grade lithium carbonate for industrial applications. Reliable quality for manufacturing.,Lithium Carbonate,Pharmaceutical Grade,99.33,99.33,,,,1.32 g/cm³,0.08,MT,202,43,8588,[],false,true,"{""Na"":""≤0.0002%"",""Mg"":""≤0.0007%"",""Ca"":""≤0.0009%"",""Fe"":""≤0.0004%""}","{""base_price"":6209,""currency"":""USD"",""unit"":""MT"",""incoterms"":""EXW""}",active,2024-09-21T05:38:30.431Z,2025-12-29T05:38:30.431Z
b49b3dae-4a93-4527-8365-237aafee8592,5cdac5bc-c951-45be-a3ba-070a1a280fde,Industrial Grade Recycled Lithium 98.3%,High-quality industrial grade recycled lithium for industrial applications. Reliable quality for manufacturing.,Recycled Lithium,Industrial Grade,98.26,,,,,0.89 g/cm³,0.04,MT,413,79,3000,[],false,true,"{""Na"":""≤0.0001%"",""Mg"":""≤0.0006%"",""Ca"":""≤0.0014%"",""Fe"":""≤0.0001%""}","{""base_price"":8602,""currency"":""USD"",""unit"":""MT"",""incoterms"":""CIF""}",active,2025-09-11T05:38:30.431Z,2025-12-14T05:38:30.431Z
f3b420c3-2388-4cd2-bd81-7874b69785fe,7d9de43b-e552-4a17-b164-3bc041b4bdc9,Battery Grade Lithium Spodumene,High-quality battery grade lithium spodumene for EV battery applications. Meets strict automotive specifications.,Lithium Spodumene,Battery Grade,,,,6.78,D50: 44μm,0.9 g/cm³,0.09,MT,11,49,3704,[],false,true,"{""Na"":""≤0.0009%"",""Mg"":""≤0.0004%"",""Ca"":""≤0.0007%"",""Fe"":""≤0.0001%""}","{""base_price"":1060,""currency"":""USD"",""unit"":""MT"",""incoterms"":""EXW""}",active,2024-06-17T05:38:30.431Z,2025-12-29T05:38:30.431Z
20fd7b15-dbe3-456b-97c2-71a27f867167,7d9de43b-e552-4a17-b164-3bc041b4bdc9,Industrial Grade Lithium Hydroxide 99.92%,High-quality industrial grade lithium hydroxide for industrial applications. Reliable quality for manufacturing.,Lithium Hydroxide,Industrial Grade,99.92,,56.51,,,1.05 g/cm³,0.08,MT,166,58,5888,[],false,true,"{""Na"":""≤0.0004%"",""Mg"":""≤0.0003%"",""Ca"":""≤0.001%"",""Fe"":""≤0.0002%""}","{""base_price"":9906,""currency"":""USD"",""unit"":""MT"",""incoterms"":""FOB""}",active,2024-02-15T05:38:30.431Z,2025-12-30T05:38:30.431Z
97ec4a64-a10d-4bb8-8a73-f5887dc32fb7,7d9de43b-e552-4a17-b164-3bc041b4bdc9,Industrial Grade Lithium Carbonate 99.85%,High-quality industrial grade lithium carbonate for industrial applications. Reliable quality for manufacturing.,Lithium Carbonate,Industrial Grade,99.85,99.85,,,,1.02 g/cm³,0.04,MT,108,49,3404,[],false,true,"{""Na"":""≤0.0007%"",""Mg"":""≤0.0006%"",""Ca"":""≤0.0014%"",""Fe"":""≤0.0001%""}","{""base_price"":9301,""currency"":""USD"",""unit"":""MT"",""incoterms"":""FOB""}",active,2024-03-24T05:38:30.431Z,2025-12-21T05:38:30.431Z
200a0689-fe64-4f67-b3ec-a3c13ee7f6fb,7d9de43b-e552-4a17-b164-3bc041b4bdc9,Battery Grade Lithium Hydroxide 99.76%,High-quality battery grade lithium hydroxide for EV battery applications. Meets strict automotive specifications.,Lithium Hydroxide,Battery Grade,99.76,,56.29,,D50: 30μm,1.04 g/cm³,0.08,MT,39,72,1633,[],false,true,"{""Na"":""≤0.0006%"",""Mg"":""≤0.0005%"",""Ca"":""≤0.0004%"",""Fe"":""≤0.0003%""}","{""base_price"":17846,""currency"":""USD"",""unit"":""MT"",""incoterms"":""CIF""}",active,2025-10-23T05:38:30.431Z,2025-12-14T05:38:30.431Z
92321d58-5ebd-4491-abba-0264dda16730,7d9de43b-e552-4a17-b164-3bc041b4bdc9,Pharmaceutical Grade Lithium Hydroxide 99.67%,High-quality pharmaceutical grade lithium hydroxide for industrial applications. Reliable quality for manufacturing.,Lithium Hydroxide,Pharmaceutical Grade,99.67,,56.49,,,0.82 g/cm³,0.05,MT,56,81,6161,[],false,true,"{""Na"":""≤0.0001%"",""Mg"":""≤0.0009%"",""Ca"":""≤0.0012%"",""Fe"":""≤0.0004%""}","{""base_price"":5274,""currency"":""USD"",""unit"":""MT"",""incoterms"":""FOB""}",active,2024-02-21T05:38:30.431Z,2025-12-29T05:38:30.431Z
2eb006a0-73eb-43d0-95d1-9387df63e1fe,7d9de43b-e552-4a17-b164-3bc041b4bdc9,Battery Grade Lithium Carbonate 99.87%,High-quality battery grade lithium carbonate for EV battery applications. Meets strict automotive specifications.,Lithium Carbonate,Battery Grade,99.87,99.87,,,D50: 27μm,1.23 g/cm³,0.05,MT,10,86,1334,[],false,true,"{""Na"":""≤0.0004%"",""Mg"":""≤0.0008%"",""Ca"":""≤0.0014%"",""Fe"":""≤0.0003%""}","{""base_price"":12996,""currency"":""USD"",""unit"":""MT"",""incoterms"":""EXW""}",active,2025-06-22T05:38:30.431Z,2025-12-27T05:38:30.431Z
32cbe0d9-1927-4860-8d44-7acc2a938d1c,7d9de43b-e552-4a17-b164-3bc041b4bdc9,Industrial Grade Lithium Chloride 98.1%,High-quality industrial grade lithium chloride for industrial applications. Reliable quality for manufacturing.,Lithium Chloride,Industrial Grade,98.11,,,,,1.39 g/cm³,0.11,MT,405,71,7205,[],false,true,"{""Na"":""≤0.0005%"",""Mg"":""≤0.001%"",""Ca"":""≤0.0016%"",""Fe"":""≤0.0003%""}","{""base_price"":9014,""currency"":""USD"",""unit"":""MT"",""incoterms"":""EXW""}",active,2025-09-19T05:38:30.431Z,2025-12-15T05:38:30.431Z
ddd4172d-941f-4e43-a37d-2c02a15a2303,7d9de43b-e552-4a17-b164-3bc041b4bdc9,Pharmaceutical Grade Lithium Hydroxide 99.76%,High-quality pharmaceutical grade lithium hydroxide for industrial applications. Reliable quality for manufacturing.,Lithium Hydroxide,Pharmaceutical Grade,99.76,,56.06,,,1.04 g/cm³,0.11,MT,287,54,9823,[],false,true,"{""Na"":""≤0.0008%"",""Mg"":""≤0.0006%"",""Ca"":""≤0.0007%"",""Fe"":""≤0.0003%""}","{""base_price"":8726,""currency"":""USD"",""unit"":""MT"",""incoterms"":""FOB""}",active,2024-02-22T05:38:30.431Z,2025-12-28T05:38:30.431Z
89cf7d88-6829-4ffd-a855-f30ad49b8941,c9583b6a-e295-4536-b6f6-6a13b293e1cb,Technical Grade Lithium Chloride 98.6%,High-quality technical grade lithium chloride for industrial applications. Reliable quality for manufacturing.,Lithium Chloride,Technical Grade,98.63,,,,,0.82 g/cm³,0.1,MT,310,66,3980,[],false,true,"{""Na"":""≤0.0008%"",""Mg"":""≤0.001%"",""Ca"":""≤0.0013%"",""Fe"":""≤0.0001%""}","{""base_price"":8877,""currency"":""USD"",""unit"":""MT"",""incoterms"":""FOB""}",active,2025-09-25T05:38:30.431Z,2025-12-28T05:38:30.431Z
7d04d1cc-06ea-4a58-a5ce-79a7329b3bee,c9583b6a-e295-4536-b6f6-6a13b293e1cb,Industrial Grade Lithium Spodumene,High-quality industrial grade lithium spodumene for industrial applications. Reliable quality for manufacturing.,Lithium Spodumene,Industrial Grade,,,,5.68,,1.3 g/cm³,0.05,MT,494,59,9321,[],false,true,"{""Na"":""≤0.0008%"",""Mg"":""≤0.0003%"",""Ca"":""≤0.0012%"",""Fe"":""≤0.0002%""}","{""base_price"":7133,""currency"":""USD"",""unit"":""MT"",""incoterms"":""FOB""}",out_of_stock,2024-08-16T05:38:30.431Z,2025-12-04T05:38:30.431Z
dd78632f-3a06-4d21-a785-bdbfa63a3890,c9583b6a-e295-4536-b6f6-6a13b293e1cb,Battery Grade Lithium Spodumene,High-quality battery grade lithium spodumene for EV battery applications. Meets strict automotive specifications.,Lithium Spodumene,Battery Grade,,,,6.53,D50: 24μm,0.88 g/cm³,0.08,MT,24,74,7517,[],false,true,"{""Na"":""≤0.0009%"",""Mg"":""≤0.0006%"",""Ca"":""≤0.0004%"",""Fe"":""≤0.0002%""}","{""base_price"":1048,""currency"":""USD"",""unit"":""MT"",""incoterms"":""EXW""}",active,2025-08-17T05:38:30.431Z,2025-12-10T05:38:30.431Z
f82d5901-ae34-4d7a-9948-a6029cf8820e,c9583b6a-e295-4536-b6f6-6a13b293e1cb,Technical Grade Lithium Spodumene,High-quality technical grade lithium spodumene for industrial applications. Reliable quality for manufacturing.,Lithium Spodumene,Technical Grade,,,,6.09,,0.86 g/cm³,0.13,MT,106,49,8431,[],false,true,"{""Na"":""≤0.0005%"",""Mg"":""≤0.0008%"",""Ca"":""≤0.0018%"",""Fe"":""≤0.0004%""}","{""base_price"":9598,""currency"":""USD"",""unit"":""MT"",""incoterms"":""CIF""}",out_of_stock,2024-10-03T05:38:30.431Z,2025-12-05T05:38:30.431Z
f68196b2-2467-4869-8522-42abfba01a52,c9583b6a-e295-4536-b6f6-6a13b293e1cb,Battery Grade Other 98.5%,High-quality battery grade other for EV battery applications. Meets strict automotive specifications.,Other,Battery Grade,98.55,,,,D50: 32μm,1.19 g/cm³,0.06,MT,11,47,4895,[],false,true,"{""Na"":""≤0.0009%"",""Mg"":""≤0.0009%"",""Ca"":""≤0.0003%"",""Fe"":""≤0.0004%""}","{""base_price"":1052,""currency"":""USD"",""unit"":""MT"",""incoterms"":""FOB""}",active,2024-12-16T05:38:30.431Z,2025-12-19T05:38:30.431Z
2d2527ce-97fd-4b6b-91e7-ff546118e594,c9583b6a-e295-4536-b6f6-6a13b293e1cb,Industrial Grade Recycled Lithium 98.4%,High-quality industrial grade recycled lithium for industrial applications. Reliable quality for manufacturing.,Recycled Lithium,Industrial Grade,98.4,,,,,1.28 g/cm³,0.04,MT,92,31,156,[],false,true,"{""Na"":""≤0.0005%"",""Mg"":""≤0.0004%"",""Ca"":""≤0.0018%"",""Fe"":""≤0.0002%""}","{""base_price"":9937,""currency"":""USD"",""unit"":""MT"",""incoterms"":""CIF""}",active,2025-01-21T05:38:30.431Z,2025-12-15T05:38:30.431Z
af2eaffc-a575-48d0-bcf8-5b72a24e9a03,c9583b6a-e295-4536-b6f6-6a13b293e1cb,Technical Grade Other 98.7%,High-quality technical grade other for industrial applications. Reliable quality for manufacturing.,Other,Technical Grade,98.72,,,,,1.18 g/cm³,0.01,MT,269,88,7547,[],false,true,"{""Na"":""≤0.0003%"",""Mg"":""≤0.0002%"",""Ca"":""≤0.0005%"",""Fe"":""≤0.0003%""}","{""base_price"":8745,""currency"":""USD"",""unit"":""MT"",""incoterms"":""CIF""}",active,2025-07-26T05:38:30.431Z,2025-12-24T05:38:30.431Z
5698df57-b87e-4cdb-8c7f-c1b044200610,c9583b6a-e295-4536-b6f6-6a13b293e1cb,Industrial Grade Other 98.6%,High-quality industrial grade other for industrial applications. Reliable quality for manufacturing.,Other,Industrial Grade,98.6,,,,,0.91 g/cm³,0.04,MT,103,66,2413,[],false,true,"{""Na"":""≤0.0004%"",""Mg"":""≤0.0004%"",""Ca"":""≤0.0014%"",""Fe"":""≤0.0002%""}","{""base_price"":9364,""currency"":""USD"",""unit"":""MT"",""incoterms"":""FOB""}",active,2024-10-21T05:38:30.431Z,2025-12-06T05:38:30.431Z
0c941c5d-021a-4caa-aeca-e6b2508ddd5c,c9583b6a-e295-4536-b6f6-6a13b293e1cb,Pharmaceutical Grade Other 98.4%,High-quality pharmaceutical grade other for industrial applications. Reliable quality for manufacturing.,Other,Pharmaceutical Grade,98.39,,,,,1.3 g/cm³,0.09,MT,160,47,6950,[],false,true,"{""Na"":""≤0.0001%"",""Mg"":""≤0.0007%"",""Ca"":""≤0.0006%"",""Fe"":""≤0.0002%""}","{""base_price"":5420,""currency"":""USD"",""unit"":""MT"",""incoterms"":""CIF""}",active,2024-06-18T05:38:30.431Z,2025-12-28T05:38:30.431Z
625bbeb1-efb8-4e20-9edb-9103271c8bbb,c9583b6a-e295-4536-b6f6-6a13b293e1cb,Industrial Grade Other 99.1%,High-quality industrial grade other for industrial applications. Reliable quality for manufacturing.,Other,Industrial Grade,99.06,,,,,0.88 g/cm³,0.11,MT,390,69,6012,[],false,true,"{""Na"":""≤0.0005%"",""Mg"":""≤0.0006%"",""Ca"":""≤0.0011%"",""Fe"":""≤0.0003%""}","{""base_price"":9496,""currency"":""USD"",""unit"":""MT"",""incoterms"":""FOB""}",active,2025-03-15T05:38:30.431Z,2026-01-01T05:38:30.431Z
29f01c61-e5d0-4697-ae03-4b9208854ed4,c9583b6a-e295-4536-b6f6-6a13b293e1cb,Battery Grade Recycled Lithium 98.7%,High-quality battery grade recycled lithium for EV battery applications. Meets strict automotive specifications.,Recycled Lithium,Battery Grade,98.72,,,,D50: 40μm,1.14 g/cm³,0.08,MT,50,43,9903,[],false,true,"{""Na"":""≤0.0004%"",""Mg"":""≤0.0002%"",""Ca"":""≤0.0019%"",""Fe"":""≤0.0001%""}","{""base_price"":874,""currency"":""USD"",""unit"":""MT"",""incoterms"":""FOB""}",active,2024-02-17T05:38:30.431Z,2025-12-22T05:38:30.431Z
c44c8f4c-0034-4953-8300-f5f1e3a21581,c9583b6a-e295-4536-b6f6-6a13b293e1cb,Battery Grade Lithium Hydroxide 99.73%,High-quality battery grade lithium hydroxide for EV battery applications. Meets strict automotive specifications.,Lithium Hydroxide,Battery Grade,99.73,,56.69,,D50: 56μm,0.82 g/cm³,0.03,MT,36,72,2329,[],false,true,"{""Na"":""≤0.0003%"",""Mg"":""≤0.0008%"",""Ca"":""≤0.0004%"",""Fe"":""≤0.0001%""}","{""base_price"":14231,""currency"":""USD"",""unit"":""MT"",""incoterms"":""FOB""}",active,2024-07-10T05:38:30.431Z,2025-12-23T05:38:30.431Z
d28adbf9-2ba0-4144-83a2-fd10e368164a,8e503c29-9cdb-4f53-ae51-aee678085660,Pharmaceutical Grade Lithium Hydroxide 99.54%,High-quality pharmaceutical grade lithium hydroxide for industrial applications. Reliable quality for manufacturing.,Lithium Hydroxide,Pharmaceutical Grade,99.54,,56.7,,,1.27 g/cm³,0.02,MT,419,81,6628,[],false,true,"{""Na"":""≤0.0002%"",""Mg"":""≤0.0009%"",""Ca"":""≤0.0004%"",""Fe"":""≤0.0003%""}","{""base_price"":9575,""currency"":""USD"",""unit"":""MT"",""incoterms"":""EXW""}",active,2024-03-27T05:38:30.431Z,2025-12-13T05:38:30.431Z
212d14b3-37a3-4874-81b9-a90b889f70a0,8e503c29-9cdb-4f53-ae51-aee678085660,Technical Grade Lithium Spodumene,High-quality technical grade lithium spodumene for industrial applications. Reliable quality for manufacturing.,Lithium Spodumene,Technical Grade,,,,6.77,,1.02 g/cm³,0.09,MT,477,78,2606,[],false,true,"{""Na"":""≤0.0008%"",""Mg"":""≤0.0004%"",""Ca"":""≤0.0002%"",""Fe"":""≤0.0004%""}","{""base_price"":8617,""currency"":""USD"",""unit"":""MT"",""incoterms"":""FOB""}",active,2024-12-13T05:38:30.431Z,2025-12-08T05:38:30.431Z
a808e13b-6336-48ea-87ca-1995c824a08a,8e503c29-9cdb-4f53-ae51-aee678085660,Technical Grade Recycled Lithium 98.9%,High-quality technical grade recycled lithium for industrial applications. Reliable quality for manufacturing.,Recycled Lithium,Technical Grade,98.89,,,,,1.18 g/cm³,0.14,MT,498,66,8756,[],false,true,"{""Na"":""≤0.0004%"",""Mg"":""≤0.0007%"",""Ca"":""≤0.0015%"",""Fe"":""≤0.0003%""}","{""base_price"":6998,""currency"":""USD"",""unit"":""MT"",""incoterms"":""FOB""}",active,2024-12-09T05:38:30.431Z,2025-12-03T05:38:30.431Z
07cb7cc6-5385-442f-afdc-b10271ea4682,8e503c29-9cdb-4f53-ae51-aee678085660,Pharmaceutical Grade Lithium Chloride 98.8%,High-quality pharmaceutical grade lithium chloride for industrial applications. Reliable quality for manufacturing.,Lithium Chloride,Pharmaceutical Grade,98.82,,,,,1.1 g/cm³,0.14,MT,474,79,8989,[],false,true,"{""Na"":""≤0.0005%"",""Mg"":""≤0.0002%"",""Ca"":""≤0.0004%"",""Fe"":""≤0.0005%""}","{""base_price"":9211,""currency"":""USD"",""unit"":""MT"",""incoterms"":""EXW""}",active,2024-12-08T05:38:30.431Z,2026-01-01T05:38:30.431Z
961764d3-0fd1-4919-86bb-04129f885685,8e503c29-9cdb-4f53-ae51-aee678085660,Industrial Grade Other 98.2%,High-quality industrial grade other for industrial applications. Reliable quality for manufacturing.,Other,Industrial Grade,98.24,,,,,1.3 g/cm³,0.01,MT,75,86,306,[],false,true,"{""Na"":""≤0.0008%"",""Mg"":""≤0.0007%"",""Ca"":""≤0.0015%"",""Fe"":""≤0.0004%""}","{""base_price"":8039,""currency"":""USD"",""unit"":""MT"",""incoterms"":""EXW""}",out_of_stock,2025-01-20T05:38:30.431Z,2025-12-07T05:38:30.431Z
ca4b9c98-f9d8-42dc-ad95-dd8ff4e3cca2,8e503c29-9cdb-4f53-ae51-aee678085660,Technical Grade Lithium Spodumene,High-quality technical grade lithium spodumene for industrial applications. Reliable quality for manufacturing.,Lithium Spodumene,Technical Grade,,,,6.97,,1.31 g/cm³,0.03,MT,313,30,8334,[],false,true,"{""Na"":""≤0.0008%"",""Mg"":""≤0.0004%"",""Ca"":""≤0.0002%"",""Fe"":""≤0.0005%""}","{""base_price"":8110,""currency"":""USD"",""unit"":""MT"",""incoterms"":""CIF""}",active,2025-12-02T05:38:30.431Z,2025-12-03T05:38:30.431Z
6f1c3d96-3f45-4088-880f-38ab0ce6ba80,8e503c29-9cdb-4f53-ae51-aee678085660,Industrial Grade Lithium Chloride 99.3%,High-quality industrial grade lithium chloride for industrial applications. Reliable quality for manufacturing.,Lithium Chloride,Industrial Grade,99.26,,,,,1.13 g/cm³,0.08,MT,249,83,2802,[],false,true,"{""Na"":""≤0.001%"",""Mg"":""≤0.0006%"",""Ca"":""≤0.0014%"",""Fe"":""≤0.0002%""}","{""base_price"":7488,""currency"":""USD"",""unit"":""MT"",""incoterms"":""FOB""}",active,2024-08-10T05:38:30.431Z,2025-12-31T05:38:30.431Z
baa48d72-bfee-47d5-b2ff-25bd73a24ebf,8e503c29-9cdb-4f53-ae51-aee678085660,Battery Grade Recycled Lithium 99.4%,High-quality battery grade recycled lithium for EV battery applications. Meets strict automotive specifications.,Recycled Lithium,Battery Grade,99.43,,,,D50: 19μm,1.04 g/cm³,0.12,MT,29,87,5501,[],false,true,"{""Na"":""≤0.0008%"",""Mg"":""≤0.0005%"",""Ca"":""≤0.002%"",""Fe"":""≤0.0002%""}","{""base_price"":921,""currency"":""USD"",""unit"":""MT"",""incoterms"":""CIF""}",active,2024-07-08T05:38:30.431Z,2025-12-23T05:38:30.431Z
1a682e58-ec43-4ac5-8703-1c7245a6e492,8e503c29-9cdb-4f53-ae51-aee678085660,Industrial Grade Recycled Lithium 98.3%,High-quality industrial grade recycled lithium for industrial applications. Reliable quality for manufacturing.,Recycled Lithium,Industrial Grade,98.32,,,,,1.17 g/cm³,0.03,MT,306,54,1470,[],false,true,"{""Na"":""≤0.0003%"",""Mg"":""≤0.0004%"",""Ca"":""≤0.0006%"",""Fe"":""≤0.0003%""}","{""base_price"":8011,""currency"":""USD"",""unit"":""MT"",""incoterms"":""CIF""}",active,2025-06-20T05:38:30.431Z,2025-12-06T05:38:30.431Z
d773a5ef-8721-4e10-9f01-612308419b83,8e503c29-9cdb-4f53-ae51-aee678085660,Technical Grade Recycled Lithium 98.9%,High-quality technical grade recycled lithium for industrial applications. Reliable quality for manufacturing.,Recycled Lithium,Technical Grade,98.94,,,,,1.08 g/cm³,0.11,MT,427,88,9539,[],false,true,"{""Na"":""≤0.0007%"",""Mg"":""≤0.0008%"",""Ca"":""≤0.0018%"",""Fe"":""≤0.0005%""}","{""base_price"":7854,""currency"":""USD"",""unit"":""MT"",""incoterms"":""CIF""}",active,2025-01-29T05:38:30.431Z,2026-01-02T05:38:30.431Z
39fd8282-c99e-491b-a9e8-02b1948a4255,8e503c29-9cdb-4f53-ae51-aee678085660,Industrial Grade Lithium Spodumene,High-quality industrial grade lithium spodumene for industrial applications. Reliable quality for manufacturing.,Lithium Spodumene,Industrial Grade,,,,6.91,,1.1 g/cm³,0.15,MT,218,68,4368,[],false,true,"{""Na"":""≤0.0007%"",""Mg"":""≤0.0005%"",""Ca"":""≤0.0015%"",""Fe"":""≤0.0004%""}","{""base_price"":5440,""currency"":""USD"",""unit"":""MT"",""incoterms"":""EXW""}",active,2024-05-09T05:38:30.431Z,2025-12-17T05:38:30.431Z
9a693970-ccff-4083-9d11-74ce27c4b065,48064f65-e81f-4fb0-abf6-e1cf4cd9f253,Battery Grade Other 99.0%,High-quality battery grade other for EV battery applications. Meets strict automotive specifications.,Other,Battery Grade,98.97,,,,D50: 50μm,1.22 g/cm³,0.04,MT,15,77,6585,[],false,true,"{""Na"":""≤0.0008%"",""Mg"":""≤0.0007%"",""Ca"":""≤0.0013%"",""Fe"":""≤0.0001%""}","{""base_price"":1169,""currency"":""USD"",""unit"":""MT"",""incoterms"":""EXW""}",active,2025-06-30T05:38:30.431Z,2025-12-15T05:38:30.431Z
6c26fed6-1f1e-4672-8e02-b5f9ea59425f,48064f65-e81f-4fb0-abf6-e1cf4cd9f253,Industrial Grade Lithium Carbonate 99.67%,High-quality industrial grade lithium carbonate for industrial applications. Reliable quality for manufacturing.,Lithium Carbonate,Industrial Grade,99.67,99.67,,,,1.15 g/cm³,0.11,MT,441,55,6001,[],false,true,"{""Na"":""≤0.0009%"",""Mg"":""≤0.0002%"",""Ca"":""≤0.0007%"",""Fe"":""≤0.0003%""}","{""base_price"":7657,""currency"":""USD"",""unit"":""MT"",""incoterms"":""EXW""}",active,2024-03-25T05:38:30.431Z,2025-12-06T05:38:30.431Z
0ea3d03f-80b0-4346-aad8-188a8c444969,48064f65-e81f-4fb0-abf6-e1cf4cd9f253,Technical Grade Other 98.0%,High-quality technical grade other for industrial applications. Reliable quality for manufacturing.,Other,Technical Grade,98.04,,,,,1.35 g/cm³,0.08,MT,264,79,964,[],false,true,"{""Na"":""≤0.0002%"",""Mg"":""≤0.0003%"",""Ca"":""≤0.0001%"",""Fe"":""≤0.0005%""}","{""base_price"":8660,""currency"":""USD"",""unit"":""MT"",""incoterms"":""FOB""}",active,2025-02-19T05:38:30.431Z,2025-12-19T05:38:30.431Z
c1280b71-3cf2-4c05-aec6-0fb17bcabc79,48064f65-e81f-4fb0-abf6-e1cf4cd9f253,Technical Grade Lithium Spodumene,High-quality technical grade lithium spodumene for industrial applications. Reliable quality for manufacturing.,Lithium Spodumene,Technical Grade,,,,6.4,,1.04 g/cm³,0.1,MT,385,89,1721,[],false,true,"{""Na"":""≤0.0002%"",""Mg"":""≤0.0005%"",""Ca"":""≤0.0015%"",""Fe"":""≤0.0003%""}","{""base_price"":7544,""currency"":""USD"",""unit"":""MT"",""incoterms"":""FOB""}",active,2025-07-15T05:38:30.431Z,2025-12-15T05:38:30.431Z
13f44c37-5e81-4485-a189-4f5d6ad050ff,48064f65-e81f-4fb0-abf6-e1cf4cd9f253,Technical Grade Lithium Hydroxide 99.52%,High-quality technical grade lithium hydroxide for industrial applications. Reliable quality for manufacturing.,Lithium Hydroxide,Technical Grade,99.52,,56.14,,,1.17 g/cm³,0.12,MT,306,72,8979,[],false,true,"{""Na"":""≤0.0008%"",""Mg"":""≤0.0002%"",""Ca"":""≤0.0002%"",""Fe"":""≤0.0001%""}","{""base_price"":5089,""currency"":""USD"",""unit"":""MT"",""incoterms"":""EXW""}",active,2024-08-07T05:38:30.431Z,2025-12-17T05:38:30.431Z
9a539b15-dae9-4b3c-84e3-8a10ff2cd2df,48064f65-e81f-4fb0-abf6-e1cf4cd9f253,Pharmaceutical Grade Recycled Lithium 98.9%,High-quality pharmaceutical grade recycled lithium for industrial applications. Reliable quality for manufacturing.,Recycled Lithium,Pharmaceutical Grade,98.89,,,,,1.02 g/cm³,0.05,MT,240,80,3897,[],false,true,"{""Na"":""≤0.0007%"",""Mg"":""≤0.0001%"",""Ca"":""≤0.0009%"",""Fe"":""≤0.0003%""}","{""base_price"":5929,""currency"":""USD"",""unit"":""MT"",""incoterms"":""CIF""}",active,2024-05-20T05:38:30.431Z,2025-12-14T05:38:30.431Z
c660ce61-fba6-43b5-9f98-f531a08c8ed3,48064f65-e81f-4fb0-abf6-e1cf4cd9f253,Technical Grade Lithium Spodumene,High-quality technical grade lithium spodumene for industrial applications. Reliable quality for manufacturing.,Lithium Spodumene,Technical Grade,,,,6.92,,0.84 g/cm³,0.05,MT,295,63,3762,[],false,true,"{""Na"":""≤0.001%"",""Mg"":""≤0.0009%"",""Ca"":""≤0.0002%"",""Fe"":""≤0.0002%""}","{""base_price"":5269,""currency"":""USD"",""unit"":""MT"",""incoterms"":""FOB""}",active,2024-04-01T05:38:30.431Z,2026-01-01T05:38:30.431Z
94f62f6b-a228-493d-a7a3-b666ecb8adee,48064f65-e81f-4fb0-abf6-e1cf4cd9f253,Industrial Grade Lithium Spodumene,High-quality industrial grade lithium spodumene for industrial applications. Reliable quality for manufacturing.,Lithium Spodumene,Industrial Grade,,,,5.96,,1.32 g/cm³,0.05,MT,50,87,9272,[],false,true,"{""Na"":""≤0.0005%"",""Mg"":""≤0.0009%"",""Ca"":""≤0.0017%"",""Fe"":""≤0.0004%""}","{""base_price"":7138,""currency"":""USD"",""unit"":""MT"",""incoterms"":""FOB""}",active,2025-07-26T05:38:30.431Z,2025-12-15T05:38:30.431Z
9e7a82f8-f7e5-4857-a0a0-c3e09bfe1513,48064f65-e81f-4fb0-abf6-e1cf4cd9f253,Technical Grade Lithium Carbonate 99.4%,High-quality technical grade lithium carbonate for industrial applications. Reliable quality for manufacturing.,Lithium Carbonate,Technical Grade,99.43,99.43,,,,0.96 g/cm³,0.02,MT,413,38,2740,[],false,true,"{""Na"":""≤0.0008%"",""Mg"":""≤0.0005%"",""Ca"":""≤0.0008%"",""Fe"":""≤0.0002%""}","{""base_price"":5859,""currency"":""USD"",""unit"":""MT"",""incoterms"":""CIF""}",active,2024-01-27T05:38:30.431Z,2025-12-15T05:38:30.431Z
3cb13088-ec5c-4c6b-bf3f-93e887c64b84,48064f65-e81f-4fb0-abf6-e1cf4cd9f253,Technical Grade Lithium Chloride 98.8%,High-quality technical grade lithium chloride for industrial applications. Reliable quality for manufacturing.,Lithium Chloride,Technical Grade,98.76,,,,,0.83 g/cm³,0.14,MT,338,46,6851,[],false,true,"{""Na"":""≤0.0004%"",""Mg"":""≤0.0003%"",""Ca"":""≤0.001%"",""Fe"":""≤0.0002%""}","{""base_price"":8188,""currency"":""USD"",""unit"":""MT"",""incoterms"":""EXW""}",active,2024-03-23T05:38:30.431Z,2025-12-22T05:38:30.431Z
39733590-8600-4c47-b83f-b5eae81ca807,64cfa10e-af34-48dc-939d-b90b8a33e996,Pharmaceutical Grade Recycled Lithium 98.8%,High-quality pharmaceutical grade recycled lithium for industrial applications. Reliable quality for manufacturing.,Recycled Lithium,Pharmaceutical Grade,98.8,,,,,1.15 g/cm³,0.01,MT,84,49,1615,[],false,true,"{""Na"":""≤0.0009%"",""Mg"":""≤0.0008%"",""Ca"":""≤0.0015%"",""Fe"":""≤0.0003%""}","{""base_price"":9957,""currency"":""USD"",""unit"":""MT"",""incoterms"":""EXW""}",active,2024-11-10T05:38:30.431Z,2025-12-15T05:38:30.431Z
94a30f6f-4fe3-4032-9f95-703832b9aa8f,64cfa10e-af34-48dc-939d-b90b8a33e996,Pharmaceutical Grade Lithium Hydroxide 99.76%,High-quality pharmaceutical grade lithium hydroxide for industrial applications. Reliable quality for manufacturing.,Lithium Hydroxide,Pharmaceutical Grade,99.76,,56.3,,,1.1 g/cm³,0.11,MT,483,76,1325,[],false,true,"{""Na"":""≤0.0004%"",""Mg"":""≤0.0004%"",""Ca"":""≤0.0007%"",""Fe"":""≤0.0003%""}","{""base_price"":8318,""currency"":""USD"",""unit"":""MT"",""incoterms"":""EXW""}",active,2024-09-07T05:38:30.431Z,2025-12-21T05:38:30.431Z
d7e10164-c04d-442d-b1a4-30eafb5be3a0,64cfa10e-af34-48dc-939d-b90b8a33e996,Battery Grade Lithium Carbonate 99.3%,High-quality battery grade lithium carbonate for EV battery applications. Meets strict automotive specifications.,Lithium Carbonate,Battery Grade,99.31,99.31,,,D50: 24μm,1.13 g/cm³,0.06,MT,43,46,3259,[],false,true,"{""Na"":""≤0.0008%"",""Mg"":""≤0.0005%"",""Ca"":""≤0.0013%"",""Fe"":""≤0.0003%""}","{""base_price"":14391,""currency"":""USD"",""unit"":""MT"",""incoterms"":""CIF""}",active,2024-10-16T05:38:30.431Z,2026-01-01T05:38:30.431Z
a45afcc9-034f-4a03-979c-b5d333ef713d,64cfa10e-af34-48dc-939d-b90b8a33e996,Industrial Grade Lithium Chloride 99.1%,High-quality industrial grade lithium chloride for industrial applications. Reliable quality for manufacturing.,Lithium Chloride,Industrial Grade,99.08,,,,,1.01 g/cm³,0.11,MT,326,44,1935,[],false,true,"{""Na"":""≤0.0002%"",""Mg"":""≤0.0009%"",""Ca"":""≤0.0004%"",""Fe"":""≤0.0002%""}","{""base_price"":6482,""currency"":""USD"",""unit"":""MT"",""incoterms"":""EXW""}",active,2024-01-24T05:38:30.431Z,2025-12-29T05:38:30.431Z
05851f7a-7ff2-48eb-9647-63b8bfb3119e,64cfa10e-af34-48dc-939d-b90b8a33e996,Industrial Grade Other 98.6%,High-quality industrial grade other for industrial applications. Reliable quality for manufacturing.,Other,Industrial Grade,98.57,,,,,1.24 g/cm³,0.06,MT,96,33,9484,[],false,true,"{""Na"":""≤0.0006%"",""Mg"":""≤0.0005%"",""Ca"":""≤0.0018%"",""Fe"":""≤0.0003%""}","{""base_price"":7493,""currency"":""USD"",""unit"":""MT"",""incoterms"":""EXW""}",active,2025-07-20T05:38:30.431Z,2025-12-26T05:38:30.431Z
b653c831-1cd1-4088-bb92-38229dec7dbd,64cfa10e-af34-48dc-939d-b90b8a33e996,Technical Grade Lithium Carbonate 99.63%,High-quality technical grade lithium carbonate for industrial applications. Reliable quality for manufacturing.,Lithium Carbonate,Technical Grade,99.63,99.63,,,,0.84 g/cm³,0.14,MT,305,59,3905,[],false,true,"{""Na"":""≤0.0003%"",""Mg"":""≤0.0009%"",""Ca"":""≤0.0009%"",""Fe"":""≤0.0005%""}","{""base_price"":8729,""currency"":""USD"",""unit"":""MT"",""incoterms"":""EXW""}",out_of_stock,2024-06-04T05:38:30.431Z,2025-12-21T05:38:30.431Z
b9c7d89d-ac1a-471b-a759-df2ed36fe9c1,64cfa10e-af34-48dc-939d-b90b8a33e996,Pharmaceutical Grade Other 99.2%,High-quality pharmaceutical grade other for industrial applications. Reliable quality for manufacturing.,Other,Pharmaceutical Grade,99.15,,,,,0.83 g/cm³,0.14,MT,117,40,5854,[],false,true,"{""Na"":""≤0.0004%"",""Mg"":""≤0.0009%"",""Ca"":""≤0.0014%"",""Fe"":""≤0.0004%""}","{""base_price"":6808,""currency"":""USD"",""unit"":""MT"",""incoterms"":""CIF""}",active,2024-09-10T05:38:30.431Z,2025-12-07T05:38:30.431Z
f1a87c14-1b9c-4b2a-b0d7-10b220fcc048,6786451c-c5f5-4316-9fa5-7427bb245cfa,Industrial Grade Recycled Lithium 98.4%,High-quality industrial grade recycled lithium for industrial applications. Reliable quality for manufacturing.,Recycled Lithium,Industrial Grade,98.36,,,,,1.12 g/cm³,0.05,MT,111,56,2038,[],false,true,"{""Na"":""≤0.0003%"",""Mg"":""≤0.0002%"",""Ca"":""≤0.0012%"",""Fe"":""≤0.0004%""}","{""base_price"":5448,""currency"":""USD"",""unit"":""MT"",""incoterms"":""CIF""}",active,2025-07-03T05:38:30.431Z,2025-12-11T05:38:30.431Z
9855853c-a547-4d19-ba5e-a7ee820bb15a,6786451c-c5f5-4316-9fa5-7427bb245cfa,Pharmaceutical Grade Lithium Carbonate 99.66%,High-quality pharmaceutical grade lithium carbonate for industrial applications. Reliable quality for manufacturing.,Lithium Carbonate,Pharmaceutical Grade,99.66,99.66,,,,1.11 g/cm³,0.07,MT,208,67,6917,[],false,true,"{""Na"":""≤0.0008%"",""Mg"":""≤0.0005%"",""Ca"":""≤0.0004%"",""Fe"":""≤0.0001%""}","{""base_price"":5246,""currency"":""USD"",""unit"":""MT"",""incoterms"":""FOB""}",active,2024-05-31T05:38:30.431Z,2025-12-27T05:38:30.431Z
f4c51318-05e3-4ea9-bf5e-9e70b575389a,6786451c-c5f5-4316-9fa5-7427bb245cfa,Battery Grade Lithium Spodumene,High-quality battery grade lithium spodumene for EV battery applications. Meets strict automotive specifications.,Lithium Spodumene,Battery Grade,,,,6.02,D50: 45μm,0.83 g/cm³,0.06,MT,29,43,129,[],false,true,"{""Na"":""≤0.0008%"",""Mg"":""≤0.0001%"",""Ca"":""≤0.0014%"",""Fe"":""≤0.0004%""}","{""base_price"":998,""currency"":""USD"",""unit"":""MT"",""incoterms"":""CIF""}",active,2024-04-09T05:38:30.431Z,2025-12-12T05:38:30.431Z
59bd4776-4bfe-44c5-a6d2-ed8757f6735d,6786451c-c5f5-4316-9fa5-7427bb245cfa,Pharmaceutical Grade Lithium Carbonate 99.78%,High-quality pharmaceutical grade lithium carbonate for industrial applications. Reliable quality for manufacturing.,Lithium Carbonate,Pharmaceutical Grade,99.78,99.78,,,,0.86 g/cm³,0.07,MT,296,67,4320,[],false,true,"{""Na"":""≤0.0005%"",""Mg"":""≤0.0008%"",""Ca"":""≤0.0018%"",""Fe"":""≤0.0005%""}","{""base_price"":6285,""currency"":""USD"",""unit"":""MT"",""incoterms"":""CIF""}",active,2024-12-14T05:38:30.431Z,2025-12-23T05:38:30.431Z
9ddf6953-2a3b-4abf-9285-f10cd2d38b87,6786451c-c5f5-4316-9fa5-7427bb245cfa,Battery Grade Other 99.0%,High-quality battery grade other for EV battery applications. Meets strict automotive specifications.,Other,Battery Grade,99.05,,,,D50: 53μm,0.84 g/cm³,0.03,MT,11,41,3161,[],false,true,"{""Na"":""≤0.0004%"",""Mg"":""≤0.0007%"",""Ca"":""≤0.0019%"",""Fe"":""≤0.0005%""}","{""base_price"":953,""currency"":""USD"",""unit"":""MT"",""incoterms"":""EXW""}",active,2025-07-11T05:38:30.431Z,2025-12-10T05:38:30.431Z
d2549d50-a98c-4ec5-a282-80e09abfa4e2,6786451c-c5f5-4316-9fa5-7427bb245cfa,Technical Grade Lithium Spodumene,High-quality technical grade lithium spodumene for industrial applications. Reliable quality for manufacturing.,Lithium Spodumene,Technical Grade,,,,6.27,,1.08 g/cm³,0.14,MT,396,51,5659,[],false,true,"{""Na"":""≤0.0006%"",""Mg"":""≤0.0007%"",""Ca"":""≤0.0001%"",""Fe"":""≤0.0004%""}","{""base_price"":8977,""currency"":""USD"",""unit"":""MT"",""incoterms"":""CIF""}",active,2024-05-04T05:38:30.431Z,2025-12-06T05:38:30.431Z
f31d523f-0d44-4c84-972f-47bc947453cf,6786451c-c5f5-4316-9fa5-7427bb245cfa,Battery Grade Lithium Hydroxide 99.52%,High-quality battery grade lithium hydroxide for EV battery applications. Meets strict automotive specifications.,Lithium Hydroxide,Battery Grade,99.52,,56.86,,D50: 56μm,1.27 g/cm³,0.12,MT,31,62,3479,[],false,true,"{""Na"":""≤0.0002%"",""Mg"":""≤0.0008%"",""Ca"":""≤0.0013%"",""Fe"":""≤0.0004%""}","{""base_price"":17293,""currency"":""USD"",""unit"":""MT"",""incoterms"":""CIF""}",active,2024-03-28T05:38:30.431Z,2026-01-02T05:38:30.431Z
9d3618a7-fb2f-408e-9852-ff86143895d0,0e2b95c5-5b01-4d6e-b925-d07fdbe8ac6b,Pharmaceutical Grade Lithium Carbonate 99.53%,High-quality pharmaceutical grade lithium carbonate for industrial applications. Reliable quality for manufacturing.,Lithium Carbonate,Pharmaceutical Grade,99.53,99.53,,,,1.06 g/cm³,0.13,MT,305,59,5781,[],false,true,"{""Na"":""≤0.0006%"",""Mg"":""≤0.0006%"",""Ca"":""≤0.002%"",""Fe"":""≤0.0003%""}","{""base_price"":7773,""currency"":""USD"",""unit"":""MT"",""incoterms"":""EXW""}",active,2025-04-21T05:38:30.431Z,2025-12-26T05:38:30.431Z
00680eed-ff37-47b5-866d-244a5f8e91fd,0e2b95c5-5b01-4d6e-b925-d07fdbe8ac6b,Battery Grade Other 99.4%,High-quality battery grade other for EV battery applications. Meets strict automotive specifications.,Other,Battery Grade,99.43,,,,D50: 19μm,0.82 g/cm³,0.05,MT,39,64,3684,[],false,true,"{""Na"":""≤0.0002%"",""Mg"":""≤0.0006%"",""Ca"":""≤0.0003%"",""Fe"":""≤0.0004%""}","{""base_price"":1196,""currency"":""USD"",""unit"":""MT"",""incoterms"":""CIF""}",active,2025-05-26T05:38:30.431Z,2025-12-14T05:38:30.431Z
d5c5c55f-eb8e-43b9-858d-a34d2341c09e,0e2b95c5-5b01-4d6e-b925-d07fdbe8ac6b,Pharmaceutical Grade Lithium Hydroxide 99.61%,High-quality pharmaceutical grade lithium hydroxide for industrial applications. Reliable quality for manufacturing.,Lithium Hydroxide,Pharmaceutical Grade,99.61,,56.47,,,1.08 g/cm³,0.1,MT,197,36,5407,[],false,true,"{""Na"":""≤0.0006%"",""Mg"":""≤0.0009%"",""Ca"":""≤0.0003%"",""Fe"":""≤0.0004%""}","{""base_price"":7553,""currency"":""USD"",""unit"":""MT"",""incoterms"":""EXW""}",active,2025-11-22T05:38:30.431Z,2025-12-30T05:38:30.431Z
235dd6ea-c718-47e4-b754-9ce650c958f1,0e2b95c5-5b01-4d6e-b925-d07fdbe8ac6b,Industrial Grade Lithium Hydroxide 99.80%,High-quality industrial grade lithium hydroxide for industrial applications. Reliable quality for manufacturing.,Lithium Hydroxide,Industrial Grade,99.8,,56.95,,,0.99 g/cm³,0.04,MT,429,45,8358,[],false,true,"{""Na"":""≤0.0007%"",""Mg"":""≤0.0002%"",""Ca"":""≤0.0005%"",""Fe"":""≤0.0002%""}","{""base_price"":6148,""currency"":""USD"",""unit"":""MT"",""incoterms"":""CIF""}",active,2025-07-31T05:38:30.431Z,2025-12-23T05:38:30.431Z
dbf47a48-64b2-4027-9a18-0a45e32e57ec,0e2b95c5-5b01-4d6e-b925-d07fdbe8ac6b,Industrial Grade Other 99.3%,High-quality industrial grade other for industrial applications. Reliable quality for manufacturing.,Other,Industrial Grade,99.3,,,,,1.38 g/cm³,0.13,MT,232,68,3454,[],false,true,"{""Na"":""≤0.0007%"",""Mg"":""≤0.0002%"",""Ca"":""≤0.0007%"",""Fe"":""≤0.0003%""}","{""base_price"":7619,""currency"":""USD"",""unit"":""MT"",""incoterms"":""FOB""}",active,2025-07-05T05:38:30.431Z,2025-12-25T05:38:30.431Z
02038290-0cd9-4939-8526-c16b9c8f809e,0e2b95c5-5b01-4d6e-b925-d07fdbe8ac6b,Technical Grade Lithium Hydroxide 99.68%,High-quality technical grade lithium hydroxide for industrial applications. Reliable quality for manufacturing.,Lithium Hydroxide,Technical Grade,99.68,,56.16,,,1.16 g/cm³,0.13,MT,183,72,853,[],false,true,"{""Na"":""≤0.0009%"",""Mg"":""≤0.0005%"",""Ca"":""≤0.0013%"",""Fe"":""≤0.0002%""}","{""base_price"":9079,""currency"":""USD"",""unit"":""MT"",""incoterms"":""FOB""}",active,2025-03-07T05:38:30.431Z,2025-12-05T05:38:30.431Z
f81fce3d-1fba-4e00-bb99-799ee7551804,0e2b95c5-5b01-4d6e-b925-d07fdbe8ac6b,Pharmaceutical Grade Lithium Spodumene,High-quality pharmaceutical grade lithium spodumene for industrial applications. Reliable quality for manufacturing.,Lithium Spodumene,Pharmaceutical Grade,,,,6.39,,1.3 g/cm³,0.09,MT,414,74,1822,[],false,true,"{""Na"":""≤0.0002%"",""Mg"":""≤0.0003%"",""Ca"":""≤0.001%"",""Fe"":""≤0.0001%""}","{""base_price"":5684,""currency"":""USD"",""unit"":""MT"",""incoterms"":""EXW""}",active,2025-03-23T05:38:30.431Z,2025-12-28T05:38:30.431Z
2053f4e7-2c5f-42a5-89b9-13371b485799,c6fd996f-9111-44dd-8a5c-447d9ec855ce,Battery Grade Lithium Chloride 98.0%,High-quality battery grade lithium chloride for EV battery applications. Meets strict automotive specifications.,Lithium Chloride,Battery Grade,98.05,,,,D50: 34μm,1.25 g/cm³,0.04,MT,47,31,6025,[],false,true,"{""Na"":""≤0.0006%"",""Mg"":""≤0.0008%"",""Ca"":""≤0.0008%"",""Fe"":""≤0.0002%""}","{""base_price"":823,""currency"":""USD"",""unit"":""MT"",""incoterms"":""CIF""}",active,2025-04-12T05:38:30.431Z,2025-12-13T05:38:30.431Z
ea3465d6-6f3d-416d-aa44-279066284d9f,c6fd996f-9111-44dd-8a5c-447d9ec855ce,Industrial Grade Lithium Chloride 98.5%,High-quality industrial grade lithium chloride for industrial applications. Reliable quality for manufacturing.,Lithium Chloride,Industrial Grade,98.52,,,,,0.85 g/cm³,0.02,MT,222,51,1650,[],false,true,"{""Na"":""≤0.0007%"",""Mg"":""≤0.0002%"",""Ca"":""≤0.0005%"",""Fe"":""≤0.0004%""}","{""base_price"":5527,""currency"":""USD"",""unit"":""MT"",""incoterms"":""CIF""}",active,2024-10-01T05:38:30.431Z,2025-12-03T05:38:30.431Z
249de9cd-0f57-4a1a-854a-129ed35f254f,c6fd996f-9111-44dd-8a5c-447d9ec855ce,Pharmaceutical Grade Lithium Carbonate 99.76%,High-quality pharmaceutical grade lithium carbonate for industrial applications. Reliable quality for manufacturing.,Lithium Carbonate,Pharmaceutical Grade,99.76,99.76,,,,1.04 g/cm³,0.09,MT,326,60,7719,[],false,true,"{""Na"":""≤0.0008%"",""Mg"":""≤0.0003%"",""Ca"":""≤0.0002%"",""Fe"":""≤0.0005%""}","{""base_price"":5341,""currency"":""USD"",""unit"":""MT"",""incoterms"":""FOB""}",active,2024-10-25T05:38:30.431Z,2025-12-06T05:38:30.431Z
396d4868-5951-4fdd-9da3-477b35a7b8bd,c6fd996f-9111-44dd-8a5c-447d9ec855ce,Pharmaceutical Grade Lithium Spodumene,High-quality pharmaceutical grade lithium spodumene for industrial applications. Reliable quality for manufacturing.,Lithium Spodumene,Pharmaceutical Grade,,,,5.75,,0.92 g/cm³,0.02,MT,81,63,5945,[],false,true,"{""Na"":""≤0.0002%"",""Mg"":""≤0.001%"",""Ca"":""≤0.0002%"",""Fe"":""≤0.0002%""}","{""base_price"":8853,""currency"":""USD"",""unit"":""MT"",""incoterms"":""CIF""}",active,2024-01-13T05:38:30.431Z,2025-12-26T05:38:30.431Z
90786ff7-44a3-42fd-8749-15f2b445145b,c6fd996f-9111-44dd-8a5c-447d9ec855ce,Industrial Grade Recycled Lithium 98.6%,High-quality industrial grade recycled lithium for industrial applications. Reliable quality for manufacturing.,Recycled Lithium,Industrial Grade,98.62,,,,,1.05 g/cm³,0.12,MT,444,33,8773,[],false,true,"{""Na"":""≤0.0003%"",""Mg"":""≤0.0005%"",""Ca"":""≤0.0014%"",""Fe"":""≤0.0005%""}","{""base_price"":9466,""currency"":""USD"",""unit"":""MT"",""incoterms"":""EXW""}",active,2024-07-10T05:38:30.432Z,2025-12-31T05:38:30.432Z
d1b93365-eb62-43ec-b8cb-ca367b4483c1,c6fd996f-9111-44dd-8a5c-447d9ec855ce,Industrial Grade Lithium Chloride 98.6%,High-quality industrial grade lithium chloride for industrial applications. Reliable quality for manufacturing.,Lithium Chloride,Industrial Grade,98.56,,,,,0.87 g/cm³,0.08,MT,104,38,4840,[],false,true,"{""Na"":""≤0.0005%"",""Mg"":""≤0.0005%"",""Ca"":""≤0.0001%"",""Fe"":""≤0.0001%""}","{""base_price"":7275,""currency"":""USD"",""unit"":""MT"",""incoterms"":""FOB""}",active,2024-08-19T05:38:30.432Z,2025-12-12T05:38:30.432Z
53d34a7a-a520-49fc-9d0d-dba4471c3ec9,c6fd996f-9111-44dd-8a5c-447d9ec855ce,Pharmaceutical Grade Recycled Lithium 99.3%,High-quality pharmaceutical grade recycled lithium for industrial applications. Reliable quality for manufacturing.,Recycled Lithium,Pharmaceutical Grade,99.33,,,,,1.02 g/cm³,0.09,MT,309,59,6711,[],false,true,"{""Na"":""≤0.0003%"",""Mg"":""≤0.0007%"",""Ca"":""≤0.0012%"",""Fe"":""≤0.0004%""}","{""base_price"":6959,""currency"":""USD"",""unit"":""MT"",""incoterms"":""FOB""}",out_of_stock,2024-07-18T05:38:30.432Z,2025-12-07T05:38:30.432Z
5db61aee-0cf2-4ae9-8e9f-9e4d28c73d30,c6fd996f-9111-44dd-8a5c-447d9ec855ce,Pharmaceutical Grade Lithium Hydroxide 99.93%,High-quality pharmaceutical grade lithium hydroxide for industrial applications. Reliable quality for manufacturing.,Lithium Hydroxide,Pharmaceutical Grade,99.93,,56.22,,,0.82 g/cm³,0.13,MT,59,56,7025,[],false,true,"{""Na"":""≤0.0008%"",""Mg"":""≤0.0007%"",""Ca"":""≤0.0016%"",""Fe"":""≤0.0003%""}","{""base_price"":6160,""currency"":""USD"",""unit"":""MT"",""incoterms"":""CIF""}",active,2024-10-13T05:38:30.432Z,2026-01-01T05:38:30.432Z
716a4fcc-a080-410e-a041-782310711cad,c6fd996f-9111-44dd-8a5c-447d9ec855ce,Technical Grade Other 99.3%,High-quality technical grade other for industrial applications. Reliable quality for manufacturing.,Other,Technical Grade,99.35,,,,,0.91 g/cm³,0.04,MT,290,78,848,[],false,true,"{""Na"":""≤0.0005%"",""Mg"":""≤0.0008%"",""Ca"":""≤0.0002%"",""Fe"":""≤0.0003%""}","{""base_price"":9979,""currency"":""USD"",""unit"":""MT"",""incoterms"":""EXW""}",active,2024-10-12T05:38:30.432Z,2025-12-19T05:38:30.432Z
6c05fbd6-89eb-4c84-88f9-c8ee1704f0f9,420bfee0-8d70-4bca-a8a3-5664e72d8fef,Battery Grade Other 98.3%,High-quality battery grade other for EV battery applications. Meets strict automotive specifications.,Other,Battery Grade,98.31,,,,D50: 31μm,1.12 g/cm³,0.05,MT,50,72,2241,[],false,true,"{""Na"":""≤0.0002%"",""Mg"":""≤0.0009%"",""Ca"":""≤0.0004%"",""Fe"":""≤0.0003%""}","{""base_price"":868,""currency"":""USD"",""unit"":""MT"",""incoterms"":""CIF""}",active,2025-05-21T05:38:30.432Z,2025-12-05T05:38:30.432Z
20a7277c-22f8-4f3a-816b-deef80ebc630,420bfee0-8d70-4bca-a8a3-5664e72d8fef,Pharmaceutical Grade Recycled Lithium 98.2%,High-quality pharmaceutical grade recycled lithium for industrial applications. Reliable quality for manufacturing.,Recycled Lithium,Pharmaceutical Grade,98.21,,,,,1.06 g/cm³,0.04,MT,68,44,3867,[],false,true,"{""Na"":""≤0.0004%"",""Mg"":""≤0.0002%"",""Ca"":""≤0.0018%"",""Fe"":""≤0.0003%""}","{""base_price"":9420,""currency"":""USD"",""unit"":""MT"",""incoterms"":""CIF""}",active,2024-12-09T05:38:30.432Z,2025-12-20T05:38:30.432Z
e99557b7-8639-4280-8972-2ca65cdf75b9,420bfee0-8d70-4bca-a8a3-5664e72d8fef,Technical Grade Lithium Hydroxide 99.86%,High-quality technical grade lithium hydroxide for industrial applications. Reliable quality for manufacturing.,Lithium Hydroxide,Technical Grade,99.86,,56.29,,,0.81 g/cm³,0.09,MT,491,59,1208,[],false,true,"{""Na"":""≤0.0006%"",""Mg"":""≤0.0009%"",""Ca"":""≤0.0015%"",""Fe"":""≤0.0003%""}","{""base_price"":7279,""currency"":""USD"",""unit"":""MT"",""incoterms"":""EXW""}",active,2024-01-05T05:38:30.432Z,2025-12-26T05:38:30.432Z
16634401-393e-4679-adec-6176566df715,420bfee0-8d70-4bca-a8a3-5664e72d8fef,Battery Grade Other 98.8%,High-quality battery grade other for EV battery applications. Meets strict automotive specifications.,Other,Battery Grade,98.85,,,,D50: 32μm,0.96 g/cm³,0.04,MT,28,30,1059,[],false,true,"{""Na"":""≤0.0003%"",""Mg"":""≤0.0008%"",""Ca"":""≤0.0019%"",""Fe"":""≤0.0004%""}","{""base_price"":952,""currency"":""USD"",""unit"":""MT"",""incoterms"":""CIF""}",out_of_stock,2025-06-06T05:38:30.432Z,2025-12-10T05:38:30.432Z
fb152b8a-1bdd-4ae0-94c1-263f23988a7a,420bfee0-8d70-4bca-a8a3-5664e72d8fef,Industrial Grade Recycled Lithium 98.4%,High-quality industrial grade recycled lithium for industrial applications. Reliable quality for manufacturing.,Recycled Lithium,Industrial Grade,98.41,,,,,1 g/cm³,0.15,MT,358,54,5403,[],false,true,"{""Na"":""≤0.001%"",""Mg"":""≤0.0004%"",""Ca"":""≤0.0008%"",""Fe"":""≤0.0003%""}","{""base_price"":5159,""currency"":""USD"",""unit"":""MT"",""incoterms"":""FOB""}",active,2024-07-13T05:38:30.432Z,2025-12-24T05:38:30.432Z
de9ce3be-2265-4ed5-aab3-d80864e2ceaa,420bfee0-8d70-4bca-a8a3-5664e72d8fef,Battery Grade Recycled Lithium 99.4%,High-quality battery grade recycled lithium for EV battery applications. Meets strict automotive specifications.,Recycled Lithium,Battery Grade,99.4,,,,D50: 40μm,1.21 g/cm³,0.06,MT,32,38,9998,[],false,true,"{""Na"":""≤0.0001%"",""Mg"":""≤0.0008%"",""Ca"":""≤0.0007%"",""Fe"":""≤0.0002%""}","{""base_price"":967,""currency"":""USD"",""unit"":""MT"",""incoterms"":""EXW""}",active,2024-02-23T05:38:30.432Z,2025-12-26T05:38:30.432Z
55412228-3830-4b46-90ab-d3dab9f88f8d,420bfee0-8d70-4bca-a8a3-5664e72d8fef,Industrial Grade Recycled Lithium 99.4%,High-quality industrial grade recycled lithium for industrial applications. Reliable quality for manufacturing.,Recycled Lithium,Industrial Grade,99.44,,,,,1 g/cm³,0.08,MT,267,78,3517,[],false,true,"{""Na"":""≤0.0008%"",""Mg"":""≤0.0004%"",""Ca"":""≤0.0015%"",""Fe"":""≤0.0003%""}","{""base_price"":7442,""currency"":""USD"",""unit"":""MT"",""incoterms"":""FOB""}",active,2024-05-16T05:38:30.432Z,2025-12-21T05:38:30.432Z
af166bee-615c-4a4f-b055-4ac60e0072ee,9253540c-1c21-46d1-99d1-c5c4f716d37a,Industrial Grade Lithium Spodumene,High-quality industrial grade lithium spodumene for industrial applications. Reliable quality for manufacturing.,Lithium Spodumene,Industrial Grade,,,,6.4,,1.26 g/cm³,0.08,MT,168,67,9540,[],false,true,"{""Na"":""≤0.0003%"",""Mg"":""≤0.0001%"",""Ca"":""≤0.0009%"",""Fe"":""≤0.0003%""}","{""base_price"":7165,""currency"":""USD"",""unit"":""MT"",""incoterms"":""EXW""}",out_of_stock,2024-06-11T05:38:30.432Z,2025-12-10T05:38:30.432Z
2e6b89f7-6b0b-4425-8d50-09ae477e2c7b,9253540c-1c21-46d1-99d1-c5c4f716d37a,Battery Grade Lithium Carbonate 99.5%,High-quality battery grade lithium carbonate for EV battery applications. Meets strict automotive specifications.,Lithium Carbonate,Battery Grade,99.45,99.45,,,D50: 59μm,1.12 g/cm³,0.1,MT,21,64,2418,[],false,true,"{""Na"":""≤0.0001%"",""Mg"":""≤0.0005%"",""Ca"":""≤0.0007%"",""Fe"":""≤0.0004%""}","{""base_price"":13791,""currency"":""USD"",""unit"":""MT"",""incoterms"":""CIF""}",active,2025-11-30T05:38:30.432Z,2025-12-11T05:38:30.432Z
eb0461d0-b3b4-481b-9f1f-cb84c5d49fa8,9253540c-1c21-46d1-99d1-c5c4f716d37a,Industrial Grade Lithium Spodumene,High-quality industrial grade lithium spodumene for industrial applications. Reliable quality for manufacturing.,Lithium Spodumene,Industrial Grade,,,,6.2,,1.19 g/cm³,0.1,MT,490,53,5341,[],false,true,"{""Na"":""≤0.0003%"",""Mg"":""≤0.0004%"",""Ca"":""≤0.0002%"",""Fe"":""≤0.0002%""}","{""base_price"":9297,""currency"":""USD"",""unit"":""MT"",""incoterms"":""FOB""}",active,2025-06-22T05:38:30.432Z,2025-12-21T05:38:30.432Z
3d49cbd8-775d-4b52-a889-46742d180dcb,9253540c-1c21-46d1-99d1-c5c4f716d37a,Technical Grade Lithium Carbonate 99.53%,High-quality technical grade lithium carbonate for industrial applications. Reliable quality for manufacturing.,Lithium Carbonate,Technical Grade,99.53,99.53,,,,1.03 g/cm³,0.11,MT,115,84,5850,[],false,true,"{""Na"":""≤0.0008%"",""Mg"":""≤0.0001%"",""Ca"":""≤0.0006%"",""Fe"":""≤0.0003%""}","{""base_price"":7181,""currency"":""USD"",""unit"":""MT"",""incoterms"":""CIF""}",active,2024-10-21T05:38:30.432Z,2025-12-09T05:38:30.432Z
f13936cc-555e-496e-b17c-b1d611a116a1,9253540c-1c21-46d1-99d1-c5c4f716d37a,Battery Grade Other 99.0%,High-quality battery grade other for EV battery applications. Meets strict automotive specifications.,Other,Battery Grade,98.98,,,,D50: 49μm,1.3 g/cm³,0.13,MT,20,89,682,[],false,true,"{""Na"":""≤0.0009%"",""Mg"":""≤0.0001%"",""Ca"":""≤0.0014%"",""Fe"":""≤0.0004%""}","{""base_price"":950,""currency"":""USD"",""unit"":""MT"",""incoterms"":""EXW""}",active,2025-05-28T05:38:30.432Z,2025-12-25T05:38:30.432Z
3934a1fe-a723-4937-8680-36b0109bc03b,9253540c-1c21-46d1-99d1-c5c4f716d37a,Industrial Grade Lithium Carbonate 99.82%,High-quality industrial grade lithium carbonate for industrial applications. Reliable quality for manufacturing.,Lithium Carbonate,Industrial Grade,99.82,99.82,,,,1.3 g/cm³,0.12,MT,388,86,5258,[],false,true,"{""Na"":""≤0.0008%"",""Mg"":""≤0.0004%"",""Ca"":""≤0.0018%"",""Fe"":""≤0.0003%""}","{""base_price"":8898,""currency"":""USD"",""unit"":""MT"",""incoterms"":""EXW""}",active,2025-09-30T05:38:30.432Z,2025-12-09T05:38:30.432Z
4df2ebc4-e648-405c-bf79-f3de9dd76847,9253540c-1c21-46d1-99d1-c5c4f716d37a,Battery Grade Lithium Chloride 98.5%,High-quality battery grade lithium chloride for EV battery applications. Meets strict automotive specifications.,Lithium Chloride,Battery Grade,98.52,,,,D50: 17μm,0.92 g/cm³,0.01,MT,49,70,8284,[],false,true,"{""Na"":""≤0.001%"",""Mg"":""≤0.0003%"",""Ca"":""≤0.0011%"",""Fe"":""≤0.0002%""}","{""base_price"":1059,""currency"":""USD"",""unit"":""MT"",""incoterms"":""EXW""}",active,2025-08-07T05:38:30.432Z,2025-12-03T05:38:30.432Z
1ea1a38d-b49f-4e57-ab48-07a5d86b0e55,9253540c-1c21-46d1-99d1-c5c4f716d37a,Pharmaceutical Grade Lithium Chloride 99.1%,High-quality pharmaceutical grade lithium chloride for industrial applications. Reliable quality for manufacturing.,Lithium Chloride,Pharmaceutical Grade,99.12,,,,,1.24 g/cm³,0.06,MT,131,62,8756,[],false,true,"{""Na"":""≤0.0004%"",""Mg"":""≤0.0007%"",""Ca"":""≤0.0016%"",""Fe"":""≤0.0004%""}","{""base_price"":6622,""currency"":""USD"",""unit"":""MT"",""incoterms"":""CIF""}",active,2024-06-29T05:38:30.432Z,2025-12-10T05:38:30.432Z
7981086f-49f8-4c12-875b-d4512a055046,9253540c-1c21-46d1-99d1-c5c4f716d37a,Battery Grade Other 98.1%,High-quality battery grade other for EV battery applications. Meets strict automotive specifications.,Other,Battery Grade,98.07,,,,D50: 33μm,1.1 g/cm³,0.1,MT,49,85,352,[],false,true,"{""Na"":""≤0.0005%"",""Mg"":""≤0.0008%"",""Ca"":""≤0.0008%"",""Fe"":""≤0.0001%""}","{""base_price"":1091,""currency"":""USD"",""unit"":""MT"",""incoterms"":""CIF""}",active,2025-03-08T05:38:30.432Z,2025-12-29T05:38:30.432Z
c393b9e6-76e7-4d1c-996a-600fe07b4f03,9253540c-1c21-46d1-99d1-c5c4f716d37a,Pharmaceutical Grade Lithium Chloride 99.2%,High-quality pharmaceutical grade lithium chloride for industrial applications. Reliable quality for manufacturing.,Lithium Chloride,Pharmaceutical Grade,99.22,,,,,1.33 g/cm³,0.02,MT,303,53,116,[],false,true,"{""Na"":""≤0.0008%"",""Mg"":""≤0.0002%"",""Ca"":""≤0.0007%"",""Fe"":""≤0.0001%""}","{""base_price"":7439,""currency"":""USD"",""unit"":""MT"",""incoterms"":""FOB""}",active,2024-08-21T05:38:30.432Z,2025-12-12T05:38:30.432Z
e257274c-84d3-4d46-a89b-9ee1389a493f,d4507d8e-c7cb-462f-bbb7-77ad981830f8,Pharmaceutical Grade Lithium Hydroxide 99.86%,High-quality pharmaceutical grade lithium hydroxide for industrial applications. Reliable quality for manufacturing.,Lithium Hydroxide,Pharmaceutical Grade,99.86,,56.52,,,0.84 g/cm³,0.04,MT,150,66,9049,[],false,true,"{""Na"":""≤0.0004%"",""Mg"":""≤0.0009%"",""Ca"":""≤0.0011%"",""Fe"":""≤0.0002%""}","{""base_price"":5637,""currency"":""USD"",""unit"":""MT"",""incoterms"":""FOB""}",active,2024-12-29T05:38:30.432Z,2025-12-24T05:38:30.432Z
16e67ce9-dd99-4658-af80-68b0944033e7,d4507d8e-c7cb-462f-bbb7-77ad981830f8,Pharmaceutical Grade Lithium Hydroxide 99.85%,High-quality pharmaceutical grade lithium hydroxide for industrial applications. Reliable quality for manufacturing.,Lithium Hydroxide,Pharmaceutical Grade,99.85,,56.08,,,0.88 g/cm³,0.14,MT,370,56,8493,[],false,true,"{""Na"":""≤0.0002%"",""Mg"":""≤0.0006%"",""Ca"":""≤0.0012%"",""Fe"":""≤0.0004%""}","{""base_price"":8736,""currency"":""USD"",""unit"":""MT"",""incoterms"":""EXW""}",active,2025-09-17T05:38:30.432Z,2025-12-06T05:38:30.432Z
f24922d2-2200-4ef0-a58c-476efd5a78e1,d4507d8e-c7cb-462f-bbb7-77ad981830f8,Battery Grade Lithium Spodumene,High-quality battery grade lithium spodumene for EV battery applications. Meets strict automotive specifications.,Lithium Spodumene,Battery Grade,,,,6.42,D50: 55μm,0.91 g/cm³,0.03,MT,33,30,4200,[],false,true,"{""Na"":""≤0.0008%"",""Mg"":""≤0.0003%"",""Ca"":""≤0.0017%"",""Fe"":""≤0.0003%""}","{""base_price"":858,""currency"":""USD"",""unit"":""MT"",""incoterms"":""CIF""}",active,2025-06-20T05:38:30.432Z,2025-12-23T05:38:30.432Z
281dece1-4a80-4180-a46c-34028ab2c39c,d4507d8e-c7cb-462f-bbb7-77ad981830f8,Battery Grade Recycled Lithium 98.8%,High-quality battery grade recycled lithium for EV battery applications. Meets strict automotive specifications.,Recycled Lithium,Battery Grade,98.8,,,,D50: 24μm,1.34 g/cm³,0.03,MT,10,84,3606,[],false,true,"{""Na"":""≤0.0002%"",""Mg"":""≤0.0003%"",""Ca"":""≤0.0006%"",""Fe"":""≤0.0004%""}","{""base_price"":860,""currency"":""USD"",""unit"":""MT"",""incoterms"":""EXW""}",active,2025-02-07T05:38:30.432Z,2025-12-08T05:38:30.432Z
80e476ec-23ee-47f6-ab38-30cab4a3344a,d4507d8e-c7cb-462f-bbb7-77ad981830f8,Technical Grade Lithium Hydroxide 99.55%,High-quality technical grade lithium hydroxide for industrial applications. Reliable quality for manufacturing.,Lithium Hydroxide,Technical Grade,99.55,,56.52,,,1.12 g/cm³,0.05,MT,238,40,4001,[],false,true,"{""Na"":""≤0.0006%"",""Mg"":""≤0.0003%"",""Ca"":""≤0.0007%"",""Fe"":""≤0.0002%""}","{""base_price"":6191,""currency"":""USD"",""unit"":""MT"",""incoterms"":""EXW""}",active,2025-04-13T05:38:30.432Z,2025-12-31T05:38:30.432Z
ce43b4fa-eae0-4694-98d3-95dd6264f097,d4507d8e-c7cb-462f-bbb7-77ad981830f8,Pharmaceutical Grade Lithium Chloride 98.1%,High-quality pharmaceutical grade lithium chloride for industrial applications. Reliable quality for manufacturing.,Lithium Chloride,Pharmaceutical Grade,98.11,,,,,1.31 g/cm³,0.09,MT,382,75,4932,[],false,true,"{""Na"":""≤0.0004%"",""Mg"":""≤0.0009%"",""Ca"":""≤0.002%"",""Fe"":""≤0.0002%""}","{""base_price"":6368,""currency"":""USD"",""unit"":""MT"",""incoterms"":""FOB""}",active,2025-08-08T05:38:30.432Z,2025-12-09T05:38:30.432Z
1eb956fe-36ec-4021-bb72-f9980bb8c478,d4507d8e-c7cb-462f-bbb7-77ad981830f8,Battery Grade Lithium Carbonate 99.5%,High-quality battery grade lithium carbonate for EV battery applications. Meets strict automotive specifications.,Lithium Carbonate,Battery Grade,99.46,99.46,,,D50: 13μm,0.86 g/cm³,0.05,MT,10,85,7187,[],false,true,"{""Na"":""≤0.0008%"",""Mg"":""≤0.0007%"",""Ca"":""≤0.0009%"",""Fe"":""≤0.0005%""}","{""base_price"":12963,""currency"":""USD"",""unit"":""MT"",""incoterms"":""CIF""}",active,2024-03-07T05:38:30.432Z,2025-12-17T05:38:30.432Z
283cef12-4fba-46c4-bfca-046e31c654d7,d4507d8e-c7cb-462f-bbb7-77ad981830f8,Pharmaceutical Grade Recycled Lithium 98.6%,High-quality pharmaceutical grade recycled lithium for industrial applications. Reliable quality for manufacturing.,Recycled Lithium,Pharmaceutical Grade,98.57,,,,,0.84 g/cm³,0.07,MT,165,48,4249,[],false,true,"{""Na"":""≤0.0002%"",""Mg"":""≤0.0005%"",""Ca"":""≤0.0006%"",""Fe"":""≤0.0003%""}","{""base_price"":6889,""currency"":""USD"",""unit"":""MT"",""incoterms"":""CIF""}",active,2024-10-21T05:38:30.432Z,2025-12-09T05:38:30.432Z
69e63c50-6244-417b-a5b9-9986f77a7f6b,e87d343f-6e94-43b8-adde-6dc72f0bd7a1,Industrial Grade Lithium Spodumene,High-quality industrial grade lithium spodumene for industrial applications. Reliable quality for manufacturing.,Lithium Spodumene,Industrial Grade,,,,6.85,,0.87 g/cm³,0.15,MT,330,69,3021,[],false,true,"{""Na"":""≤0.0007%"",""Mg"":""≤0.0004%"",""Ca"":""≤0.0006%"",""Fe"":""≤0.0002%""}","{""base_price"":9217,""currency"":""USD"",""unit"":""MT"",""incoterms"":""EXW""}",active,2025-07-23T05:38:30.432Z,2025-12-17T05:38:30.432Z
1479b843-dd3f-400e-b073-968d01307883,e87d343f-6e94-43b8-adde-6dc72f0bd7a1,Pharmaceutical Grade Other 99.3%,High-quality pharmaceutical grade other for industrial applications. Reliable quality for manufacturing.,Other,Pharmaceutical Grade,99.35,,,,,0.92 g/cm³,0.12,MT,196,73,7028,[],false,true,"{""Na"":""≤0.0006%"",""Mg"":""≤0.0002%"",""Ca"":""≤0.001%"",""Fe"":""≤0.0005%""}","{""base_price"":7396,""currency"":""USD"",""unit"":""MT"",""incoterms"":""CIF""}",active,2025-02-04T05:38:30.432Z,2025-12-24T05:38:30.432Z
f3331314-32e4-42df-b46d-9d11365fdeb9,e87d343f-6e94-43b8-adde-6dc72f0bd7a1,Battery Grade Lithium Carbonate 99.72%,High-quality battery grade lithium carbonate for EV battery applications. Meets strict automotive specifications.,Lithium Carbonate,Battery Grade,99.72,99.72,,,D50: 56μm,0.92 g/cm³,0.02,MT,46,89,5957,[],false,true,"{""Na"":""≤0.0005%"",""Mg"":""≤0.0003%"",""Ca"":""≤0.0008%"",""Fe"":""≤0.0003%""}","{""base_price"":14311,""currency"":""USD"",""unit"":""MT"",""incoterms"":""CIF""}",active,2025-08-20T05:38:30.432Z,2025-12-18T05:38:30.432Z
898ba664-63e1-4cd6-a26e-7579909f1d03,e87d343f-6e94-43b8-adde-6dc72f0bd7a1,Pharmaceutical Grade Lithium Spodumene,High-quality pharmaceutical grade lithium spodumene for industrial applications. Reliable quality for manufacturing.,Lithium Spodumene,Pharmaceutical Grade,,,,6.05,,1.33 g/cm³,0.03,MT,261,87,9528,[],false,true,"{""Na"":""≤0.0007%"",""Mg"":""≤0.0003%"",""Ca"":""≤0.0017%"",""Fe"":""≤0.0003%""}","{""base_price"":5578,""currency"":""USD"",""unit"":""MT"",""incoterms"":""FOB""}",active,2025-05-29T05:38:30.432Z,2026-01-02T05:38:30.432Z
1855e674-f988-4297-8266-47951c4ff1e2,e87d343f-6e94-43b8-adde-6dc72f0bd7a1,Battery Grade Lithium Carbonate 99.52%,High-quality battery grade lithium carbonate for EV battery applications. Meets strict automotive specifications.,Lithium Carbonate,Battery Grade,99.52,99.52,,,D50: 37μm,1.21 g/cm³,0.1,MT,44,30,3166,[],false,true,"{""Na"":""≤0.0002%"",""Mg"":""≤0.0004%"",""Ca"":""≤0.0007%"",""Fe"":""≤0.0004%""}","{""base_price"":13306,""currency"":""USD"",""unit"":""MT"",""incoterms"":""EXW""}",active,2025-08-31T05:38:30.432Z,2025-12-30T05:38:30.432Z
3484ae60-1f33-4fab-8c0d-2d139cc23ec2,e87d343f-6e94-43b8-adde-6dc72f0bd7a1,Industrial Grade Lithium Chloride 98.3%,High-quality industrial grade lithium chloride for industrial applications. Reliable quality for manufacturing.,Lithium Chloride,Industrial Grade,98.28,,,,,1.04 g/cm³,0.1,MT,369,78,5278,[],false,true,"{""Na"":""≤0.0003%"",""Mg"":""≤0.0003%"",""Ca"":""≤0.0008%"",""Fe"":""≤0.0005%""}","{""base_price"":7456,""currency"":""USD"",""unit"":""MT"",""incoterms"":""FOB""}",active,2024-10-10T05:38:30.432Z,2025-12-08T05:38:30.432Z
d10664ac-c89f-42cf-9272-1f4e8d036ca6,e87d343f-6e94-43b8-adde-6dc72f0bd7a1,Battery Grade Lithium Spodumene,High-quality battery grade lithium spodumene for EV battery applications. Meets strict automotive specifications.,Lithium Spodumene,Battery Grade,,,,6.98,D50: 28μm,1.4 g/cm³,0.07,MT,35,33,1541,[],false,true,"{""Na"":""≤0.0001%"",""Mg"":""≤0.0007%"",""Ca"":""≤0.0001%"",""Fe"":""≤0.0003%""}","{""base_price"":1022,""currency"":""USD"",""unit"":""MT"",""incoterms"":""EXW""}",active,2024-10-09T05:38:30.432Z,2025-12-20T05:38:30.432Z
af4f61c4-ca7d-4fa3-a0da-c75c7ac6cbc4,e87d343f-6e94-43b8-adde-6dc72f0bd7a1,Technical Grade Lithium Spodumene,High-quality technical grade lithium spodumene for industrial applications. Reliable quality for manufacturing.,Lithium Spodumene,Technical Grade,,,,5.98,,1.07 g/cm³,0.09,MT,78,57,4828,[],false,true,"{""Na"":""≤0.0004%"",""Mg"":""≤0.0009%"",""Ca"":""≤0.0004%"",""Fe"":""≤0.0002%""}","{""base_price"":8184,""currency"":""USD"",""unit"":""MT"",""incoterms"":""EXW""}",active,2024-03-15T05:38:30.432Z,2025-12-23T05:38:30.432Z
5f83dabc-8fd0-4e5f-a9e9-623841ef2278,e87d343f-6e94-43b8-adde-6dc72f0bd7a1,Industrial Grade Other 98.5%,High-quality industrial grade other for industrial applications. Reliable quality for manufacturing.,Other,Industrial Grade,98.49,,,,,0.89 g/cm³,0.13,MT,305,55,2646,[],false,true,"{""Na"":""≤0.0006%"",""Mg"":""≤0.0008%"",""Ca"":""≤0.0012%"",""Fe"":""≤0.0002%""}","{""base_price"":5219,""currency"":""USD"",""unit"":""MT"",""incoterms"":""CIF""}",active,2024-04-09T05:38:30.432Z,2025-12-05T05:38:30.432Z
e7fead43-4543-4408-bc8e-889b7e9938c5,e87d343f-6e94-43b8-adde-6dc72f0bd7a1,Pharmaceutical Grade Lithium Carbonate 99.4%,High-quality pharmaceutical grade lithium carbonate for industrial applications. Reliable quality for manufacturing.,Lithium Carbonate,Pharmaceutical Grade,99.44,99.44,,,,0.97 g/cm³,0.08,MT,276,67,3412,[],false,true,"{""Na"":""≤0.0001%"",""Mg"":""≤0.0008%"",""Ca"":""≤0.0014%"",""Fe"":""≤0.0001%""}","{""base_price"":7785,""currency"":""USD"",""unit"":""MT"",""incoterms"":""EXW""}",active,2025-01-20T05:38:30.432Z,2025-12-23T05:38:30.432Z
89d2fa27-014d-4bd0-b9a8-4f5615184816,e87d343f-6e94-43b8-adde-6dc72f0bd7a1,Pharmaceutical Grade Lithium Carbonate 99.89%,High-quality pharmaceutical grade lithium carbonate for industrial applications. Reliable quality for manufacturing.,Lithium Carbonate,Pharmaceutical Grade,99.89,99.89,,,,1.02 g/cm³,0.12,MT,476,86,6099,[],false,true,"{""Na"":""≤0.0003%"",""Mg"":""≤0.0004%"",""Ca"":""≤0.0011%"",""Fe"":""≤0.0002%""}","{""base_price"":9231,""currency"":""USD"",""unit"":""MT"",""incoterms"":""EXW""}",active,2025-07-18T05:38:30.432Z,2025-12-29T05:38:30.432Z
b49d2d9c-20d6-4cc3-bf8d-a75c040a7f16,e87d343f-6e94-43b8-adde-6dc72f0bd7a1,Pharmaceutical Grade Other 99.3%,High-quality pharmaceutical grade other for industrial applications. Reliable quality for manufacturing.,Other,Pharmaceutical Grade,99.3,,,,,1.39 g/cm³,0.12,MT,364,74,1868,[],false,true,"{""Na"":""≤0.0005%"",""Mg"":""≤0.0006%"",""Ca"":""≤0.0009%"",""Fe"":""≤0.0003%""}","{""base_price"":7240,""currency"":""USD"",""unit"":""MT"",""incoterms"":""EXW""}",active,2024-04-07T05:38:30.432Z,2025-12-18T05:38:30.432Z
ffc94d68-3202-43ed-9a55-e720204c3278,e87d343f-6e94-43b8-adde-6dc72f0bd7a1,Industrial Grade Recycled Lithium 98.8%,High-quality industrial grade recycled lithium for industrial applications. Reliable quality for manufacturing.,Recycled Lithium,Industrial Grade,98.82,,,,,1.34 g/cm³,0.04,MT,395,36,7768,[],false,true,"{""Na"":""≤0.0008%"",""Mg"":""≤0.0005%"",""Ca"":""≤0.002%"",""Fe"":""≤0.0003%""}","{""base_price"":8774,""currency"":""USD"",""unit"":""MT"",""incoterms"":""EXW""}",active,2024-03-05T05:38:30.432Z,2025-12-15T05:38:30.432Z
a9498da5-48dc-46f1-85cc-49eb6db8c1c2,2fdb218f-c48f-4de7-ad02-fd395117beb6,Battery Grade Lithium Hydroxide 99.73%,High-quality battery grade lithium hydroxide for EV battery applications. Meets strict automotive specifications.,Lithium Hydroxide,Battery Grade,99.73,,56.13,,D50: 30μm,1.07 g/cm³,0.08,MT,13,71,2989,[],false,true,"{""Na"":""≤0.0002%"",""Mg"":""≤0.0009%"",""Ca"":""≤0.0004%"",""Fe"":""≤0.0001%""}","{""base_price"":15901,""currency"":""USD"",""unit"":""MT"",""incoterms"":""CIF""}",active,2025-10-14T05:38:30.432Z,2025-12-21T05:38:30.432Z
673be6ec-11d4-47ed-a213-09a72033101a,2fdb218f-c48f-4de7-ad02-fd395117beb6,Technical Grade Lithium Hydroxide 99.56%,High-quality technical grade lithium hydroxide for industrial applications. Reliable quality for manufacturing.,Lithium Hydroxide,Technical Grade,99.56,,56.23,,,1.4 g/cm³,0.09,MT,255,84,2957,[],false,true,"{""Na"":""≤0.0002%"",""Mg"":""≤0.0008%"",""Ca"":""≤0.0018%"",""Fe"":""≤0.0002%""}","{""base_price"":8121,""currency"":""USD"",""unit"":""MT"",""incoterms"":""FOB""}",active,2025-05-19T05:38:30.432Z,2025-12-27T05:38:30.432Z
b5687ca1-a8d8-4cc1-928d-2700c28f2ac7,2fdb218f-c48f-4de7-ad02-fd395117beb6,Pharmaceutical Grade Recycled Lithium 98.2%,High-quality pharmaceutical grade recycled lithium for industrial applications. Reliable quality for manufacturing.,Recycled Lithium,Pharmaceutical Grade,98.18,,,,,1.09 g/cm³,0.1,MT,440,33,3946,[],false,true,"{""Na"":""≤0.0001%"",""Mg"":""≤0.0001%"",""Ca"":""≤0.0018%"",""Fe"":""≤0.0002%""}","{""base_price"":8591,""currency"":""USD"",""unit"":""MT"",""incoterms"":""FOB""}",active,2024-05-10T05:38:30.432Z,2025-12-14T05:38:30.432Z
21213528-1088-4eba-b3f1-9b543604e440,2fdb218f-c48f-4de7-ad02-fd395117beb6,Pharmaceutical Grade Lithium Carbonate 99.55%,High-quality pharmaceutical grade lithium carbonate for industrial applications. Reliable quality for manufacturing.,Lithium Carbonate,Pharmaceutical Grade,99.55,99.55,,,,1.05 g/cm³,0.12,MT,236,58,799,[],false,true,"{""Na"":""≤0.0004%"",""Mg"":""≤0.0003%"",""Ca"":""≤0.0004%"",""Fe"":""≤0.0002%""}","{""base_price"":7956,""currency"":""USD"",""unit"":""MT"",""incoterms"":""CIF""}",active,2024-09-10T05:38:30.432Z,2025-12-23T05:38:30.432Z
b7052cf5-eb2e-465f-9a72-12d13a8a1c43,2fdb218f-c48f-4de7-ad02-fd395117beb6,Pharmaceutical Grade Lithium Spodumene,High-quality pharmaceutical grade lithium spodumene for industrial applications. Reliable quality for manufacturing.,Lithium Spodumene,Pharmaceutical Grade,,,,5.74,,1.18 g/cm³,0.06,MT,158,68,3968,[],false,true,"{""Na"":""≤0.0008%"",""Mg"":""≤0.0003%"",""Ca"":""≤0.0008%"",""Fe"":""≤0.0002%""}","{""base_price"":7661,""currency"":""USD"",""unit"":""MT"",""incoterms"":""CIF""}",active,2024-12-29T05:38:30.432Z,2025-12-29T05:38:30.432Z
3e1aaee6-18fd-42a2-815e-4eae67df17cb,2fdb218f-c48f-4de7-ad02-fd395117beb6,Battery Grade Recycled Lithium 99.3%,High-quality battery grade recycled lithium for EV battery applications. Meets strict automotive specifications.,Recycled Lithium,Battery Grade,99.28,,,,D50: 36μm,1.04 g/cm³,0.05,MT,33,88,224,[],false,true,"{""Na"":""≤0.0009%"",""Mg"":""≤0.0003%"",""Ca"":""≤0.001%"",""Fe"":""≤0.0005%""}","{""base_price"":1012,""currency"":""USD"",""unit"":""MT"",""incoterms"":""FOB""}",active,2024-04-20T05:38:30.432Z,2025-12-16T05:38:30.432Z
afeccf1b-020d-48e4-9d8a-5ab654e20e00,2fdb218f-c48f-4de7-ad02-fd395117beb6,Industrial Grade Lithium Chloride 98.4%,High-quality industrial grade lithium chloride for industrial applications. Reliable quality for manufacturing.,Lithium Chloride,Industrial Grade,98.42,,,,,1.21 g/cm³,0.06,MT,138,54,6244,[],false,true,"{""Na"":""≤0.0008%"",""Mg"":""≤0.0009%"",""Ca"":""≤0.0007%"",""Fe"":""≤0.0002%""}","{""base_price"":6691,""currency"":""USD"",""unit"":""MT"",""incoterms"":""EXW""}",active,2024-03-07T05:38:30.432Z,2025-12-06T05:38:30.432Z
e00012ec-7a2c-48dc-a5ea-b86db55be2d9,ea2c37c7-46e8-47c7-8577-70d863154c38,Battery Grade Lithium Hydroxide 99.76%,High-quality battery grade lithium hydroxide for EV battery applications. Meets strict automotive specifications.,Lithium Hydroxide,Battery Grade,99.76,,56.12,,D50: 24μm,0.89 g/cm³,0.11,MT,32,52,2322,[],false,true,"{""Na"":""≤0.0005%"",""Mg"":""≤0.0008%"",""Ca"":""≤0.0016%"",""Fe"":""≤0.0005%""}","{""base_price"":15785,""currency"":""USD"",""unit"":""MT"",""incoterms"":""CIF""}",active,2025-03-05T05:38:30.432Z,2025-12-31T05:38:30.432Z
be83957d-cd13-4d60-b391-4b90bbb5fa9b,ea2c37c7-46e8-47c7-8577-70d863154c38,Pharmaceutical Grade Other 99.2%,High-quality pharmaceutical grade other for industrial applications. Reliable quality for manufacturing.,Other,Pharmaceutical Grade,99.24,,,,,1.01 g/cm³,0.03,MT,441,31,9311,[],false,true,"{""Na"":""≤0.0003%"",""Mg"":""≤0.0003%"",""Ca"":""≤0.0013%"",""Fe"":""≤0.0004%""}","{""base_price"":6744,""currency"":""USD"",""unit"":""MT"",""incoterms"":""EXW""}",active,2025-06-17T05:38:30.432Z,2025-12-25T05:38:30.432Z
e7292c8a-f99d-4ca9-bbc3-61760b40caa8,ea2c37c7-46e8-47c7-8577-70d863154c38,Technical Grade Recycled Lithium 99.2%,High-quality technical grade recycled lithium for industrial applications. Reliable quality for manufacturing.,Recycled Lithium,Technical Grade,99.15,,,,,0.9 g/cm³,0.13,MT,293,79,5248,[],false,true,"{""Na"":""≤0.0004%"",""Mg"":""≤0.0006%"",""Ca"":""≤0.0018%"",""Fe"":""≤0.0003%""}","{""base_price"":9947,""currency"":""USD"",""unit"":""MT"",""incoterms"":""FOB""}",active,2025-10-25T05:38:30.432Z,2025-12-03T05:38:30.432Z
eb9fce26-ad77-4bbf-8107-27007c5003ff,ea2c37c7-46e8-47c7-8577-70d863154c38,Battery Grade Other 98.3%,High-quality battery grade other for EV battery applications. Meets strict automotive specifications.,Other,Battery Grade,98.25,,,,D50: 38μm,1.28 g/cm³,0.04,MT,25,84,3927,[],false,true,"{""Na"":""≤0.0008%"",""Mg"":""≤0.0006%"",""Ca"":""≤0.0009%"",""Fe"":""≤0.0004%""}","{""base_price"":1155,""currency"":""USD"",""unit"":""MT"",""incoterms"":""FOB""}",active,2025-11-05T05:38:30.432Z,2025-12-08T05:38:30.432Z
16772f2d-93f6-42e4-9b3d-6fe381dd229d,ea2c37c7-46e8-47c7-8577-70d863154c38,Technical Grade Other 98.5%,High-quality technical grade other for industrial applications. Reliable quality for manufacturing.,Other,Technical Grade,98.53,,,,,0.88 g/cm³,0.1,MT,342,69,5820,[],false,true,"{""Na"":""≤0.0001%"",""Mg"":""≤0.0008%"",""Ca"":""≤0.0013%"",""Fe"":""≤0.0003%""}","{""base_price"":9377,""currency"":""USD"",""unit"":""MT"",""incoterms"":""CIF""}",active,2025-01-03T05:38:30.432Z,2025-12-22T05:38:30.432Z
4171494a-ed16-46c9-9338-35ce686bc30f,ea2c37c7-46e8-47c7-8577-70d863154c38,Technical Grade Recycled Lithium 98.9%,High-quality technical grade recycled lithium for industrial applications. Reliable quality for manufacturing.,Recycled Lithium,Technical Grade,98.88,,,,,1.2 g/cm³,0.09,MT,323,37,6803,[],false,true,"{""Na"":""≤0.0008%"",""Mg"":""≤0.0002%"",""Ca"":""≤0.0019%"",""Fe"":""≤0.0004%""}","{""base_price"":9530,""currency"":""USD"",""unit"":""MT"",""incoterms"":""FOB""}",active,2025-05-05T05:38:30.432Z,2026-01-01T05:38:30.432Z
7878c981-61d3-4167-a637-6c31c73601ef,ea2c37c7-46e8-47c7-8577-70d863154c38,Pharmaceutical Grade Lithium Spodumene,High-quality pharmaceutical grade lithium spodumene for industrial applications. Reliable quality for manufacturing.,Lithium Spodumene,Pharmaceutical Grade,,,,6.71,,1.05 g/cm³,0.1,MT,313,47,277,[],false,true,"{""Na"":""≤0.0005%"",""Mg"":""≤0.0007%"",""Ca"":""≤0.0015%"",""Fe"":""≤0.0005%""}","{""base_price"":5865,""currency"":""USD"",""unit"":""MT"",""incoterms"":""FOB""}",active,2024-12-29T05:38:30.432Z,2025-12-24T05:38:30.432Z
527b0dab-ffa3-42d9-b380-6284933604ec,ea2c37c7-46e8-47c7-8577-70d863154c38,Battery Grade Recycled Lithium 99.3%,High-quality battery grade recycled lithium for EV battery applications. Meets strict automotive specifications.,Recycled Lithium,Battery Grade,99.26,,,,D50: 55μm,1.22 g/cm³,0.12,MT,40,66,3233,[],false,true,"{""Na"":""≤0.0006%"",""Mg"":""≤0.0006%"",""Ca"":""≤0.0002%"",""Fe"":""≤0.0002%""}","{""base_price"":1142,""currency"":""USD"",""unit"":""MT"",""incoterms"":""EXW""}",active,2024-06-09T05:38:30.432Z,2025-12-05T05:38:30.432Z
c436ba7b-e40e-473b-81a8-b083a925b1a1,ea2c37c7-46e8-47c7-8577-70d863154c38,Industrial Grade Lithium Carbonate 99.4%,High-quality industrial grade lithium carbonate for industrial applications. Reliable quality for manufacturing.,Lithium Carbonate,Industrial Grade,99.39,99.39,,,,0.88 g/cm³,0.13,MT,230,72,440,[],false,true,"{""Na"":""≤0.0007%"",""Mg"":""≤0.0009%"",""Ca"":""≤0.0018%"",""Fe"":""≤0.0004%""}","{""base_price"":8302,""currency"":""USD"",""unit"":""MT"",""incoterms"":""EXW""}",active,2025-02-12T05:38:30.432Z,2025-12-13T05:38:30.432Z
6bd3add1-d7bf-4ba7-a6fa-8d03c061fe7a,ea2c37c7-46e8-47c7-8577-70d863154c38,Battery Grade Lithium Carbonate 99.5%,High-quality battery grade lithium carbonate for EV battery applications. Meets strict automotive specifications.,Lithium Carbonate,Battery Grade,99.49,99.49,,,D50: 53μm,1.34 g/cm³,0.12,MT,16,79,2113,[],false,true,"{""Na"":""≤0.0009%"",""Mg"":""≤0.0004%"",""Ca"":""≤0.0008%"",""Fe"":""≤0.0002%""}","{""base_price"":11541,""currency"":""USD"",""unit"":""MT"",""incoterms"":""CIF""}",active,2024-07-11T05:38:30.432Z,2025-12-20T05:38:30.432Z
3f2a382c-cd3c-430e-b806-fe8974c718df,ea2c37c7-46e8-47c7-8577-70d863154c38,Industrial Grade Lithium Carbonate 99.85%,High-quality industrial grade lithium carbonate for industrial applications. Reliable quality for manufacturing.,Lithium Carbonate,Industrial Grade,99.85,99.85,,,,0.87 g/cm³,0.01,MT,343,52,5173,[],false,true,"{""Na"":""≤0.0005%"",""Mg"":""≤0.0002%"",""Ca"":""≤0.0009%"",""Fe"":""≤0.0003%""}","{""base_price"":9663,""currency"":""USD"",""unit"":""MT"",""incoterms"":""CIF""}",active,2024-12-19T05:38:30.432Z,2026-01-01T05:38:30.432Z
4b589cc6-beda-408b-b186-9f1b93c7e434,5c014bcc-0c8e-4aa6-913b-023d35351c70,Technical Grade Other 98.6%,High-quality technical grade other for industrial applications. Reliable quality for manufacturing.,Other,Technical Grade,98.63,,,,,0.83 g/cm³,0.01,MT,231,65,7108,[],false,true,"{""Na"":""≤0.0004%"",""Mg"":""≤0.0007%"",""Ca"":""≤0.0001%"",""Fe"":""≤0.0003%""}","{""base_price"":7048,""currency"":""USD"",""unit"":""MT"",""incoterms"":""EXW""}",active,2024-05-27T05:38:30.432Z,2025-12-29T05:38:30.432Z
047393a1-60d2-4ace-b9c9-975a3d088b4e,5c014bcc-0c8e-4aa6-913b-023d35351c70,Industrial Grade Lithium Spodumene,High-quality industrial grade lithium spodumene for industrial applications. Reliable quality for manufacturing.,Lithium Spodumene,Industrial Grade,,,,6.34,,0.91 g/cm³,0.03,MT,271,47,4328,[],false,true,"{""Na"":""≤0.0005%"",""Mg"":""≤0.0005%"",""Ca"":""≤0.001%"",""Fe"":""≤0.0004%""}","{""base_price"":8429,""currency"":""USD"",""unit"":""MT"",""incoterms"":""CIF""}",active,2025-01-30T05:38:30.432Z,2025-12-29T05:38:30.432Z
e314d1e0-052a-4cb0-b5e0-1d5dea46fda7,5c014bcc-0c8e-4aa6-913b-023d35351c70,Industrial Grade Recycled Lithium 98.0%,High-quality industrial grade recycled lithium for industrial applications. Reliable quality for manufacturing.,Recycled Lithium,Industrial Grade,98.03,,,,,0.9 g/cm³,0.13,MT,389,38,2305,[],false,true,"{""Na"":""≤0.0009%"",""Mg"":""≤0.0009%"",""Ca"":""≤0.0015%"",""Fe"":""≤0.0003%""}","{""base_price"":8905,""currency"":""USD"",""unit"":""MT"",""incoterms"":""EXW""}",active,2025-01-30T05:38:30.432Z,2026-01-01T05:38:30.432Z
8351b76f-b2a6-42b8-a2e6-65fea8bfe06d,5c014bcc-0c8e-4aa6-913b-023d35351c70,Battery Grade Lithium Spodumene,High-quality battery grade lithium spodumene for EV battery applications. Meets strict automotive specifications.,Lithium Spodumene,Battery Grade,,,,5.62,D50: 13μm,0.98 g/cm³,0.05,MT,33,67,9122,[],false,true,"{""Na"":""≤0.0009%"",""Mg"":""≤0.0005%"",""Ca"":""≤0.0015%"",""Fe"":""≤0.0001%""}","{""base_price"":945,""currency"":""USD"",""unit"":""MT"",""incoterms"":""FOB""}",active,2025-07-18T05:38:30.432Z,2025-12-04T05:38:30.432Z
45b615f2-4e5f-4661-b979-afe58ebf9f77,5c014bcc-0c8e-4aa6-913b-023d35351c70,Technical Grade Recycled Lithium 98.6%,High-quality technical grade recycled lithium for industrial applications. Reliable quality for manufacturing.,Recycled Lithium,Technical Grade,98.6,,,,,0.91 g/cm³,0.09,MT,462,85,7897,[],false,true,"{""Na"":""≤0.0006%"",""Mg"":""≤0.0008%"",""Ca"":""≤0.0002%"",""Fe"":""≤0.0002%""}","{""base_price"":5798,""currency"":""USD"",""unit"":""MT"",""incoterms"":""FOB""}",active,2025-03-27T05:38:30.432Z,2025-12-30T05:38:30.432Z
4dd53f64-e62e-47f8-b8bc-654b15505be0,5c014bcc-0c8e-4aa6-913b-023d35351c70,Technical Grade Lithium Hydroxide 99.71%,High-quality technical grade lithium hydroxide for industrial applications. Reliable quality for manufacturing.,Lithium Hydroxide,Technical Grade,99.71,,56.67,,,1 g/cm³,0.06,MT,446,67,9543,[],false,true,"{""Na"":""≤0.0003%"",""Mg"":""≤0.001%"",""Ca"":""≤0.002%"",""Fe"":""≤0.0004%""}","{""base_price"":9763,""currency"":""USD"",""unit"":""MT"",""incoterms"":""EXW""}",active,2024-02-08T05:38:30.432Z,2025-12-26T05:38:30.432Z
f2f5f93e-17f8-4e78-abad-03c2a74126a7,5c014bcc-0c8e-4aa6-913b-023d35351c70,Pharmaceutical Grade Lithium Spodumene,High-quality pharmaceutical grade lithium spodumene for industrial applications. Reliable quality for manufacturing.,Lithium Spodumene,Pharmaceutical Grade,,,,6.57,,0.84 g/cm³,0.11,MT,190,31,111,[],false,true,"{""Na"":""≤0.0006%"",""Mg"":""≤0.0008%"",""Ca"":""≤0.0018%"",""Fe"":""≤0.0003%""}","{""base_price"":9411,""currency"":""USD"",""unit"":""MT"",""incoterms"":""CIF""}",active,2025-08-22T05:38:30.432Z,2025-12-20T05:38:30.432Z
23478570-31c2-4ebd-8029-f7d086816e55,5c014bcc-0c8e-4aa6-913b-023d35351c70,Pharmaceutical Grade Lithium Carbonate 99.88%,High-quality pharmaceutical grade lithium carbonate for industrial applications. Reliable quality for manufacturing.,Lithium Carbonate,Pharmaceutical Grade,99.88,99.88,,,,1.36 g/cm³,0.11,MT,453,69,7232,[],false,true,"{""Na"":""≤0.001%"",""Mg"":""≤0.0009%"",""Ca"":""≤0.0011%"",""Fe"":""≤0.0003%""}","{""base_price"":8567,""currency"":""USD"",""unit"":""MT"",""incoterms"":""FOB""}",active,2024-09-22T05:38:30.432Z,2025-12-29T05:38:30.432Z
030a5ad4-b4f8-4af1-9160-d15050614867,5c014bcc-0c8e-4aa6-913b-023d35351c70,Pharmaceutical Grade Lithium Hydroxide 99.82%,High-quality pharmaceutical grade lithium hydroxide for industrial applications. Reliable quality for manufacturing.,Lithium Hydroxide,Pharmaceutical Grade,99.82,,56.1,,,1.13 g/cm³,0.11,MT,172,32,8139,[],false,true,"{""Na"":""≤0.0006%"",""Mg"":""≤0.0009%"",""Ca"":""≤0.0017%"",""Fe"":""≤0.0003%""}","{""base_price"":9793,""currency"":""USD"",""unit"":""MT"",""incoterms"":""EXW""}",active,2025-10-04T05:38:30.432Z,2025-12-20T05:38:30.432Z
66cb8e79-795d-4af9-b3a2-76d33990ed83,c0124f38-aa90-4f77-a4d2-4ffebd19ff19,Pharmaceutical Grade Recycled Lithium 99.2%,High-quality pharmaceutical grade recycled lithium for industrial applications. Reliable quality for manufacturing.,Recycled Lithium,Pharmaceutical Grade,99.2,,,,,1.28 g/cm³,0.06,MT,245,64,8108,[],false,true,"{""Na"":""≤0.0008%"",""Mg"":""≤0.0002%"",""Ca"":""≤0.0017%"",""Fe"":""≤0.0003%""}","{""base_price"":8601,""currency"":""USD"",""unit"":""MT"",""incoterms"":""EXW""}",active,2024-11-07T05:38:30.432Z,2025-12-09T05:38:30.432Z
0aef6572-6cb2-4ac6-9ef2-9756261635fc,c0124f38-aa90-4f77-a4d2-4ffebd19ff19,Battery Grade Recycled Lithium 98.2%,High-quality battery grade recycled lithium for EV battery applications. Meets strict automotive specifications.,Recycled Lithium,Battery Grade,98.22,,,,D50: 35μm,0.98 g/cm³,0.12,MT,32,68,5520,[],false,true,"{""Na"":""≤0.0006%"",""Mg"":""≤0.0009%"",""Ca"":""≤0.0011%"",""Fe"":""≤0.0003%""}","{""base_price"":1012,""currency"":""USD"",""unit"":""MT"",""incoterms"":""EXW""}",active,2024-07-19T05:38:30.432Z,2025-12-29T05:38:30.432Z
5fb68a69-aba4-4381-af4f-076ea3b18d30,c0124f38-aa90-4f77-a4d2-4ffebd19ff19,Technical Grade Lithium Carbonate 99.87%,High-quality technical grade lithium carbonate for industrial applications. Reliable quality for manufacturing.,Lithium Carbonate,Technical Grade,99.87,99.87,,,,1.02 g/cm³,0.06,MT,139,82,2173,[],false,true,"{""Na"":""≤0.0002%"",""Mg"":""≤0.0002%"",""Ca"":""≤0.0017%"",""Fe"":""≤0.0001%""}","{""base_price"":8336,""currency"":""USD"",""unit"":""MT"",""incoterms"":""FOB""}",active,2024-01-21T05:38:30.432Z,2025-12-14T05:38:30.432Z
268026b9-fea1-46fe-975d-881fa47bd597,c0124f38-aa90-4f77-a4d2-4ffebd19ff19,Battery Grade Lithium Chloride 99.0%,High-quality battery grade lithium chloride for EV battery applications. Meets strict automotive specifications.,Lithium Chloride,Battery Grade,98.98,,,,D50: 29μm,1.34 g/cm³,0.06,MT,33,38,2721,[],false,true,"{""Na"":""≤0.0003%"",""Mg"":""≤0.0009%"",""Ca"":""≤0.0015%"",""Fe"":""≤0.0002%""}","{""base_price"":915,""currency"":""USD"",""unit"":""MT"",""incoterms"":""EXW""}",active,2025-11-04T05:38:30.432Z,2025-12-31T05:38:30.432Z
0341327e-a1b2-4e1b-8b8c-a9defa1bf3a3,c0124f38-aa90-4f77-a4d2-4ffebd19ff19,Technical Grade Other 99.1%,High-quality technical grade other for industrial applications. Reliable quality for manufacturing.,Other,Technical Grade,99.14,,,,,1.02 g/cm³,0.06,MT,373,37,1078,[],false,true,"{""Na"":""≤0.001%"",""Mg"":""≤0.0007%"",""Ca"":""≤0.0014%"",""Fe"":""≤0.0003%""}","{""base_price"":9743,""currency"":""USD"",""unit"":""MT"",""incoterms"":""FOB""}",active,2025-05-01T05:38:30.432Z,2025-12-20T05:38:30.432Z
2a1c2281-39ef-4019-9bf2-73537b280d6f,c0124f38-aa90-4f77-a4d2-4ffebd19ff19,Pharmaceutical Grade Lithium Spodumene,High-quality pharmaceutical grade lithium spodumene for industrial applications. Reliable quality for manufacturing.,Lithium Spodumene,Pharmaceutical Grade,,,,6.03,,1.28 g/cm³,0.13,MT,405,37,7546,[],false,true,"{""Na"":""≤0.0005%"",""Mg"":""≤0.0005%"",""Ca"":""≤0.002%"",""Fe"":""≤0.0002%""}","{""base_price"":5698,""currency"":""USD"",""unit"":""MT"",""incoterms"":""CIF""}",active,2024-05-04T05:38:30.432Z,2025-12-13T05:38:30.432Z
96af0139-09a5-46bb-8e27-da44591d1726,c0124f38-aa90-4f77-a4d2-4ffebd19ff19,Pharmaceutical Grade Other 98.6%,High-quality pharmaceutical grade other for industrial applications. Reliable quality for manufacturing.,Other,Pharmaceutical Grade,98.59,,,,,0.81 g/cm³,0.14,MT,201,50,1845,[],false,true,"{""Na"":""≤0.0009%"",""Mg"":""≤0.001%"",""Ca"":""≤0.0013%"",""Fe"":""≤0.0003%""}","{""base_price"":8926,""currency"":""USD"",""unit"":""MT"",""incoterms"":""CIF""}",active,2025-01-17T05:38:30.432Z,2025-12-05T05:38:30.432Z
65969f39-b45c-40e0-b04f-2b2d1b0fecc1,c0124f38-aa90-4f77-a4d2-4ffebd19ff19,Pharmaceutical Grade Recycled Lithium 98.4%,High-quality pharmaceutical grade recycled lithium for industrial applications. Reliable quality for manufacturing.,Recycled Lithium,Pharmaceutical Grade,98.39,,,,,1.3 g/cm³,0.02,MT,355,82,2855,[],false,true,"{""Na"":""≤0.0007%"",""Mg"":""≤0.0002%"",""Ca"":""≤0.0007%"",""Fe"":""≤0.0004%""}","{""base_price"":5839,""currency"":""USD"",""unit"":""MT"",""incoterms"":""CIF""}",active,2025-02-10T05:38:30.432Z,2025-12-14T05:38:30.432Z
2bba141a-3198-4c78-b3d8-95f473a248bf,c0124f38-aa90-4f77-a4d2-4ffebd19ff19,Battery Grade Other 98.2%,High-quality battery grade other for EV battery applications. Meets strict automotive specifications.,Other,Battery Grade,98.21,,,,D50: 24μm,1.03 g/cm³,0.1,MT,50,69,548,[],false,true,"{""Na"":""≤0.0009%"",""Mg"":""≤0.0008%"",""Ca"":""≤0.0008%"",""Fe"":""≤0.0002%""}","{""base_price"":1128,""currency"":""USD"",""unit"":""MT"",""incoterms"":""FOB""}",active,2024-08-18T05:38:30.432Z,2025-12-16T05:38:30.432Z
0d389623-8e91-49f0-912a-98c0f667adff,c0124f38-aa90-4f77-a4d2-4ffebd19ff19,Battery Grade Lithium Spodumene,High-quality battery grade lithium spodumene for EV battery applications. Meets strict automotive specifications.,Lithium Spodumene,Battery Grade,,,,6.87,D50: 21μm,1.34 g/cm³,0.13,MT,41,35,8940,[],false,true,"{""Na"":""≤0.0008%"",""Mg"":""≤0.0003%"",""Ca"":""≤0.0005%"",""Fe"":""≤0.0004%""}","{""base_price"":1066,""currency"":""USD"",""unit"":""MT"",""incoterms"":""FOB""}",active,2025-12-03T05:38:30.432Z,2025-12-31T05:38:30.432Z
65ebe941-1216-49bf-988b-7f52400508ee,118593b5-e3ba-4913-84df-2e25239acec2,Technical Grade Recycled Lithium 98.9%,High-quality technical grade recycled lithium for industrial applications. Reliable quality for manufacturing.,Recycled Lithium,Technical Grade,98.91,,,,,0.89 g/cm³,0.08,MT,466,86,4525,[],false,true,"{""Na"":""≤0.0006%"",""Mg"":""≤0.0006%"",""Ca"":""≤0.0003%"",""Fe"":""≤0.0001%""}","{""base_price"":5421,""currency"":""USD"",""unit"":""MT"",""incoterms"":""FOB""}",active,2025-07-05T05:38:30.432Z,2025-12-26T05:38:30.432Z
2accfc83-80bf-4b1a-8558-94e8958d7d47,118593b5-e3ba-4913-84df-2e25239acec2,Battery Grade Lithium Carbonate 99.90%,High-quality battery grade lithium carbonate for EV battery applications. Meets strict automotive specifications.,Lithium Carbonate,Battery Grade,99.9,99.9,,,D50: 23μm,1.33 g/cm³,0.11,MT,37,40,4511,[],false,true,"{""Na"":""≤0.0004%"",""Mg"":""≤0.0006%"",""Ca"":""≤0.0011%"",""Fe"":""≤0.0003%""}","{""base_price"":11168,""currency"":""USD"",""unit"":""MT"",""incoterms"":""EXW""}",active,2025-01-20T05:38:30.432Z,2025-12-08T05:38:30.432Z
82d95d89-d102-4295-9607-7c21b62d22dc,118593b5-e3ba-4913-84df-2e25239acec2,Technical Grade Other 98.8%,High-quality technical grade other for industrial applications. Reliable quality for manufacturing.,Other,Technical Grade,98.82,,,,,1.05 g/cm³,0.03,MT,345,42,1097,[],false,true,"{""Na"":""≤0.0008%"",""Mg"":""≤0.0001%"",""Ca"":""≤0.0008%"",""Fe"":""≤0.0004%""}","{""base_price"":7262,""currency"":""USD"",""unit"":""MT"",""incoterms"":""EXW""}",active,2024-10-28T05:38:30.432Z,2025-12-30T05:38:30.432Z
3dc27a14-92c9-44fc-b5c4-f65bbaf5714a,118593b5-e3ba-4913-84df-2e25239acec2,Pharmaceutical Grade Lithium Chloride 99.3%,High-quality pharmaceutical grade lithium chloride for industrial applications. Reliable quality for manufacturing.,Lithium Chloride,Pharmaceutical Grade,99.34,,,,,1.31 g/cm³,0.06,MT,421,59,9282,[],false,true,"{""Na"":""≤0.0009%"",""Mg"":""≤0.0002%"",""Ca"":""≤0.0009%"",""Fe"":""≤0.0002%""}","{""base_price"":7970,""currency"":""USD"",""unit"":""MT"",""incoterms"":""CIF""}",active,2025-01-16T05:38:30.432Z,2025-12-13T05:38:30.432Z
8c874f1c-e641-48f6-b5fd-5f8dbe057775,118593b5-e3ba-4913-84df-2e25239acec2,Technical Grade Lithium Carbonate 99.5%,High-quality technical grade lithium carbonate for industrial applications. Reliable quality for manufacturing.,Lithium Carbonate,Technical Grade,99.47,99.47,,,,1.18 g/cm³,0.12,MT,225,70,4807,[],false,true,"{""Na"":""≤0.0003%"",""Mg"":""≤0.0001%"",""Ca"":""≤0.0013%"",""Fe"":""≤0.0004%""}","{""base_price"":9073,""currency"":""USD"",""unit"":""MT"",""incoterms"":""EXW""}",active,2025-02-06T05:38:30.432Z,2025-12-30T05:38:30.432Z
d75fd89a-b1cf-44b9-9b8f-06f6b7db3323,118593b5-e3ba-4913-84df-2e25239acec2,Battery Grade Recycled Lithium 99.5%,High-quality battery grade recycled lithium for EV battery applications. Meets strict automotive specifications.,Recycled Lithium,Battery Grade,99.49,,,,D50: 56μm,1.16 g/cm³,0.02,MT,46,65,9993,[],false,true,"{""Na"":""≤0.0007%"",""Mg"":""≤0.0009%"",""Ca"":""≤0.0001%"",""Fe"":""≤0.0005%""}","{""base_price"":847,""currency"":""USD"",""unit"":""MT"",""incoterms"":""CIF""}",active,2025-10-05T05:38:30.432Z,2025-12-12T05:38:30.432Z
c3f8f52b-b670-494a-affe-0a0edaee37cb,118593b5-e3ba-4913-84df-2e25239acec2,Battery Grade Lithium Spodumene,High-quality battery grade lithium spodumene for EV battery applications. Meets strict automotive specifications.,Lithium Spodumene,Battery Grade,,,,5.76,D50: 50μm,1.19 g/cm³,0.01,MT,25,30,7041,[],false,true,"{""Na"":""≤0.0008%"",""Mg"":""≤0.0006%"",""Ca"":""≤0.0013%"",""Fe"":""≤0.0003%""}","{""base_price"":834,""currency"":""USD"",""unit"":""MT"",""incoterms"":""FOB""}",active,2025-07-03T05:38:30.432Z,2025-12-22T05:38:30.432Z
49c89107-ec9c-426a-ae1c-6f4f28a541e4,118593b5-e3ba-4913-84df-2e25239acec2,Pharmaceutical Grade Lithium Spodumene,High-quality pharmaceutical grade lithium spodumene for industrial applications. Reliable quality for manufacturing.,Lithium Spodumene,Pharmaceutical Grade,,,,6.16,,0.81 g/cm³,0.05,MT,410,69,5606,[],false,true,"{""Na"":""≤0.0002%"",""Mg"":""≤0.0002%"",""Ca"":""≤0.0008%"",""Fe"":""≤0.0005%""}","{""base_price"":5280,""currency"":""USD"",""unit"":""MT"",""incoterms"":""CIF""}",active,2024-07-08T05:38:30.432Z,2025-12-20T05:38:30.432Z
8406165d-28b9-491b-8f02-6949ecd00347,118593b5-e3ba-4913-84df-2e25239acec2,Battery Grade Lithium Hydroxide 99.93%,High-quality battery grade lithium hydroxide for EV battery applications. Meets strict automotive specifications.,Lithium Hydroxide,Battery Grade,99.93,,56.84,,D50: 11μm,1.25 g/cm³,0.13,MT,40,77,4131,[],false,true,"{""Na"":""≤0.0005%"",""Mg"":""≤0.001%"",""Ca"":""≤0.0016%"",""Fe"":""≤0.0003%""}","{""base_price"":17297,""currency"":""USD"",""unit"":""MT"",""incoterms"":""EXW""}",active,2024-08-29T05:38:30.432Z,2025-12-25T05:38:30.432Z
61657224-2f1c-4378-8be3-d51b8983bd03,b69730b6-17d6-4542-aa43-08d7f788dacc,Battery Grade Lithium Carbonate 99.4%,High-quality battery grade lithium carbonate for EV battery applications. Meets strict automotive specifications.,Lithium Carbonate,Battery Grade,99.37,99.37,,,D50: 29μm,1.07 g/cm³,0.11,MT,23,88,8787,[],false,true,"{""Na"":""≤0.0002%"",""Mg"":""≤0.0002%"",""Ca"":""≤0.0003%"",""Fe"":""≤0.0005%""}","{""base_price"":14046,""currency"":""USD"",""unit"":""MT"",""incoterms"":""FOB""}",active,2025-08-29T05:38:30.432Z,2025-12-25T05:38:30.432Z
d8cc8cb8-52d0-4b0b-b8d0-f87198081dbf,b69730b6-17d6-4542-aa43-08d7f788dacc,Technical Grade Lithium Hydroxide 99.73%,High-quality technical grade lithium hydroxide for industrial applications. Reliable quality for manufacturing.,Lithium Hydroxide,Technical Grade,99.73,,56.6,,,1.27 g/cm³,0.04,MT,228,72,5797,[],false,true,"{""Na"":""≤0.0009%"",""Mg"":""≤0.0008%"",""Ca"":""≤0.001%"",""Fe"":""≤0.0002%""}","{""base_price"":9188,""currency"":""USD"",""unit"":""MT"",""incoterms"":""CIF""}",active,2024-10-25T05:38:30.432Z,2026-01-02T05:38:30.432Z
9da52572-4dc5-42d6-9111-aeafd8da26ac,b69730b6-17d6-4542-aa43-08d7f788dacc,Industrial Grade Lithium Hydroxide 99.72%,High-quality industrial grade lithium hydroxide for industrial applications. Reliable quality for manufacturing.,Lithium Hydroxide,Industrial Grade,99.72,,56.12,,,1.14 g/cm³,0.14,MT,394,62,1463,[],false,true,"{""Na"":""≤0.0004%"",""Mg"":""≤0.0005%"",""Ca"":""≤0.0012%"",""Fe"":""≤0.0002%""}","{""base_price"":7748,""currency"":""USD"",""unit"":""MT"",""incoterms"":""CIF""}",active,2025-08-09T05:38:30.433Z,2026-01-02T05:38:30.433Z
5b36131d-f46b-469c-903e-45ebdfe80d6e,b69730b6-17d6-4542-aa43-08d7f788dacc,Technical Grade Lithium Spodumene,High-quality technical grade lithium spodumene for industrial applications. Reliable quality for manufacturing.,Lithium Spodumene,Technical Grade,,,,6.68,,1.08 g/cm³,0.14,MT,243,85,2604,[],false,true,"{""Na"":""≤0.0007%"",""Mg"":""≤0.0005%"",""Ca"":""≤0.0009%"",""Fe"":""≤0.0003%""}","{""base_price"":7242,""currency"":""USD"",""unit"":""MT"",""incoterms"":""CIF""}",active,2024-04-07T05:38:30.433Z,2025-12-05T05:38:30.433Z
afced657-f29e-4bdd-b456-3c3fadf74efe,b69730b6-17d6-4542-aa43-08d7f788dacc,Industrial Grade Other 98.3%,High-quality industrial grade other for industrial applications. Reliable quality for manufacturing.,Other,Industrial Grade,98.35,,,,,1.08 g/cm³,0.13,MT,375,48,7732,[],false,true,"{""Na"":""≤0.0009%"",""Mg"":""≤0.0004%"",""Ca"":""≤0.0019%"",""Fe"":""≤0.0002%""}","{""base_price"":6200,""currency"":""USD"",""unit"":""MT"",""incoterms"":""FOB""}",active,2024-06-22T05:38:30.433Z,2025-12-29T05:38:30.433Z
29fef33f-acac-48c6-9aec-2d3c9a1ce11e,b69730b6-17d6-4542-aa43-08d7f788dacc,Industrial Grade Lithium Chloride 98.8%,High-quality industrial grade lithium chloride for industrial applications. Reliable quality for manufacturing.,Lithium Chloride,Industrial Grade,98.76,,,,,1.15 g/cm³,0.11,MT,272,31,4841,[],false,true,"{""Na"":""≤0.0002%"",""Mg"":""≤0.0002%"",""Ca"":""≤0.0019%"",""Fe"":""≤0.0001%""}","{""base_price"":7712,""currency"":""USD"",""unit"":""MT"",""incoterms"":""CIF""}",active,2024-09-09T05:38:30.433Z,2025-12-16T05:38:30.433Z
23696c92-d584-400e-b444-ce8e8bcc032e,b69730b6-17d6-4542-aa43-08d7f788dacc,Industrial Grade Recycled Lithium 99.2%,High-quality industrial grade recycled lithium for industrial applications. Reliable quality for manufacturing.,Recycled Lithium,Industrial Grade,99.2,,,,,1.25 g/cm³,0.12,MT,458,47,3079,[],false,true,"{""Na"":""≤0.0003%"",""Mg"":""≤0.0007%"",""Ca"":""≤0.0009%"",""Fe"":""≤0.0001%""}","{""base_price"":5613,""currency"":""USD"",""unit"":""MT"",""incoterms"":""EXW""}",active,2024-11-06T05:38:30.433Z,2025-12-21T05:38:30.433Z
a82546c0-cc8c-43fd-8247-609280a7c74e,b69730b6-17d6-4542-aa43-08d7f788dacc,Pharmaceutical Grade Lithium Hydroxide 99.65%,High-quality pharmaceutical grade lithium hydroxide for industrial applications. Reliable quality for manufacturing.,Lithium Hydroxide,Pharmaceutical Grade,99.65,,56.97,,,0.92 g/cm³,0.12,MT,287,53,7300,[],false,true,"{""Na"":""≤0.0005%"",""Mg"":""≤0.0005%"",""Ca"":""≤0.0005%"",""Fe"":""≤0.0003%""}","{""base_price"":7214,""currency"":""USD"",""unit"":""MT"",""incoterms"":""CIF""}",active,2024-11-20T05:38:30.433Z,2025-12-16T05:38:30.433Z
01bba2a1-4981-4e88-b54b-5efc109eec1e,b69730b6-17d6-4542-aa43-08d7f788dacc,Pharmaceutical Grade Lithium Hydroxide 99.94%,High-quality pharmaceutical grade lithium hydroxide for industrial applications. Reliable quality for manufacturing.,Lithium Hydroxide,Pharmaceutical Grade,99.94,,57,,,0.96 g/cm³,0.05,MT,423,84,8980,[],false,true,"{""Na"":""≤0.0005%"",""Mg"":""≤0.0009%"",""Ca"":""≤0.001%"",""Fe"":""≤0.0004%""}","{""base_price"":6713,""currency"":""USD"",""unit"":""MT"",""incoterms"":""FOB""}",active,2024-04-04T05:38:30.433Z,2025-12-29T05:38:30.433Z
7d007a07-f3ae-497f-b630-fa8c7ef60ecd,b69730b6-17d6-4542-aa43-08d7f788dacc,Pharmaceutical Grade Lithium Hydroxide 99.58%,High-quality pharmaceutical grade lithium hydroxide for industrial applications. Reliable quality for manufacturing.,Lithium Hydroxide,Pharmaceutical Grade,99.58,,56.23,,,1.24 g/cm³,0.13,MT,351,55,9388,[],false,true,"{""Na"":""≤0.0001%"",""Mg"":""≤0.0002%"",""Ca"":""≤0.0002%"",""Fe"":""≤0.0002%""}","{""base_price"":8576,""currency"":""USD"",""unit"":""MT"",""incoterms"":""EXW""}",active,2024-09-29T05:38:30.433Z,2025-12-27T05:38:30.433Z
17ccbc22-d3dc-401e-9339-f14818488d44,b69730b6-17d6-4542-aa43-08d7f788dacc,Industrial Grade Lithium Carbonate 99.3%,High-quality industrial grade lithium carbonate for industrial applications. Reliable quality for manufacturing.,Lithium Carbonate,Industrial Grade,99.35,99.35,,,,0.97 g/cm³,0.1,MT,103,30,1528,[],false,true,"{""Na"":""≤0.0004%"",""Mg"":""≤0.0004%"",""Ca"":""≤0.0014%"",""Fe"":""≤0.0003%""}","{""base_price"":8693,""currency"":""USD"",""unit"":""MT"",""incoterms"":""FOB""}",active,2025-08-21T05:38:30.433Z,2025-12-16T05:38:30.433Z
656ebf2f-6da9-4261-9a7c-9714467abe36,580ac6db-d376-43b6-94ac-0b76aeaec003,Industrial Grade Lithium Hydroxide 99.77%,High-quality industrial grade lithium hydroxide for industrial applications. Reliable quality for manufacturing.,Lithium Hydroxide,Industrial Grade,99.77,,56.89,,,0.87 g/cm³,0.03,MT,200,30,7298,[],false,true,"{""Na"":""≤0.0007%"",""Mg"":""≤0.0004%"",""Ca"":""≤0.0005%"",""Fe"":""≤0.0002%""}","{""base_price"":9370,""currency"":""USD"",""unit"":""MT"",""incoterms"":""EXW""}",active,2024-02-08T05:38:30.433Z,2025-12-07T05:38:30.433Z
a3d41e5b-955e-438e-a6c2-4784bb0b7da8,580ac6db-d376-43b6-94ac-0b76aeaec003,Pharmaceutical Grade Lithium Hydroxide 99.88%,High-quality pharmaceutical grade lithium hydroxide for industrial applications. Reliable quality for manufacturing.,Lithium Hydroxide,Pharmaceutical Grade,99.88,,56.98,,,1 g/cm³,0.05,MT,399,39,5497,[],false,true,"{""Na"":""≤0.0009%"",""Mg"":""≤0.0007%"",""Ca"":""≤0.0004%"",""Fe"":""≤0.0002%""}","{""base_price"":9709,""currency"":""USD"",""unit"":""MT"",""incoterms"":""EXW""}",active,2025-02-05T05:38:30.433Z,2025-12-24T05:38:30.433Z
d5f683b0-d5f1-4d81-b9ac-ec178fa92575,580ac6db-d376-43b6-94ac-0b76aeaec003,Technical Grade Lithium Spodumene,High-quality technical grade lithium spodumene for industrial applications. Reliable quality for manufacturing.,Lithium Spodumene,Technical Grade,,,,5.92,,1.05 g/cm³,0.07,MT,293,85,6237,[],false,true,"{""Na"":""≤0.0007%"",""Mg"":""≤0.0004%"",""Ca"":""≤0.0019%"",""Fe"":""≤0.0005%""}","{""base_price"":8861,""currency"":""USD"",""unit"":""MT"",""incoterms"":""CIF""}",active,2025-10-25T05:38:30.433Z,2026-01-01T05:38:30.433Z
5d9703c5-118b-4bc7-96e7-71ea99023a9f,580ac6db-d376-43b6-94ac-0b76aeaec003,Technical Grade Recycled Lithium 99.5%,High-quality technical grade recycled lithium for industrial applications. Reliable quality for manufacturing.,Recycled Lithium,Technical Grade,99.48,,,,,1.33 g/cm³,0.05,MT,56,47,963,[],false,true,"{""Na"":""≤0.0006%"",""Mg"":""≤0.0009%"",""Ca"":""≤0.001%"",""Fe"":""≤0.0002%""}","{""base_price"":6275,""currency"":""USD"",""unit"":""MT"",""incoterms"":""EXW""}",active,2024-03-29T05:38:30.433Z,2025-12-25T05:38:30.433Z
ad97ba14-7b33-4292-95d5-b7ef9967b845,580ac6db-d376-43b6-94ac-0b76aeaec003,Battery Grade Lithium Chloride 98.4%,High-quality battery grade lithium chloride for EV battery applications. Meets strict automotive specifications.,Lithium Chloride,Battery Grade,98.36,,,,D50: 41μm,1.29 g/cm³,0.14,MT,47,45,7366,[],false,true,"{""Na"":""≤0.0001%"",""Mg"":""≤0.0008%"",""Ca"":""≤0.0015%"",""Fe"":""≤0.0005%""}","{""base_price"":1111,""currency"":""USD"",""unit"":""MT"",""incoterms"":""FOB""}",active,2025-10-12T05:38:30.433Z,2025-12-03T05:38:30.433Z
ef14f44b-ab28-4242-9c83-c4317e442013,580ac6db-d376-43b6-94ac-0b76aeaec003,Pharmaceutical Grade Lithium Hydroxide 99.52%,High-quality pharmaceutical grade lithium hydroxide for industrial applications. Reliable quality for manufacturing.,Lithium Hydroxide,Pharmaceutical Grade,99.52,,56.44,,,1.38 g/cm³,0.12,MT,86,32,6825,[],false,true,"{""Na"":""≤0.0005%"",""Mg"":""≤0.0001%"",""Ca"":""≤0.001%"",""Fe"":""≤0.0005%""}","{""base_price"":8680,""currency"":""USD"",""unit"":""MT"",""incoterms"":""CIF""}",active,2024-01-23T05:38:30.433Z,2025-12-09T05:38:30.433Z
dd3af7a6-9de2-42c5-96c8-e27489af0bf7,580ac6db-d376-43b6-94ac-0b76aeaec003,Industrial Grade Recycled Lithium 98.3%,High-quality industrial grade recycled lithium for industrial applications. Reliable quality for manufacturing.,Recycled Lithium,Industrial Grade,98.31,,,,,0.86 g/cm³,0.07,MT,120,87,1458,[],false,true,"{""Na"":""≤0.0007%"",""Mg"":""≤0.0004%"",""Ca"":""≤0.0003%"",""Fe"":""≤0.0004%""}","{""base_price"":5583,""currency"":""USD"",""unit"":""MT"",""incoterms"":""FOB""}",active,2024-01-24T05:38:30.433Z,2025-12-08T05:38:30.433Z
66216fc0-a190-481b-a9b3-74c530b744bc,b87e3c7f-77f5-4d12-9887-f5834232864a,Industrial Grade Other 98.0%,High-quality industrial grade other for industrial applications. Reliable quality for manufacturing.,Other,Industrial Grade,98.05,,,,,1.36 g/cm³,0.07,MT,489,31,1167,[],false,true,"{""Na"":""≤0.0002%"",""Mg"":""≤0.0009%"",""Ca"":""≤0.0016%"",""Fe"":""≤0.0005%""}","{""base_price"":5346,""currency"":""USD"",""unit"":""MT"",""incoterms"":""FOB""}",active,2024-10-04T05:38:30.433Z,2025-12-19T05:38:30.433Z
49581b99-360b-471a-b603-91f6ddda97bc,b87e3c7f-77f5-4d12-9887-f5834232864a,Battery Grade Lithium Chloride 98.5%,High-quality battery grade lithium chloride for EV battery applications. Meets strict automotive specifications.,Lithium Chloride,Battery Grade,98.46,,,,D50: 53μm,1.09 g/cm³,0.02,MT,20,65,2459,[],false,true,"{""Na"":""≤0.0009%"",""Mg"":""≤0.0003%"",""Ca"":""≤0.0017%"",""Fe"":""≤0.0001%""}","{""base_price"":1023,""currency"":""USD"",""unit"":""MT"",""incoterms"":""CIF""}",active,2024-08-10T05:38:30.433Z,2025-12-20T05:38:30.433Z
4e1dd5ba-adad-4ba1-8039-daec24e96f9d,b87e3c7f-77f5-4d12-9887-f5834232864a,Technical Grade Other 99.0%,High-quality technical grade other for industrial applications. Reliable quality for manufacturing.,Other,Technical Grade,99.02,,,,,0.86 g/cm³,0.12,MT,278,36,6465,[],false,true,"{""Na"":""≤0.0004%"",""Mg"":""≤0.0005%"",""Ca"":""≤0.0001%"",""Fe"":""≤0.0004%""}","{""base_price"":6885,""currency"":""USD"",""unit"":""MT"",""incoterms"":""FOB""}",active,2025-07-28T05:38:30.433Z,2025-12-30T05:38:30.433Z
392451e9-bc3d-43fb-9da9-8f4f7aed8701,b87e3c7f-77f5-4d12-9887-f5834232864a,Pharmaceutical Grade Lithium Spodumene,High-quality pharmaceutical grade lithium spodumene for industrial applications. Reliable quality for manufacturing.,Lithium Spodumene,Pharmaceutical Grade,,,,6.52,,1.2 g/cm³,0.02,MT,453,68,4757,[],false,true,"{""Na"":""≤0.0006%"",""Mg"":""≤0.0006%"",""Ca"":""≤0.0002%"",""Fe"":""≤0.0003%""}","{""base_price"":9106,""currency"":""USD"",""unit"":""MT"",""incoterms"":""EXW""}",active,2024-06-29T05:38:30.433Z,2025-12-19T05:38:30.433Z
20426626-032c-4ea2-b162-25bc8eaae5eb,b87e3c7f-77f5-4d12-9887-f5834232864a,Technical Grade Recycled Lithium 99.2%,High-quality technical grade recycled lithium for industrial applications. Reliable quality for manufacturing.,Recycled Lithium,Technical Grade,99.17,,,,,1.18 g/cm³,0.01,MT,131,41,276,[],false,true,"{""Na"":""≤0.0006%"",""Mg"":""≤0.0002%"",""Ca"":""≤0.0019%"",""Fe"":""≤0.0001%""}","{""base_price"":6375,""currency"":""USD"",""unit"":""MT"",""incoterms"":""EXW""}",active,2025-01-26T05:38:30.433Z,2025-12-05T05:38:30.433Z
50dfad74-d07f-4ba1-bc1c-5eabad4e4b27,b87e3c7f-77f5-4d12-9887-f5834232864a,Pharmaceutical Grade Other 99.2%,High-quality pharmaceutical grade other for industrial applications. Reliable quality for manufacturing.,Other,Pharmaceutical Grade,99.19,,,,,1.05 g/cm³,0.03,MT,495,61,5354,[],false,true,"{""Na"":""≤0.0002%"",""Mg"":""≤0.0005%"",""Ca"":""≤0.0003%"",""Fe"":""≤0.0003%""}","{""base_price"":6166,""currency"":""USD"",""unit"":""MT"",""incoterms"":""CIF""}",active,2024-03-07T05:38:30.433Z,2025-12-04T05:38:30.433Z
8b9c3579-7ef8-4d7d-840c-46344a155ccb,b87e3c7f-77f5-4d12-9887-f5834232864a,Pharmaceutical Grade Recycled Lithium 99.0%,High-quality pharmaceutical grade recycled lithium for industrial applications. Reliable quality for manufacturing.,Recycled Lithium,Pharmaceutical Grade,99.02,,,,,1.28 g/cm³,0.09,MT,483,77,8078,[],false,true,"{""Na"":""≤0.0001%"",""Mg"":""≤0.0007%"",""Ca"":""≤0.0011%"",""Fe"":""≤0.0003%""}","{""base_price"":5037,""currency"":""USD"",""unit"":""MT"",""incoterms"":""CIF""}",out_of_stock,2024-03-14T05:38:30.433Z,2025-12-08T05:38:30.433Z
baf767be-14b1-4975-a2d3-ff790a4f2d0e,b87e3c7f-77f5-4d12-9887-f5834232864a,Pharmaceutical Grade Lithium Chloride 99.3%,High-quality pharmaceutical grade lithium chloride for industrial applications. Reliable quality for manufacturing.,Lithium Chloride,Pharmaceutical Grade,99.33,,,,,0.95 g/cm³,0.03,MT,137,58,2024,[],false,true,"{""Na"":""≤0.0002%"",""Mg"":""≤0.0008%"",""Ca"":""≤0.0007%"",""Fe"":""≤0.0004%""}","{""base_price"":7131,""currency"":""USD"",""unit"":""MT"",""incoterms"":""FOB""}",active,2025-06-16T05:38:30.433Z,2025-12-12T05:38:30.433Z
f06945de-9734-4723-b601-dd10e3f622e8,b87e3c7f-77f5-4d12-9887-f5834232864a,Technical Grade Other 98.7%,High-quality technical grade other for industrial applications. Reliable quality for manufacturing.,Other,Technical Grade,98.7,,,,,0.82 g/cm³,0.11,MT,151,62,532,[],false,true,"{""Na"":""≤0.0006%"",""Mg"":""≤0.0004%"",""Ca"":""≤0.0015%"",""Fe"":""≤0.0004%""}","{""base_price"":9701,""currency"":""USD"",""unit"":""MT"",""incoterms"":""CIF""}",active,2025-11-29T05:38:30.433Z,2025-12-23T05:38:30.433Z
30e408fc-30e2-4fa3-a782-8689053ad018,b87e3c7f-77f5-4d12-9887-f5834232864a,Technical Grade Other 98.7%,High-quality technical grade other for industrial applications. Reliable quality for manufacturing.,Other,Technical Grade,98.72,,,,,1.37 g/cm³,0.08,MT,82,78,901,[],false,true,"{""Na"":""≤0.0006%"",""Mg"":""≤0.0007%"",""Ca"":""≤0.0012%"",""Fe"":""≤0.0003%""}","{""base_price"":9140,""currency"":""USD"",""unit"":""MT"",""incoterms"":""CIF""}",out_of_stock,2025-11-13T05:38:30.433Z,2025-12-29T05:38:30.433Z
275d3107-9738-475b-9cea-4ecf946acf0c,b87e3c7f-77f5-4d12-9887-f5834232864a,Technical Grade Lithium Chloride 99.1%,High-quality technical grade lithium chloride for industrial applications. Reliable quality for manufacturing.,Lithium Chloride,Technical Grade,99.06,,,,,1.34 g/cm³,0.07,MT,203,42,9575,[],false,true,"{""Na"":""≤0.0008%"",""Mg"":""≤0.0006%"",""Ca"":""≤0.0011%"",""Fe"":""≤0.0004%""}","{""base_price"":8588,""currency"":""USD"",""unit"":""MT"",""incoterms"":""FOB""}",active,2024-06-16T05:38:30.433Z,2025-12-14T05:38:30.433Z
06668d4d-894b-4280-93ce-338a96418bd0,9229b841-28bc-4c21-ae95-b1580c26e5c4,Industrial Grade Lithium Carbonate 99.87%,High-quality industrial grade lithium carbonate for industrial applications. Reliable quality for manufacturing.,Lithium Carbonate,Industrial Grade,99.87,99.87,,,,0.8 g/cm³,0.02,MT,119,72,3841,[],false,true,"{""Na"":""≤0.0005%"",""Mg"":""≤0.0009%"",""Ca"":""≤0.0003%"",""Fe"":""≤0.0002%""}","{""base_price"":6964,""currency"":""USD"",""unit"":""MT"",""incoterms"":""EXW""}",active,2024-10-29T05:38:30.433Z,2025-12-19T05:38:30.433Z
a67a72bc-020a-4cef-b169-f49cbc7d0953,9229b841-28bc-4c21-ae95-b1580c26e5c4,Industrial Grade Other 99.3%,High-quality industrial grade other for industrial applications. Reliable quality for manufacturing.,Other,Industrial Grade,99.29,,,,,1.31 g/cm³,0.09,MT,238,84,8456,[],false,true,"{""Na"":""≤0.0008%"",""Mg"":""≤0.0008%"",""Ca"":""≤0.0018%"",""Fe"":""≤0.0002%""}","{""base_price"":8321,""currency"":""USD"",""unit"":""MT"",""incoterms"":""CIF""}",active,2025-02-03T05:38:30.433Z,2025-12-26T05:38:30.433Z
dc5bed62-f687-4c00-bded-3c1159fff644,9229b841-28bc-4c21-ae95-b1580c26e5c4,Industrial Grade Lithium Hydroxide 99.58%,High-quality industrial grade lithium hydroxide for industrial applications. Reliable quality for manufacturing.,Lithium Hydroxide,Industrial Grade,99.58,,56.47,,,1.2 g/cm³,0.1,MT,377,34,2896,[],false,true,"{""Na"":""≤0.0004%"",""Mg"":""≤0.0003%"",""Ca"":""≤0.0007%"",""Fe"":""≤0.0002%""}","{""base_price"":5076,""currency"":""USD"",""unit"":""MT"",""incoterms"":""EXW""}",active,2025-10-28T05:38:30.433Z,2025-12-27T05:38:30.433Z
0fcae0b9-e213-4662-b162-7e384ede3bb5,9229b841-28bc-4c21-ae95-b1580c26e5c4,Industrial Grade Recycled Lithium 98.7%,High-quality industrial grade recycled lithium for industrial applications. Reliable quality for manufacturing.,Recycled Lithium,Industrial Grade,98.65,,,,,1.09 g/cm³,0.04,MT,444,81,3523,[],false,true,"{""Na"":""≤0.0005%"",""Mg"":""≤0.0009%"",""Ca"":""≤0.0005%"",""Fe"":""≤0.0005%""}","{""base_price"":6931,""currency"":""USD"",""unit"":""MT"",""incoterms"":""CIF""}",active,2025-04-20T05:38:30.433Z,2025-12-28T05:38:30.433Z
32aca502-8de4-4009-8b78-32d99d2f556e,9229b841-28bc-4c21-ae95-b1580c26e5c4,Technical Grade Lithium Hydroxide 99.87%,High-quality technical grade lithium hydroxide for industrial applications. Reliable quality for manufacturing.,Lithium Hydroxide,Technical Grade,99.87,,56.72,,,1.17 g/cm³,0.09,MT,198,71,6949,[],false,true,"{""Na"":""≤0.0005%"",""Mg"":""≤0.0001%"",""Ca"":""≤0.001%"",""Fe"":""≤0.0005%""}","{""base_price"":9207,""currency"":""USD"",""unit"":""MT"",""incoterms"":""EXW""}",active,2024-07-19T05:38:30.433Z,2025-12-07T05:38:30.433Z
2d829bf3-62e4-4bb6-bc4e-f8830a0344b3,9229b841-28bc-4c21-ae95-b1580c26e5c4,Technical Grade Lithium Hydroxide 99.91%,High-quality technical grade lithium hydroxide for industrial applications. Reliable quality for manufacturing.,Lithium Hydroxide,Technical Grade,99.91,,56.95,,,1.27 g/cm³,0.15,MT,294,50,4834,[],false,true,"{""Na"":""≤0.001%"",""Mg"":""≤0.0007%"",""Ca"":""≤0.0016%"",""Fe"":""≤0.0004%""}","{""base_price"":7771,""currency"":""USD"",""unit"":""MT"",""incoterms"":""FOB""}",active,2024-12-04T05:38:30.433Z,2025-12-26T05:38:30.433Z
a5179d04-1891-4ac3-833f-9964118ca141,9229b841-28bc-4c21-ae95-b1580c26e5c4,Pharmaceutical Grade Lithium Carbonate 99.57%,High-quality pharmaceutical grade lithium carbonate for industrial applications. Reliable quality for manufacturing.,Lithium Carbonate,Pharmaceutical Grade,99.57,99.57,,,,1.25 g/cm³,0.13,MT,247,30,6103,[],false,true,"{""Na"":""≤0.0006%"",""Mg"":""≤0.0005%"",""Ca"":""≤0.0016%"",""Fe"":""≤0.0003%""}","{""base_price"":5610,""currency"":""USD"",""unit"":""MT"",""incoterms"":""EXW""}",active,2025-03-28T05:38:30.433Z,2025-12-21T05:38:30.433Z
4ebe47b4-6e2c-4b67-ad0f-4c4eab1ef1fb,9229b841-28bc-4c21-ae95-b1580c26e5c4,Technical Grade Lithium Carbonate 99.4%,High-quality technical grade lithium carbonate for industrial applications. Reliable quality for manufacturing.,Lithium Carbonate,Technical Grade,99.43,99.43,,,,0.96 g/cm³,0.04,MT,420,51,3125,[],false,true,"{""Na"":""≤0.0006%"",""Mg"":""≤0.0004%"",""Ca"":""≤0.0003%"",""Fe"":""≤0.0002%""}","{""base_price"":6586,""currency"":""USD"",""unit"":""MT"",""incoterms"":""EXW""}",active,2024-03-20T05:38:30.433Z,2025-12-19T05:38:30.433Z
66dcd835-d747-4b64-939c-4ef3e79d00c2,c43156d6-c9e0-40c1-98e7-8e1fa8d3aaa5,Industrial Grade Lithium Hydroxide 99.22%,High-quality lithium hydroxide for battery applications,Lithium Hydroxide,Industrial Grade,99.22,,56.5,,D50: 20μm,1.2 g/cm³,0.05,MT,77,73,280,["ISO 9001:2015"],true,true,{"Na":"≤0.0001%","Mg":"≤0.0001%"},{"base_price":12641,"currency":"USD","unit":"MT"},active,2024-10-26T05:39:44.540Z,2025-12-04T05:39:44.541Z
98bafe06-7ca2-464e-9cef-e1bdc9634409,ee2e59c2-0031-48e5-8e02-06bcc4fc83f7,Technical Grade Lithium Chloride 99.87%,High-quality lithium chloride for battery applications,Lithium Chloride,Technical Grade,99.87,,,,D50: 20μm,1.2 g/cm³,0.05,MT,60,54,664,["ISO 9001:2015"],true,true,{"Na":"≤0.0001%","Mg":"≤0.0001%"},{"base_price":13497,"currency":"USD","unit":"MT"},active,2025-05-29T05:39:44.541Z,2025-12-13T05:39:44.541Z
c1fcae8d-38bf-4ec7-b52a-f0b9765f9dd1,5d5649db-7391-4669-88d9-6673def550de,Industrial Grade Recycled Lithium 99.44%,High-quality recycled lithium for battery applications,Recycled Lithium,Industrial Grade,99.44,,,,D50: 20μm,1.2 g/cm³,0.05,MT,27,57,3514,["ISO 9001:2015"],true,true,{"Na":"≤0.0001%","Mg":"≤0.0001%"},{"base_price":14593,"currency":"USD","unit":"MT"},active,2024-10-04T05:39:44.541Z,2025-12-11T05:39:44.541Z
fc49faac-9733-4623-9dc3-649c77e0ee6d,9359313b-6554-4d82-896a-f8df6fcd0ef6,Battery Grade Lithium Hydroxide 99.87%,High-quality lithium hydroxide for battery applications,Lithium Hydroxide,Battery Grade,99.87,,56.5,,D50: 20μm,1.2 g/cm³,0.05,MT,74,51,2179,["ISO 9001:2015"],true,true,{"Na":"≤0.0001%","Mg":"≤0.0001%"},{"base_price":13970,"currency":"USD","unit":"MT"},active,2024-10-23T05:39:44.541Z,2025-12-06T05:39:44.541Z
3dee96a2-5e01-45fe-a74f-ebb9106b54fa,09191d79-d858-43a1-8a44-050d114344a7,Battery Grade Lithium Hydroxide 99.46%,High-quality lithium hydroxide for battery applications,Lithium Hydroxide,Battery Grade,99.46,,56.5,,D50: 20μm,1.2 g/cm³,0.05,MT,33,72,3165,["ISO 9001:2015"],true,true,{"Na":"≤0.0001%","Mg":"≤0.0001%"},{"base_price":13263,"currency":"USD","unit":"MT"},active,2025-06-14T05:39:44.541Z,2025-12-16T05:39:44.541Z
f339054d-fbc5-4d49-8897-913fb107e646,a9baa336-d8c1-4f17-a5a3-33647959e08d,Technical Grade Lithium Carbonate 99.70%,High-quality lithium carbonate for battery applications,Lithium Carbonate,Technical Grade,99.70,99.70,,,D50: 20μm,1.2 g/cm³,0.05,MT,53,49,4427,["ISO 9001:2015"],true,true,{"Na":"≤0.0001%","Mg":"≤0.0001%"},{"base_price":10805,"currency":"USD","unit":"MT"},active,2025-03-15T05:39:44.541Z,2025-12-08T05:39:44.541Z
95cd7f18-77b6-4828-9ebe-ba4bc44e0288,27fd484d-a62a-4a6b-9724-a3a1ef7169ca,Battery Grade Lithium Chloride 99.69%,High-quality lithium chloride for battery applications,Lithium Chloride,Battery Grade,99.69,,,,D50: 20μm,1.2 g/cm³,0.05,MT,47,81,4316,["ISO 9001:2015"],true,true,{"Na":"≤0.0001%","Mg":"≤0.0001%"},{"base_price":11818,"currency":"USD","unit":"MT"},active,2025-07-17T05:39:44.541Z,2025-12-26T05:39:44.541Z
8f12362d-ee7f-4986-91d5-04ee94aa751a,37fbb935-02c2-4908-8a0d-1767ce72736c,Industrial Grade Lithium Spodumene 99.71%,High-quality lithium spodumene for battery applications,Lithium Spodumene,Industrial Grade,99.71,,,6.0,D50: 20μm,1.2 g/cm³,0.05,MT,56,72,131,["ISO 9001:2015"],true,true,{"Na":"≤0.0001%","Mg":"≤0.0001%"},{"base_price":10651,"currency":"USD","unit":"MT"},active,2025-06-08T05:39:44.541Z,2025-12-18T05:39:44.541Z
39608580-ec45-4f20-8113-26bf7d148dc9,8955fe2c-2821-4805-a0e0-4c4ddda19e0a,Technical Grade Lithium Hydroxide 99.41%,High-quality lithium hydroxide for battery applications,Lithium Hydroxide,Technical Grade,99.41,,56.5,,D50: 20μm,1.2 g/cm³,0.05,MT,35,40,3267,["ISO 9001:2015"],true,true,{"Na":"≤0.0001%","Mg":"≤0.0001%"},{"base_price":12544,"currency":"USD","unit":"MT"},active,2024-10-09T05:39:44.541Z,2025-12-09T05:39:44.541Z
a6f4c34e-053e-46fa-83d3-14a34528fc19,2da0a606-c888-4caa-8d0c-81d3aed13dba,Battery Grade Lithium Carbonate 99.79%,High-quality lithium carbonate for battery applications,Lithium Carbonate,Battery Grade,99.79,99.79,,,D50: 20μm,1.2 g/cm³,0.05,MT,31,84,665,["ISO 9001:2015"],true,true,{"Na":"≤0.0001%","Mg":"≤0.0001%"},{"base_price":14573,"currency":"USD","unit":"MT"},active,2024-10-09T05:39:44.541Z,2025-12-24T05:39:44.541Z
dd1acc6d-769d-4443-b1b2-448f15889252,9359313b-6554-4d82-896a-f8df6fcd0ef6,Technical Grade Lithium Carbonate 99.30%,High-quality lithium carbonate for battery applications,Lithium Carbonate,Technical Grade,99.30,99.30,,,D50: 20μm,1.2 g/cm³,0.05,MT,44,82,561,["ISO 9001:2015"],true,true,{"Na":"≤0.0001%","Mg":"≤0.0001%"},{"base_price":12793,"currency":"USD","unit":"MT"},active,2024-11-28T05:39:44.541Z,2025-12-11T05:39:44.541Z
080084ec-2171-41f3-99dc-3b570a07fa2a,0971e222-5719-489b-af2c-7a9d9a5a1651,Technical Grade Lithium Chloride 99.85%,High-quality lithium chloride for battery applications,Lithium Chloride,Technical Grade,99.85,,,,D50: 20μm,1.2 g/cm³,0.05,MT,36,63,3953,["ISO 9001:2015"],true,true,{"Na":"≤0.0001%","Mg":"≤0.0001%"},{"base_price":12895,"currency":"USD","unit":"MT"},active,2025-09-17T05:39:44.541Z,2025-12-04T05:39:44.541Z
5043142c-26a3-4adb-9128-29da3c53c3ba,8d89e775-abf3-4f31-aa0f-9466b6fecfb4,Technical Grade Recycled Lithium 99.40%,High-quality recycled lithium for battery applications,Recycled Lithium,Technical Grade,99.40,,,,D50: 20μm,1.2 g/cm³,0.05,MT,93,80,291,["ISO 9001:2015"],true,true,{"Na":"≤0.0001%","Mg":"≤0.0001%"},{"base_price":11975,"currency":"USD","unit":"MT"},active,2025-04-17T05:39:44.541Z,2025-12-10T05:39:44.541Z
5311b59d-48d1-4fef-a9da-dddb395e61f8,b69730b6-17d6-4542-aa43-08d7f788dacc,Industrial Grade Lithium Spodumene 99.03%,High-quality lithium spodumene for battery applications,Lithium Spodumene,Industrial Grade,99.03,,,6.0,D50: 20μm,1.2 g/cm³,0.05,MT,93,57,4209,["ISO 9001:2015"],true,true,{"Na":"≤0.0001%","Mg":"≤0.0001%"},{"base_price":10522,"currency":"USD","unit":"MT"},active,2025-03-27T05:39:44.541Z,2026-01-02T05:39:44.541Z
e7acd41e-fabc-45d4-a134-5a03017cecc9,09191d79-d858-43a1-8a44-050d114344a7,Technical Grade Recycled Lithium 99.19%,High-quality recycled lithium for battery applications,Recycled Lithium,Technical Grade,99.19,,,,D50: 20μm,1.2 g/cm³,0.05,MT,64,42,4313,["ISO 9001:2015"],true,true,{"Na":"≤0.0001%","Mg":"≤0.0001%"},{"base_price":13294,"currency":"USD","unit":"MT"},active,2025-05-05T05:39:44.541Z,2025-12-30T05:39:44.541Z
050e8b75-1881-4770-898d-3eeb7fa5288f,de1ef6ef-b100-4b42-ad00-48f03487068e,Technical Grade Lithium Hydroxide 99.36%,High-quality lithium hydroxide for battery applications,Lithium Hydroxide,Technical Grade,99.36,,56.5,,D50: 20μm,1.2 g/cm³,0.05,MT,48,47,2142,["ISO 9001:2015"],true,true,{"Na":"≤0.0001%","Mg":"≤0.0001%"},{"base_price":11694,"currency":"USD","unit":"MT"},active,2025-09-09T05:39:44.541Z,2025-12-22T05:39:44.541Z
0e873030-1a5b-439d-8640-a05e9b3f3c0e,2f754c55-e158-45fa-be6b-851496b9ea40,Technical Grade Lithium Chloride 99.79%,High-quality lithium chloride for battery applications,Lithium Chloride,Technical Grade,99.79,,,,D50: 20μm,1.2 g/cm³,0.05,MT,52,58,2950,["ISO 9001:2015"],true,true,{"Na":"≤0.0001%","Mg":"≤0.0001%"},{"base_price":12211,"currency":"USD","unit":"MT"},active,2025-01-07T05:39:44.541Z,2026-01-02T05:39:44.541Z
d63fbcd1-cd7b-470f-a721-74699bc5e59e,0458e690-7a4d-4c4b-a012-50fdc11f13f9,Industrial Grade Lithium Carbonate 99.12%,High-quality lithium carbonate for battery applications,Lithium Carbonate,Industrial Grade,99.12,99.12,,,D50: 20μm,1.2 g/cm³,0.05,MT,30,71,4345,["ISO 9001:2015"],true,true,{"Na":"≤0.0001%","Mg":"≤0.0001%"},{"base_price":12868,"currency":"USD","unit":"MT"},active,2025-03-01T05:39:44.541Z,2025-12-06T05:39:44.541Z
2f195b50-13bf-4a99-8daf-7be01f3360be,e25887d0-5884-4785-a22c-af72e2626bd4,Battery Grade Lithium Hydroxide 99.41%,High-quality lithium hydroxide for battery applications,Lithium Hydroxide,Battery Grade,99.41,,56.5,,D50: 20μm,1.2 g/cm³,0.05,MT,89,83,3720,["ISO 9001:2015"],true,true,{"Na":"≤0.0001%","Mg":"≤0.0001%"},{"base_price":12066,"currency":"USD","unit":"MT"},active,2025-02-03T05:39:44.541Z,2025-12-16T05:39:44.541Z
406ff5eb-3841-4c3d-a94a-d1a8c38b7977,765d0fb4-d95b-4f37-9659-74ff955aacc3,Industrial Grade Recycled Lithium 99.38%,High-quality recycled lithium for battery applications,Recycled Lithium,Industrial Grade,99.38,,,,D50: 20μm,1.2 g/cm³,0.05,MT,24,68,1266,["ISO 9001:2015"],true,true,{"Na":"≤0.0001%","Mg":"≤0.0001%"},{"base_price":12222,"currency":"USD","unit":"MT"},active,2025-04-04T05:39:44.541Z,2025-12-03T05:39:44.541Z
1783ead4-9c37-4e8d-b1d4-15c4ef362083,85f19c5f-c906-4131-a2e1-c7ee824853e5,Industrial Grade Lithium Spodumene 99.87%,High-quality lithium spodumene for battery applications,Lithium Spodumene,Industrial Grade,99.87,,,6.0,D50: 20μm,1.2 g/cm³,0.05,MT,37,35,2776,["ISO 9001:2015"],true,true,{"Na":"≤0.0001%","Mg":"≤0.0001%"},{"base_price":10790,"currency":"USD","unit":"MT"},active,2025-06-21T05:39:44.541Z,2026-01-01T05:39:44.541Z
ee56588a-188e-429f-9b1f-903642151101,5663ce32-a0ed-4c94-ac7f-ac4a0f9b179c,Technical Grade Lithium Carbonate 99.57%,High-quality lithium carbonate for battery applications,Lithium Carbonate,Technical Grade,99.57,99.57,,,D50: 20μm,1.2 g/cm³,0.05,MT,100,30,2774,["ISO 9001:2015"],true,true,{"Na":"≤0.0001%","Mg":"≤0.0001%"},{"base_price":12326,"currency":"USD","unit":"MT"},active,2025-02-12T05:39:44.541Z,2025-12-14T05:39:44.541Z
f26bf818-dfde-4cd4-bb89-3e51b0e52183,ea2c37c7-46e8-47c7-8577-70d863154c38,Industrial Grade Lithium Spodumene 99.36%,High-quality lithium spodumene for battery applications,Lithium Spodumene,Industrial Grade,99.36,,,6.0,D50: 20μm,1.2 g/cm³,0.05,MT,41,50,3415,["ISO 9001:2015"],true,true,{"Na":"≤0.0001%","Mg":"≤0.0001%"},{"base_price":14251,"currency":"USD","unit":"MT"},active,2024-08-23T05:39:44.541Z,2025-12-19T05:39:44.541Z
933556a3-b664-4619-a65b-2633b0c8b612,86840899-7fd7-43ef-bb0b-d9662d595c82,Battery Grade Lithium Spodumene 99.46%,High-quality lithium spodumene for battery applications,Lithium Spodumene,Battery Grade,99.46,,,6.0,D50: 20μm,1.2 g/cm³,0.05,MT,83,45,4102,["ISO 9001:2015"],true,true,{"Na":"≤0.0001%","Mg":"≤0.0001%"},{"base_price":12835,"currency":"USD","unit":"MT"},active,2024-10-26T05:39:44.541Z,2025-12-26T05:39:44.541Z
450ec86b-58cd-441c-86e0-f73f94c83a6a,2ab13aab-6094-4c0d-9d45-af607b1c664e,Battery Grade Lithium Chloride 99.30%,High-quality lithium chloride for battery applications,Lithium Chloride,Battery Grade,99.30,,,,D50: 20μm,1.2 g/cm³,0.05,MT,74,52,2801,["ISO 9001:2015"],true,true,{"Na":"≤0.0001%","Mg":"≤0.0001%"},{"base_price":14425,"currency":"USD","unit":"MT"},active,2025-02-06T05:39:44.541Z,2025-12-18T05:39:44.541Z
39366281-094d-41c7-b58c-74577f184cf1,9639e31d-91c0-43bd-a926-d55c4211676e,Industrial Grade Recycled Lithium 99.38%,High-quality recycled lithium for battery applications,Recycled Lithium,Industrial Grade,99.38,,,,D50: 20μm,1.2 g/cm³,0.05,MT,43,37,380,["ISO 9001:2015"],true,true,{"Na":"≤0.0001%","Mg":"≤0.0001%"},{"base_price":13234,"currency":"USD","unit":"MT"},active,2024-11-09T05:39:44.541Z,2025-12-28T05:39:44.541Z
e148f20a-12e5-45fd-bb93-d774d58906e3,90be6962-3f84-4ae1-b418-fc65256c02d0,Technical Grade Lithium Chloride 99.36%,High-quality lithium chloride for battery applications,Lithium Chloride,Technical Grade,99.36,,,,D50: 20μm,1.2 g/cm³,0.05,MT,38,43,694,["ISO 9001:2015"],true,true,{"Na":"≤0.0001%","Mg":"≤0.0001%"},{"base_price":12840,"currency":"USD","unit":"MT"},active,2025-04-17T05:39:44.541Z,2025-12-15T05:39:44.541Z
daf06217-a3f0-42cb-9e77-39672eba7d1f,a9baa336-d8c1-4f17-a5a3-33647959e08d,Technical Grade Lithium Hydroxide 99.33%,High-quality lithium hydroxide for battery applications,Lithium Hydroxide,Technical Grade,99.33,,56.5,,D50: 20μm,1.2 g/cm³,0.05,MT,97,60,1770,["ISO 9001:2015"],true,true,{"Na":"≤0.0001%","Mg":"≤0.0001%"},{"base_price":12794,"currency":"USD","unit":"MT"},active,2024-12-30T05:39:44.541Z,2025-12-25T05:39:44.541Z
1c29e74d-3902-47b4-ac17-f13a6cd2995a,0a271ac4-898b-4e9e-b0a8-7dab203ae956,Technical Grade Lithium Carbonate 99.67%,High-quality lithium carbonate for battery applications,Lithium Carbonate,Technical Grade,99.67,99.67,,,D50: 20μm,1.2 g/cm³,0.05,MT,22,89,2330,["ISO 9001:2015"],true,true,{"Na":"≤0.0001%","Mg":"≤0.0001%"},{"base_price":12824,"currency":"USD","unit":"MT"},active,2024-10-17T05:39:44.541Z,2025-12-29T05:39:44.541Z
6bbee93c-f3fc-4620-afa3-7ba13ce54a90,4dc832b4-9cc1-4014-8e58-07e70889ab89,Battery Grade Lithium Carbonate 99.53%,High-quality lithium carbonate for battery applications,Lithium Carbonate,Battery Grade,99.53,99.53,,,D50: 20μm,1.2 g/cm³,0.05,MT,23,88,936,["ISO 9001:2015"],true,true,{"Na":"≤0.0001%","Mg":"≤0.0001%"},{"base_price":10404,"currency":"USD","unit":"MT"},active,2025-07-29T05:39:44.541Z,2025-12-24T05:39:44.541Z
68c63190-f6a0-4044-a0f0-50fac10325f3,77a43956-c6c9-4ba6-96ea-337574954ed2,Technical Grade Lithium Spodumene 99.39%,High-quality lithium spodumene for battery applications,Lithium Spodumene,Technical Grade,99.39,,,6.0,D50: 20μm,1.2 g/cm³,0.05,MT,99,69,3299,["ISO 9001:2015"],true,true,{"Na":"≤0.0001%","Mg":"≤0.0001%"},{"base_price":14384,"currency":"USD","unit":"MT"},active,2025-07-18T05:39:44.541Z,2025-12-05T05:39:44.541Z
8f7808e9-e7cd-4e84-9ca7-1d410a22e233,e7ab2aab-8519-40c3-beaa-7170563187c1,Battery Grade Lithium Carbonate 99.59%,High-quality lithium carbonate for battery applications,Lithium Carbonate,Battery Grade,99.59,99.59,,,D50: 20μm,1.2 g/cm³,0.05,MT,56,37,4836,["ISO 9001:2015"],true,true,{"Na":"≤0.0001%","Mg":"≤0.0001%"},{"base_price":14858,"currency":"USD","unit":"MT"},active,2025-09-07T05:39:44.541Z,2025-12-17T05:39:44.541Z
1f2376d6-ee2a-4300-a65d-3802709d0eb3,d4507d8e-c7cb-462f-bbb7-77ad981830f8,Battery Grade Recycled Lithium 99.39%,High-quality recycled lithium for battery applications,Recycled Lithium,Battery Grade,99.39,,,,D50: 20μm,1.2 g/cm³,0.05,MT,40,82,3624,["ISO 9001:2015"],true,true,{"Na":"≤0.0001%","Mg":"≤0.0001%"},{"base_price":12693,"currency":"USD","unit":"MT"},active,2025-01-01T05:39:44.542Z,2025-12-11T05:39:44.542Z
8fea80cd-3bb2-4e94-b72a-bbdc026ad9c4,af118ca3-20ec-42de-b6d2-05ac60311982,Technical Grade Recycled Lithium 99.36%,High-quality recycled lithium for battery applications,Recycled Lithium,Technical Grade,99.36,,,,D50: 20μm,1.2 g/cm³,0.05,MT,78,65,3924,["ISO 9001:2015"],true,true,{"Na":"≤0.0001%","Mg":"≤0.0001%"},{"base_price":14562,"currency":"USD","unit":"MT"},active,2024-10-17T05:39:44.542Z,2025-12-26T05:39:44.542Z
26a63966-531a-40ca-b0cc-32b0bd62df6e,2ad8b3e1-554c-4068-a664-76129b3d5235,Industrial Grade Lithium Hydroxide 99.19%,High-quality lithium hydroxide for battery applications,Lithium Hydroxide,Industrial Grade,99.19,,56.5,,D50: 20μm,1.2 g/cm³,0.05,MT,33,44,2331,["ISO 9001:2015"],true,true,{"Na":"≤0.0001%","Mg":"≤0.0001%"},{"base_price":10369,"currency":"USD","unit":"MT"},active,2025-01-04T05:39:44.542Z,2025-12-21T05:39:44.542Z
57e186ab-b55e-40e0-92bd-af9f37ea8ce6,277bf9bb-fafe-41f0-903a-c7debfdda64b,Industrial Grade Lithium Carbonate 99.05%,High-quality lithium carbonate for battery applications,Lithium Carbonate,Industrial Grade,99.05,99.05,,,D50: 20μm,1.2 g/cm³,0.05,MT,40,32,3736,["ISO 9001:2015"],true,true,{"Na":"≤0.0001%","Mg":"≤0.0001%"},{"base_price":12249,"currency":"USD","unit":"MT"},active,2025-02-23T05:39:44.542Z,2025-12-06T05:39:44.542Z
d25b4473-1c86-4cc4-ae20-8d6e7a62f392,b87e3c7f-77f5-4d12-9887-f5834232864a,Technical Grade Lithium Hydroxide 99.77%,High-quality lithium hydroxide for battery applications,Lithium Hydroxide,Technical Grade,99.77,,56.5,,D50: 20μm,1.2 g/cm³,0.05,MT,45,44,4730,["ISO 9001:2015"],true,true,{"Na":"≤0.0001%","Mg":"≤0.0001%"},{"base_price":13502,"currency":"USD","unit":"MT"},active,2025-08-21T05:39:44.542Z,2025-12-20T05:39:44.542Z
b2349cb1-3cda-4a0d-be66-5582e9a88994,5d5649db-7391-4669-88d9-6673def550de,Industrial Grade Lithium Hydroxide 99.72%,High-quality lithium hydroxide for battery applications,Lithium Hydroxide,Industrial Grade,99.72,,56.5,,D50: 20μm,1.2 g/cm³,0.05,MT,96,51,4158,["ISO 9001:2015"],true,true,{"Na":"≤0.0001%","Mg":"≤0.0001%"},{"base_price":13823,"currency":"USD","unit":"MT"},active,2025-02-10T05:39:44.542Z,2025-12-17T05:39:44.542Z
c48c8e80-2470-492a-9edf-66f91c66dc8c,a20dbd32-a765-4c3b-bc92-003c072148dc,Technical Grade Recycled Lithium 99.29%,High-quality recycled lithium for battery applications,Recycled Lithium,Technical Grade,99.29,,,,D50: 20μm,1.2 g/cm³,0.05,MT,81,81,4320,["ISO 9001:2015"],true,true,{"Na":"≤0.0001%","Mg":"≤0.0001%"},{"base_price":13160,"currency":"USD","unit":"MT"},active,2025-06-14T05:39:44.542Z,2025-12-07T05:39:44.542Z
a613cda1-fd10-4094-8b35-c8c836df034e,765d0fb4-d95b-4f37-9659-74ff955aacc3,Industrial Grade Lithium Spodumene 99.39%,High-quality lithium spodumene for battery applications,Lithium Spodumene,Industrial Grade,99.39,,,6.0,D50: 20μm,1.2 g/cm³,0.05,MT,32,83,2084,["ISO 9001:2015"],true,true,{"Na":"≤0.0001%","Mg":"≤0.0001%"},{"base_price":12597,"currency":"USD","unit":"MT"},active,2025-06-28T05:39:44.542Z,2025-12-10T05:39:44.542Z
59d3f262-29ff-4501-adf4-554835ca8226,5c40cade-c942-4528-8048-02a989eed85d,Battery Grade Recycled Lithium 99.14%,High-quality recycled lithium for battery applications,Recycled Lithium,Battery Grade,99.14,,,,D50: 20μm,1.2 g/cm³,0.05,MT,94,51,3931,["ISO 9001:2015"],true,true,{"Na":"≤0.0001%","Mg":"≤0.0001%"},{"base_price":11324,"currency":"USD","unit":"MT"},active,2024-10-24T05:39:44.542Z,2025-12-15T05:39:44.542Z
ede89879-740e-4cc9-853c-75c9b156e795,4496c558-39c2-486f-8c7b-d621e76a1d0b,Industrial Grade Lithium Chloride 99.78%,High-quality lithium chloride for battery applications,Lithium Chloride,Industrial Grade,99.78,,,,D50: 20μm,1.2 g/cm³,0.05,MT,83,62,944,["ISO 9001:2015"],true,true,{"Na":"≤0.0001%","Mg":"≤0.0001%"},{"base_price":13181,"currency":"USD","unit":"MT"},active,2024-12-31T05:39:44.542Z,2025-12-19T05:39:44.542Z
a3ed83a7-a0fc-4cc5-9c24-821b966ce160,e25887d0-5884-4785-a22c-af72e2626bd4,Battery Grade Lithium Carbonate 99.32%,High-quality lithium carbonate for battery applications,Lithium Carbonate,Battery Grade,99.32,99.32,,,D50: 20μm,1.2 g/cm³,0.05,MT,39,88,3181,["ISO 9001:2015"],true,true,{"Na":"≤0.0001%","Mg":"≤0.0001%"},{"base_price":12467,"currency":"USD","unit":"MT"},active,2024-12-02T05:39:44.542Z,2025-12-18T05:39:44.542Z
cfe80cc3-77f7-4f3c-9cf2-d873e48363bc,85f19c5f-c906-4131-a2e1-c7ee824853e5,Battery Grade Recycled Lithium 99.13%,High-quality recycled lithium for battery applications,Recycled Lithium,Battery Grade,99.13,,,,D50: 20μm,1.2 g/cm³,0.05,MT,88,63,3678,["ISO 9001:2015"],true,true,{"Na":"≤0.0001%","Mg":"≤0.0001%"},{"base_price":14004,"currency":"USD","unit":"MT"},active,2025-08-10T05:39:44.542Z,2025-12-19T05:39:44.542Z
19f44cde-07fe-44b1-b924-36d8d35e5b4a,27fd484d-a62a-4a6b-9724-a3a1ef7169ca,Technical Grade Lithium Chloride 99.78%,High-quality lithium chloride for battery applications,Lithium Chloride,Technical Grade,99.78,,,,D50: 20μm,1.2 g/cm³,0.05,MT,42,51,152,["ISO 9001:2015"],true,true,{"Na":"≤0.0001%","Mg":"≤0.0001%"},{"base_price":11892,"currency":"USD","unit":"MT"},active,2025-04-22T05:39:44.542Z,2025-12-13T05:39:44.542Z
8c71e2ba-4540-4e10-b93c-2d1b23782152,2f754c55-e158-45fa-be6b-851496b9ea40,Industrial Grade Lithium Spodumene 99.82%,High-quality lithium spodumene for battery applications,Lithium Spodumene,Industrial Grade,99.82,,,6.0,D50: 20μm,1.2 g/cm³,0.05,MT,75,38,2766,["ISO 9001:2015"],true,true,{"Na":"≤0.0001%","Mg":"≤0.0001%"},{"base_price":12216,"currency":"USD","unit":"MT"},active,2025-06-30T05:39:44.542Z,2025-12-06T05:39:44.542Z
919debbe-2cac-4e40-9ca3-bc1924480f43,9253540c-1c21-46d1-99d1-c5c4f716d37a,Technical Grade Lithium Chloride 99.17%,High-quality lithium chloride for battery applications,Lithium Chloride,Technical Grade,99.17,,,,D50: 20μm,1.2 g/cm³,0.05,MT,98,56,1421,["ISO 9001:2015"],true,true,{"Na":"≤0.0001%","Mg":"≤0.0001%"},{"base_price":14717,"currency":"USD","unit":"MT"},active,2024-12-27T05:39:44.542Z,2025-12-27T05:39:44.542Z
826ee3ca-3b9e-456a-9943-cd7ba7f3326d,67517fe0-7dcb-4ec1-9d30-cd456cb8c0af,Industrial Grade Lithium Spodumene 99.24%,High-quality lithium spodumene for battery applications,Lithium Spodumene,Industrial Grade,99.24,,,6.0,D50: 20μm,1.2 g/cm³,0.05,MT,27,90,1881,["ISO 9001:2015"],true,true,{"Na":"≤0.0001%","Mg":"≤0.0001%"},{"base_price":14605,"currency":"USD","unit":"MT"},active,2024-10-21T05:39:44.542Z,2025-12-17T05:39:44.542Z
baf4f4ba-3621-4125-a15c-1c9bdd473ffe,7f8fe15b-7d71-48da-8487-0aaa6b197c9b,Industrial Grade Recycled Lithium 99.01%,High-quality recycled lithium for battery applications,Recycled Lithium,Industrial Grade,99.01,,,,D50: 20μm,1.2 g/cm³,0.05,MT,80,68,657,["ISO 9001:2015"],true,true,{"Na":"≤0.0001%","Mg":"≤0.0001%"},{"base_price":13257,"currency":"USD","unit":"MT"},active,2024-12-31T05:39:44.542Z,2025-12-09T05:39:44.542Z
89fb2434-f130-4b7e-925d-32c0d1e27e1b,b81d6b03-e5b8-4775-ae41-f217e25d8d23,Industrial Grade Lithium Chloride 99.90%,High-quality lithium chloride for battery applications,Lithium Chloride,Industrial Grade,99.90,,,,D50: 20μm,1.2 g/cm³,0.05,MT,95,58,750,["ISO 9001:2015"],true,true,{"Na":"≤0.0001%","Mg":"≤0.0001%"},{"base_price":13069,"currency":"USD","unit":"MT"},active,2024-12-28T05:39:44.542Z,2025-12-23T05:39:44.542Z